fecha,metodo,activo,peso,rc_pct
2016-07-01,ew,NVDA,0.16666666666666666,0.13397417039290854
2016-07-01,ew,AMZN,0.16666666666666666,0.16855535045433237
2016-07-01,ew,TSLA,0.16666666666666666,0.18323120235421134
2016-07-01,ew,META,0.16666666666666666,0.14277290438624682
2016-07-01,ew,NFLX,0.16666666666666666,0.23875713167868148
2016-07-01,ew,GOOGL,0.16666666666666666,0.13270924073361945
2016-07-01,naive,NVDA,0.16189297362209285,0.13493393193980358
2016-07-01,naive,AMZN,0.1677670936308479,0.1808669358470643
2016-07-01,naive,TSLA,0.13999821033703083,0.15196166578700068
2016-07-01,naive,META,0.19906348224399034,0.18562189205005852
2016-07-01,naive,NFLX,0.11756240058053168,0.15968551723915322
2016-07-01,naive,GOOGL,0.21371583958550638,0.18693005713691957
2016-07-01,rp,NVDA,0.18919068178663376,0.16666666609763486
2016-07-01,rp,AMZN,0.15871374095585483,0.16666666703585678
2016-07-01,rp,TSLA,0.15062733326702804,0.16666666686657333
2016-07-01,rp,META,0.18344971073753838,0.16666666668812166
2016-07-01,rp,NFLX,0.12218162443127821,0.1666666669230509
2016-07-01,rp,GOOGL,0.19583690882166682,0.16666666638876249
2016-08-02,ew,NVDA,0.16666666666666666,0.1349236423685981
2016-08-02,ew,AMZN,0.16666666666666666,0.16626019740247172
2016-08-02,ew,TSLA,0.16666666666666666,0.18371387486711546
2016-08-02,ew,META,0.16666666666666666,0.14150435236407316
2016-08-02,ew,NFLX,0.16666666666666666,0.24131228000131302
2016-08-02,ew,GOOGL,0.16666666666666666,0.13228565299642842
2016-08-02,naive,NVDA,0.161702546795658,0.13609089349868664
2016-08-02,naive,AMZN,0.1691534530764115,0.18096276531850397
2016-08-02,naive,TSLA,0.1400969222534415,0.15310953252890633
2016-08-02,naive,META,0.19981301694871487,0.1857226885671176
2016-08-02,naive,NFLX,0.11516044462888582,0.15663300305225947
2016-08-02,naive,GOOGL,0.21407361629688829,0.18748111703452588
2016-08-02,rp,NVDA,0.1880306835287157,0.16666666638611324
2016-08-02,rp,AMZN,0.16018644284030967,0.16666666687936435
2016-08-02,rp,TSLA,0.14999006030112527,0.16666666688387022
2016-08-02,rp,META,0.18435087490329882,0.16666666667143912
2016-08-02,rp,NFLX,0.12157614293177471,0.16666666671765915
2016-08-02,rp,GOOGL,0.195865795494776,0.16666666646155404
2016-08-31,ew,NVDA,0.16666666666666666,0.1362120254289825
2016-08-31,ew,AMZN,0.16666666666666666,0.1658747190375254
2016-08-31,ew,TSLA,0.16666666666666666,0.1836468870730817
2016-08-31,ew,META,0.16666666666666666,0.14118893308083125
2016-08-31,ew,NFLX,0.16666666666666666,0.24132210177883448
2016-08-31,ew,GOOGL,0.16666666666666666,0.13175533360074454
2016-08-31,naive,NVDA,0.1603410736907508,0.13578275637472506
2016-08-31,naive,AMZN,0.1696081799940175,0.18124737933855364
2016-08-31,naive,TSLA,0.1400798104572373,0.153049971789505
2016-08-31,naive,META,0.20011172535864352,0.18575343594660806
2016-08-31,naive,NFLX,0.11517774244743322,0.15673016021174446
2016-08-31,naive,GOOGL,0.21468146805191762,0.1874362963388637
2016-08-31,rp,NVDA,0.18672447540079573,0.16666666643407596
2016-08-31,rp,AMZN,0.16044284247401824,0.16666666693318563
2016-08-31,rp,TSLA,0.1500348422018144,0.166666666711955
2016-08-31,rp,META,0.18467403376092437,0.16666666660095664
2016-08-31,rp,NFLX,0.12156987312174725,0.16666666683251852
2016-08-31,rp,GOOGL,0.19655393304070018,0.16666666648730802
2016-09-30,ew,NVDA,0.16666666666666666,0.1383420452697157
2016-09-30,ew,AMZN,0.16666666666666666,0.16592167150942363
2016-09-30,ew,TSLA,0.16666666666666666,0.1829861717094371
2016-09-30,ew,META,0.16666666666666666,0.14085669391918015
2016-09-30,ew,NFLX,0.16666666666666666,0.24059529191203155
2016-09-30,ew,GOOGL,0.16666666666666666,0.13129812568021204
2016-09-30,naive,NVDA,0.15897367131027323,0.13644288983006764
2016-09-30,naive,AMZN,0.1699935298783967,0.18170940997431084
2016-09-30,naive,TSLA,0.13970719288195257,0.1519156897663456
2016-09-30,naive,META,0.20053500627645635,0.1856655756933486
2016-09-30,naive,NFLX,0.11544237625057967,0.15692876568494454
2016-09-30,naive,GOOGL,0.21534822340234158,0.18733766905098256
2016-09-30,rp,NVDA,0.18473982894122068,0.1666666665659245
2016-09-30,rp,AMZN,0.16041414866483072,0.16666666684196627
2016-09-30,rp,TSLA,0.1506043453504845,0.16666666666549296
2016-09-30,rp,META,0.18515071668800062,0.166666666613113
2016-09-30,rp,NFLX,0.12178812954060166,0.16666666673429176
2016-09-30,rp,GOOGL,0.19730283081486172,0.16666666657921156
2016-10-31,ew,NVDA,0.16666666666666666,0.13705452549570213
2016-10-31,ew,AMZN,0.16666666666666666,0.16363052325315747
2016-10-31,ew,TSLA,0.16666666666666666,0.18271928229132106
2016-10-31,ew,META,0.16666666666666666,0.13812508365057866
2016-10-31,ew,NFLX,0.16666666666666666,0.24918535099366143
2016-10-31,ew,GOOGL,0.16666666666666666,0.12928523431557915
2016-10-31,naive,NVDA,0.15953481262226743,0.1371215365687547
2016-10-31,naive,AMZN,0.1700945988521437,0.18106702090471063
2016-10-31,naive,TSLA,0.13965057518044144,0.15270344759200682
2016-10-31,naive,META,0.202350298014269,0.18573842505772026
2016-10-31,naive,NFLX,0.11134721151895495,0.15562790991065673
2016-10-31,naive,GOOGL,0.21702250381192334,0.18774165996615094
2016-10-31,rp,NVDA,0.18494397399660875,0.1666666653276186
2016-10-31,rp,AMZN,0.16112849656988656,0.16666666784193845
2016-10-31,rp,TSLA,0.1500726435998864,0.16666666713219344
2016-10-31,rp,META,0.186966240770326,0.16666666647029338
2016-10-31,rp,NFLX,0.11827310509018453,0.16666666708293512
2016-10-31,rp,GOOGL,0.1986155399731078,0.16666666614502096
2016-11-30,ew,NVDA,0.16666666666666666,0.15929532356249854
2016-11-30,ew,AMZN,0.16666666666666666,0.1611725322253747
2016-11-30,ew,TSLA,0.16666666666666666,0.17911201181259506
2016-11-30,ew,META,0.16666666666666666,0.1352861906454014
2016-11-30,ew,NFLX,0.16666666666666666,0.23839078755892748
2016-11-30,ew,GOOGL,0.16666666666666666,0.12674315419520274
2016-11-30,naive,NVDA,0.13806829559034542,0.12885937434471834
2016-11-30,naive,AMZN,0.1743908260410914,0.18397851621116068
2016-11-30,naive,TSLA,0.14391242036737248,0.15515062343586117
2016-11-30,naive,META,0.20522438660285053,0.1856551532159376
2016-11-30,naive,NFLX,0.11585569593145112,0.1569275607979211
2016-11-30,naive,GOOGL,0.22254837546688913,0.18942877199440109
2016-11-30,rp,NVDA,0.16662091233814516,0.16666666669547053
2016-11-30,rp,AMZN,0.1636003023157949,0.16666666664986915
2016-11-30,rp,TSLA,0.15310609433194605,0.16666666668682079
2016-11-30,rp,META,0.19085854010474085,0.16666666664052177
2016-11-30,rp,NFLX,0.12277780946967458,0.1666666667031848
2016-11-30,rp,GOOGL,0.20303634143969845,0.16666666662413296
2016-12-30,ew,NVDA,0.16666666666666666,0.16600936919378192
2016-12-30,ew,AMZN,0.16666666666666666,0.1596649736315888
2016-12-30,ew,TSLA,0.16666666666666666,0.17987278526043274
2016-12-30,ew,META,0.16666666666666666,0.13466028885525141
2016-12-30,ew,NFLX,0.16666666666666666,0.23423768909868836
2016-12-30,ew,GOOGL,0.16666666666666666,0.12555489396025662
2016-12-30,naive,NVDA,0.13487251051619956,0.1300717453905924
2016-12-30,naive,AMZN,0.1753716606433637,0.18381471982672895
2016-12-30,naive,TSLA,0.14358938879599573,0.15563839814245137
2016-12-30,naive,META,0.20586413601684525,0.18576843922299144
2016-12-30,naive,NFLX,0.11661550713499452,0.15557704179990156
2016-12-30,naive,GOOGL,0.22368679689260115,0.18912965561733427
2016-12-30,rp,NVDA,0.16203158346680577,0.16666666691077944
2016-12-30,rp,AMZN,0.1648064928675727,0.16666666599072844
2016-12-30,rp,TSLA,0.15255219129592673,0.1666666674533292
2016-12-30,rp,META,0.1914974224657052,0.16666666666530278
2016-12-30,rp,NFLX,0.12453120188806593,0.16666666615507184
2016-12-30,rp,GOOGL,0.20458110801592347,0.16666666682478806
2017-02-01,ew,NVDA,0.16666666666666666,0.16984423100477913
2017-02-01,ew,AMZN,0.16666666666666666,0.15596777961748035
2017-02-01,ew,TSLA,0.16666666666666666,0.1830101972373184
2017-02-01,ew,META,0.16666666666666666,0.13887370622729425
2017-02-01,ew,NFLX,0.16666666666666666,0.2274246801756894
2017-02-01,ew,GOOGL,0.16666666666666666,0.12487940573743861
2017-02-01,naive,NVDA,0.13162882438847137,0.12757074366368376
2017-02-01,naive,AMZN,0.18213179198962023,0.18685721644189607
2017-02-01,naive,TSLA,0.14176883321589626,0.15538224871228323
2017-02-01,naive,META,0.20279263453853832,0.18844536334986134
2017-02-01,naive,NFLX,0.11881328189201862,0.15430399761809271
2017-02-01,naive,GOOGL,0.22286463397545503,0.18744043021418272
2017-02-01,rp,NVDA,0.16008286314453712,0.1666666665814103
2017-02-01,rp,AMZN,0.1687164059227641,0.16666666669415528
2017-02-01,rp,TSLA,0.1509136350133046,0.1666666667210986
2017-02-01,rp,META,0.18675525441271718,0.16666666686415493
2017-02-01,rp,NFLX,0.1277387061594646,0.16666666674277528
2017-02-01,rp,GOOGL,0.2057931353472124,0.16666666639640557
2017-03-03,ew,NVDA,0.16666666666666666,0.17448517463585247
2017-03-03,ew,AMZN,0.16666666666666666,0.1551051596064901
2017-03-03,ew,TSLA,0.16666666666666666,0.18374739588669697
2017-03-03,ew,META,0.16666666666666666,0.13729699252117478
2017-03-03,ew,NFLX,0.16666666666666666,0.22593927090438234
2017-03-03,ew,GOOGL,0.16666666666666666,0.12342600644540346
2017-03-03,naive,NVDA,0.12934392618436216,0.12798162996856638
2017-03-03,naive,AMZN,0.18202971082702327,0.18649161216086285
2017-03-03,naive,TSLA,0.14116341345239078,0.1554266475519592
2017-03-03,naive,META,0.20387355424304232,0.18831702662063968
2017-03-03,naive,NFLX,0.11890163936092053,0.15400159392037496
2017-03-03,naive,GOOGL,0.22468775593226084,0.1877814897775968
2017-03-03,rp,NVDA,0.15706022581838003,0.16666666648816922
2017-03-03,rp,AMZN,0.16908630139173303,0.16666666664511792
2017-03-03,rp,TSLA,0.15023141191612038,0.16666666705010263
2017-03-03,rp,META,0.1880493631187975,0.16666666679653572
2017-03-03,rp,NFLX,0.12815422189335823,0.16666666661355703
2017-03-03,rp,GOOGL,0.20741847586161075,0.1666666664065174
2017-04-03,ew,NVDA,0.16666666666666666,0.17522581116256397
2017-04-03,ew,AMZN,0.16666666666666666,0.15522235646064206
2017-04-03,ew,TSLA,0.16666666666666666,0.18568647563999335
2017-04-03,ew,META,0.16666666666666666,0.13618745036194843
2017-04-03,ew,NFLX,0.16666666666666666,0.2249244090571181
2017-04-03,ew,GOOGL,0.16666666666666666,0.12275349731773401
2017-04-03,naive,NVDA,0.12927590044608836,0.12856341707483082
2017-04-03,naive,AMZN,0.18178173021995048,0.18681033277230702
2017-04-03,naive,TSLA,0.13942190858512968,0.15466754628904256
2017-04-03,naive,META,0.2049975761990101,0.18848249986046273
2017-04-03,naive,NFLX,0.11900324655509503,0.15345798720087292
2017-04-03,naive,GOOGL,0.22551963799472635,0.18801821680248373
2017-04-03,rp,NVDA,0.15653228008087283,0.16666666655734905
2017-04-03,rp,AMZN,0.1687263748390514,0.16666666663413002
2017-04-03,rp,TSLA,0.14896787724852317,0.16666666686990722
2017-04-03,rp,META,0.18909756907801986,0.166666666765505
2017-04-03,rp,NFLX,0.12860897042743674,0.16666666658711407
2017-04-03,rp,GOOGL,0.20806692832609597,0.16666666658599455
2017-05-03,ew,NVDA,0.16666666666666666,0.18073401048665694
2017-05-03,ew,AMZN,0.16666666666666666,0.1508129432523817
2017-05-03,ew,TSLA,0.16666666666666666,0.1857573754123019
2017-05-03,ew,META,0.16666666666666666,0.13784611219325055
2017-05-03,ew,NFLX,0.16666666666666666,0.22164093626172535
2017-05-03,ew,GOOGL,0.16666666666666666,0.12320862239368358
2017-05-03,naive,NVDA,0.1254871518157853,0.12702993821068398
2017-05-03,naive,AMZN,0.19028385544501406,0.18995103401491537
2017-05-03,naive,TSLA,0.13787905912232232,0.15274002145016358
2017-05-03,naive,META,0.20282644347826417,0.18850259358113527
2017-05-03,naive,NFLX,0.12151454757154048,0.15655764174177392
2017-05-03,naive,GOOGL,0.22200894256707376,0.18521877100132797
2017-05-03,rp,NVDA,0.15335324654135257,0.1666666680065934
2017-05-03,rp,AMZN,0.17362582977115476,0.1666666667691606
2017-05-03,rp,TSLA,0.14899066714334613,0.1666666658730308
2017-05-03,rp,META,0.18710551022996966,0.16666666690018755
2017-05-03,rp,NFLX,0.12942264056322944,0.16666666652684992
2017-05-03,rp,GOOGL,0.20750210575094757,0.16666666592417773
2017-06-02,ew,NVDA,0.16666666666666666,0.18858991922825763
2017-06-02,ew,AMZN,0.16666666666666666,0.1483835951212645
2017-06-02,ew,TSLA,0.16666666666666666,0.18691424461381775
2017-06-02,ew,META,0.16666666666666666,0.13577501306279993
2017-06-02,ew,NFLX,0.16666666666666666,0.21966804992455582
2017-06-02,ew,GOOGL,0.16666666666666666,0.12066917804930438
2017-06-02,naive,NVDA,0.12085803193316329,0.12598365170454348
2017-06-02,naive,AMZN,0.19159634569882744,0.18985554119119533
2017-06-02,naive,TSLA,0.13633844372967216,0.15254453290919273
2017-06-02,naive,META,0.20489085618300462,0.18911477477468983
2017-06-02,naive,NFLX,0.12218979456604541,0.15772501555158575
2017-06-02,naive,GOOGL,0.22412652788928694,0.18477648386879283
2017-06-02,rp,NVDA,0.14861416635608862,0.16666666655564544
2017-06-02,rp,AMZN,0.17517717891106943,0.16666666683751744
2017-06-02,rp,TSLA,0.14770000091921673,0.16666666602882016
2017-06-02,rp,META,0.18868181952148924,0.1666666666512477
2017-06-02,rp,NFLX,0.1295800789895172,0.16666666712192554
2017-06-02,rp,GOOGL,0.21024675530261883,0.16666666680484363
2017-07-03,ew,NVDA,0.16666666666666666,0.19326605482797976
2017-07-03,ew,AMZN,0.16666666666666666,0.14628069661881818
2017-07-03,ew,TSLA,0.16666666666666666,0.18751780602960297
2017-07-03,ew,META,0.16666666666666666,0.13425142779149465
2017-07-03,ew,NFLX,0.16666666666666666,0.21780080403900087
2017-07-03,ew,GOOGL,0.16666666666666666,0.1208832106931036
2017-07-03,naive,NVDA,0.11951651334788486,0.1283561977938854
2017-07-03,naive,AMZN,0.19207048146858852,0.1879459517549777
2017-07-03,naive,TSLA,0.13625215964290088,0.15354872729827201
2017-07-03,naive,META,0.20657837552324707,0.18854264629425302
2017-07-03,naive,NFLX,0.12240742325599431,0.15753860958200797
2017-07-03,naive,GOOGL,0.22317504676138444,0.18406786727660393
2017-07-03,rp,NVDA,0.14563419668693908,0.16666666661427437
2017-07-03,rp,AMZN,0.1771090133550528,0.16666666682764456
2017-07-03,rp,TSLA,0.14699510526398465,0.16666666541005298
2017-07-03,rp,META,0.19042422266147432,0.16666666756577422
2017-07-03,rp,NFLX,0.13001808594257802,0.16666666741508665
2017-07-03,rp,GOOGL,0.20981937608997106,0.16666666616716722
2017-08-02,ew,NVDA,0.16666666666666666,0.20033012371382986
2017-08-02,ew,AMZN,0.16666666666666666,0.14601041013628632
2017-08-02,ew,TSLA,0.16666666666666666,0.19032360512601076
2017-08-02,ew,META,0.16666666666666666,0.13319377057858325
2017-08-02,ew,NFLX,0.16666666666666666,0.21747096605602875
2017-08-02,ew,GOOGL,0.16666666666666666,0.11267112438926104
2017-08-02,naive,NVDA,0.11375293759246671,0.12791715630204195
2017-08-02,naive,AMZN,0.1895820224640065,0.18902883816539762
2017-08-02,naive,TSLA,0.12981314982696404,0.14891276325706201
2017-08-02,naive,META,0.20046075204173908,0.18476165945409057
2017-08-02,naive,NFLX,0.11982966096351813,0.1573089951338279
2017-08-02,naive,GOOGL,0.24656147711130555,0.1920705876875799
2017-08-02,rp,NVDA,0.14009578108699822,0.16666666658076434
2017-08-02,rp,AMZN,0.1747653625035306,0.1666666667663597
2017-08-02,rp,TSLA,0.14408184104548835,0.16666666681383008
2017-08-02,rp,META,0.18932209823118082,0.1666666666201285
2017-08-02,rp,NFLX,0.12823622236157772,0.1666666668055414
2017-08-02,rp,GOOGL,0.2234986947712244,0.16666666641337613
2017-08-31,ew,NVDA,0.16666666666666666,0.2116669494980753
2017-08-31,ew,AMZN,0.16666666666666666,0.1441762700547932
2017-08-31,ew,TSLA,0.16666666666666666,0.19334966527727707
2017-08-31,ew,META,0.16666666666666666,0.13171122841599542
2017-08-31,ew,NFLX,0.16666666666666666,0.20973306900885821
2017-08-31,ew,GOOGL,0.16666666666666666,0.10936281774500073
2017-08-31,naive,NVDA,0.11000663614648555,0.1290331462710923
2017-08-31,naive,AMZN,0.18858332834402958,0.18885307907953644
2017-08-31,naive,TSLA,0.12733466946657732,0.14797009361780436
2017-08-31,naive,META,0.19919407634024444,0.18516336488506807
2017-08-31,naive,NFLX,0.12092454272553736,0.15371505717181533
2017-08-31,naive,GOOGL,0.25395674697712567,0.19526525897468353
2017-08-31,rp,NVDA,0.13460932830954314,0.16666666678932981
2017-08-31,rp,AMZN,0.1749330702461266,0.16666666682910777
2017-08-31,rp,TSLA,0.1420506622462628,0.16666666679202272
2017-08-31,rp,META,0.18879802600074913,0.16666666667678476
2017-08-31,rp,NFLX,0.13195341499477814,0.166666666746319
2017-08-31,rp,GOOGL,0.22765549820254022,0.1666666661664359
2017-10-02,ew,NVDA,0.16666666666666666,0.21707179242808025
2017-10-02,ew,AMZN,0.16666666666666666,0.1413758388598435
2017-10-02,ew,TSLA,0.16666666666666666,0.19593055966497377
2017-10-02,ew,META,0.16666666666666666,0.13014672377934378
2017-10-02,ew,NFLX,0.16666666666666666,0.2094081004691152
2017-10-02,ew,GOOGL,0.16666666666666666,0.10606698479864356
2017-10-02,naive,NVDA,0.10793653356476336,0.12947695066529816
2017-10-02,naive,AMZN,0.18989508646510764,0.18844820420956648
2017-10-02,naive,TSLA,0.12512346140707523,0.14710260039617457
2017-10-02,naive,META,0.19915864086993015,0.18479238465153136
2017-10-02,naive,NFLX,0.12177818665669624,0.1564356634917833
2017-10-02,naive,GOOGL,0.25610809103642745,0.19374419658564607
2017-10-02,rp,NVDA,0.13168431915598566,0.16666666701317198
2017-10-02,rp,AMZN,0.17651288594103892,0.16666666696444826
2017-10-02,rp,TSLA,0.14010829062228647,0.16666666693076573
2017-10-02,rp,META,0.18904434916059235,0.16666666668445046
2017-10-02,rp,NFLX,0.13108450151312154,0.16666666681710454
2017-10-02,rp,GOOGL,0.23156565360697504,0.1666666655900589
2017-10-31,ew,NVDA,0.16666666666666666,0.21821590163064725
2017-10-31,ew,AMZN,0.16666666666666666,0.14662559882942264
2017-10-31,ew,TSLA,0.16666666666666666,0.192212108191108
2017-10-31,ew,META,0.16666666666666666,0.13036735548407813
2017-10-31,ew,NFLX,0.16666666666666666,0.20833545488914543
2017-10-31,ew,GOOGL,0.16666666666666666,0.10424358097559859
2017-10-31,naive,NVDA,0.1078773646523566,0.1306366982616725
2017-10-31,naive,AMZN,0.1818866509672139,0.1861077117850488
2017-10-31,naive,TSLA,0.12570601457620517,0.14410504869707574
2017-10-31,naive,META,0.19930173672649681,0.18484308510605682
2017-10-31,naive,NFLX,0.12411672292418377,0.16054085282369696
2017-10-31,naive,GOOGL,0.26111151015354367,0.1937666033264493
2017-10-31,rp,NVDA,0.13082426784039594,0.1666666668159886
2017-10-31,rp,AMZN,0.17088134505401847,0.1666666668239178
2017-10-31,rp,TSLA,0.14260276944142714,0.166666666889911
2017-10-31,rp,META,0.18892129075308786,0.1666666665469748
2017-10-31,rp,NFLX,0.13095049978876036,0.16666666670873673
2017-10-31,rp,GOOGL,0.23581982712231017,0.16666666621447093
2017-11-30,ew,NVDA,0.16666666666666666,0.22329225534367328
2017-11-30,ew,AMZN,0.16666666666666666,0.14659092480415525
2017-11-30,ew,TSLA,0.16666666666666666,0.18869273301814649
2017-11-30,ew,META,0.16666666666666666,0.13199547870430453
2017-11-30,ew,NFLX,0.16666666666666666,0.20544802507376347
2017-11-30,ew,GOOGL,0.16666666666666666,0.10398058305595705
2017-11-30,naive,NVDA,0.10792749539711825,0.1346728015886394
2017-11-30,naive,AMZN,0.18095590009566584,0.18474959147039488
2017-11-30,naive,TSLA,0.126742749814955,0.14262283954440796
2017-11-30,naive,META,0.1995141894867567,0.18611566955805092
2017-11-30,naive,NFLX,0.12501574805823845,0.15951088058494087
2017-11-30,naive,GOOGL,0.25984391714726573,0.19232821725356605
2017-11-30,rp,NVDA,0.12825009974407245,0.16666666671263944
2017-11-30,rp,AMZN,0.17095571036886859,0.16666666677945724
2017-11-30,rp,TSLA,0.14474647655532,0.16666666683380582
2017-11-30,rp,META,0.18740725649227608,0.166666666613846
2017-11-30,rp,NFLX,0.13245978619127877,0.16666666669961386
2017-11-30,rp,GOOGL,0.23618067064818396,0.16666666636063746
2018-01-02,ew,NVDA,0.16666666666666666,0.22778862081035245
2018-01-02,ew,AMZN,0.16666666666666666,0.14477178354248138
2018-01-02,ew,TSLA,0.16666666666666666,0.1897531163150116
2018-01-02,ew,META,0.16666666666666666,0.1311455841127884
2018-01-02,ew,NFLX,0.16666666666666666,0.20353583396643174
2018-01-02,ew,GOOGL,0.16666666666666666,0.1030050612529345
2018-01-02,naive,NVDA,0.10661671935846906,0.1357714515369664
2018-01-02,naive,AMZN,0.18178563784220514,0.18438031789731787
2018-01-02,naive,TSLA,0.12593492911756846,0.1424250544806892
2018-01-02,naive,META,0.19929322844140038,0.1859074870102431
2018-01-02,naive,NFLX,0.1253034259818818,0.15891530161977138
2018-01-02,naive,GOOGL,0.2610660592584752,0.19260038745501215
2018-01-02,rp,NVDA,0.12605423586791678,0.16666666669169966
2018-01-02,rp,AMZN,0.17215293700377798,0.16666666663456856
2018-01-02,rp,TSLA,0.1439542629886181,0.16666666673480218
2018-01-02,rp,META,0.18754733198460596,0.16666666639059485
2018-01-02,rp,NFLX,0.13317352768233068,0.16666666662229
2018-01-02,rp,GOOGL,0.23711770447275055,0.16666666692604484
2018-02-01,ew,NVDA,0.16666666666666666,0.24867319237777707
2018-02-01,ew,AMZN,0.16666666666666666,0.13448606117800932
2018-02-01,ew,TSLA,0.16666666666666666,0.1937911468453975
2018-02-01,ew,META,0.16666666666666666,0.11421115806906709
2018-02-01,ew,NFLX,0.16666666666666666,0.20836928684196315
2018-02-01,ew,GOOGL,0.16666666666666666,0.10046915468778583
2018-02-01,naive,NVDA,0.10009182155982742,0.1411566521902839
2018-02-01,naive,AMZN,0.187003018922243,0.18400633958364893
2018-02-01,naive,TSLA,0.11966052956743174,0.13973901603233646
2018-02-01,naive,META,0.21665246992229192,0.18362589001062476
2018-02-01,naive,NFLX,0.12002300173272301,0.15899868996064953
2018-02-01,naive,GOOGL,0.2565691582954829,0.1924734122224564
2018-02-01,rp,NVDA,0.11547420977329274,0.16666666648723125
2018-02-01,rp,AMZN,0.17780602210909918,0.1666666667334442
2018-02-01,rp,TSLA,0.1388706263843156,0.16666666665383467
2018-02-01,rp,META,0.20613724786619939,0.16666666676826342
2018-02-01,rp,NFLX,0.12777289083230753,0.16666666662959895
2018-02-01,rp,GOOGL,0.2339390030347856,0.1666666667276276
2018-03-05,ew,NVDA,0.16666666666666666,0.2592783924655134
2018-03-05,ew,AMZN,0.16666666666666666,0.12711438368881847
2018-03-05,ew,TSLA,0.16666666666666666,0.18210203029589422
2018-03-05,ew,META,0.16666666666666666,0.1143807832735557
2018-03-05,ew,NFLX,0.16666666666666666,0.20824692966957534
2018-03-05,ew,GOOGL,0.16666666666666666,0.1088774806066428
2018-03-05,naive,NVDA,0.09979227087007608,0.14728592346439787
2018-03-05,naive,AMZN,0.1926864759982943,0.17829529940715702
2018-03-05,naive,TSLA,0.1251687134770222,0.13749620449270705
2018-03-05,naive,META,0.21616670964179857,0.1825356090336998
2018-03-05,naive,NFLX,0.12166875455185827,0.15968115073129355
2018-03-05,naive,GOOGL,0.24451707546095047,0.19470581287074443
2018-03-05,rp,NVDA,0.1115320999385075,0.16666666707552022
2018-03-05,rp,AMZN,0.1877405583282674,0.1666666665621417
2018-03-05,rp,TSLA,0.14639621714454948,0.16666666679307582
2018-03-05,rp,META,0.20639455795105502,0.16666666655871068
2018-03-05,rp,NFLX,0.12858096677105502,0.1666666664910502
2018-03-05,rp,GOOGL,0.21935559986656555,0.1666666665195015
2018-04-04,ew,NVDA,0.16666666666666666,0.25297727074240756
2018-04-04,ew,AMZN,0.16666666666666666,0.13044435515390182
2018-04-04,ew,TSLA,0.16666666666666666,0.18654324045868503
2018-04-04,ew,META,0.16666666666666666,0.1153239591252475
2018-04-04,ew,NFLX,0.16666666666666666,0.2034628868742302
2018-04-04,ew,GOOGL,0.16666666666666666,0.11124828764552804
2018-04-04,naive,NVDA,0.10203983810931681,0.14914649523477813
2018-04-04,naive,AMZN,0.1937675939256164,0.17884093387877753
2018-04-04,naive,TSLA,0.12544903254557646,0.14238429426438187
2018-04-04,naive,META,0.2129202457799005,0.17775407745278257
2018-04-04,naive,NFLX,0.1241632994290142,0.15932952445266135
2018-04-04,naive,GOOGL,0.2416599902105755,0.19254467471661854
2018-04-04,rp,NVDA,0.11310769554951346,0.16666666678176464
2018-04-04,rp,AMZN,0.1869945025436776,0.16666666663742358
2018-04-04,rp,TSLA,0.14360292365876343,0.1666666667027942
2018-04-04,rp,META,0.20716070447566143,0.1666666667037373
2018-04-04,rp,NFLX,0.1313340963745832,0.1666666665882534
2018-04-04,rp,GOOGL,0.21780007739780086,0.16666666658602688
2018-05-03,ew,NVDA,0.16666666666666666,0.25058171135498947
2018-05-03,ew,AMZN,0.16666666666666666,0.13155551847516944
2018-05-03,ew,TSLA,0.16666666666666666,0.18470203374366922
2018-05-03,ew,META,0.16666666666666666,0.12432041755465799
2018-05-03,ew,NFLX,0.16666666666666666,0.19725284956821545
2018-05-03,ew,GOOGL,0.16666666666666666,0.11158746930329853
2018-05-03,naive,NVDA,0.10155126407070865,0.14635443336079706
2018-05-03,naive,AMZN,0.19826831333864184,0.18193571371745537
2018-05-03,naive,TSLA,0.12414487643618013,0.1390652169086778
2018-05-03,naive,META,0.20723253603690223,0.18215334305985134
2018-05-03,naive,NFLX,0.12743313781187574,0.15990093941838163
2018-05-03,naive,GOOGL,0.2413698723056914,0.19059035353483658
2018-05-03,rp,NVDA,0.11449415418475732,0.1666666661557108
2018-05-03,rp,AMZN,0.18837818746809715,0.16666666658209012
2018-05-03,rp,TSLA,0.14505058378555338,0.1666666672263717
2018-05-03,rp,META,0.19720730081537,0.16666666634801408
2018-05-03,rp,NFLX,0.1348774757087028,0.16666666651726983
2018-05-03,rp,GOOGL,0.21999229803751943,0.16666666717054354
2018-06-04,ew,NVDA,0.16666666666666666,0.24720995596903306
2018-06-04,ew,AMZN,0.16666666666666666,0.13119056886903546
2018-06-04,ew,TSLA,0.16666666666666666,0.18605704984484328
2018-06-04,ew,META,0.16666666666666666,0.12538825167591863
2018-06-04,ew,NFLX,0.16666666666666666,0.1956130833967579
2018-06-04,ew,GOOGL,0.16666666666666666,0.11454109024441175
2018-06-04,naive,NVDA,0.10395253260216664,0.14930204161548816
2018-06-04,naive,AMZN,0.20045967319862273,0.1815623941038277
2018-06-04,naive,TSLA,0.12401190024182192,0.1393220239858746
2018-06-04,naive,META,0.2061541186120559,0.18097037558511836
2018-06-04,naive,NFLX,0.12826819588308638,0.1587973892821635
2018-06-04,naive,GOOGL,0.23715357946224647,0.1900457754275279
2018-06-04,rp,NVDA,0.11544853192639737,0.16666666586944642
2018-06-04,rp,AMZN,0.19035888866782616,0.166666666649762
2018-06-04,rp,TSLA,0.14469106203395804,0.1666666674322438
2018-06-04,rp,META,0.19696395093965657,0.1666666662914847
2018-06-04,rp,NFLX,0.13636662491153473,0.16666666675775552
2018-06-04,rp,GOOGL,0.2161709415206271,0.1666666669993075
2018-07-03,ew,NVDA,0.16666666666666666,0.24710351867248212
2018-07-03,ew,AMZN,0.16666666666666666,0.13024851803736126
2018-07-03,ew,TSLA,0.16666666666666666,0.18899794001092118
2018-07-03,ew,META,0.16666666666666666,0.12542561542811975
2018-07-03,ew,NFLX,0.16666666666666666,0.19488818286046086
2018-07-03,ew,GOOGL,0.16666666666666666,0.1133362249906551
2018-07-03,naive,NVDA,0.1038999260285491,0.14962666133261737
2018-07-03,naive,AMZN,0.20030017426925395,0.18057659594152017
2018-07-03,naive,TSLA,0.12219836506157336,0.13942210723335133
2018-07-03,naive,META,0.20653190180686734,0.1816555797198884
2018-07-03,naive,NFLX,0.12807760210875024,0.15857946031209566
2018-07-03,naive,GOOGL,0.23899203072500605,0.19013959546052706
2018-07-03,rp,NVDA,0.1152467991576953,0.16666666712054393
2018-07-03,rp,AMZN,0.19123281710324375,0.16666666657661364
2018-07-03,rp,TSLA,0.14262612600228103,0.1666666666491112
2018-07-03,rp,META,0.19664917066121568,0.16666666660456758
2018-07-03,rp,NFLX,0.13643700344502396,0.166666667589994
2018-07-03,rp,GOOGL,0.21780808363054038,0.1666666654591695
2018-08-02,ew,NVDA,0.16666666666666666,0.23898720993120723
2018-08-02,ew,AMZN,0.16666666666666666,0.130511490566463
2018-08-02,ew,TSLA,0.16666666666666666,0.19496358221673624
2018-08-02,ew,META,0.16666666666666666,0.13689218032291242
2018-08-02,ew,NFLX,0.16666666666666666,0.18765115661849158
2018-08-02,ew,GOOGL,0.16666666666666666,0.1109943803441896
2018-08-02,naive,NVDA,0.10828987039425042,0.15067737527183034
2018-08-02,naive,AMZN,0.2063027481693332,0.18474693922285543
2018-08-02,naive,TSLA,0.12102582200420879,0.13995493062773137
2018-08-02,naive,META,0.18255085175606678,0.1719087452820317
2018-08-02,naive,NFLX,0.1365511141798331,0.16375527555353317
2018-08-02,naive,GOOGL,0.24527959349630765,0.18895673404201804
2018-08-02,rp,NVDA,0.11919509868753793,0.16666666668239588
2018-08-02,rp,AMZN,0.19250371925162213,0.16666666665932248
2018-08-02,rp,TSLA,0.14045606778163103,0.16666666666690994
2018-08-02,rp,META,0.18216303381367369,0.16666666666636304
2018-08-02,rp,NFLX,0.14146925709407204,0.16666666669828614
2018-08-02,rp,GOOGL,0.2242128233714631,0.16666666662672278
2018-08-31,ew,NVDA,0.16666666666666666,0.23689733847883415
2018-08-31,ew,AMZN,0.16666666666666666,0.12841408254280476
2018-08-31,ew,TSLA,0.16666666666666666,0.2006253561034908
2018-08-31,ew,META,0.16666666666666666,0.13550653420002998
2018-08-31,ew,NFLX,0.16666666666666666,0.18779866822954758
2018-08-31,ew,GOOGL,0.16666666666666666,0.11075802044529269
2018-08-31,naive,NVDA,0.10958393395126344,0.15225022250247236
2018-08-31,naive,AMZN,0.2074254904586691,0.18389156412357413
2018-08-31,naive,TSLA,0.11782082963762502,0.13865046099000952
2018-08-31,naive,META,0.18268592264111697,0.17108259109509402
2018-08-31,naive,NFLX,0.13677837206478266,0.16457193503296022
2018-08-31,naive,GOOGL,0.24570545124654283,0.18955322625588972
2018-08-31,rp,NVDA,0.11965909294433334,0.16666666670856298
2018-08-31,rp,AMZN,0.19454193610182444,0.16666666659817023
2018-08-31,rp,TSLA,0.13757163428446476,0.1666666667137778
2018-08-31,rp,META,0.1831487506443524,0.1666666667314477
2018-08-31,rp,NFLX,0.14109688951541152,0.16666666687562312
2018-08-31,rp,GOOGL,0.2239816965096135,0.16666666637241803
2018-10-02,ew,NVDA,0.16666666666666666,0.22907297529880025
2018-10-02,ew,AMZN,0.16666666666666666,0.12559343418666563
2018-10-02,ew,TSLA,0.16666666666666666,0.2158272401073955
2018-10-02,ew,META,0.16666666666666666,0.13453117868318662
2018-10-02,ew,NFLX,0.16666666666666666,0.186560424383525
2018-10-02,ew,GOOGL,0.16666666666666666,0.10841474734042718
2018-10-02,naive,NVDA,0.11151570140457819,0.15134259613643167
2018-10-02,naive,AMZN,0.20917139121792327,0.18431349069886258
2018-10-02,naive,TSLA,0.10974006115382956,0.13485956730427684
2018-10-02,naive,META,0.18331093414682847,0.172670503820492
2018-10-02,naive,NFLX,0.13742527388778653,0.1659168840573905
2018-10-02,naive,GOOGL,0.248836638189054,0.19089695798254647
2018-10-02,rp,NVDA,0.12252863881131042,0.16666666582249604
2018-10-02,rp,AMZN,0.19663219262388715,0.16666666702917438
2018-10-02,rp,TSLA,0.13057800779984244,0.16666666721894097
2018-10-02,rp,META,0.18287771300348668,0.16666666709849604
2018-10-02,rp,NFLX,0.14111446977666628,0.16666666580737102
2018-10-02,rp,GOOGL,0.22626897798480697,0.1666666670235215
2018-10-31,ew,NVDA,0.16666666666666666,0.23087043467288162
2018-10-31,ew,AMZN,0.16666666666666666,0.1367174189166899
2018-10-31,ew,TSLA,0.16666666666666666,0.2021991361243357
2018-10-31,ew,META,0.16666666666666666,0.13348997520064582
2018-10-31,ew,NFLX,0.16666666666666666,0.18309722133421363
2018-10-31,ew,GOOGL,0.16666666666666666,0.11362581375123325
2018-10-31,naive,NVDA,0.11198343407847047,0.15336839698206609
2018-10-31,naive,AMZN,0.19962183847756385,0.18580332831351978
2018-10-31,naive,TSLA,0.11119943972866797,0.12658566626111334
2018-10-31,naive,META,0.1869527952797149,0.1706897569496699
2018-10-31,naive,NFLX,0.146160837306792,0.17322506570632307
2018-10-31,naive,GOOGL,0.24408165512879088,0.1903277857873077
2018-10-31,rp,NVDA,0.12195829485103692,0.1666666664476232
2018-10-31,rp,AMZN,0.1858089706967977,0.16666666659347285
2018-10-31,rp,TSLA,0.1382619881643726,0.16666666639695984
2018-10-31,rp,META,0.18782033505349427,0.166666666627156
2018-10-31,rp,NFLX,0.144498925863779,0.16666666734412516
2018-10-31,rp,GOOGL,0.22165148537051957,0.16666666659066287
2018-11-30,ew,NVDA,0.16666666666666666,0.22726401254943487
2018-11-30,ew,AMZN,0.16666666666666666,0.1422888581017705
2018-11-30,ew,TSLA,0.16666666666666666,0.195632499119436
2018-11-30,ew,META,0.16666666666666666,0.13417798404215092
2018-11-30,ew,NFLX,0.16666666666666666,0.1864826197037696
2018-11-30,ew,GOOGL,0.16666666666666666,0.11415402648343823
2018-11-30,naive,NVDA,0.11739620779969114,0.16208041619842223
2018-11-30,naive,AMZN,0.193810331364526,0.18445078379088584
2018-11-30,naive,TSLA,0.11211555889111463,0.12316286974774741
2018-11-30,naive,META,0.18892747593506728,0.17051735397347592
2018-11-30,naive,NFLX,0.14380741491875493,0.1713009534514259
2018-11-30,naive,GOOGL,0.243943011090846,0.18848762283804274
2018-11-30,rp,NVDA,0.12226353220795337,0.1666666666496559
2018-11-30,rp,AMZN,0.18082742076509187,0.16666666667887536
2018-11-30,rp,TSLA,0.14187536246255847,0.1666666666859152
2018-11-30,rp,META,0.18917294982169552,0.16666666667167868
2018-11-30,rp,NFLX,0.14315160703327048,0.16666666664752688
2018-11-30,rp,GOOGL,0.22270912770943024,0.16666666666634794
2019-01-03,ew,NVDA,0.16666666666666666,0.21764242499534245
2019-01-03,ew,AMZN,0.16666666666666666,0.15114381836784688
2019-01-03,ew,TSLA,0.16666666666666666,0.19015006131388273
2019-01-03,ew,META,0.16666666666666666,0.137023052285433
2019-01-03,ew,NFLX,0.16666666666666666,0.18815114463831858
2019-01-03,ew,GOOGL,0.16666666666666666,0.1158894983991764
2019-01-03,naive,NVDA,0.1226021837988444,0.16264273442395602
2019-01-03,naive,AMZN,0.18753218920193576,0.1858143222612585
2019-01-03,naive,TSLA,0.11415785950201994,0.12156803704732888
2019-01-03,naive,META,0.18695334935693636,0.16962116625279758
2019-01-03,naive,NFLX,0.1449647842817223,0.17240929815307185
2019-01-03,naive,GOOGL,0.24378963385854127,0.18794444186158707
2019-01-03,rp,NVDA,0.12725948791840894,0.16666666526833157
2019-01-03,rp,AMZN,0.17323509895496894,0.1666666670720443
2019-01-03,rp,TSLA,0.14583050385701887,0.16666666589788923
2019-01-03,rp,META,0.18785684464076433,0.1666666668521928
2019-01-03,rp,NFLX,0.1431798008350327,0.16666666752451598
2019-01-03,rp,GOOGL,0.22263826379380622,0.16666666738502608
2019-02-04,ew,NVDA,0.16666666666666666,0.21846461982688273
2019-02-04,ew,AMZN,0.16666666666666666,0.1514102591592272
2019-02-04,ew,TSLA,0.16666666666666666,0.18680655855847073
2019-02-04,ew,META,0.16666666666666666,0.1377383181987879
2019-02-04,ew,NFLX,0.16666666666666666,0.19014257720780772
2019-02-04,ew,GOOGL,0.16666666666666666,0.11543766704882376
2019-02-04,naive,NVDA,0.12199619899306186,0.1627922588631677
2019-02-04,naive,AMZN,0.18766216470481584,0.1859751834043838
2019-02-04,naive,TSLA,0.11511711282300857,0.12082539234896376
2019-02-04,naive,META,0.18450747231039585,0.16815996280315568
2019-02-04,naive,NFLX,0.1447696323731092,0.17370743755869492
2019-02-04,naive,GOOGL,0.24594741879560883,0.18853976502163422
2019-02-04,rp,NVDA,0.12663983591544353,0.16666666668988195
2019-02-04,rp,AMZN,0.17311406867547152,0.16666666667650737
2019-02-04,rp,TSLA,0.14771077370965238,0.16666666665591606
2019-02-04,rp,META,0.18687834528473343,0.1666666666484293
2019-02-04,rp,NFLX,0.1418112137406358,0.16666666669593433
2019-02-04,rp,GOOGL,0.2238457626740634,0.166666666633331
2019-03-06,ew,NVDA,0.16666666666666666,0.21523244413277565
2019-03-06,ew,AMZN,0.16666666666666666,0.15205200147712886
2019-03-06,ew,TSLA,0.16666666666666666,0.18661853559038874
2019-03-06,ew,META,0.16666666666666666,0.13825415226377905
2019-03-06,ew,NFLX,0.16666666666666666,0.1912022755082509
2019-03-06,ew,GOOGL,0.16666666666666666,0.11664059102767693
2019-03-06,naive,NVDA,0.12411264929337618,0.16349360910384925
2019-03-06,naive,AMZN,0.1878216721684146,0.18636448673784006
2019-03-06,naive,TSLA,0.11493201300519579,0.11975709573986307
2019-03-06,naive,META,0.18414110948423829,0.16789617005667115
2019-03-06,naive,NFLX,0.14458166544805545,0.17378272036636092
2019-03-06,naive,GOOGL,0.24441089060071972,0.18870591799541542
2019-03-06,rp,NVDA,0.1283985019814074,0.16666666668326832
2019-03-06,rp,AMZN,0.17291412277353752,0.16666666667313176
2019-03-06,rp,TSLA,0.14822484469798292,0.1666666666596273
2019-03-06,rp,META,0.18672477940737317,0.16666666665345578
2019-03-06,rp,NFLX,0.141485205720081,0.16666666668076294
2019-03-06,rp,GOOGL,0.2222525454196181,0.16666666664975385
2019-04-04,ew,NVDA,0.16666666666666666,0.21610912451073022
2019-04-04,ew,AMZN,0.16666666666666666,0.1522923886743639
2019-04-04,ew,TSLA,0.16666666666666666,0.18535794346105047
2019-04-04,ew,META,0.16666666666666666,0.13813671512481235
2019-04-04,ew,NFLX,0.16666666666666666,0.19140646420340543
2019-04-04,ew,GOOGL,0.16666666666666666,0.1166973640256378
2019-04-04,naive,NVDA,0.12371774118495596,0.16354578163683028
2019-04-04,naive,AMZN,0.1879695902565533,0.1866538470584019
2019-04-04,naive,TSLA,0.1154777249010869,0.11957853318598854
2019-04-04,naive,META,0.18356522411327392,0.1671673592076535
2019-04-04,naive,NFLX,0.14465088857725514,0.17414212595731265
2019-04-04,naive,GOOGL,0.24461883096687465,0.18891235295381303
2019-04-04,rp,NVDA,0.12793346395037347,0.1666666665571066
2019-04-04,rp,AMZN,0.1727815859458836,0.16666666693356297
2019-04-04,rp,TSLA,0.149008612648724,0.16666666638690505
2019-04-04,rp,META,0.18678513839217742,0.16666666671481348
2019-04-04,rp,NFLX,0.14126423409228453,0.16666666661468235
2019-04-04,rp,GOOGL,0.22222696497055705,0.16666666679292946
2019-05-06,ew,NVDA,0.16666666666666666,0.21502652124265176
2019-05-06,ew,AMZN,0.16666666666666666,0.15245763850257654
2019-05-06,ew,TSLA,0.16666666666666666,0.18692743256855304
2019-05-06,ew,META,0.16666666666666666,0.1376537970658707
2019-05-06,ew,NFLX,0.16666666666666666,0.19045260974005232
2019-05-06,ew,GOOGL,0.16666666666666666,0.11748200088029567
2019-05-06,naive,NVDA,0.12531251457280562,0.16434443490853437
2019-05-06,naive,AMZN,0.18904897127113499,0.1876349828596513
2019-05-06,naive,TSLA,0.11562396577180031,0.12016471459326944
2019-05-06,naive,META,0.18326574947787347,0.16618002954085187
2019-05-06,naive,NFLX,0.14551190007669174,0.1740437793047837
2019-05-06,naive,GOOGL,0.24123689882969385,0.1876320587929095
2019-05-06,rp,NVDA,0.12876044083232496,0.16666666659409182
2019-05-06,rp,AMZN,0.17281761359858455,0.1666666666959767
2019-05-06,rp,TSLA,0.14847247049001502,0.16666666664444066
2019-05-06,rp,META,0.18734148017292152,0.16666666664977542
2019-05-06,rp,NFLX,0.14213340758603224,0.16666666676487546
2019-05-06,rp,GOOGL,0.22047458732012173,0.1666666666508399
2019-06-05,ew,NVDA,0.16666666666666666,0.2081319017600002
2019-06-05,ew,AMZN,0.16666666666666666,0.15354751519110835
2019-06-05,ew,TSLA,0.16666666666666666,0.18870994197120353
2019-06-05,ew,META,0.16666666666666666,0.14012315066370504
2019-06-05,ew,NFLX,0.16666666666666666,0.18986537797036315
2019-06-05,ew,GOOGL,0.16666666666666666,0.11962211244361982
2019-06-05,naive,NVDA,0.1310747670085988,0.1670512099478217
2019-06-05,naive,AMZN,0.18863233628071635,0.18691178377174944
2019-06-05,naive,TSLA,0.11568027774829401,0.12092279226993946
2019-06-05,naive,META,0.18136531892044178,0.16594921645046898
2019-06-05,naive,NFLX,0.1460340649210672,0.17291996260268835
2019-06-05,naive,GOOGL,0.23721323512088202,0.1862450349573319
2019-06-05,rp,NVDA,0.1325991353040883,0.16666666670862385
2019-06-05,rp,AMZN,0.1727213953558875,0.16666666666990412
2019-06-05,rp,TSLA,0.14806819678665598,0.1666666666537596
2019-06-05,rp,META,0.18544357531566977,0.16666666663222532
2019-06-05,rp,NFLX,0.14325930525192054,0.16666666671189292
2019-06-05,rp,GOOGL,0.21790839198577797,0.1666666666235944
2019-07-05,ew,NVDA,0.16666666666666666,0.20606180960068796
2019-07-05,ew,AMZN,0.16666666666666666,0.1541648388675726
2019-07-05,ew,TSLA,0.16666666666666666,0.19045346862031923
2019-07-05,ew,META,0.16666666666666666,0.14101628465903232
2019-07-05,ew,NFLX,0.16666666666666666,0.18947253659834817
2019-07-05,ew,GOOGL,0.16666666666666666,0.11883106165403962
2019-07-05,naive,NVDA,0.1320301531421873,0.16666119824612666
2019-07-05,naive,AMZN,0.18861024899104697,0.18775438880197168
2019-07-05,naive,TSLA,0.11502614442971648,0.12088720728611242
2019-07-05,naive,META,0.1799953647402586,0.1657331234414496
2019-07-05,naive,NFLX,0.14638989492931032,0.172895484231447
2019-07-05,naive,GOOGL,0.2379481937674802,0.18606859799289266
2019-07-05,rp,NVDA,0.13391989543089633,0.16666666672562105
2019-07-05,rp,AMZN,0.17204895430090356,0.16666666666525734
2019-07-05,rp,TSLA,0.14715231423291597,0.1666666666545549
2019-07-05,rp,META,0.18424137526911163,0.16666666662302793
2019-07-05,rp,NFLX,0.14366485401904144,0.16666666672905023
2019-07-05,rp,GOOGL,0.21897260674713115,0.1666666666024887
2019-08-05,ew,NVDA,0.16666666666666666,0.20715029133281548
2019-08-05,ew,AMZN,0.16666666666666666,0.15400219051321679
2019-08-05,ew,TSLA,0.16666666666666666,0.19135598430960715
2019-08-05,ew,META,0.16666666666666666,0.14194328508348877
2019-08-05,ew,NFLX,0.16666666666666666,0.18509676068827668
2019-08-05,ew,GOOGL,0.16666666666666666,0.120451488072595
2019-08-05,naive,NVDA,0.13288390413512052,0.16805623276987888
2019-08-05,naive,AMZN,0.1903745933705142,0.18856397543728262
2019-08-05,naive,TSLA,0.11509027681046216,0.12087349091660031
2019-08-05,naive,META,0.18117378219123295,0.16713485383649768
2019-08-05,naive,NFLX,0.1488548855816027,0.17210184797204803
2019-08-05,naive,GOOGL,0.23162255791106748,0.18326959906769244
2019-08-05,rp,NVDA,0.1335762800670826,0.16666666705027836
2019-08-05,rp,AMZN,0.17269466228944083,0.16666666671174848
2019-08-05,rp,TSLA,0.14697849813755265,0.1666666664735025
2019-08-05,rp,META,0.18381848084626032,0.1666666664581398
2019-08-05,rp,NFLX,0.14678792368740326,0.16666666697434787
2019-08-05,rp,GOOGL,0.21614415497226044,0.16666666633198313
2019-09-04,ew,NVDA,0.16666666666666666,0.20798330353827993
2019-09-04,ew,AMZN,0.16666666666666666,0.15298545937830596
2019-09-04,ew,TSLA,0.16666666666666666,0.19134140922379633
2019-09-04,ew,META,0.16666666666666666,0.14239204812466066
2019-09-04,ew,NFLX,0.16666666666666666,0.18411042642665124
2019-09-04,ew,GOOGL,0.16666666666666666,0.12118735330830605
2019-09-04,naive,NVDA,0.132846633472691,0.16877795338839147
2019-09-04,naive,AMZN,0.19083488612620694,0.18750896242554624
2019-09-04,naive,TSLA,0.11571753932124784,0.1222926801650278
2019-09-04,naive,META,0.1806389051471444,0.16681696032536095
2019-09-04,naive,NFLX,0.14929757667122207,0.17152225205640648
2019-09-04,naive,GOOGL,0.2306644592614878,0.18308119163926703
2019-09-04,rp,NVDA,0.13300475132575215,0.16666666719325499
2019-09-04,rp,AMZN,0.1738743696165193,0.16666666666773258
2019-09-04,rp,TSLA,0.14684565744877556,0.16666666644890113
2019-09-04,rp,META,0.1834654147540362,0.16666666643376468
2019-09-04,rp,NFLX,0.14757054684695078,0.16666666695481502
2019-09-04,rp,GOOGL,0.2152392600079661,0.16666666630153146
2019-10-03,ew,NVDA,0.16666666666666666,0.2068352554146083
2019-10-03,ew,AMZN,0.16666666666666666,0.15300597832420218
2019-10-03,ew,TSLA,0.16666666666666666,0.19236401382031676
2019-10-03,ew,META,0.16666666666666666,0.14159182617233998
2019-10-03,ew,NFLX,0.16666666666666666,0.1843982948835058
2019-10-03,ew,GOOGL,0.16666666666666666,0.12180463138502699
2019-10-03,naive,NVDA,0.13341382144458935,0.16896605777366538
2019-10-03,naive,AMZN,0.191044618921804,0.18770968065338184
2019-10-03,naive,TSLA,0.11518831366590418,0.12226060021640894
2019-10-03,naive,META,0.181123245921483,0.16640824605271104
2019-10-03,naive,NFLX,0.14891393454383633,0.17117796767816162
2019-10-03,naive,GOOGL,0.2303160655023832,0.1834774476256711
2019-10-03,rp,NVDA,0.1335528503451922,0.16666666671888009
2019-10-03,rp,AMZN,0.17393826478690477,0.16666666667251004
2019-10-03,rp,TSLA,0.14624276789402366,0.16666666664730911
2019-10-03,rp,META,0.18439076070441854,0.16666666663911053
2019-10-03,rp,NFLX,0.14745375800937188,0.16666666671962224
2019-10-03,rp,GOOGL,0.214421598260089,0.16666666660256813
2019-11-01,ew,NVDA,0.16666666666666666,0.20779926370029014
2019-11-01,ew,AMZN,0.16666666666666666,0.1470905744852965
2019-11-01,ew,TSLA,0.16666666666666666,0.19953034431323402
2019-11-01,ew,META,0.16666666666666666,0.14084235401438858
2019-11-01,ew,NFLX,0.16666666666666666,0.1844844942215125
2019-11-01,ew,GOOGL,0.16666666666666666,0.12025296926527826
2019-11-01,naive,NVDA,0.13226821587014861,0.1696328930610839
2019-11-01,naive,AMZN,0.19898539649299513,0.18942618951132803
2019-11-01,naive,TSLA,0.11122455581817826,0.12172175116044552
2019-11-01,naive,META,0.1797505347259576,0.16558718809115983
2019-11-01,naive,NFLX,0.14738563214264228,0.17089872888253363
2019-11-01,naive,GOOGL,0.23038566495007817,0.1827332492934492
2019-11-01,rp,NVDA,0.13218298624066388,0.16666666788117035
2019-11-01,rp,AMZN,0.17971696423366784,0.1666666601265598
2019-11-01,rp,TSLA,0.1418711275328645,0.16666666662922083
2019-11-01,rp,META,0.18410697464033446,0.166666671323502
2019-11-01,rp,NFLX,0.14647826688600965,0.16666666728486715
2019-11-01,rp,GOOGL,0.2156436804664597,0.1666666667546799
2019-12-03,ew,NVDA,0.16666666666666666,0.2081049976213929
2019-12-03,ew,AMZN,0.16666666666666666,0.14696203007873518
2019-12-03,ew,TSLA,0.16666666666666666,0.19916615392180542
2019-12-03,ew,META,0.16666666666666666,0.14025799522347618
2019-12-03,ew,NFLX,0.16666666666666666,0.18525113874206828
2019-12-03,ew,GOOGL,0.16666666666666666,0.12025768441252184
2019-12-03,naive,NVDA,0.13221051098391115,0.16980117878914205
2019-12-03,naive,AMZN,0.19919072604973603,0.18958992936873825
2019-12-03,naive,TSLA,0.11123457094898227,0.12135390036787573
2019-12-03,naive,META,0.17982756426170746,0.1651814531760137
2019-12-03,naive,NFLX,0.14728259963298884,0.1713748616719308
2019-12-03,naive,GOOGL,0.2302540281226742,0.1826986766262996
2019-12-03,rp,NVDA,0.13202094806372444,0.1666666665114443
2019-12-03,rp,AMZN,0.17981128429836268,0.1666666699617699
2019-12-03,rp,TSLA,0.14208485952938094,0.1666666663765453
2019-12-03,rp,META,0.18460438684031047,0.16666666415005538
2019-12-03,rp,NFLX,0.1459743921800915,0.16666666615969267
2019-12-03,rp,GOOGL,0.21550412908812994,0.16666666684049208
2020-01-03,ew,NVDA,0.16666666666666666,0.20672491221340963
2020-01-03,ew,AMZN,0.16666666666666666,0.14704651023133558
2020-01-03,ew,TSLA,0.16666666666666666,0.20060258147353124
2020-01-03,ew,META,0.16666666666666666,0.14014117342709592
2020-01-03,ew,NFLX,0.16666666666666666,0.18569341647263737
2020-01-03,ew,GOOGL,0.16666666666666666,0.11979140618199048
2020-01-03,naive,NVDA,0.13304424287614888,0.16981951378538018
2020-01-03,naive,AMZN,0.19848643755645395,0.18918955455599246
2020-01-03,naive,TSLA,0.11093697868092318,0.12186116777615488
2020-01-03,naive,META,0.1799087663814769,0.16512506529526483
2020-01-03,naive,NFLX,0.14712243761127777,0.17160649887753868
2020-01-03,naive,GOOGL,0.2305011368937192,0.18239819970966883
2020-01-03,rp,NVDA,0.13279688182232888,0.16666666715932169
2020-01-03,rp,AMZN,0.17955146304728486,0.1666666615027865
2020-01-03,rp,TSLA,0.141294079982926,0.16666666698859384
2020-01-03,rp,META,0.18464668843568646,0.1666666702345531
2020-01-03,rp,NFLX,0.14564517334710403,0.16666666715528508
2020-01-03,rp,GOOGL,0.2160657133646698,0.16666666695945964
2020-02-04,ew,NVDA,0.16666666666666666,0.20262116219276666
2020-02-04,ew,AMZN,0.16666666666666666,0.14271383737374993
2020-02-04,ew,TSLA,0.16666666666666666,0.21575061433447953
2020-02-04,ew,META,0.16666666666666666,0.13826841481713012
2020-02-04,ew,NFLX,0.16666666666666666,0.18243505633576376
2020-02-04,ew,GOOGL,0.16666666666666666,0.11821091494611008
2020-02-04,naive,NVDA,0.1347340750993979,0.17051287094673537
2020-02-04,naive,AMZN,0.19939396275782106,0.18674754256374237
2020-02-04,naive,TSLA,0.10482735471617706,0.12167506242676084
2020-02-04,naive,META,0.18072273630362629,0.1657357578788589
2020-02-04,naive,NFLX,0.1499759704307409,0.17336909276260812
2020-02-04,naive,GOOGL,0.2303459006922368,0.1819596734212945
2020-02-04,rp,NVDA,0.13419087238301172,0.16666666666590219
2020-02-04,rp,AMZN,0.18296522681552463,0.1666666666688891
2020-02-04,rp,TSLA,0.13374534583624836,0.16666666665705468
2020-02-04,rp,META,0.18526524761374683,0.1666666666705485
2020-02-04,rp,NFLX,0.1470911956424203,0.16666666666807478
2020-02-04,rp,GOOGL,0.21674211170904817,0.1666666666695308
2020-03-05,ew,NVDA,0.16666666666666666,0.20250899950009835
2020-03-05,ew,AMZN,0.16666666666666666,0.14254610385537583
2020-03-05,ew,TSLA,0.16666666666666666,0.22647857743681793
2020-03-05,ew,META,0.16666666666666666,0.1361424713348316
2020-03-05,ew,NFLX,0.16666666666666666,0.1748824446198357
2020-03-05,ew,GOOGL,0.16666666666666666,0.11744140325304074
2020-03-05,naive,NVDA,0.1333813165894925,0.16997523526010755
2020-03-05,naive,AMZN,0.19995938952063091,0.18843214602536815
2020-03-05,naive,TSLA,0.10062210363707799,0.12215249560900611
2020-03-05,naive,META,0.18149656796682348,0.1652076869489434
2020-03-05,naive,NFLX,0.1526438547702423,0.17106510381239107
2020-03-05,naive,GOOGL,0.2318967675157327,0.1831673323441838
2020-03-05,rp,NVDA,0.13351176368745704,0.16666666342626552
2020-03-05,rp,AMZN,0.1821125553726935,0.1666666681037266
2020-03-05,rp,TSLA,0.128427990910306,0.16666666444924455
2020-03-05,rp,META,0.18690832554130052,0.16666666561024632
2020-03-05,rp,NFLX,0.1518785987712767,0.16666666929670462
2020-03-05,rp,GOOGL,0.2171607657169662,0.1666666691138123
2020-04-03,ew,NVDA,0.16666666666666666,0.2127120587566425
2020-04-03,ew,AMZN,0.16666666666666666,0.1304411660393424
2020-04-03,ew,TSLA,0.16666666666666666,0.22309617958357508
2020-04-03,ew,META,0.16666666666666666,0.1450557707840148
2020-04-03,ew,NFLX,0.16666666666666666,0.16265333835983867
2020-04-03,ew,GOOGL,0.16666666666666666,0.12604148647658645
2020-04-03,naive,NVDA,0.12961219017214848,0.17298494026747477
2020-04-03,naive,AMZN,0.2094784356984123,0.18125412594440332
2020-04-03,naive,TSLA,0.1014166456303592,0.1234577209456387
2020-04-03,naive,META,0.17935580418320393,0.1710551641303999
2020-04-03,naive,NFLX,0.1596798281091704,0.16761346139431535
2020-04-03,naive,GOOGL,0.2204570962067057,0.183634587317768
2020-04-03,rp,NVDA,0.1273655883473801,0.1666666662481595
2020-04-03,rp,AMZN,0.1978721267962975,0.16666666626747947
2020-04-03,rp,TSLA,0.12917406619416774,0.16666666750601927
2020-04-03,rp,META,0.17867877075836983,0.16666666636826868
2020-04-03,rp,NFLX,0.16163903397259563,0.16666666744868464
2020-04-03,rp,GOOGL,0.2052704139311893,0.16666666616138862
2020-05-05,ew,NVDA,0.16666666666666666,0.2117809937411709
2020-05-05,ew,AMZN,0.16666666666666666,0.13066845700893998
2020-05-05,ew,TSLA,0.16666666666666666,0.2305774830210847
2020-05-05,ew,META,0.16666666666666666,0.14232616220098435
2020-05-05,ew,NFLX,0.16666666666666666,0.15689097251746462
2020-05-05,ew,GOOGL,0.16666666666666666,0.12775593151035536
2020-05-05,naive,NVDA,0.13053961631932773,0.17385920275693
2020-05-05,naive,AMZN,0.20884962261935044,0.18078488096029144
2020-05-05,naive,TSLA,0.10036793502246298,0.12729014921088788
2020-05-05,naive,META,0.18110487285093133,0.17021525778496252
2020-05-05,naive,NFLX,0.16252536472850432,0.16499987684104794
2020-05-05,naive,GOOGL,0.21661258845942327,0.18285063244588035
2020-05-05,rp,NVDA,0.1275088574054372,0.1666666675150433
2020-05-05,rp,AMZN,0.19722571781806342,0.16666666618239565
2020-05-05,rp,TSLA,0.1252806528324008,0.1666666677431569
2020-05-05,rp,META,0.18117117249503473,0.16666666681394993
2020-05-05,rp,NFLX,0.166611657591782,0.16666666569743457
2020-05-05,rp,GOOGL,0.20220194185728177,0.16666666604801944
2020-06-04,ew,NVDA,0.16666666666666666,0.212392908023409
2020-06-04,ew,AMZN,0.16666666666666666,0.13100595212700597
2020-06-04,ew,TSLA,0.16666666666666666,0.22979517967705707
2020-06-04,ew,META,0.16666666666666666,0.14342676579463437
2020-06-04,ew,NFLX,0.16666666666666666,0.156419030962048
2020-06-04,ew,GOOGL,0.16666666666666666,0.12696016341584546
2020-06-04,naive,NVDA,0.13008355867147436,0.17379367282503794
2020-06-04,naive,AMZN,0.20874501022387731,0.18120733454585244
2020-06-04,naive,TSLA,0.10049419830109838,0.12698620327601018
2020-06-04,naive,META,0.17996595972943558,0.17031436457567817
2020-06-04,naive,NFLX,0.16267603412560636,0.16469990468979306
2020-06-04,naive,GOOGL,0.21803523894850804,0.18299852008762812
2020-06-04,rp,NVDA,0.1271687254686945,0.16666666664142607
2020-06-04,rp,AMZN,0.19674434976748753,0.16666666664537588
2020-06-04,rp,TSLA,0.12562529979865739,0.16666666668172012
2020-06-04,rp,META,0.1799537151192491,0.16666666662571436
2020-06-04,rp,NFLX,0.16707508092263595,0.16666666674264727
2020-06-04,rp,GOOGL,0.20343282892327552,0.16666666666311605
2020-07-06,ew,NVDA,0.16666666666666666,0.20947308856426677
2020-07-06,ew,AMZN,0.16666666666666666,0.13176881190485887
2020-07-06,ew,TSLA,0.16666666666666666,0.2315237751637518
2020-07-06,ew,META,0.16666666666666666,0.14514548538607627
2020-07-06,ew,NFLX,0.16666666666666666,0.15486585201784644
2020-07-06,ew,GOOGL,0.16666666666666666,0.12722298696319997
2020-07-06,naive,NVDA,0.131127351894388,0.17268475792795124
2020-07-06,naive,AMZN,0.20817260190485484,0.18113844758084677
2020-07-06,naive,TSLA,0.10041285738488072,0.128264267562838
2020-07-06,naive,META,0.17809848459565944,0.1702449488100644
2020-07-06,naive,NFLX,0.164531878199821,0.16502187477599342
2020-07-06,naive,GOOGL,0.21765682602039602,0.1826457033423061
2020-07-06,rp,NVDA,0.12893657749091156,0.1666666662594291
2020-07-06,rp,AMZN,0.19608891299711056,0.16666666640718314
2020-07-06,rp,TSLA,0.12475353105808738,0.16666666719637857
2020-07-06,rp,META,0.17814871851272568,0.1666666660054995
2020-07-06,rp,NFLX,0.16869942313550423,0.16666666753097903
2020-07-06,rp,GOOGL,0.2033728368056606,0.1666666666005305
2020-08-04,ew,NVDA,0.16666666666666666,0.20991982894948746
2020-08-04,ew,AMZN,0.16666666666666666,0.1336241051208279
2020-08-04,ew,TSLA,0.16666666666666666,0.23311556766037422
2020-08-04,ew,META,0.16666666666666666,0.13965348641820585
2020-08-04,ew,NFLX,0.16666666666666666,0.15637707850408938
2020-08-04,ew,GOOGL,0.16666666666666666,0.1273099333470152
2020-08-04,naive,NVDA,0.13008556764309348,0.17203469166145918
2020-08-04,naive,AMZN,0.20290331434960554,0.1790870440495154
2020-08-04,naive,TSLA,0.09966338621029797,0.12854743876816419
2020-08-04,naive,META,0.1871733963193036,0.17309024066911927
2020-08-04,naive,NFLX,0.16312920374170917,0.1649189197548122
2020-08-04,naive,GOOGL,0.21704513173599016,0.18232166509692996
2020-08-04,rp,NVDA,0.12837792691167038,0.1666666667846342
2020-08-04,rp,AMZN,0.19317682175748546,0.16666666703151103
2020-08-04,rp,TSLA,0.12374038074382805,0.16666666531625646
2020-08-04,rp,META,0.18447822147044401,0.16666666859936705
2020-08-04,rp,NFLX,0.16719894813241265,0.16666666521859266
2020-08-04,rp,GOOGL,0.2030277009841594,0.1666666670496385
2020-09-02,ew,NVDA,0.16666666666666666,0.2073039856346804
2020-09-02,ew,AMZN,0.16666666666666666,0.13354637069513273
2020-09-02,ew,TSLA,0.16666666666666666,0.23479767401686555
2020-09-02,ew,META,0.16666666666666666,0.1407972518563136
2020-09-02,ew,NFLX,0.16666666666666666,0.15746109325289487
2020-09-02,ew,GOOGL,0.16666666666666666,0.12609362454411308
2020-09-02,naive,NVDA,0.13072684586660077,0.17076627338788514
2020-09-02,naive,AMZN,0.20398914763357043,0.17985029667111677
2020-09-02,naive,TSLA,0.09916075001850766,0.12864697228682223
2020-09-02,naive,META,0.1855376998925205,0.17319797470541592
2020-09-02,naive,NFLX,0.1621776751497927,0.16535551460082457
2020-09-02,naive,GOOGL,0.21840788143900794,0.1821829683479352
2020-09-02,rp,NVDA,0.12994910796220804,0.16666666616971837
2020-09-02,rp,AMZN,0.19345926265089833,0.16666666697552135
2020-09-02,rp,TSLA,0.12310014323297405,0.16666666592107968
2020-09-02,rp,META,0.18285325676676498,0.1666666668379957
2020-09-02,rp,NFLX,0.16596621972371048,0.16666666700853314
2020-09-02,rp,GOOGL,0.20467200966344415,0.16666666708715167
2020-10-02,ew,NVDA,0.16666666666666666,0.208673838073947
2020-10-02,ew,AMZN,0.16666666666666666,0.13430927331177447
2020-10-02,ew,TSLA,0.16666666666666666,0.23851797513163792
2020-10-02,ew,META,0.16666666666666666,0.13872656280913673
2020-10-02,ew,NFLX,0.16666666666666666,0.15424608858549382
2020-10-02,ew,GOOGL,0.16666666666666666,0.12552626208800985
2020-10-02,naive,NVDA,0.13017917061294065,0.17126052093183042
2020-10-02,naive,AMZN,0.20231445692787037,0.179307207713262
2020-10-02,naive,TSLA,0.09861584328501362,0.13135383692174307
2020-10-02,naive,META,0.18699526312290435,0.17245927486181306
2020-10-02,naive,NFLX,0.16379251977012604,0.16435015283834464
2020-10-02,naive,GOOGL,0.21810274628114498,0.18126900673300667
2020-10-02,rp,NVDA,0.12882528867276577,0.16666666664869711
2020-10-02,rp,AMZN,0.1920642503660205,0.166666666705369
2020-10-02,rp,TSLA,0.12078026043734659,0.16666666660980572
2020-10-02,rp,META,0.1848058606585686,0.16666666670454133
2020-10-02,rp,NFLX,0.1684664736455764,0.16666666666914634
2020-10-02,rp,GOOGL,0.2050578662197221,0.1666666666624407
2020-11-02,ew,NVDA,0.16666666666666666,0.20708180863755593
2020-11-02,ew,AMZN,0.16666666666666666,0.1320470502473712
2020-11-02,ew,TSLA,0.16666666666666666,0.24466266221991334
2020-11-02,ew,META,0.16666666666666666,0.14261450807658538
2020-11-02,ew,NFLX,0.16666666666666666,0.14918422695224276
2020-11-02,ew,GOOGL,0.16666666666666666,0.12440974386633127
2020-11-02,naive,NVDA,0.1317661765189397,0.17218497192558302
2020-11-02,naive,AMZN,0.20601726979070625,0.1799334810424225
2020-11-02,naive,TSLA,0.09830635741694954,0.1350178385685781
2020-11-02,naive,META,0.18214816332635228,0.17292022048214464
2020-11-02,naive,NFLX,0.1658065239594413,0.16128682132262684
2020-11-02,naive,GOOGL,0.2159555089876109,0.1786566666586448
2020-11-02,rp,NVDA,0.12954605717748086,0.16666666661081606
2020-11-02,rp,AMZN,0.19452451871987414,0.16666666664793717
2020-11-02,rp,TSLA,0.11781837889215653,0.16666666709634834
2020-11-02,rp,META,0.17932733451222296,0.16666666650765566
2020-11-02,rp,NFLX,0.17303851504333706,0.1666666666093124
2020-11-02,rp,GOOGL,0.20574519565492852,0.16666666652793038
2020-12-02,ew,NVDA,0.16666666666666666,0.20062939112432918
2020-12-02,ew,AMZN,0.16666666666666666,0.1309305787510154
2020-12-02,ew,TSLA,0.16666666666666666,0.2501709227668245
2020-12-02,ew,META,0.16666666666666666,0.14537799502011114
2020-12-02,ew,NFLX,0.16666666666666666,0.1483075744133749
2020-12-02,ew,GOOGL,0.16666666666666666,0.12458353792434501
2020-12-02,naive,NVDA,0.13687149708720708,0.17424558429340226
2020-12-02,naive,AMZN,0.20793900935882803,0.1802690295410987
2020-12-02,naive,TSLA,0.09624446798247928,0.13402910461722545
2020-12-02,naive,META,0.17892753228401195,0.1734609767406167
2020-12-02,naive,NFLX,0.16596710203225357,0.1604262774683677
2020-12-02,naive,GOOGL,0.21405039125522007,0.17756902733928917
2020-12-02,rp,NVDA,0.13307350060651385,0.1666666667965618
2020-12-02,rp,AMZN,0.1960263281189783,0.1666666665542155
2020-12-02,rp,TSLA,0.1159705231551459,0.16666666678047093
2020-12-02,rp,META,0.1757331372832503,0.1666666662001969
2020-12-02,rp,NFLX,0.1739633408137002,0.1666666670407702
2020-12-02,rp,GOOGL,0.20523317002241137,0.16666666662778454
2021-01-04,ew,NVDA,0.16666666666666666,0.20058630242958736
2021-01-04,ew,AMZN,0.16666666666666666,0.12497279281930636
2021-01-04,ew,TSLA,0.16666666666666666,0.2588183644333249
2021-01-04,ew,META,0.16666666666666666,0.14485754025014244
2021-01-04,ew,NFLX,0.16666666666666666,0.1469269262283856
2021-01-04,ew,GOOGL,0.16666666666666666,0.1238380738392533
2021-01-04,naive,NVDA,0.13606443097489224,0.17437477475809507
2021-01-04,naive,AMZN,0.21380237303047284,0.17941662585338217
2021-01-04,naive,TSLA,0.09366760597677472,0.13476394911569387
2021-01-04,naive,META,0.1787867170496485,0.1745468825708618
2021-01-04,naive,NFLX,0.16547844814326754,0.15977525784153698
2021-01-04,naive,GOOGL,0.2122004248249442,0.1771225098604301
2021-01-04,rp,NVDA,0.13223614867882616,0.16666666653789874
2021-01-04,rp,AMZN,0.20262554496675447,0.16666666667450028
2021-01-04,rp,TSLA,0.11234097652805833,0.1666666665202717
2021-01-04,rp,META,0.17461819380173652,0.1666666665695841
2021-01-04,rp,NFLX,0.17399928680288881,0.1666666670779328
2021-01-04,rp,GOOGL,0.20417984922173563,0.16666666661981236
2021-02-03,ew,NVDA,0.16666666666666666,0.19639895984562955
2021-02-03,ew,AMZN,0.16666666666666666,0.12365168828670883
2021-02-03,ew,TSLA,0.16666666666666666,0.2612178885832706
2021-02-03,ew,META,0.16666666666666666,0.14421494046067868
2021-02-03,ew,NFLX,0.16666666666666666,0.1484102095671581
2021-02-03,ew,GOOGL,0.16666666666666666,0.12610631325655436
2021-02-03,naive,NVDA,0.13955267269878271,0.17524273101799806
2021-02-03,naive,AMZN,0.21680761750579283,0.17967941682494076
2021-02-03,naive,TSLA,0.093218822347036,0.13516724726901908
2021-02-03,naive,META,0.18105555292607212,0.1754718853268451
2021-02-03,naive,NFLX,0.16186616624846428,0.1583079550975308
2021-02-03,naive,GOOGL,0.2074991682738521,0.1761307644636663
2021-02-03,rp,NVDA,0.1349659745453843,0.16666666762008497
2021-02-03,rp,AMZN,0.20508363566336316,0.16666666619537163
2021-02-03,rp,TSLA,0.11162370643133061,0.1666666662875495
2021-02-03,rp,META,0.17584175223666448,0.16666666429812294
2021-02-03,rp,NFLX,0.17177936872049465,0.16666666913625558
2021-02-03,rp,GOOGL,0.20070556240276288,0.16666666646261527
2021-03-05,ew,NVDA,0.16666666666666666,0.19782812961614296
2021-03-05,ew,AMZN,0.16666666666666666,0.12328672829017485
2021-03-05,ew,TSLA,0.16666666666666666,0.26326733986954104
2021-03-05,ew,META,0.16666666666666666,0.14334256937810963
2021-03-05,ew,NFLX,0.16666666666666666,0.14694539968880066
2021-03-05,ew,GOOGL,0.16666666666666666,0.12532983315723076
2021-03-05,naive,NVDA,0.1379041760748613,0.1743639380617238
2021-03-05,naive,AMZN,0.21722283463512584,0.179768852156247
2021-03-05,naive,TSLA,0.09289594278594288,0.13654260171824942
2021-03-05,naive,META,0.1814248449402243,0.1754345638600983
2021-03-05,naive,NFLX,0.16258243665929056,0.15804476721994887
2021-03-05,naive,GOOGL,0.20796976490455513,0.1758452769837328
2021-03-05,rp,NVDA,0.1339373740222521,0.1666666667980391
2021-03-05,rp,AMZN,0.20526213623346481,0.16666666662444388
2021-03-05,rp,TSLA,0.11044192789388058,0.16666666670827898
2021-03-05,rp,META,0.1761979089797717,0.16666666653817933
2021-03-05,rp,NFLX,0.17277250349641457,0.16666666671862976
2021-03-05,rp,GOOGL,0.2013881493742163,0.16666666661242882
2021-04-06,ew,NVDA,0.16666666666666666,0.19773094493135568
2021-04-06,ew,AMZN,0.16666666666666666,0.12194313433959776
2021-04-06,ew,TSLA,0.16666666666666666,0.2669713249123722
2021-04-06,ew,META,0.16666666666666666,0.1435613053911178
2021-04-06,ew,NFLX,0.16666666666666666,0.14538006637912512
2021-04-06,ew,GOOGL,0.16666666666666666,0.12441322404643151
2021-04-06,naive,NVDA,0.13815238519599973,0.17507316648688243
2021-04-06,naive,AMZN,0.2184192963081209,0.17924277491379498
2021-04-06,naive,TSLA,0.09181626141739803,0.13760865290862434
2021-04-06,naive,META,0.1809527566812645,0.17569684076351103
2021-04-06,naive,NFLX,0.16330874123451647,0.15775852518616212
2021-04-06,naive,GOOGL,0.20735055916270037,0.17462003974102527
2021-04-06,rp,NVDA,0.13354231106288156,0.16666666742363276
2021-04-06,rp,AMZN,0.20678156413232562,0.16666666627160864
2021-04-06,rp,TSLA,0.10858336577849159,0.16666666585380335
2021-04-06,rp,META,0.17534577529700013,0.1666666627587263
2021-04-06,rp,NFLX,0.17377103888625958,0.1666666710894509
2021-04-06,rp,GOOGL,0.20197594484304146,0.16666666660277804
2021-05-05,ew,NVDA,0.16666666666666666,0.19910317874284267
2021-05-05,ew,AMZN,0.16666666666666666,0.12222549889580318
2021-05-05,ew,TSLA,0.16666666666666666,0.26660662009653197
2021-05-05,ew,META,0.16666666666666666,0.14409070867353505
2021-05-05,ew,NFLX,0.16666666666666666,0.1445626895724347
2021-05-05,ew,GOOGL,0.16666666666666666,0.12341130401885222
2021-05-05,naive,NVDA,0.13714169220424113,0.17527672011560008
2021-05-05,naive,AMZN,0.21801618340120443,0.17928454826582488
2021-05-05,naive,TSLA,0.09155648967750091,0.13701372282374885
2021-05-05,naive,META,0.1800946188724078,0.17574838487147867
2021-05-05,naive,NFLX,0.16350417720553523,0.15725043626236926
2021-05-05,naive,GOOGL,0.20968683863911056,0.17542618766097812
2021-05-05,rp,NVDA,0.13248231578375028,0.16666666684303671
2021-05-05,rp,AMZN,0.20637631670792098,0.16666666667377228
2021-05-05,rp,TSLA,0.10866208524468206,0.16666666671177552
2021-05-05,rp,META,0.17454101790438592,0.16666666616787157
2021-05-05,rp,NFLX,0.17447819027112701,0.16666666698547933
2021-05-05,rp,GOOGL,0.20346007408813369,0.1666666666180647
2021-06-04,ew,NVDA,0.16666666666666666,0.19902144976667893
2021-06-04,ew,AMZN,0.16666666666666666,0.12151201010792244
2021-06-04,ew,TSLA,0.16666666666666666,0.2683707731472131
2021-06-04,ew,META,0.16666666666666666,0.14350797914091964
2021-06-04,ew,NFLX,0.16666666666666666,0.14421133195672545
2021-06-04,ew,GOOGL,0.16666666666666666,0.12337645588054053
2021-06-04,naive,NVDA,0.1367138972604216,0.1752633121692333
2021-06-04,naive,AMZN,0.21829510131680077,0.17890760917537632
2021-06-04,naive,TSLA,0.0910391127680468,0.13725510041317693
2021-06-04,naive,META,0.18053278975223389,0.1757098674374932
2021-06-04,naive,NFLX,0.16336867693408302,0.15701957556169285
2021-06-04,naive,GOOGL,0.21005042196841392,0.17584453524302757
2021-06-04,rp,NVDA,0.13216411784816162,0.16666666696478835
2021-06-04,rp,AMZN,0.20706749770096808,0.16666666664906657
2021-06-04,rp,TSLA,0.10789097155840587,0.16666666674678104
2021-06-04,rp,META,0.17499883945356903,0.166666666083172
2021-06-04,rp,NFLX,0.17452327159264494,0.166666666957024
2021-06-04,rp,GOOGL,0.2033553018462503,0.16666666659916785
2021-07-06,ew,NVDA,0.16666666666666666,0.19950649075077623
2021-07-06,ew,AMZN,0.16666666666666666,0.12152712433135743
2021-07-06,ew,TSLA,0.16666666666666666,0.26785745520202625
2021-07-06,ew,META,0.16666666666666666,0.14384124579432334
2021-07-06,ew,NFLX,0.16666666666666666,0.14405506194806036
2021-07-06,ew,GOOGL,0.16666666666666666,0.12321262197345663
2021-07-06,naive,NVDA,0.13712917683538134,0.17625625177455506
2021-07-06,naive,AMZN,0.21693991360522272,0.17789172075818196
2021-07-06,naive,TSLA,0.091143740083929,0.13695212671858098
2021-07-06,naive,META,0.1805499418940187,0.17589815660315064
2021-07-06,naive,NFLX,0.1638325572764358,0.15722606963611796
2021-07-06,naive,GOOGL,0.21040467030501234,0.17577567450941356
2021-07-06,rp,NVDA,0.13181587105806852,0.16666666685065393
2021-07-06,rp,AMZN,0.20683741007329287,0.1666666666808497
2021-07-06,rp,TSLA,0.10814296678314277,0.16666666669873875
2021-07-06,rp,META,0.17477045436228658,0.16666666615175157
2021-07-06,rp,NFLX,0.1747303343933345,0.16666666699206525
2021-07-06,rp,GOOGL,0.20370296332987486,0.16666666662594087
2021-08-04,ew,NVDA,0.16666666666666666,0.19973524527952355
2021-08-04,ew,AMZN,0.16666666666666666,0.12247150670041704
2021-08-04,ew,TSLA,0.16666666666666666,0.2673154836953297
2021-08-04,ew,META,0.16666666666666666,0.14454095748485402
2021-08-04,ew,NFLX,0.16666666666666666,0.14304314466255663
2021-08-04,ew,GOOGL,0.16666666666666666,0.12289366217731924
2021-08-04,naive,NVDA,0.13652535245938846,0.17537802987147216
2021-08-04,naive,AMZN,0.21342168093864852,0.17649351201904903
2021-08-04,naive,TSLA,0.09138009412425623,0.13703692312596466
2021-08-04,naive,META,0.17881961058091903,0.1751937298106958
2021-08-04,naive,NFLX,0.16654511486024218,0.15835867016151886
2021-08-04,naive,GOOGL,0.2133081470365456,0.1775391350112993
2021-08-04,rp,NVDA,0.13183652207739496,0.16666666634848684
2021-08-04,rp,AMZN,0.20505342031767498,0.1666666659949027
2021-08-04,rp,TSLA,0.10833290265275247,0.1666666664615485
2021-08-04,rp,META,0.17381099137956915,0.1666666673301252
2021-08-04,rp,NFLX,0.17641145670793,0.1666666661637936
2021-08-04,rp,GOOGL,0.2045547068646784,0.1666666677011429
2021-09-02,ew,NVDA,0.16666666666666666,0.1990696726423201
2021-09-02,ew,AMZN,0.16666666666666666,0.1225607207029894
2021-09-02,ew,TSLA,0.16666666666666666,0.2689482267594717
2021-09-02,ew,META,0.16666666666666666,0.14458885479417272
2021-09-02,ew,NFLX,0.16666666666666666,0.14224985898254028
2021-09-02,ew,GOOGL,0.16666666666666666,0.12258266611850582
2021-09-02,naive,NVDA,0.13697483764762913,0.17555963734224214
2021-09-02,naive,AMZN,0.21319905357486335,0.17671382841509317
2021-09-02,naive,TSLA,0.09092266055594976,0.13677247147745944
2021-09-02,naive,META,0.17877445307614412,0.17551534937764224
2021-09-02,naive,NFLX,0.1665328775105551,0.15775820377046662
2021-09-02,naive,GOOGL,0.21359611763485845,0.17768050961709647
2021-09-02,rp,NVDA,0.1321770039711541,0.16666666690536758
2021-09-02,rp,AMZN,0.2046271577518106,0.16666666680698117
2021-09-02,rp,TSLA,0.10791405077105301,0.1666666668646558
2021-09-02,rp,META,0.17353325712431575,0.1666666671899132
2021-09-02,rp,NFLX,0.1769845018398344,0.1666666654026241
2021-09-02,rp,GOOGL,0.20476402854183204,0.16666666683045817
2021-10-04,ew,NVDA,0.16666666666666666,0.19970178212443984
2021-10-04,ew,AMZN,0.16666666666666666,0.12311963426650761
2021-10-04,ew,TSLA,0.16666666666666666,0.26736496829211104
2021-10-04,ew,META,0.16666666666666666,0.14554047223976901
2021-10-04,ew,NFLX,0.16666666666666666,0.14101355276297992
2021-10-04,ew,GOOGL,0.16666666666666666,0.12325959031419258
2021-10-04,naive,NVDA,0.13700293867442787,0.1758475776107084
2021-10-04,naive,AMZN,0.2129837318813678,0.17694646844780215
2021-10-04,naive,TSLA,0.09149490034786821,0.13684009478687206
2021-10-04,naive,META,0.17767946221857742,0.17511985325047216
2021-10-04,naive,NFLX,0.16792464859707038,0.1575892945905813
2021-10-04,naive,GOOGL,0.21291431828068832,0.17765671131356375
2021-10-04,rp,NVDA,0.1319563429475069,0.16666666673058625
2021-10-04,rp,AMZN,0.20409457004363082,0.1666666666570922
2021-10-04,rp,TSLA,0.10852547265877902,0.16666666678322742
2021-10-04,rp,META,0.172779580409706,0.1666666666171492
2021-10-04,rp,NFLX,0.1785806498565493,0.16666666657043672
2021-10-04,rp,GOOGL,0.204063384083828,0.166666666641508
2021-11-02,ew,NVDA,0.16666666666666666,0.19999069581807613
2021-11-02,ew,AMZN,0.16666666666666666,0.12330313009865695
2021-11-02,ew,TSLA,0.16666666666666666,0.2662469922879726
2021-11-02,ew,META,0.16666666666666666,0.14607228157243998
2021-11-02,ew,NFLX,0.16666666666666666,0.14060766004833142
2021-11-02,ew,GOOGL,0.16666666666666666,0.12377924017452303
2021-11-02,naive,NVDA,0.13718289339467218,0.17590820909338034
2021-11-02,naive,AMZN,0.21238522529264156,0.17654760191310503
2021-11-02,naive,TSLA,0.09237931885563827,0.1377080959002596
2021-11-02,naive,META,0.177308998903278,0.17462383349029334
2021-11-02,naive,NFLX,0.1695980947553161,0.1583618698875319
2021-11-02,naive,GOOGL,0.21114546879845383,0.17685038971542985
2021-11-02,rp,NVDA,0.13198185766274076,0.16666666651540246
2021-11-02,rp,AMZN,0.20386048638858717,0.1666666670833238
2021-11-02,rp,TSLA,0.10895168162916745,0.1666666659457962
2021-11-02,rp,META,0.17262797447896278,0.16666666692088627
2021-11-02,rp,NFLX,0.17944088819044277,0.16666666682716985
2021-11-02,rp,GOOGL,0.2031371116500991,0.16666666670742142
2021-12-02,ew,NVDA,0.16666666666666666,0.20227568336797208
2021-12-02,ew,AMZN,0.16666666666666666,0.12344755622948145
2021-12-02,ew,TSLA,0.16666666666666666,0.2654084197463346
2021-12-02,ew,META,0.16666666666666666,0.1466417403333868
2021-12-02,ew,NFLX,0.16666666666666666,0.1385529206382932
2021-12-02,ew,GOOGL,0.16666666666666666,0.12367367968453191
2021-12-02,naive,NVDA,0.13511620599856825,0.1751055541801711
2021-12-02,naive,AMZN,0.21216145398801728,0.17700351325864072
2021-12-02,naive,TSLA,0.09236289552560975,0.1367942729545204
2021-12-02,naive,META,0.17737076492695433,0.17554213960710716
2021-12-02,naive,NFLX,0.17054612787406595,0.1574624176305813
2021-12-02,naive,GOOGL,0.21244255168678436,0.17809210236897957
2021-12-02,rp,NVDA,0.13066972112352013,0.16666666655086018
2021-12-02,rp,AMZN,0.2033464007312804,0.16666666668086622
2021-12-02,rp,TSLA,0.10944493870003519,0.16666666601419386
2021-12-02,rp,META,0.17195234150643438,0.1666666669751068
2021-12-02,rp,NFLX,0.18136062295009,0.16666666672147404
2021-12-02,rp,GOOGL,0.20322597498863984,0.16666666705749897
2022-01-03,ew,NVDA,0.16666666666666666,0.2060108801331271
2022-01-03,ew,AMZN,0.16666666666666666,0.12272908312501837
2022-01-03,ew,TSLA,0.16666666666666666,0.26792530639569834
2022-01-03,ew,META,0.16666666666666666,0.14448183220505395
2022-01-03,ew,NFLX,0.16666666666666666,0.13627035683306693
2022-01-03,ew,GOOGL,0.16666666666666666,0.12258254130803538
2022-01-03,naive,NVDA,0.13230751295479393,0.17490797490720836
2022-01-03,naive,AMZN,0.2131389777478633,0.17752597481073468
2022-01-03,naive,TSLA,0.09151783700516745,0.13744913868255904
2022-01-03,naive,META,0.17759070528171722,0.17439520265452468
2022-01-03,naive,NFLX,0.1723302794860595,0.15770744621337235
2022-01-03,naive,GOOGL,0.21311468752439852,0.1780142627316008
2022-01-03,rp,NVDA,0.12805742075619467,0.16666666669343327
2022-01-03,rp,AMZN,0.20367545371197415,0.16666666665949262
2022-01-03,rp,TSLA,0.10809751713553228,0.16666666675058076
2022-01-03,rp,META,0.1732314530573676,0.16666666662798227
2022-01-03,rp,NFLX,0.18305377020466562,0.16666666661816829
2022-01-03,rp,GOOGL,0.2038843851342656,0.16666666665034277
2022-02-02,ew,NVDA,0.16666666666666666,0.20645382417377292
2022-02-02,ew,AMZN,0.16666666666666666,0.12453470143021171
2022-02-02,ew,TSLA,0.16666666666666666,0.2574213922199628
2022-02-02,ew,META,0.16666666666666666,0.1440060047836035
2022-02-02,ew,NFLX,0.16666666666666666,0.1457881807423399
2022-02-02,ew,GOOGL,0.16666666666666666,0.12179589665010918
2022-02-02,naive,NVDA,0.13325631364361962,0.17513028564194294
2022-02-02,naive,AMZN,0.21640705699235915,0.18067177579227398
2022-02-02,naive,TSLA,0.0954292816679539,0.13886714582500173
2022-02-02,naive,META,0.18118580428230988,0.1756325089348869
2022-02-02,naive,NFLX,0.1596799077535326,0.1535633564522188
2022-02-02,naive,GOOGL,0.21404163566022488,0.17613492735367564
2022-02-02,rp,NVDA,0.12880605235363418,0.1666666665547089
2022-02-02,rp,AMZN,0.2032388609338269,0.16666666673546562
2022-02-02,rp,TSLA,0.11197704737404889,0.1666666665162231
2022-02-02,rp,META,0.17545839863458496,0.16666666678723963
2022-02-02,rp,NFLX,0.17357817516105525,0.16666666673367395
2022-02-02,rp,GOOGL,0.20694146554284984,0.16666666667268878
2022-03-04,ew,NVDA,0.16666666666666666,0.20530558268015253
2022-03-04,ew,AMZN,0.16666666666666666,0.12697870714236223
2022-03-04,ew,TSLA,0.16666666666666666,0.24668384380339334
2022-03-04,ew,META,0.16666666666666666,0.15574643003075014
2022-03-04,ew,NFLX,0.16666666666666666,0.14722511190093485
2022-03-04,ew,GOOGL,0.16666666666666666,0.1180603244424069
2022-03-04,naive,NVDA,0.136560123786947,0.17698756766493867
2022-03-04,naive,AMZN,0.21130286154227293,0.17824876500334008
2022-03-04,naive,TSLA,0.10051945558738366,0.14103031775445032
2022-03-04,naive,META,0.16654572790951053,0.17188598420791715
2022-03-04,naive,NFLX,0.16273006010847219,0.15630534226291526
2022-03-04,naive,GOOGL,0.22234177106541367,0.1755420231064385
2022-03-04,rp,NVDA,0.1303285382798478,0.16666666502129746
2022-03-04,rp,AMZN,0.20061995330406018,0.16666666823872173
2022-03-04,rp,TSLA,0.11627514577478512,0.1666666626297008
2022-03-04,rp,META,0.16413724479496491,0.16666666811877848
2022-03-04,rp,NFLX,0.1737244324586005,0.16666667049596287
2022-03-04,rp,GOOGL,0.21491468538774147,0.1666666654955386
2022-04-04,ew,NVDA,0.16666666666666666,0.1976490212609074
2022-04-04,ew,AMZN,0.16666666666666666,0.13497429056836935
2022-04-04,ew,TSLA,0.16666666666666666,0.25288070488428527
2022-04-04,ew,META,0.16666666666666666,0.15402921095372646
2022-04-04,ew,NFLX,0.16666666666666666,0.1520123366313184
2022-04-04,ew,GOOGL,0.16666666666666666,0.1084544357013932
2022-04-04,naive,NVDA,0.13936446880321723,0.17436147105685113
2022-04-04,naive,AMZN,0.20286047368507765,0.1816991542569137
2022-04-04,naive,TSLA,0.10054130858331116,0.14492933605119
2022-04-04,naive,META,0.16507051286543437,0.17006026578069738
2022-04-04,naive,NFLX,0.1583605996692072,0.1562150298929295
2022-04-04,naive,GOOGL,0.23380263639375234,0.17273474296141803
2022-04-04,rp,NVDA,0.1349235261518171,0.16666666731665847
2022-04-04,rp,AMZN,0.18912048715319052,0.16666666750750087
2022-04-04,rp,TSLA,0.11363701623104938,0.16666666616181267
2022-04-04,rp,META,0.16418998848476654,0.16666666584990683
2022-04-04,rp,NFLX,0.16885082193212136,0.1666666665953573
2022-04-04,rp,GOOGL,0.22927816004705506,0.16666666656876353
2022-05-04,ew,NVDA,0.16666666666666666,0.19577551842831886
2022-05-04,ew,AMZN,0.16666666666666666,0.13327065386086373
2022-05-04,ew,TSLA,0.16666666666666666,0.23247545983361997
2022-05-04,ew,META,0.16666666666666666,0.15973358354513087
2022-05-04,ew,NFLX,0.16666666666666666,0.17459274897056573
2022-05-04,ew,GOOGL,0.16666666666666666,0.10415203536150103
2022-05-04,naive,NVDA,0.1419452863830585,0.1770171844137889
2022-05-04,naive,AMZN,0.20356403602012665,0.18020608404285107
2022-05-04,naive,TSLA,0.10626169620730866,0.14213312516172136
2022-05-04,naive,META,0.16234480509265606,0.1718467812090168
2022-05-04,naive,NFLX,0.14011717260755271,0.1541616861559133
2022-05-04,naive,GOOGL,0.2457670036892974,0.17463513901670868
2022-05-04,rp,NVDA,0.13577444045802498,0.16666666676291694
2022-05-04,rp,AMZN,0.1917908206133566,0.16666666648838607
2022-05-04,rp,TSLA,0.12198941848660678,0.166666666640705
2022-05-04,rp,META,0.1601896928788927,0.16666666660500531
2022-05-04,rp,NFLX,0.15108205725980123,0.16666666673248878
2022-05-04,rp,GOOGL,0.23917357030331773,0.1666666667704979
2022-06-03,ew,NVDA,0.16666666666666666,0.19672474150412783
2022-06-03,ew,AMZN,0.16666666666666666,0.13522644418197854
2022-06-03,ew,TSLA,0.16666666666666666,0.233647569908114
2022-06-03,ew,META,0.16666666666666666,0.15705041630186864
2022-06-03,ew,NFLX,0.16666666666666666,0.1738909636674015
2022-06-03,ew,GOOGL,0.16666666666666666,0.10345986443650947
2022-06-03,naive,NVDA,0.14136024438300143,0.17695783718122254
2022-06-03,naive,AMZN,0.20023240508661486,0.17902156228132438
2022-06-03,naive,TSLA,0.10659263321249561,0.1452512323677304
2022-06-03,naive,META,0.1642982026258996,0.1707204739556876
2022-06-03,naive,NFLX,0.14079324685877648,0.1548013910142272
2022-06-03,naive,GOOGL,0.24672326783321213,0.17324750319980775
2022-06-03,rp,NVDA,0.13496657570887607,0.16666666686558804
2022-06-03,rp,AMZN,0.18936665253280408,0.16666666685145864
2022-06-03,rp,TSLA,0.12048341847849356,0.16666666673283204
2022-06-03,rp,META,0.16267511583082964,0.1666666665740759
2022-06-03,rp,NFLX,0.15125736063338108,0.16666666649204215
2022-06-03,rp,GOOGL,0.24125087681561574,0.16666666648400344
2022-07-06,ew,NVDA,0.16666666666666666,0.19858645241441
2022-07-06,ew,AMZN,0.16666666666666666,0.13717805104668435
2022-07-06,ew,TSLA,0.16666666666666666,0.22696374190134613
2022-07-06,ew,META,0.16666666666666666,0.1575057968992659
2022-07-06,ew,NFLX,0.16666666666666666,0.1748690581964231
2022-07-06,ew,GOOGL,0.16666666666666666,0.10489689954187044
2022-07-06,naive,NVDA,0.14094895549608408,0.17718070303226335
2022-07-06,naive,AMZN,0.1982281477777388,0.17880301294253917
2022-07-06,naive,TSLA,0.10948649151631484,0.14538493188907245
2022-07-06,naive,META,0.16435510483576699,0.17000615720159465
2022-07-06,naive,NFLX,0.14080467505125713,0.15486194785762902
2022-07-06,naive,GOOGL,0.2461766253228381,0.1737632470769013
2022-07-06,rp,NVDA,0.13432202290597853,0.16666666661876206
2022-07-06,rp,AMZN,0.18762172712100078,0.16666666661044396
2022-07-06,rp,TSLA,0.12368657330003253,0.1666666667296962
2022-07-06,rp,META,0.1632731460291499,0.16666666675247513
2022-07-06,rp,NFLX,0.1511811938210747,0.16666666662653332
2022-07-06,rp,GOOGL,0.23991533682276345,0.16666666666208926
2022-08-04,ew,NVDA,0.16666666666666666,0.19863979382539879
2022-08-04,ew,AMZN,0.16666666666666666,0.13813073826850406
2022-08-04,ew,TSLA,0.16666666666666666,0.21972719401797716
2022-08-04,ew,META,0.16666666666666666,0.16093698205218204
2022-08-04,ew,NFLX,0.16666666666666666,0.1751249517937581
2022-08-04,ew,GOOGL,0.16666666666666666,0.1074403400421799
2022-08-04,naive,NVDA,0.14212048044133035,0.17747832523789692
2022-08-04,naive,AMZN,0.19778016154114123,0.1779463017796388
2022-08-04,naive,TSLA,0.11258250199261004,0.14467365351398667
2022-08-04,naive,META,0.16337219252189117,0.17091679355056336
2022-08-04,naive,NFLX,0.14195325551758126,0.15551367090854748
2022-08-04,naive,GOOGL,0.242191407985446,0.1734712550093668
2022-08-04,rp,NVDA,0.13504772556163308,0.16666666668602031
2022-08-04,rp,AMZN,0.187815075049482,0.16666666684563658
2022-08-04,rp,TSLA,0.12764525191828516,0.16666666672616381
2022-08-04,rp,META,0.1613577712991308,0.16666666632392313
2022-08-04,rp,NFLX,0.1518673962407904,0.1666666666600609
2022-08-04,rp,GOOGL,0.23626677993067868,0.1666666667581953
2022-09-02,ew,NVDA,0.16666666666666666,0.20331098276359996
2022-09-02,ew,AMZN,0.16666666666666666,0.13908332633149711
2022-09-02,ew,TSLA,0.16666666666666666,0.21331309354579753
2022-09-02,ew,META,0.16666666666666666,0.16117767507492275
2022-09-02,ew,NFLX,0.16666666666666666,0.17380710488454246
2022-09-02,ew,GOOGL,0.16666666666666666,0.10930781739964004
2022-09-02,naive,NVDA,0.13939426439224833,0.17726228393773483
2022-09-02,naive,AMZN,0.19702441338716822,0.1775030775146185
2022-09-02,naive,TSLA,0.11611621570000513,0.1457046251332473
2022-09-02,naive,META,0.16406440370630138,0.17081025065051048
2022-09-02,naive,NFLX,0.14303995420760848,0.15503882891693793
2022-09-02,naive,GOOGL,0.24036074860666848,0.17368093384695082
2022-09-02,rp,NVDA,0.13252986222166258,0.1666666666673787
2022-09-02,rp,AMZN,0.18737802350836585,0.16666666643160216
2022-09-02,rp,TSLA,0.13087669611454078,0.1666666667467444
2022-09-02,rp,META,0.16195710641171526,0.16666666716881998
2022-09-02,rp,NFLX,0.15332700402502342,0.16666666634016428
2022-09-02,rp,GOOGL,0.2339313077186921,0.16666666664529053
2022-10-04,ew,NVDA,0.16666666666666666,0.20321618987388296
2022-10-04,ew,AMZN,0.16666666666666666,0.1408344600284455
2022-10-04,ew,TSLA,0.16666666666666666,0.1997615121406599
2022-10-04,ew,META,0.16666666666666666,0.16630011322000363
2022-10-04,ew,NFLX,0.16666666666666666,0.17921916335472263
2022-10-04,ew,GOOGL,0.16666666666666666,0.11066856138228519
2022-10-04,naive,NVDA,0.13976718155998374,0.17680701640685148
2022-10-04,naive,AMZN,0.1963357118864865,0.1777081142247143
2022-10-04,naive,TSLA,0.12266959199392416,0.14479420428846654
2022-10-04,naive,META,0.16139374818896915,0.1714561325433413
2022-10-04,naive,NFLX,0.14087768536827341,0.15572165286775666
2022-10-04,naive,GOOGL,0.23895608100236304,0.17351287966886958
2022-10-04,rp,NVDA,0.13313136223066277,0.16666666668799354
2022-10-04,rp,AMZN,0.1863922130430404,0.1666666666853645
2022-10-04,rp,TSLA,0.13878647422030269,0.16666666671035324
2022-10-04,rp,META,0.15868927389747903,0.16666666701921637
2022-10-04,rp,NFLX,0.1503318933243485,0.1666666661791856
2022-10-04,rp,GOOGL,0.23266878328416668,0.16666666671788685
2022-11-02,ew,NVDA,0.16666666666666666,0.19981446036427736
2022-11-02,ew,AMZN,0.16666666666666666,0.13945599086418115
2022-11-02,ew,TSLA,0.16666666666666666,0.1989101175295012
2022-11-02,ew,META,0.16666666666666666,0.17067761809515863
2022-11-02,ew,NFLX,0.16666666666666666,0.1797957199436301
2022-11-02,ew,GOOGL,0.16666666666666666,0.11134609320325146
2022-11-02,naive,NVDA,0.1420142570357653,0.17675555537069812
2022-11-02,naive,AMZN,0.19763049282271417,0.1775197298031079
2022-11-02,naive,TSLA,0.12458307410983928,0.1470258031174947
2022-11-02,naive,META,0.15435200561675294,0.16744100912788565
2022-11-02,naive,NFLX,0.14090519433698742,0.15567968218968908
2022-11-02,naive,GOOGL,0.2405149760779409,0.17557822039112458
2022-11-02,rp,NVDA,0.13543385785417514,0.1666666667097754
2022-11-02,rp,AMZN,0.18800365086443244,0.16666666699253826
2022-11-02,rp,TSLA,0.13933041194503454,0.16666666684834627
2022-11-02,rp,META,0.15514098615762512,0.1666666659717063
2022-11-02,rp,NFLX,0.15033904861848035,0.1666666663601066
2022-11-02,rp,GOOGL,0.23175204456025236,0.16666666711752723
2022-12-02,ew,NVDA,0.16666666666666666,0.20151497330172957
2022-12-02,ew,AMZN,0.16666666666666666,0.1402266454898688
2022-12-02,ew,TSLA,0.16666666666666666,0.19665764060239793
2022-12-02,ew,META,0.16666666666666666,0.16854771289426948
2022-12-02,ew,NFLX,0.16666666666666666,0.1798124922137059
2022-12-02,ew,GOOGL,0.16666666666666666,0.11324053549802844
2022-12-02,naive,NVDA,0.14150730534651274,0.17722129226430203
2022-12-02,naive,AMZN,0.19655655905929575,0.17679523595555105
2022-12-02,naive,TSLA,0.12684494696609797,0.1485782576831775
2022-12-02,naive,META,0.15454865105960405,0.1649124627323147
2022-12-02,naive,NFLX,0.14155689888782635,0.156182501626925
2022-12-02,naive,GOOGL,0.23898563868066308,0.17631024973772963
2022-12-02,rp,NVDA,0.13457287226072476,0.16666666661517782
2022-12-02,rp,AMZN,0.18757757450749715,0.16666666668646488
2022-12-02,rp,TSLA,0.14075046307706277,0.1666666667645249
2022-12-02,rp,META,0.15737799105560385,0.1666666667305669
2022-12-02,rp,NFLX,0.15056009415313154,0.16666666648819042
2022-12-02,rp,GOOGL,0.22916100494597985,0.16666666671507518
2023-01-04,ew,NVDA,0.16666666666666666,0.20318621820915853
2023-01-04,ew,AMZN,0.16666666666666666,0.1399085280806941
2023-01-04,ew,TSLA,0.16666666666666666,0.1972590606381336
2023-01-04,ew,META,0.16666666666666666,0.16751375574749092
2023-01-04,ew,NFLX,0.16666666666666666,0.17882596233464917
2023-01-04,ew,GOOGL,0.16666666666666666,0.11330647498987367
2023-01-04,naive,NVDA,0.14086125993600768,0.17783212338285673
2023-01-04,naive,AMZN,0.19731524026874475,0.17730775181054284
2023-01-04,naive,TSLA,0.12552454757500278,0.14709014957079547
2023-01-04,naive,META,0.15463759339840602,0.1644578740314726
2023-01-04,naive,NFLX,0.1422845791777381,0.1565009861460596
2023-01-04,naive,GOOGL,0.23937677964410073,0.1768111150582729
2023-01-04,rp,NVDA,0.13352404124830458,0.1666666666210615
2023-01-04,rp,AMZN,0.18788833270206734,0.1666666666560331
2023-01-04,rp,TSLA,0.14048506950576445,0.16666666677399727
2023-01-04,rp,META,0.15800324269565155,0.16666666689217668
2023-01-04,rp,NFLX,0.1511177323889208,0.16666666633801255
2023-01-04,rp,GOOGL,0.22898158145929126,0.1666666667187189
2023-02-03,ew,NVDA,0.16666666666666666,0.20431050978477944
2023-02-03,ew,AMZN,0.16666666666666666,0.14112796826835278
2023-02-03,ew,TSLA,0.16666666666666666,0.19880741643558641
2023-02-03,ew,META,0.16666666666666666,0.17302503019901783
2023-02-03,ew,NFLX,0.16666666666666666,0.17007638760028226
2023-02-03,ew,GOOGL,0.16666666666666666,0.11265268771198131
2023-02-03,naive,NVDA,0.14067361469104944,0.178430990268726
2023-02-03,naive,AMZN,0.19446700540055165,0.17661731111876577
2023-02-03,naive,TSLA,0.12554845129265477,0.14861558890734933
2023-02-03,naive,META,0.14901986478713153,0.16343817039516637
2023-02-03,naive,NFLX,0.14737468908930398,0.15465804620649948
2023-02-03,naive,GOOGL,0.24291637473930855,0.1782398931034929
2023-02-03,rp,NVDA,0.13288823227562388,0.16666666665485566
2023-02-03,rp,AMZN,0.18593595883950284,0.16666666667882096
2023-02-03,rp,TSLA,0.13941044635411962,0.16666666667821847
2023-02-03,rp,META,0.15310399532670185,0.1666666666482621
2023-02-03,rp,NFLX,0.15802811418796417,0.16666666665678595
2023-02-03,rp,GOOGL,0.23063325301608756,0.16666666668305682
2023-03-07,ew,NVDA,0.16666666666666666,0.20457697933448002
2023-03-07,ew,AMZN,0.16666666666666666,0.14132364304430098
2023-03-07,ew,TSLA,0.16666666666666666,0.19681601809809904
2023-03-07,ew,META,0.16666666666666666,0.17386238575625773
2023-03-07,ew,NFLX,0.16666666666666666,0.17014711031459442
2023-03-07,ew,GOOGL,0.16666666666666666,0.11327386345226753
2023-03-07,naive,NVDA,0.14048128938946555,0.17781580040346914
2023-03-07,naive,AMZN,0.19552461308643218,0.17747530324799798
2023-03-07,naive,TSLA,0.12697997986677573,0.14849223960065738
2023-03-07,naive,META,0.1493973491701984,0.16426106054366676
2023-03-07,naive,NFLX,0.14819918116900718,0.15530074980104888
2023-03-07,naive,GOOGL,0.23941758731812088,0.17665484640315984
2023-03-07,rp,NVDA,0.1330408774503296,0.166666666661665
2023-03-07,rp,AMZN,0.18596334123220384,0.16666666667622515
2023-03-07,rp,TSLA,0.140905709838656,0.16666666666488533
2023-03-07,rp,META,0.15270098632550666,0.16666666673130034
2023-03-07,rp,NFLX,0.15822420688682687,0.16666666657262316
2023-03-07,rp,GOOGL,0.22916487826647694,0.16666666669330077
2023-04-05,ew,NVDA,0.16666666666666666,0.2030588920775349
2023-04-05,ew,AMZN,0.16666666666666666,0.14285366866995297
2023-04-05,ew,TSLA,0.16666666666666666,0.19216588073458074
2023-04-05,ew,META,0.16666666666666666,0.17554687570065736
2023-04-05,ew,NFLX,0.16666666666666666,0.1719332529873211
2023-04-05,ew,GOOGL,0.16666666666666666,0.11444142982995273
2023-04-05,naive,NVDA,0.1412800981932004,0.17720720742471
2023-04-05,naive,AMZN,0.1943898150062043,0.17767854900778174
2023-04-05,naive,TSLA,0.12992598875868241,0.14869167191529012
2023-04-05,naive,META,0.1488858501353944,0.16447382419643938
2023-04-05,naive,NFLX,0.1470188509821952,0.15485308315041496
2023-04-05,naive,GOOGL,0.23849939692432331,0.17709566430536372
2023-04-05,rp,NVDA,0.1342730471890987,0.1666666666897942
2023-04-05,rp,AMZN,0.18469637761405353,0.16666666667333233
2023-04-05,rp,TSLA,0.14396937592763953,0.16666666663972524
2023-04-05,rp,META,0.1519991060451273,0.16666666675144567
2023-04-05,rp,NFLX,0.15730407540545224,0.16666666656167411
2023-04-05,rp,GOOGL,0.22775801781862876,0.1666666666840285
2023-05-05,ew,NVDA,0.16666666666666666,0.20037597897299347
2023-05-05,ew,AMZN,0.16666666666666666,0.14334047802534786
2023-05-05,ew,TSLA,0.16666666666666666,0.19196068394161378
2023-05-05,ew,META,0.16666666666666666,0.17777407766416936
2023-05-05,ew,NFLX,0.16666666666666666,0.1716914132630419
2023-05-05,ew,GOOGL,0.16666666666666666,0.11485736813283354
2023-05-05,naive,NVDA,0.14251905585397476,0.176250186566286
2023-05-05,naive,AMZN,0.19307262597628005,0.17685293637980684
2023-05-05,naive,TSLA,0.13070739823895597,0.14953192327276135
2023-05-05,naive,META,0.14769594705395112,0.16475335971173746
2023-05-05,naive,NFLX,0.14793274381899751,0.15551408506715975
2023-05-05,naive,GOOGL,0.2380722290578405,0.1770975090022487
2023-05-05,rp,NVDA,0.13613160017179576,0.16666666667186836
2023-05-05,rp,AMZN,0.18423460081500717,0.16666666666915195
2023-05-05,rp,TSLA,0.14412851966662968,0.16666666665234167
2023-05-05,rp,META,0.15052178370780092,0.1666666666859725
2023-05-05,rp,NFLX,0.157711799728554,0.16666666664662025
2023-05-05,rp,GOOGL,0.22727169591021243,0.16666666667404542
2023-06-06,ew,NVDA,0.16666666666666666,0.20447156644646852
2023-06-06,ew,AMZN,0.16666666666666666,0.14303522609476188
2023-06-06,ew,TSLA,0.16666666666666666,0.18930359921650505
2023-06-06,ew,META,0.16666666666666666,0.1764207992380819
2023-06-06,ew,NFLX,0.16666666666666666,0.17262221161773003
2023-06-06,ew,GOOGL,0.16666666666666666,0.11414659738645273
2023-06-06,naive,NVDA,0.1375693374108476,0.17284128522143366
2023-06-06,naive,AMZN,0.19384250225630953,0.1776415008561467
2023-06-06,naive,TSLA,0.13267299081385361,0.15015374045755672
2023-06-06,naive,META,0.14931382071549965,0.1657553503501427
2023-06-06,naive,NFLX,0.14761046680222634,0.15633950587514267
2023-06-06,naive,GOOGL,0.23899088200126328,0.1772686172395775
2023-06-06,rp,NVDA,0.13387696369512606,0.16666666668493108
2023-06-06,rp,AMZN,0.1842432173190259,0.1666666666740725
2023-06-06,rp,TSLA,0.14571205800785272,0.16666666664248686
2023-06-06,rp,META,0.15141548325105933,0.16666666674669262
2023-06-06,rp,NFLX,0.15670520145865505,0.16666666656973336
2023-06-06,rp,GOOGL,0.2280470762682808,0.16666666668208377
2023-07-07,ew,NVDA,0.16666666666666666,0.20388737452677494
2023-07-07,ew,AMZN,0.16666666666666666,0.14292307840945304
2023-07-07,ew,TSLA,0.16666666666666666,0.19080426891334967
2023-07-07,ew,META,0.16666666666666666,0.17572368833308225
2023-07-07,ew,NFLX,0.16666666666666666,0.1721627618619268
2023-07-07,ew,GOOGL,0.16666666666666666,0.11449882795541312
2023-07-07,naive,NVDA,0.1377505429489198,0.17251060016210867
2023-07-07,naive,AMZN,0.19441512072226522,0.17801784777705476
2023-07-07,naive,TSLA,0.1318251272588575,0.15016772961814653
2023-07-07,naive,META,0.14978793284047848,0.16578618891557242
2023-07-07,naive,NFLX,0.14786287687098162,0.15619642040146622
2023-07-07,naive,GOOGL,0.23835839935849737,0.1773212131256516
2023-07-07,rp,NVDA,0.1343076491463493,0.16666666668719388
2023-07-07,rp,AMZN,0.18445032135006806,0.16666666667490512
2023-07-07,rp,TSLA,0.1447901173773797,0.16666666664353436
2023-07-07,rp,META,0.15191635028086495,0.16666666679071496
2023-07-07,rp,NFLX,0.15711526051789929,0.16666666651480738
2023-07-07,rp,GOOGL,0.2274203013274386,0.16666666668884436
2023-08-07,ew,NVDA,0.16666666666666666,0.202767106742516
2023-08-07,ew,AMZN,0.16666666666666666,0.14280697585603996
2023-08-07,ew,TSLA,0.16666666666666666,0.19158566003123056
2023-08-07,ew,META,0.16666666666666666,0.17486472356262453
2023-08-07,ew,NFLX,0.16666666666666666,0.17345421445845416
2023-08-07,ew,GOOGL,0.16666666666666666,0.11452131934913456
2023-08-07,naive,NVDA,0.13879519951646843,0.17300289135821278
2023-08-07,naive,AMZN,0.194278307852059,0.17757168344195293
2023-08-07,naive,TSLA,0.1319487311976744,0.15098395645415538
2023-08-07,naive,META,0.15040472619751594,0.16544066055598614
2023-08-07,naive,NFLX,0.14742157041118034,0.1566344818423837
2023-08-07,naive,GOOGL,0.23715146482510197,0.17636632634730903
2023-08-07,rp,NVDA,0.1349233324494046,0.16666666667167668
2023-08-07,rp,AMZN,0.18464015349273083,0.16666666667317323
2023-08-07,rp,TSLA,0.1442536300244331,0.16666666666204494
2023-08-07,rp,META,0.15270470710252915,0.16666666675713582
2023-08-07,rp,NFLX,0.15620840505752867,0.1666666665517067
2023-08-07,rp,GOOGL,0.2272697718733736,0.16666666668426267
2023-09-06,ew,NVDA,0.16666666666666666,0.20282647246196953
2023-09-06,ew,AMZN,0.16666666666666666,0.14203870366712615
2023-09-06,ew,TSLA,0.16666666666666666,0.19302447350404642
2023-09-06,ew,META,0.16666666666666666,0.17458493414373566
2023-09-06,ew,NFLX,0.16666666666666666,0.17351145884296676
2023-09-06,ew,GOOGL,0.16666666666666666,0.11401395738015539
2023-09-06,naive,NVDA,0.13830102745826345,0.1724960203877112
2023-09-06,naive,AMZN,0.19476544971402138,0.17732638855712746
2023-09-06,naive,TSLA,0.1312915298576517,0.15140333511540954
2023-09-06,naive,META,0.15064946437018836,0.16564403252248636
2023-09-06,naive,NFLX,0.147521840480239,0.15705828588824514
2023-09-06,naive,GOOGL,0.2374706881196362,0.1760719375290203
2023-09-06,rp,NVDA,0.13480617105384587,0.16666666666296368
2023-09-06,rp,AMZN,0.18534116243651588,0.1666666666736589
2023-09-06,rp,TSLA,0.1432097723263353,0.16666666666646726
2023-09-06,rp,META,0.15276970795607656,0.16666666674302352
2023-09-06,rp,NFLX,0.15597272531491707,0.1666666665683825
2023-09-06,rp,GOOGL,0.2279004609123093,0.16666666668550428
2023-10-05,ew,NVDA,0.16666666666666666,0.2016484568097895
2023-10-05,ew,AMZN,0.16666666666666666,0.14292301526030263
2023-10-05,ew,TSLA,0.16666666666666666,0.19481624217531993
2023-10-05,ew,META,0.16666666666666666,0.17424950791296956
2023-10-05,ew,NFLX,0.16666666666666666,0.17253201401467996
2023-10-05,ew,GOOGL,0.16666666666666666,0.1138307638269384
2023-10-05,naive,NVDA,0.13899671904536495,0.17241191206065792
2023-10-05,naive,AMZN,0.19347509607139804,0.17717777638999
2023-10-05,naive,TSLA,0.13038278137134196,0.15155105521452797
2023-10-05,naive,META,0.15131218422765152,0.16612439421378528
2023-10-05,naive,NFLX,0.14783742434958796,0.15651164683333424
2023-10-05,naive,GOOGL,0.2379957949346556,0.17622321528770482
2023-10-05,rp,NVDA,0.135557991279317,0.16666666667392935
2023-10-05,rp,AMZN,0.18426774635858267,0.16666666667186347
2023-10-05,rp,TSLA,0.14210404466060828,0.1666666666622609
2023-10-05,rp,META,0.15303910908834692,0.16666666679372424
2023-10-05,rp,NFLX,0.15677374659174367,0.16666666651200376
2023-10-05,rp,GOOGL,0.22825736202140143,0.1666666666862181
2023-11-03,ew,NVDA,0.16666666666666666,0.20184316805972513
2023-11-03,ew,AMZN,0.16666666666666666,0.1446779839094881
2023-11-03,ew,TSLA,0.16666666666666666,0.1917797485619167
2023-11-03,ew,META,0.16666666666666666,0.17457134548370726
2023-11-03,ew,NFLX,0.16666666666666666,0.17164497301856688
2023-11-03,ew,GOOGL,0.16666666666666666,0.11548278096659594
2023-11-03,naive,NVDA,0.13968032705386987,0.17307924441496583
2023-11-03,naive,AMZN,0.192566405441495,0.17780199260696772
2023-11-03,naive,TSLA,0.1321981188434342,0.1514583062457276
2023-11-03,naive,META,0.15230232472892052,0.16714278631208204
2023-11-03,naive,NFLX,0.14612929510008998,0.15319689861029465
2023-11-03,naive,GOOGL,0.23712352883219057,0.17732077180996197
2023-11-03,rp,NVDA,0.13576181304865895,0.1666666666815046
2023-11-03,rp,AMZN,0.18280921853674387,0.1666666666709814
2023-11-03,rp,TSLA,0.14421545822249662,0.16666666665333227
2023-11-03,rp,META,0.1532423495956204,0.1666666667201778
2023-11-03,rp,NFLX,0.15779149136650855,0.16666666659943605
2023-11-03,rp,GOOGL,0.22617966922997165,0.16666666667456778
2023-12-05,ew,NVDA,0.16666666666666666,0.19928373024438364
2023-12-05,ew,AMZN,0.16666666666666666,0.14479192432971252
2023-12-05,ew,TSLA,0.16666666666666666,0.19230295966207123
2023-12-05,ew,META,0.16666666666666666,0.17466320988723694
2023-12-05,ew,NFLX,0.16666666666666666,0.17310658607864285
2023-12-05,ew,GOOGL,0.16666666666666666,0.11585158979795288
2023-12-05,naive,NVDA,0.14181431851048462,0.1735428767760908
2023-12-05,naive,AMZN,0.19207612361586124,0.17707714371080294
2023-12-05,naive,TSLA,0.13275496449837923,0.15276380056196112
2023-12-05,naive,META,0.15190071974293493,0.16643887045082478
2023-12-05,naive,NFLX,0.14563684431429094,0.15363777873485723
2023-12-05,naive,GOOGL,0.23581702931804888,0.17653952976546314
2023-12-05,rp,NVDA,0.1374098052019412,0.16666666673209157
2023-12-05,rp,AMZN,0.1828959549975408,0.16666666669737115
2023-12-05,rp,TSLA,0.1438258255256051,0.16666666657822385
2023-12-05,rp,META,0.15332850381982216,0.16666666677402342
2023-12-05,rp,NFLX,0.15685860167334456,0.1666666665051765
2023-12-05,rp,GOOGL,0.2256813087817461,0.16666666671311345
2024-01-05,ew,NVDA,0.16666666666666666,0.1968552255755667
2024-01-05,ew,AMZN,0.16666666666666666,0.14587287142006017
2024-01-05,ew,TSLA,0.16666666666666666,0.18813227211579203
2024-01-05,ew,META,0.16666666666666666,0.17698725892066292
2024-01-05,ew,NFLX,0.16666666666666666,0.17523316024352217
2024-01-05,ew,GOOGL,0.16666666666666666,0.11691921172439591
2024-01-05,naive,NVDA,0.1438903249009474,0.1737492975262846
2024-01-05,naive,AMZN,0.19127503791956546,0.17703912908853656
2024-01-05,naive,TSLA,0.13536961314303955,0.15250079024386543
2024-01-05,naive,META,0.1513026790403625,0.1671398663895645
2024-01-05,naive,NFLX,0.14462318026378856,0.15366012263176757
2024-01-05,naive,GOOGL,0.23353916473229652,0.17591079411998142
2024-01-05,rp,NVDA,0.13919923995498532,0.1666666664890046
2024-01-05,rp,AMZN,0.18209174372696577,0.16666666641996972
2024-01-05,rp,TSLA,0.14677359631762546,0.16666666717730044
2024-01-05,rp,META,0.15207887665134054,0.1666666663479717
2024-01-05,rp,NFLX,0.155675169943019,0.16666666667643756
2024-01-05,rp,GOOGL,0.22418137340606384,0.16666666688931595
2024-02-06,ew,NVDA,0.16666666666666666,0.1973755941155443
2024-02-06,ew,AMZN,0.16666666666666666,0.14807722545806898
2024-02-06,ew,TSLA,0.16666666666666666,0.18478742990969033
2024-02-06,ew,META,0.16666666666666666,0.1845869632517785
2024-02-06,ew,NFLX,0.16666666666666666,0.16691004422988825
2024-02-06,ew,GOOGL,0.16666666666666666,0.11826274303502952
2024-02-06,naive,NVDA,0.14376614450881947,0.17371392462899607
2024-02-06,naive,AMZN,0.1896832992043344,0.17781474307943068
2024-02-06,naive,TSLA,0.13611713588897476,0.15047650485156738
2024-02-06,naive,META,0.14538297551224802,0.16622662711628397
2024-02-06,naive,NFLX,0.15162136299742898,0.1545526562012676
2024-02-06,naive,GOOGL,0.23342908188819436,0.1772155441224545
2024-02-06,rp,NVDA,0.13910479455434488,0.16666666637359165
2024-02-06,rp,AMZN,0.17992997258436402,0.16666666695194385
2024-02-06,rp,TSLA,0.14913503583481502,0.1666666666380042
2024-02-06,rp,META,0.14693859050123598,0.16666666680703018
2024-02-06,rp,NFLX,0.1623882139780413,0.16666666641028904
2024-02-06,rp,GOOGL,0.22250339254719875,0.16666666681914116
2024-03-07,ew,NVDA,0.16666666666666666,0.19989038745998391
2024-03-07,ew,AMZN,0.16666666666666666,0.14704628408150752
2024-03-07,ew,TSLA,0.16666666666666666,0.1869421019977014
2024-03-07,ew,META,0.16666666666666666,0.17752290503839888
2024-03-07,ew,NFLX,0.16666666666666666,0.16901994460189296
2024-03-07,ew,GOOGL,0.16666666666666666,0.1195783768205154
2024-03-07,naive,NVDA,0.14093251091037237,0.17165922068045755
2024-03-07,naive,AMZN,0.19325493680193767,0.1801027430222905
2024-03-07,naive,TSLA,0.13426901673480907,0.14909080117663295
2024-03-07,naive,META,0.15258250268572635,0.16885374143790294
2024-03-07,naive,NFLX,0.14966731378228007,0.15393045692258434
2024-03-07,naive,GOOGL,0.22929371908487448,0.17636303676013193
2024-03-07,rp,NVDA,0.13791771778201692,0.1666666665822104
2024-03-07,rp,AMZN,0.18123369367686737,0.1666666665751704
2024-03-07,rp,TSLA,0.14809603639422939,0.1666666666577957
2024-03-07,rp,META,0.15212479852833272,0.16666666669676777
2024-03-07,rp,NFLX,0.16083787761612034,0.16666666680128395
2024-03-07,rp,GOOGL,0.21978987600243324,0.16666666668677177
2024-04-08,ew,NVDA,0.16666666666666666,0.19905333776104778
2024-04-08,ew,AMZN,0.16666666666666666,0.1477211641045793
2024-04-08,ew,TSLA,0.16666666666666666,0.18578890575158818
2024-04-08,ew,META,0.16666666666666666,0.17826145477035216
2024-04-08,ew,NFLX,0.16666666666666666,0.1696055322635861
2024-04-08,ew,GOOGL,0.16666666666666666,0.11956960534884647
2024-04-08,naive,NVDA,0.14193744769512914,0.17193664229108133
2024-04-08,naive,AMZN,0.19408886143523343,0.18175980274242157
2024-04-08,naive,TSLA,0.13400158016474442,0.14729063649142393
2024-04-08,naive,META,0.15229648657909126,0.16906574627864263
2024-04-08,naive,NFLX,0.14955871682571006,0.1541444831056807
2024-04-08,naive,GOOGL,0.22811690730009168,0.17580268909074975
2024-04-08,rp,NVDA,0.1386858082233688,0.16666666635947844
2024-04-08,rp,AMZN,0.18054782925381624,0.166666666626403
2024-04-08,rp,TSLA,0.14911551928911862,0.16666666688154805
2024-04-08,rp,META,0.15174373692654278,0.16666666667989938
2024-04-08,rp,NFLX,0.1604864295101113,0.16666666676100217
2024-04-08,rp,GOOGL,0.21942067679704233,0.16666666669166907
