date,RP (sistema),RP naive,Pesos iguales (EW),Buy & Hold EW,NVDA (estrategia sola),AMZN (estrategia sola),TSLA (estrategia sola),META (estrategia sola),NFLX (estrategia sola),GOOGL (estrategia sola),anchored (por_activo),rolling por_activo (rebalanceo default),rolling compartido (rebalanceo default)
2016-07-01,1000000.0,1000000.0,1000000.0,1012864.1987260412,1000000.0,1000000.0,1000000.0,1000000.0,1000000.0,1000000.0,1000000.0,1000000.0,1000000.0
2016-07-05,1000000.0,1000000.0,1000000.0,1014769.5731003812,1000000.0,1000000.0,1000000.0,1000000.0,1000000.0,1000000.0,1000000.0,1000000.0,1000000.0
2016-07-06,1000000.0,1000000.0,1000000.0,1017223.5969756364,1000000.0,1000000.0,1000000.0,1000000.0,1000000.0,1000000.0,1000000.0,1000000.0,1000000.0
2016-07-07,1000000.0,1000000.0,1000000.0,1021842.107442718,1000000.0,1000000.0,1000000.0,1000000.0,1000000.0,1000000.0,1000000.0,1000000.0,1000000.0
2016-07-08,1000000.0,1000000.0,1000000.0,1039587.305065834,1000000.0,1000000.0,1000000.0,1000000.0,1000000.0,1000000.0,1000000.0,1000000.0,1000000.0
2016-07-11,1000000.0,1000000.0,1000000.0,1051017.1539610573,1000000.0,1000000.0,1000000.0,1000000.0,1000000.0,1000000.0,1000000.0,1000000.0,1000000.0
2016-07-12,1000000.0,1000000.0,1000000.0,1056015.73936131,1000000.0,1000000.0,1000000.0,1000000.0,1000000.0,1000000.0,1000000.0,1000000.0,1000000.0
2016-07-13,1000000.0,1000000.0,1000000.0,1051352.2047039585,1000000.0,1000000.0,1000000.0,1000000.0,1000000.0,1000000.0,1000000.0,1000000.0,1000000.0
2016-07-14,1000000.0,1000000.0,1000000.0,1057156.9122898905,1000000.0,1000000.0,1000000.0,1000000.0,1000000.0,1000000.0,1000000.0,1000000.0,1000000.0
2016-07-15,1000000.0,1000000.0,1000000.0,1052681.6694555986,1000000.0,1000000.0,1000000.0,1000000.0,1000000.0,1000000.0,1000000.0,1000000.0,1000000.0
2016-07-18,1000000.0,1000000.0,1000000.0,1067055.479828782,1000000.0,1000000.0,1000000.0,1000000.0,1000000.0,1000000.0,1000000.0,1000000.0,1000000.0
2016-07-19,999455.3509262356,999404.7033641164,999535.5989690232,1048245.8438613798,1000000.0,1000000.0,1000000.0,1000000.0,1000000.0,996019.4197344864,999454.5765544354,999454.5765544354,1000000.0
2016-07-20,999008.914870838,998916.752691441,999154.9403497792,1060983.3743567131,1000000.0,1000000.0,1000000.0,1000000.0,1000000.0,992756.6315695376,999007.5057646584,999007.5057646584,1000000.0
2016-07-21,999333.6935877396,999271.7329656968,999431.86649954,1044872.5011464184,1000000.0,1000000.0,1000000.0,1000000.0,1000000.0,995130.2842817716,999332.7462458257,999332.7462458257,1000000.0
2016-07-22,998741.2874642812,998624.238295534,998926.7448941928,1053107.3913723915,1000000.0,1000000.0,1000000.0,1000000.0,1000000.0,990800.670521652,998739.4978504932,998739.4978504932,1000000.0
2016-07-25,998955.370651392,998858.2293316436,999109.2852813852,1065339.5868057222,1000000.0,1000000.0,1000000.0,1000000.0,1000000.0,992365.3024118738,998953.8854170493,998953.8854170493,1000000.0
2016-07-26,998939.5556658407,998840.9436918646,999095.8004597845,1073389.3069123754,1000000.0,1000000.0,1000000.0,1000000.0,1000000.0,992249.7182267233,998938.0479460495,998938.0479460495,1000000.0
2016-07-27,998414.0727898894,998266.5955412176,998647.7416984508,1076000.610959846,1000000.0,1000000.0,1000000.0,1000000.0,1000000.0,988409.2145581509,998411.8179484373,998411.8179484373,1000000.0
2016-07-28,997943.3052667924,997752.0507888584,998246.3365853102,1084488.5275240007,1000000.0,1000000.0,1000000.0,1000000.0,1000000.0,984968.5993026592,997940.3810969385,997940.3810969385,1000000.0
2016-07-29,993945.1824793124,993382.1378304356,994837.293159159,1096352.5322197466,1000000.0,1000000.0,1000000.0,1000000.0,1000000.0,955748.227078506,993936.5738537447,993936.5738537447,1000000.0
2016-08-01,993945.1824793124,993382.1378304356,994837.293159159,1101520.013143541,1000000.0,1000000.0,1000000.0,1000000.0,1000000.0,955748.227078506,993936.5738537447,993936.5738537447,1000000.0
2016-08-02,993945.1824793124,993382.1378304356,994837.293159159,1091741.465522518,1000000.0,1000000.0,1000000.0,1000000.0,1000000.0,955748.227078506,993936.5738537447,993936.5738537447,1000000.0
2016-08-03,993945.1824793124,993382.1378304356,994837.293159159,1087823.8270154165,1000000.0,1000000.0,1000000.0,1000000.0,1000000.0,955748.227078506,993936.5738537447,993936.5738537447,1000000.0
2016-08-04,993945.1824793124,993382.1378304356,994837.293159159,1099739.6841556623,1000000.0,1000000.0,1000000.0,1000000.0,1000000.0,955748.227078506,993936.5738537447,993936.5738537447,1000000.0
2016-08-05,993945.1824793124,993382.1378304356,994837.293159159,1113661.181166553,1000000.0,1000000.0,1000000.0,1000000.0,1000000.0,955748.227078506,993936.5738537447,993936.5738537447,1000000.0
2016-08-08,993945.1824793124,993382.1378304356,994837.293159159,1108988.3385599568,1000000.0,1000000.0,1000000.0,1000000.0,1000000.0,955748.227078506,993936.5738537447,993936.5738537447,1000000.0
2016-08-09,993945.1824793124,993382.1378304356,994837.293159159,1110563.657070186,1000000.0,1000000.0,1000000.0,1000000.0,1000000.0,955748.227078506,993936.5738537447,993936.5738537447,1000000.0
2016-08-10,993945.1824793124,993382.1378304356,994837.293159159,1106369.7101728558,1000000.0,1000000.0,1000000.0,1000000.0,1000000.0,955748.227078506,993936.5738537447,993936.5738537447,1000000.0
2016-08-11,993945.1824793124,993382.1378304356,994837.293159159,1114026.251220109,1000000.0,1000000.0,1000000.0,1000000.0,1000000.0,955748.227078506,993936.5738537447,993936.5738537447,1000000.0
2016-08-12,993945.1824793124,993382.1378304356,994837.293159159,1127716.1179147598,1000000.0,1000000.0,1000000.0,1000000.0,1000000.0,955748.227078506,993936.5738537447,993936.5738537447,1000000.0
2016-08-15,993945.1824793124,993382.1378304356,994837.293159159,1122613.2546848888,1000000.0,1000000.0,1000000.0,1000000.0,1000000.0,955748.227078506,993936.5738537447,993936.5738537447,1000000.0
2016-08-16,993945.1824793124,993382.1378304356,994837.293159159,1116295.1787458784,1000000.0,1000000.0,1000000.0,1000000.0,1000000.0,955748.227078506,993936.5738537447,993936.5738537447,1000000.0
2016-08-17,993945.1824793124,993382.1378304356,994837.293159159,1115718.9239366062,1000000.0,1000000.0,1000000.0,1000000.0,1000000.0,955748.227078506,993936.5738537447,993936.5738537447,1000000.0
2016-08-18,993945.1824793124,993382.1378304356,994837.293159159,1117611.3193671838,1000000.0,1000000.0,1000000.0,1000000.0,1000000.0,955748.227078506,993936.5738537447,993936.5738537447,1000000.0
2016-08-19,993945.1824793124,993382.1378304356,994837.293159159,1115974.8992397855,1000000.0,1000000.0,1000000.0,1000000.0,1000000.0,955748.227078506,993936.5738537447,993936.5738537447,1000000.0
2016-08-22,994046.6679778805,993489.3246083072,994942.8216217414,1114886.4469096982,1000000.0,1000909.2237348736,1000000.0,1000000.0,1000000.0,955748.227078506,994038.0833703704,994038.0833703704,1000000.0
2016-08-23,994338.425895524,993797.472979769,995246.2025473864,1120346.498061439,1000000.0,1003523.12648257,1000000.0,1000000.0,1000000.0,955748.227078506,994329.9103368786,994329.9103368786,1000000.0
2016-08-24,993827.6078382723,993257.9580499716,994715.0345972691,1110552.147089107,1000000.0,998946.6312353892,1000000.0,1000000.0,1000000.0,955748.227078506,993818.9713869116,993818.9713869116,1000000.0
2016-08-25,993826.661990769,993250.127826984,994751.1958441322,1112010.661292181,1000000.0,1000680.392257976,1000000.0,1000000.0,1000000.0,954388.621343801,993818.1527598393,993818.1527598393,1000000.0
2016-08-26,994247.2751208378,993795.4802294167,995092.0253813307,1117749.0470073489,1000000.0,1009287.692196954,992714.3174235988,1000000.0,1000000.0,955933.289124886,994999.9487434605,994238.9073001995,999204.2321012954
2016-08-29,993269.7818919044,992957.7683487854,993911.2297166376,1116695.9177493325,1000000.0,1011303.0609701596,978339.0096469264,1000000.0,1000000.0,958024.9634915309,995523.9996990501,993261.354958781,997945.5292268677
2016-08-30,991246.5093845602,990953.4940389832,991806.6709822164,1109755.731270719,1000000.0,1008037.9822650232,966754.6611456244,1000000.0,1000000.0,954887.4829229064,993331.3626012831,991238.1944971924,995049.314398654
2016-08-31,991373.5762399614,991053.5690890222,991999.2919187996,1109548.4469323887,1000000.0,1009428.4960722636,968765.4311745514,1000000.0,1000000.0,953222.2357562868,993309.4058966897,991365.3960034254,993689.8091680903
2016-09-01,990140.5425681812,989948.2372640788,990572.0613705054,1107583.5439696624,1000000.0,1010713.3901866748,953881.15283058,1000000.0,1000000.0,954469.0489092808,989861.9957047614,990132.3349754716,990209.9742730141
2016-09-02,990948.7502712442,990823.9591158404,991292.2410934787,1105166.68244091,1000000.0,1012315.2105249588,953881.15283058,1000000.0,1000000.0,958869.6388171256,990306.5799100185,990940.3214583558,990842.9676954299
2016-09-06,993845.7503363064,993928.7784261588,994059.5794940136,1127236.1642471503,1000000.0,1026775.0366345228,953881.15283058,1000000.0,1000000.0,967839.9767636012,991589.0696639628,993837.1662962863,992133.286728986
2016-09-07,993411.0373750952,993469.5223158624,993608.2104023052,1122265.4079718618,1000000.0,1022911.4239548956,953881.15283058,1000000.0,1000000.0,967815.7493536609,991585.6058697113,993402.3527247519,992599.2002531163
2016-09-08,992777.1960067658,992779.256272016,993062.3079660286,1118801.469074126,1000000.0,1022541.7886026883,953881.15283058,1000000.0,1000000.0,963672.6763657964,990993.2704762752,992768.7497043379,991716.504166358
2016-09-09,988775.0637501194,988494.24518597,989216.3636241886,1086239.8033803636,1000000.0,1001490.098472738,953881.15283058,1000000.0,1000000.0,952119.9195853412,989341.572146831,988766.7531949375,991831.4272775674
2016-09-12,993919.3280268284,993409.0078597742,993934.0608688308,1105580.8184355276,1022096.419697014,1011479.116173336,953881.15283058,1000000.0,1000000.0,960438.5340081514,993372.802925567,993910.7596512828,993968.4150819367
2016-09-13,990938.4874447752,990490.5484211632,991144.7499608528,1088464.6655889363,1012107.1977598374,1002255.7573140126,953881.15283058,1000000.0,1000000.0,955770.388831842,991420.6400469597,990929.9656150963,993317.4975954576
2016-09-14,991719.4575959436,991162.8415101552,991846.7711352304,1093503.5726282843,1018123.3678854016,1002326.1928243604,953881.15283058,1000000.0,1000000.0,955770.388831842,992194.4062163747,991710.9312227203,993583.9541147451
2016-09-15,995904.7122350184,994924.0757846328,995723.2050864196,1110872.411199436,1044118.0370436128,1009894.9550716792,953881.15283058,1000000.0,1000000.0,955770.388831842,995537.6952457677,995896.3581271106,997593.5276834259
2016-09-16,996990.912311796,996028.1222078644,996821.527809112,1121507.3971017858,1045820.7183760112,1017666.0935136484,953881.15283058,1000000.0,1000000.0,955770.388831842,995756.6846002586,996982.7616738179,997475.1181225526
2016-09-19,998221.6079559862,997018.8231703202,997878.2205849967,1120724.207379514,1058012.0618357824,1014656.2344222704,953881.15283058,1000000.0,1000000.0,955770.388831842,996968.4507611091,998213.3648319632,1000186.5360373236
2016-09-20,998724.5641607472,997550.0345823888,998401.2134833272,1119825.3464460203,1058012.0618357824,1019162.2941591034,953881.15283058,1000000.0,1000000.0,955770.388831842,996121.6715871776,998716.4400688149,1000581.3978518746
2016-09-21,999659.7423817028,998537.7494939198,999373.6471934656,1126046.1131709614,1058012.0618357824,1027540.6954757976,953881.15283058,1000000.0,1000000.0,955770.388831842,998705.7658337933,999651.8396136501,1002205.1546432936
2016-09-22,1000007.2128785864,998904.7402807008,999734.9601676952,1135512.1754120558,1058012.0618357824,1030653.7355395696,953881.15283058,1000000.0,1000000.0,955770.388831842,998939.3691398295,999999.3923446112,1002654.6863543615
2016-09-23,1000007.2128785864,998904.7402807008,999734.9601676952,1133198.6433866706,1058012.0618357824,1030653.7355395696,953881.15283058,1000000.0,1000000.0,955770.388831842,998837.1637029786,999999.3923446112,1002720.2647011562
2016-09-26,1000007.2128785864,998904.7402807008,999734.9601676952,1124465.427838101,1058012.0618357824,1030653.7355395696,953881.15283058,1000000.0,1000000.0,955770.388831842,997946.6136159236,999999.3923446112,1001897.5333402889
2016-09-27,1000007.2128785864,998904.7402807008,999734.9601676952,1141995.786281498,1058012.0618357824,1030653.7355395696,953881.15283058,1000000.0,1000000.0,955770.388831842,1001158.5189644337,999999.3923446112,1003393.9522972517
2016-09-28,1000007.2128785864,998904.7402807008,999734.9601676952,1147496.7745966362,1058012.0618357824,1030653.7355395696,953881.15283058,1000000.0,1000000.0,955770.388831842,1001508.8636232025,999999.3923446112,1003638.3899845589
2016-09-29,1000007.2128785864,998904.7402807008,999734.9601676952,1140454.5707160695,1058012.0618357824,1030653.7355395696,953881.15283058,1000000.0,1000000.0,955770.388831842,1001705.0199412848,999999.3923446112,1003155.4788622237
2016-09-30,1000007.2128785864,998904.7402807008,999734.9601676952,1152947.3744192384,1058012.0618357824,1030653.7355395696,953881.15283058,1000000.0,1000000.0,955770.388831842,1001705.0199412848,999999.3923446112,1004276.3034382898
2016-10-03,1000007.2128785864,998904.7402807008,999734.9601676952,1167382.9095624706,1058012.0618357824,1030653.7355395696,953881.15283058,1000000.0,1000000.0,955770.388831842,1001705.0199412848,999999.3923446112,1006708.7347498377
2016-10-04,1000475.3655141448,999338.4205852178,1000254.4229825924,1163585.1679426625,1058012.0618357824,1030653.7355395696,958129.4712789904,1000000.0,1000000.0,955770.388831842,1002175.3450758129,1000468.9166450488,1007008.6766078434
2016-10-05,1001445.4556489576,1000237.0783158804,1001330.8363440876,1170294.014426815,1058012.0618357824,1030653.7355395696,966932.693782335,1000000.0,1000000.0,955770.388831842,1003149.9369898717,1001441.8490976582,1009678.4183041977
2016-10-06,1003898.6330545624,1002509.6164658112,1004052.8854019514,1159178.859705091,1058012.0618357824,1030653.7355395696,989194.4051086572,1000000.0,1000000.0,955770.388831842,1005614.4985573546,1003902.2141959815,1012156.1122805316
2016-10-07,1005342.2571979132,1003846.9396175856,1005654.7327572788,1152735.3126914403,1058012.0618357824,1030653.7355395696,1002294.7801037784,1000000.0,1000000.0,955770.388831842,1007064.8219516039,1005350.068089174,1013614.1637185962
2016-10-10,1003915.0740642664,1002524.846844866,1004071.1283691633,1160049.631191536,1058012.0618357824,1030653.7355395696,989343.6014167224,1000000.0,1000000.0,955770.388831842,1005631.0158628518,1003918.7033770593,1012172.717598441
2016-10-11,1004194.5900458418,1002783.7807198452,1004381.2796906969,1145548.489216917,1058012.0618357824,1030653.7355395696,991880.10940783,1000000.0,1000000.0,955770.388831842,1005911.8289602306,1004199.0383271205,1012455.0270075591
2016-10-12,1003730.9206431264,1002354.2535261662,1003866.7914771911,1147331.456170952,1058012.0618357824,1030653.7355395696,987672.4747008926,1000000.0,1000000.0,955770.388831842,1005446.0078633383,1003734.0103951842,1011986.7237843623
2016-10-13,1004148.5552186704,1002741.135658492,1004330.1993825036,1139008.021331673,1058012.0618357824,1030653.7355395696,991462.3597452476,1000000.0,1000000.0,955770.388831842,1005865.5805048384,1004152.8686201025,1012408.5321174123
2016-10-14,1005375.1392173212,1003877.4003756952,1005691.2186917024,1139195.429200502,1058012.0618357824,1030653.7355395696,1002593.1727199084,1000000.0,1000000.0,955770.388831842,1007097.8565625983,1005383.0464513297,1013327.1632799675
2016-10-17,1005335.2707394828,1003724.3105559596,1005709.9759809084,1130564.8699801962,1058012.0618357824,1022643.6106231742,1010202.7393817318,1000000.0,1000000.0,955770.388831842,1007060.3747274706,1005345.6284374378,1013672.6777031245
2016-10-18,1004076.1157432402,1002614.8790229978,1004281.899901944,1177607.4088183152,1058012.0618357824,1026574.7001328378,994864.2917001334,1000000.0,1000000.0,955770.388831842,1005794.1144451618,1004081.5242474307,1012592.8073994508
2016-10-19,1002613.1316756742,1001260.1063995505,1002658.3077785928,1189623.2061830554,1058012.0618357824,1026608.1377489514,981554.9564967208,1000000.0,1000000.0,955770.388831842,1004324.3305502856,1002614.242989481,1011980.8151656319
2016-10-20,1002875.5711393072,1001343.9836017912,1003035.8702274484,1190009.0783846,1058012.0618357824,1015627.2035930394,994864.2917001334,1000000.0,1000000.0,955770.388831842,1004591.5133204317,1002880.9708210005,1014335.6756157697
2016-10-21,1002550.0156264092,1001042.4003076964,1002674.6333779886,1203005.21234799,1058012.0618357824,1015627.2035930394,991909.9913579432,1000000.0,1000000.0,955770.388831842,1004264.4470416792,1002554.461445987,1015977.4435151098
2016-10-24,1001671.9998500904,1000229.0370575024,1001700.3858526133,1225124.6289225747,1058012.0618357824,1015627.2035930394,983942.3108682636,1000000.0,1000000.0,955770.388831842,1003382.3567643864,1001673.8731253478,1021892.3915159348
2016-10-25,1001810.1137399076,1000356.9809570868,1001853.6372166588,1223670.9418720277,1058012.0618357824,1015627.2035930394,985195.6452330108,1000000.0,1000000.0,955770.388831842,1003521.111582526,1001812.3916822706,1022613.9233323645
2016-10-26,1001842.995759316,1000387.441715196,1001890.1231510824,1219164.364504723,1058012.0618357824,1015627.2035930394,985494.037849141,1000000.0,1000000.0,955770.388831842,1003554.1461935204,1001845.3700444263,1020994.7831349451
2016-10-27,1001260.941678428,999848.2470767986,1001244.2751341854,1210367.415625575,1058012.0618357824,1015627.2035930394,980212.1043471342,1000000.0,1000000.0,955770.388831842,1002969.3910450852,1001261.6105728606,1017136.0859762331
2016-10-28,1002589.4740496988,1001078.9532174276,1002718.416499297,1199950.5082935155,1058012.0618357824,1015627.2035930394,992268.0624972996,1000000.0,1000000.0,955770.388831842,1004304.0885748725,1002594.0354805738,1015904.2159208923
2016-10-31,1004079.2502768572,1002555.9065493,1004315.2816673052,1197718.323905004,1058012.0618357824,1022401.05735795,998952.5266721188,1000000.0,1000000.0,955770.388831842,1005798.5693240449,1004085.9715408831,1017999.0517682156
2016-11-01,1005936.351032044,1004221.5838275204,1006407.6378398492,1177597.8160532697,1058012.0618357824,1018577.9559265648,1019662.5110175632,1000000.0,1000000.0,955770.388831842,1007665.5347844939,1005949.7580736557,1014805.7663695238
2016-11-02,1002694.118752638,1000605.7120883568,1003560.5575669648,1160614.4151907673,1058012.0618357824,1001369.733443043,1027928.5414348732,1000000.0,1000000.0,940488.9573148756,1004422.9906777154,1002712.735125903,1008796.8247175941
2016-11-03,1000435.4485262044,998125.2035475522,1001647.406071942,1145345.099197125,1058012.0618357824,1002644.1226335684,1029719.025197155,985689.4042865282,1000000.0,935568.503222255,1002161.8620711381,1000455.4565982154,1005350.3239488518
2016-11-04,998342.5876550352,996026.260256414,999524.9746763514,1144352.588508105,1058012.0618357824,995590.5765229831,1020348.8140346628,994007.9225102264,1000000.0,926206.021757084,1000071.6131794371,998368.766824341,1004561.6031005601
2016-11-07,1000193.8339931036,998121.8585715628,1001166.0056217446,1178074.6205576072,1058012.0618357824,1006192.2814298008,1012440.8547567092,1005532.5267042468,1000000.0,926206.021757084,1001934.1079765831,1000228.0903061182,1017686.4521361871
2016-11-08,1002145.971175556,1000303.2026541616,1002837.5119030136,1184679.3702555676,1058012.0618357824,1008617.9533657116,1007278.2783011548,1022572.6556345944,1000000.0,926206.021757084,1003903.5910896033,1002194.2199321517,1021872.0243598489
2016-11-09,1001072.3294869496,998943.0656425552,1002003.7487669076,1165983.6969322031,1058012.0618357824,994967.3718365948,1021840.9051808146,1014011.4087707144,1000000.0,926206.021757084,1002824.8919917161,1001117.357561558,1016431.1613355741
2016-11-10,993386.9596580736,990485.4114369592,995135.0792898794,1126218.3516568278,1058012.0618357824,976019.7999655108,1035896.2219245528,960267.144896959,1000000.0,926206.021757084,995081.4360877655,993387.0866290515,997154.6432369167
2016-11-11,992091.9987302892,989246.5832674264,993785.0403522792,1194353.2567871097,1058012.0618357824,978107.3092546226,1026317.0932422692,956735.4556973842,1000000.0,926206.021757084,993785.838440727,992093.6950277621,1011351.7377834102
2016-11-14,990510.8530723696,987192.4207872752,992672.1866504208,1155968.4093380007,1058012.0618357824,960472.336736096,1051062.288255559,939869.2027679964,1000000.0,926206.021757084,992218.1834374331,990528.7093089208,1003265.0929926973
2016-11-15,992961.620571596,989774.1280827826,995215.9250856424,1181184.4763593078,1058012.0618357824,981848.2920496572,1051062.288255559,939869.2027679964,1000000.0,926206.021757084,994684.0641429182,992990.3912991177,1006049.8962299856
2016-11-16,994339.4960850328,991106.2363871746,996988.8140991104,1204161.10379383,1058012.0618357824,984722.6337354548,1051062.288255559,939869.2027679964,1012327.6992307848,926206.021757084,996055.8684181686,994359.8597697325,1007502.4739554503
2016-11-17,995264.0387092328,992089.320135606,997922.1762689224,1216283.447620584,1058012.0618357824,993487.0176470872,1051062.288255559,939869.2027679964,1011383.424285297,926206.021757084,996987.2283350197,995289.6338373115,1010310.0218536725
2016-11-18,995735.6279159004,992575.817852424,998441.1902782988,1214464.216887724,1058012.0618357824,996812.3581785824,1051062.288255559,939869.2027679964,1012445.7265634836,926206.021757084,997460.4703300296,995762.070031621,1008978.0905474939
2016-11-21,999127.5164301508,995991.7540188836,1002412.9867665024,1231135.6901338403,1058012.0618357824,1014358.87176732,1051062.288255559,939869.2027679964,1028675.6386294625,926206.021757084,1000854.0960414795,999149.9173337079,1017828.645410022
2016-11-22,999708.1123199256,996598.7974638623,1003028.735288898,1239882.5025788995,1058012.0618357824,1019072.7003668532,1051062.288255559,939869.2027679964,1029147.8042441548,926206.021757084,1001437.7143256632,999732.5418767886,1018241.7711133012
2016-11-23,999004.1800798252,995877.2594363664,1002240.669307708,1238959.6294353444,1058012.0618357824,1014465.008988188,1051062.288255559,939869.2027679964,1027082.1852121826,926206.021757084,1000731.882168009,999027.9115567841,1016207.1840524543
2016-11-25,998889.0050134836,995771.9339548337,1002075.1812137256,1241660.029482253,1058012.0618357824,1014686.122575464,1051062.288255559,939869.2027679964,1025429.689986605,926206.021757084,1000617.9496793591,998914.1730637643,1015888.3566913239
2016-11-28,997269.0997052809,994092.914532396,1000315.0623764588,1238412.8689591498,1058012.0618357824,1002658.272151113,1051062.288255559,939869.2027679964,1022596.8088662449,926206.021757084,998991.4026100034,997290.3955558201,1014845.6453926624
2016-11-29,997129.252413274,993912.4455834434,1000265.0805807554,1231613.498400848,1058012.0618357824,998899.5435906056,1051062.288255559,939869.2027679964,1026019.8829339962,926206.021757084,998846.6477124393,997145.8871359547,1017507.7379909046
2016-11-30,995661.5955207564,992395.523697659,998658.062771056,1217285.963405238,1058012.0618357824,988330.9618730028,1051062.288255559,939869.2027679964,1023009.9326726391,926206.021757084,997373.4971835419,995675.2449764336,1017570.7255510007
2016-12-01,995070.34153842,991760.1060009518,998080.478689964,1186136.5552789208,1058012.0618357824,982210.8994399592,1051062.288255559,939869.2027679964,1024308.3459001204,926206.021757084,996777.0627058642,995079.8260623045,1019354.8664179774
2016-12-02,996536.4673699198,993099.3796398262,1000191.2908449032,1194689.5938300176,1058012.0618357824,979283.5228809242,1051062.288255559,939869.2027679964,1045495.7999267296,926206.021757084,998227.1915299442,996527.4857166271,1019164.769442093
2016-12-05,997636.9380790696,994352.9511509546,1001062.766957702,1218977.1499396516,1058012.0618357824,996104.8216890576,1051062.288255559,939869.2027679964,1035757.8414303628,926206.021757084,999345.9563367581,997644.3455752869,1019155.0900989663
2016-12-06,1000398.5135680728,997009.4756609076,1004654.2887651552,1233671.1873121168,1058012.0618357824,1000845.2351996028,1051062.288255559,939869.2027679964,1061841.1005056198,926206.021757084,1002093.7378978984,1000387.448421669,1020060.9447335429
2016-12-07,1000976.4766762533,997618.318226918,1005254.1771563973,1252869.7807182153,1058012.0618357824,1005886.3146072798,1051062.288255559,939869.2027679964,1061841.1005056198,926206.021757084,1002675.2651449321,1000967.9854880595,1017944.9609694605
2016-12-08,1000663.1615841727,997288.2633117652,1004928.9763193894,1244283.693756389,1058012.0618357824,1003153.5341989018,1051062.288255559,939869.2027679964,1061841.1005056198,926206.021757084,1002360.0179252173,1000653.2750474834,1017944.3472278275
2016-12-09,1000798.015259024,997430.3219592292,1005068.9457273232,1242435.7085595657,1058012.0618357824,1004329.7478252036,1051062.288255559,939869.2027679964,1061841.1005056198,926206.021757084,1002495.7032054343,1000788.7292930606,1018519.5314489967
2016-12-12,999932.0878786624,996518.12974354,1004170.1690134032,1229451.5860865624,1058012.0618357824,996777.0015964244,1051062.288255559,939869.2027679964,1061841.1005056198,926206.021757084,1001624.4358900897,999918.9455058482,1017637.1096683877
2016-12-13,1001373.95153937,998037.0294078902,1005666.730402131,1250138.3408655312,1058012.0618357824,1009353.1489418014,1051062.288255559,939869.2027679964,1061841.1005056198,926206.021757084,1003075.1911257459,1001367.2305051406,1019106.4383069461
2016-12-14,1000743.1424082526,997380.6205510864,1005007.6635875612,1268016.7605990786,1058012.0618357824,1004471.309102623,1050362.6778978086,939869.2027679964,1061841.1005056198,926206.021757084,1002440.7161043397,1000733.8358198457,1019409.9323729594
2016-12-15,1000347.960092222,996918.9953163932,1004621.6987120064,1276109.1219876749,1058012.0618357824,997555.251250266,1054276.2829063018,939869.2027679964,1061841.1005056198,926206.021757084,1002041.8429996487,1000335.6418861295,1019409.9323729594
2016-12-16,998261.0481380264,994921.0925143328,1002348.5333083024,1281639.0493582906,1058012.0618357824,994698.6553299406,1036964.8285408769,939869.2027679964,1061841.1005056198,926206.021757084,999947.607736696,998244.9725286954,1019409.9323729594
2016-12-19,999009.5461025164,995719.3819962428,1003120.1916160206,1289965.786057357,1058012.0618357824,1001977.2530982066,1036118.6586687524,939869.2027679964,1061841.1005056198,926206.021757084,1000700.9925703148,998997.074555562,1019409.9323729594
2016-12-20,997367.3603206556,994236.9286724934,1001283.542088324,1308557.9637106033,1058012.0618357824,1006593.8510968048,1014752.5793888645,939869.2027679964,1061841.1005056198,926206.021757084,999055.5249704283,997354.4087335363,1019409.9323729594
2016-12-21,996160.7961301954,993096.2402837436,999961.5957111714,1311528.6841153717,1058012.0618357824,1006045.4867013852,1003499.3175549378,939869.2027679964,1061841.1005056198,926206.021757084,998420.7579026252,996146.0701989102,1019580.1186506288
2016-12-22,995811.9738187488,992728.7810667504,999599.5406729152,1311121.2402286609,1058012.0618357824,1003003.0070927688,1003499.3175549378,939869.2027679964,1061841.1005056198,926206.021757084,998069.7845003298,995795.6944075967,1019319.3279583475
2016-12-23,995811.9738187488,992728.7810667504,999599.5406729152,1322658.361246392,1058012.0618357824,1003003.0070927688,1003499.3175549378,939869.2027679964,1061841.1005056198,926206.021757084,998069.7845003298,995795.6944075967,1017618.9455846794
2016-12-27,995811.9738187488,992728.7810667504,999599.5406729152,1363519.560598632,1058012.0618357824,1003003.0070927688,1003499.3175549378,939869.2027679964,1061841.1005056198,926206.021757084,998069.7845003298,995795.6944075967,1016800.36974307
2016-12-28,995811.9738187488,992728.7810667504,999599.5406729152,1327863.838028333,1058012.0618357824,1003003.0070927688,1003499.3175549378,939869.2027679964,1061841.1005056198,926206.021757084,998069.7845003298,995795.6944075967,1017292.8665855564
2016-12-29,995811.9738187488,992728.7810667504,999599.5406729152,1327735.1809279034,1058012.0618357824,1003003.0070927688,1003499.3175549378,939869.2027679964,1061841.1005056198,926206.021757084,998069.7845003298,995795.6944075967,1018939.8351999748
2016-12-30,995811.9738187488,992728.7810667504,999599.5406729152,1299596.8117655057,1058012.0618357824,1003003.0070927688,1003499.3175549378,939869.2027679964,1061841.1005056198,926206.021757084,998069.7845003298,995795.6944075967,1019816.4200551442
2017-01-03,995811.9738187488,992728.7810667504,999599.5406729152,1299022.5578414607,1058012.0618357824,1003003.0070927688,1003499.3175549378,939869.2027679964,1061841.1005056198,926206.021757084,998069.7845003298,995795.6944075967,1020055.2556752053
2017-01-04,995811.9738187488,992728.7810667504,999599.5406729152,1322389.5930885822,1058012.0618357824,1003003.0070927688,1003499.3175549378,939869.2027679964,1061841.1005056198,926206.021757084,998069.7845003298,995795.6944075967,1020388.8467619034
2017-01-05,995811.9738187488,992728.7810667504,999599.5406729152,1326459.3944449686,1058012.0618357824,1003003.0070927688,1003499.3175549378,939869.2027679964,1061841.1005056198,926206.021757084,998069.7845003298,995795.6944075967,1023324.0780122367
2017-01-06,994381.6333803092,991211.282633331,998147.8840315558,1342324.145948245,1058012.0618357824,990517.87036146,1003499.3175549378,939869.2027679964,1061841.1005056198,926206.021757084,996171.4087007244,994364.9086285483,1020721.4209106105
2017-01-09,993213.7154230193,989957.63934622,997110.327124938,1361732.7400155684,1058012.0618357824,989722.996681076,1003499.3175549378,932239.508942166,1061841.1005056198,926206.021757084,995075.5776582535,993194.622347394,1019371.6850173833
2017-01-10,993707.2779457184,990486.5994177472,997557.2236735312,1354528.608794644,1058012.0618357824,990594.8146553772,1003499.3175549378,935028.8261169498,1061841.1005056198,926206.021757084,995480.0797721292,993689.0714306108,1019571.1573852492
2017-01-11,992062.1864524116,988723.1539902372,996071.4348909676,1354973.4142170516,1058012.0618357824,987928.1732149096,1003499.3175549378,925537.5942978034,1061841.1005056198,926206.021757084,994200.3970070323,992040.9739281033,1017997.1332975007
2017-01-12,989810.171854406,986323.0768620464,993898.897163716,1350490.0949143071,1058012.0618357824,975432.7459178688,1003499.3175549378,919804.9513851646,1061841.1005056198,926206.021757084,993858.6823049883,989788.5312012283,1016171.6016299985
2017-01-13,988365.0476976518,984775.3349456764,992584.1155258644,1368615.7098872606,1058012.0618357824,972441.373474258,1003499.3175549378,912102.5389351026,1061841.1005056198,926206.021757084,992807.8663232604,988343.3239622079,1014569.2900612965
2017-01-17,989101.8144981042,985557.132351122,993330.4627648524,1353927.3188697775,1058012.0618357824,978783.0830547129,1003499.3175549378,912173.262772517,1061841.1005056198,926206.021757084,993297.142146745,989080.3269857821,1014569.2900612965
2017-01-18,989269.6558067704,985734.5191039846,993507.843268264,1363315.3315709303,1058012.0618357824,980697.5614186232,1003499.3175549378,911817.606899938,1061841.1005056198,926206.021757084,993245.1000578762,989248.1862123723,1014569.2900612965
2017-01-19,989304.853424298,985776.909161006,993491.4754003388,1383319.8307022764,1058012.0618357824,977678.4081724868,1003499.3175549378,914449.9535623936,1061841.1005056198,926206.021757084,993630.2836848114,989283.6489520313,1014569.2900612965
2017-01-20,989830.1495474252,986341.172145701,993952.7973656928,1380316.4885328102,1058012.0618357824,977678.4081724868,1003499.3175549378,918078.4654716508,1061841.1005056198,926206.021757084,994161.2332734503,989809.4589744775,1014569.2900612965
2017-01-23,987883.4923816682,984250.1104870146,992243.2174353662,1394247.892093483,1058012.0618357824,977678.4081724868,1003499.3175549378,904631.8238571326,1061841.1005056198,926206.021757084,992193.6253359962,987860.8973861531,1014569.2900612965
2017-01-24,987430.2952597488,983763.2948616736,991845.2137613016,1414514.3344285595,1058012.0618357824,977678.4081724868,1003499.3175549378,901501.3397706796,1061841.1005056198,926206.021757084,991735.5507093973,987407.2568996589,1014569.2900612965
2017-01-25,986131.9137312076,982368.5984146376,990704.9580233392,1423459.7568394844,1058012.0618357824,977678.4081724868,1003499.3175549378,892532.6978339717,1061841.1005056198,926206.021757084,989538.8934304261,986107.6051592246,1014569.2900612965
2017-01-26,986131.9137312076,982368.5984146376,990704.9580233392,1429698.7258444233,1058012.0618357824,977678.4081724868,1003499.3175549378,892532.6978339717,1061841.1005056198,926206.021757084,987865.1130859634,986107.6051592246,1014569.2900612965
2017-01-27,986131.9137312076,982368.5984146376,990704.9580233392,1439262.8957830702,1058012.0618357824,977678.4081724868,1003499.3175549378,892532.6978339717,1061841.1005056198,926206.021757084,987865.1130859634,986107.6051592246,1014569.2900612965
2017-01-30,986131.9137312076,982368.5984146376,990704.9580233392,1420977.651000291,1058012.0618357824,977678.4081724868,1003499.3175549378,892532.6978339717,1061841.1005056198,926206.021757084,987865.1130859634,986107.6051592246,1014569.2900612965
2017-01-31,986131.9137312076,982368.5984146376,990704.9580233392,1414710.318147344,1058012.0618357824,977678.4081724868,1003499.3175549378,892532.6978339717,1061841.1005056198,926206.021757084,987865.1130859634,986107.6051592246,1014569.2900612965
2017-02-01,986131.9137312076,982368.5984146376,990704.9580233392,1434833.043108444,1058012.0618357824,977678.4081724868,1003499.3175549378,892532.6978339717,1061841.1005056198,926206.021757084,987865.1130859634,986107.6051592246,1014569.2900612965
2017-02-02,986392.348158944,982649.5607635176,990916.855401363,1438067.1428601283,1058012.0618357824,977678.4081724868,1003499.3175549378,892532.6978339717,1061841.1005056198,927904.038847388,988125.4050568233,986367.434045402,1014569.2900612965
2017-02-03,986609.6517538708,982883.9926279276,991093.6602209116,1429862.99148102,1058012.0618357824,977678.4081724868,1003499.3175549378,892532.6978339717,1061841.1005056198,929320.8454546316,988342.5897873141,986584.2323831755,1014569.2900612965
2017-02-06,986782.7965375386,983070.7850022631,991234.5360874268,1448124.2722113263,1058012.0618357824,977678.4081724868,1003499.3175549378,892532.6978339717,1061841.1005056198,930449.739220024,988515.6398612875,986756.9745842696,1014569.2900612965
2017-02-07,987667.0825504364,984024.7720669731,991954.0181051646,1462304.9203430878,1058012.0618357824,977678.4081724868,1003499.3175549378,892532.6978339717,1061841.1005056198,936215.2318074245,989399.4421723014,987639.2045251827,1014783.9443648185
2017-02-08,987742.619714406,984106.2632092969,992015.4774411198,1470724.8032832243,1058012.0618357824,977678.4081724868,1003499.3175549378,892532.6978339717,1061841.1005056198,936707.7296560708,989474.9380176613,987714.5660561057,1015494.4125411868
2017-02-09,987763.5356329128,984128.8277590136,992032.4952690968,1467794.1739089328,1058012.0618357824,977678.4081724868,1003499.3175549378,892532.6978339717,1061841.1005056198,936844.1002096592,989495.8424952214,987735.4333425709,1015657.0030965165
2017-02-10,988320.1389225376,984729.3035448258,992485.3646485264,1461769.0775952777,1058012.0618357824,977678.4081724868,1003499.3175549378,892532.6978339717,1061841.1005056198,940473.1207908404,990052.1413244617,988290.742462195,1016258.0927187862
2017-02-13,988797.7503864288,985244.561223748,992873.9638740292,1452262.706926561,1058012.0618357824,977678.4081724868,1003499.3175549378,892532.6978339717,1061841.1005056198,943587.1193326669,990501.07860931,988767.2434216382,1017151.8408298835
2017-02-14,989371.4931887592,985746.1930138128,993443.562433733,1449757.0636518074,1062290.335421745,977678.4081724868,1003499.3175549378,892532.6978339717,1061841.1005056198,944397.7567868606,990950.3730744715,989339.8369435985,1017138.0454043029
2017-02-15,989207.5018118378,985529.8726075063,993344.6506689934,1452325.3269762932,1063727.0529778437,977678.4081724868,1003499.3175549378,892532.6978339717,1061841.1005056198,942344.5542628712,991101.253852193,989176.288905689,1017759.8244059718
2017-02-16,988570.4450795949,985156.0714007794,992551.7254347412,1438951.1582111726,1052297.2638266594,977678.4081724868,1003499.3175549378,892532.6978339717,1061841.1005056198,946019.0900480738,989900.9236488045,988540.2198551996,1017901.7255819023
2017-02-17,988948.082831308,985567.0682433696,992855.8355795589,1442694.0686938271,1052166.2555688308,977678.4081724868,1003499.3175549378,892532.6978339717,1061841.1005056198,948570.9916744896,989887.1654624824,988916.9738963471,1017993.3693082383
2017-02-21,991582.7418632306,987721.5256269312,995602.0426137456,1464802.6812384506,1077247.5234994823,977678.4081724868,1003499.3175549378,892532.6978339717,1061841.1005056198,948570.9916744896,992521.1426109865,991546.5900669512,1019113.753331897
2017-02-22,991465.9434375716,987626.0152677158,995480.2990961822,1467068.16826316,1076135.6329009896,977678.4081724868,1003499.3175549378,892532.6978339717,1061841.1005056198,948570.9916744896,992404.3744142524,991430.0151989731,1019031.9656289594
2017-02-23,986140.572995394,983271.2644136827,989929.4594654128,1412305.9262757492,1025439.4929937423,977678.4081724868,1003499.3175549378,892532.6978339717,1061841.1005056198,948570.9916744896,985435.8525290816,986114.8377663207,1018694.9663117537
2017-02-24,989331.799398798,985892.4515134968,993315.3016422824,1415165.5382200065,1055502.035779777,977678.4081724868,1003499.3175549378,892532.6978339717,1061841.1005056198,948570.9916744896,988679.6973015072,989360.9176134159,1022498.0959450698
2017-02-27,991537.1874275804,987703.8976224164,995655.1844523044,1419943.2273863314,1076277.613439938,977678.4081724868,1003499.3175549378,892532.6978339717,1061841.1005056198,948570.9916744896,990921.4487550252,991604.2136790346,1022105.6518022703
2017-02-28,989346.7320984864,985904.7168293472,993331.1450071922,1407033.4132954958,1055642.7073795144,977678.4081724868,1003499.3175549378,892532.6978339717,1061841.1005056198,948570.9916744896,990256.0372272354,989376.1069887197,1020513.299635791
2017-03-01,990326.1027351996,986709.1453951646,994370.2422035031,1420051.2232509176,1064868.7440023525,977678.4081724868,1003499.3175549378,892532.6978339717,1061841.1005056198,948570.9916744896,991260.0750099686,990372.311859449,1022342.3995034953
2017-03-02,987492.7008570324,984381.865687364,991364.0463494936,1397840.1795537162,1038177.0416832804,977678.4081724868,1003499.3175549378,892532.6978339717,1061841.1005056198,948570.9916744896,988510.6555960728,987490.2071220264,1019086.3107335055
2017-03-03,986760.2494847992,983748.5949756932,990512.1250804708,1396639.1594569953,1034163.0209261032,977678.4081724868,1003499.3175549378,892532.6978339717,1058169.0334014916,948570.9916744896,988080.5113705273,986750.4181365537,1018726.32830829
2017-03-06,987375.8486870236,984376.5502998997,991454.3093633888,1397714.3194303764,1028810.5382228588,977678.4081724868,1003499.3175549378,892532.6978339717,1072358.368842965,948570.9916744896,988585.8236900722,987356.3029489198,1018927.3733671046
2017-03-07,987960.1468867604,984834.1973483516,992021.5931738232,1399136.603424617,1036346.0585030044,977678.4081724868,1003499.3175549378,892532.6978339717,1069773.8589256648,948570.9916744896,988438.6717783499,987954.3413228036,1018746.3444328383
2017-03-08,987356.309545836,984289.7311126394,991266.3463526688,1397398.6028340468,1035078.5125162412,977678.4081724868,1003499.3175549378,892532.6978339717,1064148.8116483851,948570.9916744896,987343.3955968298,987348.1705525597,1018076.2392896798
2017-03-09,987430.142098514,984359.5494381944,991366.3606174928,1398433.8386616297,1034937.6361543502,977678.4081724868,1003499.3175549378,892532.6978339717,1065213.052885695,948570.9916744896,986857.3763170475,987421.7499551454,1017841.8628924425
2017-03-10,988015.9235966856,984856.4208806565,992025.0276400788,1401681.3037440744,1039022.163346524,977678.4081724868,1003499.3175549378,892532.6978339717,1067037.3559702951,948570.9916744896,987106.6966116517,988014.9909459191,1018059.0833549891
2017-03-13,991168.7712979276,987560.9769670442,995641.6443921512,1420480.7685013865,1058248.5788042424,977678.4081724868,1003499.3175549378,892532.6978339717,1080365.1881060014,948570.9916744896,990999.087231945,991202.9688443954,1022260.2059434445
2017-03-14,990976.9503489508,987389.0043216724,995404.0596234454,1428632.902105214,1057755.85280788,977678.4081724868,1003499.3175549378,892532.6978339717,1078692.8780594715,948570.9916744896,994167.3580904605,991010.242718828,1025201.0429833113
2017-03-15,992423.4998789332,988667.1521817782,997151.4783354774,1434434.188539836,1063178.500675865,977678.4081724868,1003499.3175549378,892532.6978339717,1089132.1175447982,948570.9916744896,994654.3565506849,992466.7248987118,1026106.1551030101
2017-03-16,993001.8759202348,989104.6456025396,997676.3496838032,1443415.8567199295,1072052.141631822,977678.4081724868,1003499.3175549378,892532.6978339717,1084774.0011079016,948570.9916744896,996085.9654259073,993061.2762101644,1028550.1836687215
2017-03-17,994995.8354816504,990773.8832109058,999866.234831848,1452400.648526715,1087968.4403634595,977678.4081724868,1003499.3175549378,892532.6978339717,1088422.655605571,948570.9916744896,996234.4489236786,995084.29072126,1030373.6125844315
2017-03-20,997827.0953263618,993130.8570539732,1002944.4836987868,1466265.8324344913,1111772.382025919,977678.4081724868,1003499.3175549378,892532.6978339717,1092071.358431711,948570.9916744896,996658.5308381802,997958.9976575857,1033673.7779339266
2017-03-21,993738.9563972248,989624.0035726076,998255.0183340904,1429077.1030012846,1086841.7024845362,977678.4081724868,1003499.3175549378,892532.6978339717,1074790.7890652549,948570.9916744896,992021.7167062407,993825.3057970161,1027797.384468719
2017-03-22,996067.174921223,991698.9677356,1000702.8823911784,1443324.794455951,1102053.8241688726,982781.0367970886,1003499.3175549378,892532.6978339717,1075956.3751041014,948570.9916744896,993349.304081704,996180.4009787929,1031265.7456376306
2017-03-23,994607.6581390636,990367.131374859,999157.6781670346,1435572.7451229524,1095151.9745010317,982253.6646337836,1003499.3175549378,892532.6978339717,1071851.5965068114,946472.7214559126,992620.9441946455,994708.1356413652,1029172.7529855869
2017-03-24,994283.8995490532,989935.7547639272,998977.904058084,1443719.2535258613,1097827.7380742943,980880.946784724,1003499.3175549378,892532.6978339717,1072763.7480491116,943083.00646712,993924.8356544765,994389.1266377082,1031137.6188039426
2017-03-27,996230.0218626368,991750.2598504669,1001145.6271008118,1456832.240078108,1103321.3701556353,981819.3651074003,1003499.3175549378,892532.6978339717,1083101.6910613717,945615.9294148396,997885.5948770811,996345.4275637341,1032911.6920141673
2017-03-28,996917.8007594312,992523.316581332,1001898.0941466804,1467341.906133603,1099377.3098010449,985078.9351349788,1003499.3175549378,892532.6978339717,1088726.7383386514,947209.3391657062,1000656.1444994474,997025.6414505033,1035389.8786153919
2017-03-29,998267.3206144404,993959.5444974127,1003192.141424359,1476041.3882155542,1096912.7925165668,985078.9351349788,1003499.3175549378,892532.6978339717,1095314.6337232348,954153.9799050796,1001854.0244582968,998371.4547495965,1037972.7536741204
2017-03-30,999010.910673314,994628.332386504,1004156.6911641088,1486658.6911653369,1098007.205067723,985078.9351349788,1003499.3175549378,892532.6978339717,1103372.1012228047,953860.895782118,1002680.4342251022,999117.0389079101,1039891.1349667255
2017-03-31,998712.1990087047,994322.7851477392,1003863.4086843506,1486292.044068121,1098007.205067723,985078.9351349788,1003499.3175549378,892532.6978339717,1102105.2187108914,952598.1391045982,1002682.5845215514,998818.1832867988,1040570.6810614824
2017-04-03,999364.1463386484,995081.8734386708,1004199.8031142096,1502694.2832890034,1098007.205067723,985078.9351349788,1003499.3175549378,892532.6978339717,1097595.0609074547,959324.891509224,1006216.3997826733,999470.8562284067,1046938.5256239839
2017-04-04,998283.5899097988,994009.715813155,1003029.7973166858,1478970.4093354838,1098007.205067723,985078.9351349788,1003499.3175549378,892532.6978339717,1090399.0483851817,956183.2821003272,1005615.362390291,998389.9268336915,1040472.5634375594
2017-04-05,996942.8922779888,992719.2322922866,1001519.388865495,1465847.7111123549,1096746.095604475,985078.9351349788,1003499.3175549378,892532.6978339717,1080871.960442155,953432.4129304172,1004693.0736466518,997048.6095881512,1039446.0198383038
2017-04-06,997351.709297844,992947.2889951548,1002087.8832461516,1467213.6073032117,1104749.7165202894,985078.9351349788,1003499.3175549378,892532.6978339717,1081480.0292513748,950568.8369093508,1005580.8803462266,997458.8976448369,1039056.7471474569
2017-04-07,996271.9691932031,991945.65035405,1000959.5459188486,1465606.8374179918,1100035.378612521,985078.9351349788,1003499.3175549378,892532.6978339717,1078287.450524855,948314.1210117897,1005107.800137585,996377.8458342121,1038085.563780563
2017-04-10,993748.0469659612,989897.5164376794,998334.0466828676,1468806.5477074669,1071967.0782175492,985078.9351349788,1003499.3175549378,892532.6978339717,1082037.4981525317,948013.5115212626,1002291.167629086,993847.6452009927,1036117.3079898481
2017-04-11,994131.8601410704,990180.639343215,998851.3526582844,1464814.642791306,1075804.238569788,985078.9351349788,1003499.3175549378,892532.6978339717,1084571.3115048285,946645.515472709,1002676.2237399424,994232.1723863387,1034893.8324214782
2017-04-12,993210.5123457034,989448.8675513197,997762.2960315068,1449876.0192871331,1066923.333838292,985078.9351349788,1003499.3175549378,892532.6978339717,1081936.153350995,947833.0763620147,1002011.0581168823,993308.9655927937,1034598.6112298737
2017-04-13,990694.5919688246,987308.1615761352,995011.2114883744,1444291.2467586151,1046968.1023157904,985078.9351349788,1003499.3175549378,892532.6978339717,1077324.6024175514,946871.1028373508,999860.3580388674,990788.4723511323,1034334.6813884646
2017-04-17,998319.985531459,994192.6906608256,1003160.909186627,1473696.6795387329,1087974.3200491783,985078.9351349788,1003499.3175549378,892532.6978339717,1099267.3709539848,958107.344924541,1005706.4284711289,998424.3299773703,1035659.146508872
2017-04-18,996609.876752832,992584.5866892432,1000979.339889729,1465610.2319733873,1088632.601691396,985078.9351349788,1003499.3175549378,892532.6978339717,1079554.3813652382,957250.6107709107,1005640.4925514556,996714.2012456136,1035669.920865892
2017-04-19,995802.499062776,991837.3985423936,999682.384202724,1466394.3263159415,1092908.2976913236,985078.9351349788,1003499.3175549378,892532.6978339717,1061310.9638914785,959144.514237419,1006361.3423414577,995907.919104622,1035669.920865892
2017-04-20,998635.6199645582,994354.0537185146,1002726.2402627824,1475840.3691757645,1110232.102807388,985078.9351349788,1003499.3175549378,892532.6978339717,1068506.9764137515,962482.7767869998,1008823.9486641762,998745.2977220215,1035989.4135838405
2017-04-21,999807.9559400906,995390.0929506514,1004150.4042956224,1481538.1308198457,1114836.7802381965,985078.9351349788,1003499.3175549378,892532.6978339717,1077071.2162494748,962482.7767869998,1009900.5053346773,999918.6918769456,1036755.6926153811
2017-04-24,1001598.3314919542,996900.4390468296,1006166.8358025008,1499111.883790416,1128761.216828646,985078.9351349788,1003499.3175549378,892532.6978339717,1081936.153350995,962482.7767869998,1014034.7883676876,1001712.1902778257,1037333.2384427468
2017-04-25,1007044.659386733,1001731.9881993996,1012823.699692873,1528636.8421788842,1148387.3606601143,985078.9351349788,1003499.3175549378,892532.6978339717,1123827.632051092,962482.7767869998,1018793.712975425,1007163.0481083612,1037333.2384427468
2017-04-26,1006259.721052621,1001088.4845609836,1011980.8177706392,1520211.7584292777,1140492.9751806515,985078.9351349788,1003499.3175549378,892532.6978339717,1123827.632051092,962482.7767869998,1018001.5174216087,1006376.3493968057,1038142.7904109133
2017-04-27,1008025.8190975712,1002536.3569202952,1013877.2879139468,1534175.909882798,1158255.2096842527,985078.9351349788,1003499.3175549378,892532.6978339717,1123827.632051092,962482.7767869998,1019783.9440887889,1008146.408261385,1036990.725309387
2017-04-28,1006564.9566531824,1001338.7210585518,1012308.5856455849,1545293.7502195665,1143562.8309746252,985078.9351349788,1003499.3175549378,892532.6978339717,1123827.632051092,962482.7767869998,1018309.575106044,1006682.2695477869,1037943.6784283393
2017-05-01,1009115.950770479,1003430.0624094816,1015047.8923296272,1576830.8914142833,1169219.0259170807,985078.9351349788,1003499.3175549378,892532.6978339717,1123827.632051092,962482.7767869998,1020884.1546745402,1009238.984767376,1036279.6081321632
2017-05-02,1005671.0674878834,1000605.897975244,1011348.7102194938,1565448.6301329923,1134572.690806777,985078.9351349788,1003499.3175549378,892532.6978339717,1123827.632051092,962482.7767869998,1017407.4214060907,1005786.3756615372,1038526.7822457734
2017-05-03,1006510.4495412648,1001294.0353510076,1012250.054857532,1560222.842837595,1143014.6348499765,985078.9351349788,1003499.3175549378,892532.6978339717,1123827.632051092,962482.7767869998,1018254.5640436001,1006627.6401930305,1037979.2346318042
2017-05-04,1006074.392645925,1000936.5496906532,1011781.80855311,1548419.2528609787,1138629.065852784,985078.9351349788,1003499.3175549378,892532.6978339717,1123827.632051092,962482.7767869998,1017814.4755440496,1006190.6053549796,1038263.6842595228
2017-05-05,1008416.7833061503,1003091.6325478512,1014426.8534882836,1555003.029220877,1138738.407549288,985078.9351349788,1025898.4728420166,892532.6978339717,1123827.632051092,962482.7767869998,1020196.4381746033,1008545.4087414679,1040677.2273804941
2017-05-08,1006957.4535395916,1001867.9598869692,1012844.7131722174,1556417.8799856547,1126787.6470238182,985078.9351349788,1023294.3096164812,892532.6978339717,1123827.632051092,962482.7767869998,1019510.803884737,1007081.9737724839,1041170.9310519698
2017-05-09,1009176.885938819,1003892.292432878,1015341.1724979846,1569844.30052817,1128651.6626118375,985078.9351349788,1042836.0667448944,892532.6978339717,1123827.632051092,962482.7767869998,1019697.8564254211,1009312.6298278642,1044463.5405131194
2017-05-10,1021394.520260458,1013908.4832559504,1028460.70387343,1642005.016147582,1251528.4680761176,985078.9351349788,1042836.0667448944,892532.6978339717,1123827.632051092,962482.7767869998,1032028.4500111017,1021557.6645794964,1037251.2471038747
2017-05-11,1021394.520260458,1013908.4832559504,1028460.70387343,1655455.3800918772,1251528.4680761176,985078.9351349788,1042836.0667448944,892532.6978339717,1123827.632051092,962482.7767869998,1032028.4500111017,1021557.6645794964,1036736.918209272
2017-05-12,1021394.520260458,1013908.4832559504,1028460.70387343,1669217.6776379494,1251528.4680761176,985078.9351349788,1042836.0667448944,892532.6978339717,1123827.632051092,962482.7767869998,1032028.4500111017,1021557.6645794964,1037151.7741367826
2017-05-15,1021394.520260458,1013908.4832559504,1028460.70387343,1683561.7257090467,1251528.4680761176,985078.9351349788,1042836.0667448944,892532.6978339717,1123827.632051092,962482.7767869998,1032028.4500111017,1021557.6645794964,1034985.2749862302
2017-05-16,1021394.520260458,1013908.4832559504,1028460.70387343,1694902.3408870534,1251528.4680761176,985078.9351349788,1042836.0667448944,892532.6978339717,1123827.632051092,962482.7767869998,1032028.4500111017,1021557.6645794964,1035259.4277865395
2017-05-17,1021394.520260458,1013908.4832559504,1028460.70387343,1625275.573593039,1251528.4680761176,985078.9351349788,1042836.0667448944,892532.6978339717,1123827.632051092,962482.7767869998,1032028.4500111017,1021557.6645794964,1032614.9850106256
2017-05-18,1023223.2374586244,1015879.0840605896,1030089.8523858888,1663653.817062772,1251528.4680761176,985078.9351349788,1042836.0667448944,904651.2383578616,1123827.632051092,962482.7767869998,1033760.2826828047,1023388.9469763495,1036034.2973572279
2017-05-19,1023223.2374586244,1015879.0840605896,1030089.8523858888,1677035.0941373676,1251528.4680761176,985078.9351349788,1042836.0667448944,904651.2383578616,1123827.632051092,962482.7767869998,1034139.6686010531,1023388.9469763495,1035744.5401616425
2017-05-22,1023223.2374586244,1015879.0840605896,1030089.8523858888,1692276.4370764042,1251528.4680761176,985078.9351349788,1042836.0667448944,904651.2383578616,1123827.632051092,962482.7767869998,1034139.6686010531,1023388.9469763495,1035741.1442675346
2017-05-23,1023223.2374586244,1015879.0840605896,1030089.8523858888,1683207.6609310089,1251528.4680761176,985078.9351349788,1042836.0667448944,904651.2383578616,1123827.632051092,962482.7767869998,1034139.6686010531,1023388.9469763495,1034059.8549002027
2017-05-24,1023223.2374586244,1015879.0840605896,1030089.8523858888,1700090.1409680217,1251528.4680761176,985078.9351349788,1042836.0667448944,904651.2383578616,1123827.632051092,962482.7767869998,1034139.6686010531,1023388.9469763495,1036840.3088626307
2017-05-25,1023223.2374586244,1015879.0840605896,1030089.8523858888,1722790.611598712,1251528.4680761176,985078.9351349788,1042836.0667448944,904651.2383578616,1123827.632051092,962482.7767869998,1034139.6686010531,1023388.9469763495,1039650.0514201694
2017-05-26,1023223.2374586244,1015879.0840605896,1030089.8523858888,1742371.4425288732,1251528.4680761176,985078.9351349788,1042836.0667448944,904651.2383578616,1123827.632051092,962482.7767869998,1034139.6686010531,1023388.9469763495,1041772.9309100459
2017-05-30,1023223.2374586244,1015879.0840605896,1030089.8523858888,1763910.7286077435,1251528.4680761176,985078.9351349788,1042836.0667448944,904651.2383578616,1123827.632051092,962482.7767869998,1034139.6686010531,1023388.9469763495,1042039.7467677173
2017-05-31,1023223.2374586244,1015879.0840605896,1030089.8523858888,1762591.0256621009,1251528.4680761176,985078.9351349788,1042836.0667448944,904651.2383578616,1123827.632051092,962482.7767869998,1034139.6686010531,1023388.9469763495,1041461.8336879322
2017-06-01,1023223.2374586244,1015879.0840605896,1030089.8523858888,1762663.8799617118,1251528.4680761176,985078.9351349788,1042836.0667448944,904651.2383578616,1123827.632051092,962482.7767869998,1034139.6686010531,1023388.9469763495,1041505.8054404907
2017-06-02,1023223.2374586244,1015879.0840605896,1030089.8523858888,1770884.8937774312,1251528.4680761176,985078.9351349788,1042836.0667448944,904651.2383578616,1123827.632051092,962482.7767869998,1034139.6686010531,1023388.9469763495,1042812.3974241939
2017-06-05,1023223.2374586244,1015879.0840605896,1030089.8523858888,1795285.5906434944,1251528.4680761176,985078.9351349788,1042836.0667448944,904651.2383578616,1123827.632051092,962482.7767869998,1034139.6686010531,1023388.9469763495,1043176.3690587181
2017-06-06,1023223.2374586244,1015879.0840605896,1030089.8523858888,1792714.4012798197,1251528.4680761176,985078.9351349788,1042836.0667448944,904651.2383578616,1123827.632051092,962482.7767869998,1034139.6686010531,1023388.9469763495,1043176.3690587181
2017-06-07,1023223.2374586244,1015879.0840605896,1030089.8523858888,1808580.5262443111,1251528.4680761176,985078.9351349788,1042836.0667448944,904651.2383578616,1123827.632051092,962482.7767869998,1034139.6686010531,1023388.9469763495,1043176.3690587181
2017-06-08,1023223.2374586244,1015879.0840605896,1030089.8523858888,1859175.8115198887,1251528.4680761176,985078.9351349788,1042836.0667448944,904651.2383578616,1123827.632051092,962482.7767869998,1034139.6686010531,1023388.9469763495,1043176.3690587181
2017-06-09,1023223.2374586244,1015879.0840605896,1030089.8523858888,1775227.2727586688,1251528.4680761176,985078.9351349788,1042836.0667448944,904651.2383578616,1123827.632051092,962482.7767869998,1034139.6686010531,1023388.9469763495,1043176.3690587181
2017-06-12,1020948.0607549464,1013717.3601081708,1027233.6113397924,1759607.5542323864,1251528.4680761176,982838.6555108604,1042836.0667448944,904996.3688835094,1099244.7833235904,962482.7767869998,1029496.5149090723,1021123.5593906563,1038145.1968289628
2017-06-13,1022292.4614255376,1015334.6549114092,1028092.3599452458,1789651.7284064656,1251528.4680761176,993623.2841816052,1042836.0667448944,914113.848521626,1086067.4043077405,960664.139916152,1028884.7708161824,1022462.0123796555,1039890.973929727
2017-06-14,1021075.5040143146,1014072.003887314,1026885.8057339484,1791453.721077007,1251528.4680761176,990689.4452861171,1042836.0667448944,912363.614976207,1082369.424109765,958967.5498368676,1028303.0554586522,1021248.224185507,1038761.2557814339
2017-06-15,1016904.4685156762,1009877.606521188,1022370.9850505764,1783374.5265626106,1251528.4680761176,982336.1158459304,1042836.0667448944,910532.0554211003,1058467.9503366717,953851.799451262,1026411.3143496427,1017087.7672794886,1033625.4399307806
2017-06-16,1019604.2050735556,1012754.9976478128,1025036.840783988,1784912.5478586743,1251528.4680761176,998322.8772003178,1042836.0667448944,913951.1337990824,1061918.9824336392,952822.0501115608,1026661.4470112781,1019778.0226535102,1036223.4012761046
2017-06-19,1023745.9494170196,1017124.852122944,1028764.5571816248,1814718.7385429605,1251528.4680761176,1003389.1547441063,1042836.0667448944,923027.9817839396,1066671.441023301,963779.7748172196,1027072.9547148591,1023911.7924082993,1038264.7897903088
2017-06-20,1021947.529497315,1015278.1933737164,1026992.0618634592,1810526.6863631187,1251528.4680761176,1001637.0275857107,1042836.0667448944,920504.3046537124,1060381.4262223537,959667.3868893504,1026528.3125054858,1022116.1673000546,1037652.583624812
2017-06-21,1026008.73400107,1019462.7753235728,1031047.1741466082,1834552.694453474,1251528.4680761176,1008183.8256352952,1042836.0667448944,927261.1353999889,1074266.0435872562,966004.509270001,1027730.559068846,1026169.8602554579,1039532.7739595505
2017-06-22,1025355.8748740214,1018771.663626694,1030458.4024809414,1833958.89485986,1251528.4680761176,1007552.218406148,1042836.0667448944,925185.033487302,1073613.7497057526,964704.0274708396,1027674.0779965393,1025518.325784923,1039134.3461530702
2017-06-23,1027624.4359838278,1021037.6844305051,1033018.0779420036,1829101.0282458873,1251528.4680761176,1009209.3195056216,1042836.0667448944,931982.7466995124,1088197.227981302,963159.7815426647,1028936.8377959513,1027783.2180689432,1040385.5164149748
2017-06-26,1025660.8707486764,1018949.8620089232,1031135.5345797974,1809634.217268224,1251528.4680761176,1002581.0187348356,1042836.0667448944,925958.665181616,1085774.409440234,963159.7815426647,1028727.0498566735,1025825.3545564832,1038606.3993639472
2017-06-27,1019684.8379511364,1012884.1411973332,1024678.1223299378,1752098.478449576,1251528.4680761176,990899.9637579812,1042836.0667448944,913706.967660514,1055628.9676326916,963159.7815426647,1026116.8048019048,1019861.0841656593,1035221.837923706
2017-06-28,1024420.967083158,1017831.8200059586,1029260.0650488453,1792015.535269372,1251528.4680761176,1000102.1546612624,1042836.0667448944,924533.9864876214,1066718.008052444,969347.84631301,1029098.9289755907,1024588.2415371937,1040901.608767064
2017-06-29,1018032.6889604176,1011187.8070781294,1023184.9502607064,1747549.889690575,1251528.4680761176,990322.7089474868,1042836.0667448944,915579.15886888,1051249.2674471126,953684.6152139412,1022082.156640204,1018208.4997398201,1031359.4553078295
2017-06-30,1016173.3034412832,1009238.2271521816,1021454.8131345578,1735612.184041164,1251528.4680761176,984937.2080945288,1042836.0667448944,915334.9927303116,1048080.9765320674,948186.5916822156,1019169.6393178037,1016351.9825172392,1028916.4128538705
2017-07-03,1010972.7625143706,1003842.1322616176,1016325.543190542,1694490.8951768614,1251528.4680761176,975198.4360210224,1042836.0667448944,904955.73723025,1032984.9498966306,941283.7205772386,1014740.7649366844,1011160.6859298041,1021547.9534444099
2017-07-05,1012355.337141944,1005675.0644659218,1016822.2303083886,1699641.591941394,1257247.4109457806,987246.2273365072,1014258.1672530556,912729.989590397,1029727.5385827868,949929.1645080335,1014015.0373074122,1012537.9497221767,1025300.8787146788
2017-07-06,1007693.6516757368,1001083.610400444,1012012.1966642996,1679306.170854061,1259775.6299152388,982994.8733776264,986075.4364235272,906543.0052404508,1029433.1685606831,946842.5055222416,1010286.423003402,1007881.1582846183,1020461.8884154735
2017-07-07,1015081.4367316908,1008136.1643661082,1019961.9195002348,1711559.173363726,1279061.7173715143,992244.6291239228,1000092.3829136314,907533.9059639514,1047895.3854726593,955704.151879048,1016276.2699735144,1015272.8652630629,1030495.2270092552
2017-07-10,1023028.634664654,1015502.142640126,1028555.842367818,1752575.9985389847,1319867.7510371218,1004272.0577124958,1009128.4311602872,907533.9059639514,1059592.8568668915,962586.8385419432,1023378.680272674,1023231.8747711518,1040607.5208095728
2017-07-11,1028063.3498032888,1019954.5710624352,1034500.7375699516,1774944.8498070815,1332685.9401859466,1002682.8841829492,1044793.580948587,907533.9059639514,1067391.1263282942,961460.1173868682,1028333.9596703353,1028273.672650744,1046503.0208893665
2017-07-12,1034961.1209222483,1026163.5112223746,1042469.5497449252,1819787.2865164788,1371669.5135289636,1011090.5142282342,1052137.357027249,907533.9059639514,1088155.2849693932,961460.1173868682,1035087.5410973438,1035184.2805987652,1058713.6459320325
2017-07-13,1031309.728541886,1022826.07370199,1038362.9990535222,1806616.5158314016,1360615.2655956976,1007097.2435842332,1032628.4963418609,907533.9059639514,1085618.4941998844,961460.1173868682,1033042.9082695188,1031529.8105043479,1055994.2991456
2017-07-14,1036159.213745309,1027095.6250305084,1044071.9604883868,1833924.8229762109,1386016.5997367962,1007898.5920178664,1046581.5886756664,907533.9059639514,1099288.975302158,961460.1173868682,1037341.2413663019,1036390.2560468267,1062783.4956381181
2017-07-17,1034087.6152708768,1025362.4104186022,1041614.1224530084,1827140.2523580417,1381899.9968728744,1013487.8237670512,1020367.5848253248,907533.9059639514,1102013.708025962,961460.1173868682,1035960.9427891113,1034313.5518737449,1061761.5368327247
2017-07-18,1044961.868922118,1035564.7968439868,1054661.7962354915,1889138.6811754196,1391955.1505964955,1023274.1088700186,1048050.416971978,907533.9059639514,1168721.3011070923,961460.1173868682,1039657.2751866945,1045188.6492386844,1076583.6220606621
2017-07-19,1043717.9580253816,1034494.6509618792,1053213.2202675508,1887909.493492058,1386898.2572559677,1024444.3439523324,1038535.416877722,907533.9059639514,1168721.3011070923,961460.1173868682,1039936.6568504293,1043941.7859450645,1076382.7206571586
2017-07-20,1046409.0717225032,1036838.5476280064,1056290.3838820786,1900667.158470104,1401010.128531645,1024444.3439523324,1053414.5315039412,907533.9059639514,1168721.3011070923,961460.1173868682,1040875.8295034401,1046639.2291288967,1078203.0193339284
2017-07-21,1046201.9433894568,1036620.578968042,1056058.1533683755,1909784.4260599285,1404537.5555611514,1024444.3439523324,1048561.2502223656,907533.9059639514,1168721.3011070923,961460.1173868682,1040805.4131734956,1046433.5227673589,1078010.37791986
2017-07-24,1049883.239845083,1040077.4347561544,1060236.791735279,1919525.587045764,1393072.1368982252,1024444.3439523324,1093645.5731951117,907533.9059639514,1168721.3011070923,961460.1173868682,1044934.1476573842,1050110.7448791505,1078010.37791986
2017-07-25,1048538.3380778272,1038886.9355772148,1058701.3061600795,1904907.4459326048,1388368.06595593,1024444.3439523324,1084322.1355697508,907533.9059639514,1168721.3011070923,961460.1173868682,1044286.97150807,1048763.651707677,1078010.37791986
2017-07-26,1050857.4189252297,1040914.3761572144,1061352.137542527,1921479.0943852232,1399598.6112379092,1024444.3439523324,1097892.102965766,907533.9059639514,1168721.3011070923,961460.1173868682,1045228.9158421837,1051087.80200262,1078010.37791986
2017-07-27,1045103.0973619045,1035921.0755208412,1054770.0574327314,1885357.186433707,1367141.9676361876,1024444.3439523324,1067910.4298416455,907533.9059639514,1168721.3011070923,961460.1173868682,1043147.7710389319,1045319.00212328,1078010.37791986
2017-07-28,1048166.3990798166,1038876.681696285,1057664.604937321,1896001.5848741487,1382723.818387431,1024444.3439523324,1069858.1186348333,907533.9059639514,1168721.3011070923,970733.5877888486,1044335.2693977715,1048391.9804932299,1079097.2869758967
2017-07-31,1041241.7198672076,1032242.3229818416,1050623.4638296268,1860553.0176735425,1371669.5135289636,1024444.3439523324,1032820.058810756,907533.9059639514,1168721.3011070923,957737.549810854,1040289.5953982517,1041457.7229993572,1077574.06958709
2017-08-01,1039764.4553644614,1030937.1797251916,1048885.7526454092,1868232.8922977883,1368243.411373033,1023645.512911264,1020367.5848253248,907533.9059639514,1168721.3011070923,958811.138948897,1039447.4495961299,1039978.7500203775,1076736.3578123958
2017-08-02,1041996.103064666,1033005.485089896,1051358.646508677,1870087.2001818272,1368243.411373033,1023439.7799724828,1040546.9598272084,907533.9059639514,1168721.3011070923,959905.3245212428,1040946.6905621209,1042211.0338750425,1078256.3628729365
2017-08-03,1046913.1689126466,1037146.4432135154,1057577.3568848614,1887194.8646630011,1368243.411373033,1017289.7094549536,1108237.2984426257,907533.9059639514,1168721.3011070923,952470.16777146,1044034.8676835609,1047124.304526404,1081348.279554276
2017-08-04,1051133.7611220535,1041181.908020662,1062006.934843302,1902511.4209452472,1368243.411373033,1017742.2382252044,1139591.9729532483,907533.9059639514,1168721.3011070923,958031.2830500614,1046898.7821838228,1051347.4543974092,1084262.3263636562
2017-08-07,1052037.887644841,1042058.4093564104,1062985.1514554503,1925887.553852057,1368243.411373033,1020957.8027339143,1145091.1960047989,907533.9059639514,1168721.3011070923,957990.7143158284,1046909.4384312738,1052254.2263749423,1084282.3948389734
2017-08-08,1048585.346447465,1038898.9917416004,1059097.2224923312,1919433.2631869984,1368243.411373033,1019291.747788534,1113082.2754757733,907533.9059639514,1168721.3011070923,956410.4841006508,1048856.2925037772,1048793.185387584,1086137.4140581258
2017-08-09,1047709.8028223484,1037850.2987483012,1058507.6839857255,1917168.8163564685,1368243.411373033,1013923.2322769368,1118464.8893847545,907533.9059639514,1168721.3011070923,952247.3518003642,1047714.5524605282,1047915.1894410609,1084576.8091809307
2017-08-10,1044616.461856192,1034298.3134613268,1055948.3817528945,1857353.9638855956,1368243.411373033,1008010.9273894673,1144358.6611611508,907533.9059639514,1144753.6523419225,935544.1116814264,1041571.0377779679,1044819.4412129121,1078572.7156767352
2017-08-11,1046049.0856239652,1035923.3154566992,1057118.556465881,1836963.389983496,1368243.411373033,1012764.0041229366,1136491.7709189958,907245.9569388597,1150718.773081804,942128.0271634826,1043729.4676304408,1046253.2512215883,1081382.8307351344
2017-08-14,1051940.8781036343,1041626.0859255204,1062834.9733822572,1895127.5195402785,1416975.9333541892,1021947.0221685446,1117604.9651007005,916864.4079882432,1148921.645622402,951082.5610270932,1045953.6891753695,1052159.555551046,1090526.2173475781
2017-08-15,1051449.624898818,1041143.2846046817,1062148.144956848,1884509.09171144,1416971.6485052234,1021947.0221685446,1122286.8459648187,917765.0868433884,1137689.32048966,950221.3336094016,1044908.5073466446,1051668.1335312393,1088252.2413214734
2017-08-16,1052338.7135383722,1042088.7921472074,1062977.0303017688,1879963.645117598,1416971.6485052234,1021947.0221685446,1120439.516833673,914162.6488962685,1144338.8034940392,956491.6995859138,1045749.0264322056,1052559.025863067,1087438.3499076732
2017-08-17,1049606.9793622184,1038750.9693265314,1061242.672227662,1838583.7934577416,1416971.6485052234,1021947.0221685446,1155442.3625801268,903031.13506281,1126861.3083297596,939666.67524748,1040887.6439607306,1049826.9833624638,1083511.0367377468
2017-08-18,1050745.2566230434,1039692.5501510792,1062704.916063285,1835770.28709789,1416971.6485052234,1019019.0545221324,1169647.2875343044,904832.4372784084,1128883.1302814868,938167.504483972,1040846.3450988657,1050968.5020667932,1083082.6617635086
2017-08-21,1053134.6674623052,1041675.7606698012,1065543.5473425942,1818072.8871192976,1416971.6485052234,1015348.253239418,1209121.5350544516,906165.3642914542,1119647.4378731167,936580.0001085034,1040315.0194230387,1053365.7784126445,1080475.5188583026
2017-08-22,1056771.0739782967,1045586.6694581072,1068668.8392770486,1848578.879183997,1416971.6485052234,1024993.0071980624,1208633.7501716514,912865.73793849,1119647.4378731167,944852.515750327,1043486.6225921586,1057012.9148577177,1087409.492704527
2017-08-23,1058124.016411672,1046611.2889417324,1070421.0843221564,1866051.50573347,1416971.6485052234,1018686.0088501164,1235618.9072998846,909515.523367626,1119647.4378731167,946320.757234104,1043636.5921655131,1058369.4879457357,1091384.1407168766
2017-08-24,1056460.450685868,1044820.9460118712,1069000.6879666145,1858319.7828620805,1416971.6485052234,1014752.9881665452,1235997.023193386,906021.1890810004,1119647.4378731167,942488.0560540404,1043193.6605547903,1056700.899519121,1089453.189172648
2017-08-25,1053263.6446266323,1041590.8819446004,1065932.0834759015,1840366.6627897937,1416971.6485052234,1009657.7678456923,1224465.671532626,900905.7993391898,1119647.4378731167,938184.0296953574,1042459.2053651039,1053497.4819254158,1085210.5086127871
2017-08-28,1053054.9201812192,1041439.4888273556,1065654.0998145812,1845602.111000428,1416971.6485052234,1010196.3178357818,1218818.2033975413,904219.9978547863,1119647.4378731167,936587.5421090438,1042101.5984095166,1053286.7033961248,1085691.7603844139
2017-08-29,1053883.4679666762,1042275.160242911,1066302.2508371198,1853813.6927952392,1416971.6485052234,1003239.0193524018,1222835.2368815315,907137.9087730576,1119647.4378731167,941720.2914620326,1044149.6163398142,1054122.5368304288,1088190.7227642036
2017-08-30,1057061.68989342,1045448.4108992794,1069335.544189512,1880054.4877700352,1416971.6485052234,1003239.0193524018,1236587.7574464548,913874.3539700528,1119647.4378731167,947028.0303392352,1047310.1528989961,1057309.147310231,1094538.2673195922
2017-08-31,1060128.2807543273,1048632.876025329,1072037.030148543,1904509.4648924617,1416971.6485052234,1003239.0193524018,1243015.0515839602,921259.3101406296,1119647.4378731167,954848.3967399276,1050673.9490720946,1060386.816443644,1099924.4020595057
2017-09-01,1059667.2403876404,1048147.5196455036,1071649.2544227317,1906574.264801093,1416971.6485052234,1003239.0193524018,1241833.5154726205,921439.3904169664,1119647.4378731167,952659.289724294,1051081.5963078449,1059922.9707223722,1100285.5139684612
2017-09-05,1056493.6792132405,1044961.935985561,1068661.7436607208,1877802.1024095812,1416971.6485052234,1003239.0193524018,1228104.6567283166,916756.359822441,1119647.4378731167,945579.8662185984,1051942.6658926124,1056739.0344410692,1097756.0002344693
2017-09-06,1056247.498462365,1044877.890509902,1068149.8436493017,1884357.0419414355,1416971.6485052234,1003239.0193524018,1216148.0007432196,921691.6137932224,1119647.4378731167,945943.5933322256,1051879.674641962,1056492.9987181132,1098691.1010016045
2017-09-07,1059067.3602144404,1047668.2874345968,1070878.8794411228,1897786.5227695329,1416971.6485052234,1003239.0193524018,1230514.9173818314,925726.2444035508,1119647.4378731167,951244.743514031,1050961.607037631,1059320.9830671502,1101150.2002784552
2017-09-08,1056150.676829435,1044856.2956741172,1067898.770290309,1868641.1521354716,1416971.6485052234,1003239.0193524018,1213477.865694099,917584.8955776672,1119647.4378731167,950317.2199728691,1051950.81495328,1056401.0004433794,1098347.8104249258
2017-09-11,1060331.687855109,1048661.7407662142,1072558.583356514,1920351.6207737564,1416971.6485052234,1003239.0193524018,1252916.1727378017,922032.0784767412,1119647.4378731167,950317.2199728691,1051731.509085768,1060585.3515745113,1103590.5556154968
2017-09-12,1060331.687855109,1048661.7407662142,1072558.583356514,1928817.4949669351,1416971.6485052234,1003239.0193524018,1252916.1727378017,922032.0784767412,1119647.4378731167,950317.2199728691,1051339.563526165,1060585.3515745113,1104014.8324891794
2017-09-13,1060331.687855109,1048661.7407662142,1072558.583356514,1936680.9189463416,1416971.6485052234,1003239.0193524018,1252916.1727378017,922032.0784767412,1119647.4378731167,950317.2199728691,1050897.4567695318,1060585.3515745113,1105071.575560013
2017-09-14,1060331.687855109,1048661.7407662142,1072558.583356514,1933453.3399705207,1416971.6485052234,1003239.0193524018,1252916.1727378017,922032.0784767412,1119647.4378731167,950317.2199728691,1052100.1305422913,1060585.3515745113,1105071.575560013
2017-09-15,1060331.687855109,1048661.7407662142,1072558.583356514,1971690.0667770011,1416971.6485052234,1003239.0193524018,1252916.1727378017,922032.0784767412,1119647.4378731167,950317.2199728691,1052664.760717142,1060585.3515745113,1105071.575560013
2017-09-18,1060331.687855109,1048661.7407662142,1072558.583356514,1999914.9136824044,1416971.6485052234,1003239.0193524018,1252916.1727378017,922032.0784767412,1119647.4378731167,950317.2199728691,1053311.007283507,1060585.3515745113,1105071.575560013
2017-09-19,1060331.687855109,1048661.7407662142,1072558.583356514,1997393.8922786624,1416971.6485052234,1003239.0193524018,1252916.1727378017,922032.0784767412,1119647.4378731167,950317.2199728691,1052481.6000216976,1060585.3515745113,1105361.4467654496
2017-09-20,1060331.687855109,1048661.7407662142,1072558.583356514,1993511.7858500765,1416971.6485052234,1003239.0193524018,1252916.1727378017,922032.0784767412,1119647.4378731167,950317.2199728691,1051235.7461104945,1060585.3515745113,1106717.373329854
2017-09-21,1060331.687855109,1048661.7407662142,1072558.583356514,1971506.1976936883,1416971.6485052234,1003239.0193524018,1252916.1727378017,922032.0784767412,1119647.4378731167,950317.2199728691,1051234.569123783,1060585.3515745113,1106718.6543047212
2017-09-22,1060331.687855109,1048661.7407662142,1072558.583356514,1946205.4670585955,1416971.6485052234,1003239.0193524018,1252916.1727378017,922032.0784767412,1119647.4378731167,950317.2199728691,1051735.0220766398,1060585.3515745113,1106173.985746946
2017-09-25,1057662.8875710669,1046124.1389940073,1069585.890706174,1880336.28631434,1416971.6485052234,995695.75007728,1232571.8581753708,922032.0784767412,1119647.4378731167,950317.2199728691,1052782.567203881,1057911.0327182694,1102245.8356258683
2017-09-26,1057325.736991804,1045761.787772255,1069291.6546332417,1887861.941486193,1416971.6485052234,994857.379077448,1233186.8384845732,920180.098908376,1119647.4378731167,950317.2199728691,1049651.1392616746,1057571.9748902868,1102145.6458234484
2017-09-27,1059562.8062603364,1048254.998617873,1071116.8108469462,1915665.1864784255,1416971.6485052234,1003502.0553644256,1223063.686051064,933146.4368377108,1119647.4378731167,950317.2199728691,1051505.3036691756,1059820.9704810665,1107845.9881422676
2017-09-28,1060362.6084588524,1049148.259129408,1071776.873177258,1916127.4601036096,1416971.6485052234,1007398.1664871305,1219480.750154707,937069.9784411746,1119647.4378731167,950317.2199728691,1052010.0849687054,1060624.285655064,1109023.861543486
2017-09-29,1062009.6632289167,1050916.6566088602,1073213.2352486593,1935923.409751404,1416971.6485052234,1010885.6543912212,1216657.1330984356,946592.1751690492,1119647.4378731167,950317.2199728691,1053776.471707021,1062281.883480681,1110881.0715420048
2017-10-02,1061900.0663852752,1050783.4558009645,1073128.3133924913,1925472.9552421947,1416971.6485052234,1009363.8258506528,1217679.756497023,946592.1751690492,1119647.4378731167,950317.2199728691,1054129.568092276,1062172.2617225025,1110763.6137553721
2017-10-03,1063031.4409264748,1051737.709879198,1074530.886049303,1937274.0396399908,1416971.6485052234,1007681.7692496756,1233399.1722998212,946592.1751690492,1119647.4378731167,950317.2199728691,1054483.20123388,1063303.9182872565,1109565.221731716
2017-10-04,1064434.0752472265,1052971.2105130258,1076206.6820294582,1955855.786719551,1416971.6485052234,1007681.7692496756,1249736.9248588644,946592.1751690492,1119647.4378731167,950317.2199728691,1056695.3378891167,1064706.8992727734,1113127.1897962412
2017-10-05,1064499.4100945457,1053028.667096247,1076284.7407742653,1985202.9102817671,1416971.6485052234,1007681.7692496756,1250497.9390114392,946592.1751690492,1119647.4378731167,950317.2199728691,1058645.192444419,1064772.250267772,1114141.215775507
2017-10-06,1063452.4652996266,1051856.443011803,1075362.781426686,2000178.0016466847,1416971.6485052234,997243.510983249,1254184.0098858154,946592.1751690492,1119647.4378731167,950317.2199728691,1058917.490830779,1063725.034229311,1112713.6217306177
2017-10-09,1060479.5558385444,1049218.621370763,1071841.489631272,2001972.020184914,1416971.6485052234,996272.6477103712,1221032.9134466294,946592.1751690492,1119647.4378731167,950317.2199728691,1060782.316867583,1060751.3888442828,1112580.841089309
2017-10-10,1063403.1365340357,1051852.5506296288,1075252.2134560922,2018466.6045443404,1416971.6485052234,998882.2794371974,1251116.2077288688,946592.1751690492,1119647.4378731167,950317.2199728691,1060268.8344649652,1063675.6952326158,1112937.748785735
2017-10-11,1062499.502463432,1050928.46395702,1074341.8136871404,2032343.449590496,1416971.6485052234,993511.5106711176,1248761.8605923872,946592.1751690492,1119647.4378731167,950317.2199728691,1060917.7370725935,1062771.83140086,1112203.2126867776
2017-10-12,1062186.6766184564,1050554.97012635,1074096.7136837062,2036231.738753744,1416971.6485052234,989428.3269284796,1251330.2578427712,946592.1751690492,1119647.4378731167,950317.2199728691,1060810.523977491,1062458.9233550136,1111440.8650542863
2017-10-13,1061505.0955657482,1049833.9802277312,1073441.3871472343,2057987.4446487313,1416971.6485052234,984382.071220748,1251068.648596759,946592.1751690492,1119647.4378731167,950317.2199728691,1061482.0183504974,1061777.16781039,1111440.8650542863
2017-10-16,1060490.3814247416,1048941.6232409044,1072229.0584216733,2073809.3698593543,1416971.6485052234,984382.071220748,1239249.3537822394,946592.1751690492,1119647.4378731167,950317.2199728691,1061922.1361899027,1060762.202880112,1111440.8650542863
2017-10-17,1061541.84897293,1049866.3018032007,1073485.2982444474,2075070.4378079483,1416971.6485052234,984382.071220748,1251496.748824564,946592.1751690492,1119647.4378731167,950317.2199728691,1062819.3135196257,1061813.9303012735,1111440.8650542863
2017-10-18,1062338.1046468038,1050566.5426741685,1074436.6239304882,2068185.8831610568,1416971.6485052234,984382.071220748,1260771.4599741616,946592.1751690492,1119647.4378731167,950317.2199728691,1062774.1908362564,1062610.3827718333,1111440.8650542863
2017-10-19,1060737.427173303,1049158.8795014466,1072524.2160876654,2054798.1539375535,1416971.6485052234,984382.071220748,1242126.9194107463,946592.1751690492,1119647.4378731167,950317.2199728691,1061944.6931853455,1061009.3096866806,1111440.8650542863
2017-10-20,1059367.457355565,1047954.1045907632,1070887.445990475,2044970.805431394,1416971.6485052234,984382.071220748,1226169.639908583,946592.1751690492,1119647.4378731167,950317.2199728691,1062181.711140928,1059639.0012772952,1111440.8650542863
2017-10-23,1057717.7831275435,1046503.3528333248,1068916.499323205,2020608.8755852547,1416971.6485052234,984382.071220748,1206954.3897598484,946592.1751690492,1119647.4378731167,950317.2199728691,1057430.499159278,1057988.9193279452,1111440.8650542863
2017-10-24,1058383.0779496157,1047202.079831439,1069546.6363709185,2038166.877508428,1416971.6485052234,988234.7388031866,1207715.3358736075,946592.1751690492,1119647.4378731167,950803.280142144,1058561.5300053146,1058654.44783535,1112071.1544471243
2017-10-25,1056717.47481644,1045759.8973599318,1067458.456030529,2005205.0904333913,1416971.6485052234,986209.7902703076,1187417.9005456711,946592.1751690492,1119647.4378731167,952710.6853423537,1055540.4477021585,1056988.404027021,1112151.984567445
2017-10-26,1056669.6210067817,1045708.8051858292,1067413.8762123573,2015193.1803415893,1416971.6485052234,985884.6824323672,1187417.9005456711,946592.1751690492,1119647.4378731167,952684.9644071294,1055492.5813400454,1056940.5325982105,1112101.7118407178
2017-10-27,1068721.1684209316,1058654.366097835,1077884.5556616012,2090979.0076891389,1416971.6485052234,1043035.9965805012,1187417.9005456711,946592.1751690492,1119647.4378731167,977269.8052959788,1070976.2292767246,1068996.1452562052,1124762.0509144336
2017-10-30,1068721.1684209316,1058654.366097835,1077884.5556616012,2100457.761100874,1416971.6485052234,1043035.9965805012,1187417.9005456711,946592.1751690492,1119647.4378731167,977269.8052959788,1072099.1156406158,1068996.1452562052,1124762.0509144336
2017-10-31,1068721.1684209316,1058654.366097835,1077884.5556616012,2115911.8664506497,1416971.6485052234,1043035.9965805012,1187417.9005456711,946592.1751690492,1119647.4378731167,977269.8052959788,1072206.3287357183,1068996.1452562052,1124762.0509144336
2017-11-01,1068721.1684209316,1058654.366097835,1077884.5556616012,2117297.516354649,1416971.6485052234,1043035.9965805012,1187417.9005456711,946592.1751690492,1119647.4378731167,977269.8052959788,1073375.522651282,1068996.1452562052,1124762.0509144336
2017-11-02,1068721.1684209316,1058654.366097835,1077884.5556616012,2089915.842971149,1416971.6485052234,1043035.9965805012,1187417.9005456711,946592.1751690492,1119647.4378731167,977269.8052959788,1073375.522651282,1068996.1452562052,1124762.0509144336
2017-11-03,1068721.1684209316,1058654.366097835,1077884.5556616012,2112186.2343409588,1416971.6485052234,1043035.9965805012,1187417.9005456711,946592.1751690492,1119647.4378731167,977269.8052959788,1073375.522651282,1068996.1452562052,1124762.0509144336
2017-11-06,1068721.1684209316,1058654.366097835,1077884.5556616012,2115291.039043626,1416971.6485052234,1043035.9965805012,1187417.9005456711,946592.1751690492,1119647.4378731167,977269.8052959788,1073375.522651282,1068996.1452562052,1124762.0509144336
2017-11-07,1068721.1684209316,1058654.366097835,1077884.5556616012,2122095.3648611717,1416971.6485052234,1043035.9965805012,1187417.9005456711,946592.1751690492,1119647.4378731167,977269.8052959788,1073375.522651282,1068996.1452562052,1124762.0509144336
2017-11-08,1068721.1684209316,1058654.366097835,1077884.5556616012,2114072.926775447,1416971.6485052234,1043035.9965805012,1187417.9005456711,946592.1751690492,1119647.4378731167,977269.8052959788,1073375.522651282,1068996.1452562052,1124762.0509144336
2017-11-09,1068721.1684209316,1058654.366097835,1077884.5556616012,2090984.861666844,1416971.6485052234,1043035.9965805012,1187417.9005456711,946592.1751690492,1119647.4378731167,977269.8052959788,1073375.522651282,1068996.1452562052,1124762.0509144336
2017-11-10,1068804.277552072,1058732.1098574707,1077991.120388972,2123524.9373353887,1416971.6485052234,1043035.9965805012,1187417.9005456711,946592.1751690492,1120311.599484905,977269.8052959788,1073375.522651282,1069079.2757709268,1124849.5180663466
2017-11-13,1070295.9309735894,1060127.464898148,1079903.7578815608,2126969.877240971,1416971.6485052234,1043035.9965805012,1187417.9005456711,946592.1751690492,1132232.0578878508,977269.8052959788,1075202.0130300468,1070571.3129877215,1126419.3898076527
2017-11-14,1070603.0349959335,1060414.7428538776,1080297.5347862942,2129082.110145784,1416971.6485052234,1043035.9965805012,1187417.9005456711,946592.1751690492,1134686.2611705458,977269.8052959788,1075511.245300945,1070878.496026459,1126742.5975443595
2017-11-15,1068853.0255505324,1058777.7107754813,1078053.626362678,2106073.3787111053,1416971.6485052234,1043035.9965805012,1187417.9005456711,946592.1751690492,1120701.1661761298,977269.8052959788,1073749.1081893437,1069128.0363120136,1124900.822279594
2017-11-16,1071402.306475124,1061162.414847432,1081322.381829049,2126521.5487444885,1416971.6485052234,1043035.9965805012,1187417.9005456711,946592.1751690492,1141073.5910173552,977269.8052959788,1075413.0830133166,1071677.9731543711,1127408.5506294365
2017-11-17,1071402.306475124,1061162.414847432,1081322.381829049,2118087.7079671267,1416971.6485052234,1043035.9965805012,1187417.9005456711,946592.1751690492,1141073.5910173552,977269.8052959788,1074279.2219911925,1071677.9731543711,1127408.5506294365
2017-11-20,1071402.306475124,1061162.414847432,1081322.381829049,2122819.9867476104,1416971.6485052234,1043035.9965805012,1187417.9005456711,946592.1751690492,1141073.5910173552,977269.8052959788,1074720.9850530939,1071677.9731543711,1127408.5506294365
2017-11-21,1071402.306475124,1061162.414847432,1081322.381829049,2152235.1787539106,1416971.6485052234,1043035.9965805012,1187417.9005456711,946592.1751690492,1141073.5910173552,977269.8052959788,1075766.4859731067,1071677.9731543711,1127408.5506294365
2017-11-22,1072626.9547672365,1062224.178029163,1082753.8267372493,2147514.660943105,1416971.6485052234,1043035.9965805012,1196849.2597935968,946592.1751690492,1141073.5910173552,977269.8052959788,1075810.6660241624,1072906.4622355148,1127408.5506294365
2017-11-24,1071669.7000633825,1061394.2435846066,1081634.9280456752,2166973.0600130297,1416971.6485052234,1043035.9965805012,1189477.173406048,946592.1751690492,1141073.5910173552,977269.8052959788,1075530.8871206346,1071946.2053526754,1127408.5506294365
2017-11-27,1071260.840620479,1061039.764747071,1081157.0277607664,2162952.411945249,1416971.6485052234,1043035.9965805012,1186328.4324060709,946592.1751690492,1141073.5910173552,977269.8052959788,1075187.2863463615,1071536.063629077,1127408.5506294365
2017-11-28,1071020.7146102453,1060831.5768466883,1080876.353581176,2155019.9402905745,1416971.6485052234,1043035.9965805012,1184479.1547956164,946592.1751690492,1141073.5910173552,977269.8052959788,1077214.4850399694,1071295.1845264232,1127408.5506294365
2017-11-29,1074268.8912130096,1063647.7276932527,1084673.0239304586,2052114.904483264,1416971.6485052234,1043035.9965805012,1209494.2719020424,946592.1751690492,1141073.5910173552,977269.8052959788,1071800.4486880023,1074553.548185461,1127408.5506294365
2017-11-30,1072574.446324861,1062016.687542655,1082576.0793917957,2073854.623247859,1425930.269764767,1043035.9965805012,1206220.553625318,946980.8535733988,1123300.7033056505,977269.8052959788,1072189.9179134986,1072862.0732165552,1126860.5549948257
2017-12-01,1067080.3565404925,1056615.348277042,1076770.701276739,2050788.6303304797,1404403.496159113,1043035.9965805012,1212018.269512878,930141.638463323,1118749.5200210211,977269.8052959788,1066626.1813098784,1067336.0060179443,1122577.5533982047
2017-12-04,1050700.7181059665,1041081.5417230906,1058472.6585190007,1990323.4161522223,1342767.663929267,1043035.9965805012,1215341.964400842,917997.073066061,1079149.857363327,964800.9584056792,1056318.0910081926,1050896.4223613988,1110137.4336410835
2017-12-05,1061641.0135574164,1050945.3598519573,1071357.282431203,1998859.003309328,1414909.4386448946,1043035.9965805012,1219090.4247356923,925777.4458206998,1081972.7982404518,969474.7150005734,1054550.8670370101,1061879.74711379,1107969.1936081136
2017-12-06,1065629.132973777,1055351.4604914917,1074672.8346243512,2024246.765430857,1431813.6015201188,1043035.9965805012,1195199.8886281,937374.6492905994,1088375.0724256658,977821.7477558708,1059927.0434644807,1065861.2266786764,1113383.247265122
2017-12-07,1072626.36137723,1062390.3043413125,1081291.198443015,2042702.356590042,1445680.745691261,1043035.9965805012,1200247.9553470688,952023.8677661536,1087787.7006269488,985360.8071447524,1064116.7738476624,1072864.469347219,1118795.8008735306
2017-12-08,1073569.558905027,1063401.9010709752,1082482.6649437873,2049889.6629614297,1443141.4048247635,1043035.9965805012,1190526.7537393738,947930.6753113528,1107405.44817929,988420.9529817366,1066971.3338917748,1073796.8962361175,1121480.4088596175
2017-12-11,1069333.0006888174,1059655.7966509156,1077384.403704217,2070596.307241381,1459243.2750138836,1043035.9965805012,1156090.366189987,948074.2631066132,1093778.7137263168,990068.7992028048,1067369.712460782,1069555.4266665154,1120261.434875061
2017-12-12,1064339.0714708825,1054944.8643652494,1071913.905507791,2061146.500954736,1439839.8394404675,1043035.9965805012,1151209.6330876222,940606.1490403296,1090900.6703334048,988032.965043397,1060166.5228594043,1064552.9035255508,1116450.7430871895
2017-12-13,1065596.1520431652,1056511.1869068616,1072723.3967505996,2048901.9655154035,1416168.9482022782,1043035.9965805012,1154527.4248346705,945417.335782602,1103411.3647599008,989699.7255539576,1059882.053100409,1065796.7384289936,1117101.7339901216
2017-12-14,1068438.9926506337,1059294.902729618,1075714.7177262837,2055917.1005018728,1417641.449702457,1043035.9965805012,1157093.7046994427,945740.5189442764,1113396.461278658,993567.8937581076,1061387.0189097396,1068636.0917101582,1117472.8002016693
2017-12-15,1073432.3572485256,1064359.8014474595,1080499.179792584,2086815.0247665765,1443496.7888147037,1043035.9965805012,1144577.438823814,952167.4002502448,1116685.6537277005,1002812.032244034,1061545.442917245,1073638.859888501,1115271.7651285303
2017-12-18,1080418.2685990892,1070952.2291627612,1087944.9169601642,2113057.8653405653,1467797.2683708423,1043035.9965805012,1154887.5773469375,954465.413397274,1121625.43781153,1011139.9547068392,1065194.918799387,1078962.4233713723,1116605.3990976866
2017-12-19,1080875.1044687396,1070964.6753507194,1089141.1387808989,2090501.1228201753,1467797.2683708423,1043035.9965805012,1172378.7396205603,949761.8068791084,1121625.43781153,1007761.7450017366,1065864.9948103162,1079335.1266341312,1121302.8883290344
2017-12-20,1080229.3186455448,1070162.6147283558,1088739.5257137094,2088323.0570598023,1467797.2683708423,1043035.9965805012,1177151.146837838,943945.2290141666,1121625.43781153,1007627.4746884088,1067374.449639489,1078915.4028156525,1120820.256740202
2017-12-21,1079083.818594555,1069106.0945928923,1087497.5842204844,2084928.3038654455,1467797.2683708423,1043035.9965805012,1171118.1414226687,942365.5420216244,1121625.43781153,1007627.4746884088,1066172.8578879917,1078120.712750687,1120355.8623176953
2017-12-22,1080834.5654827016,1070587.2217956292,1089585.9129615598,2077481.7491162943,1467797.2683708423,1043035.9965805012,1185660.329584757,941467.786434231,1121625.43781153,1007627.4746884088,1068447.541966613,1079353.6115140556,1121973.7237384743
2017-12-26,1080977.2136466084,1070535.5789470293,1090001.3267626893,2074531.9844841373,1467797.2683708423,1043035.9965805012,1193707.8219115236,937123.3706488936,1121625.43781153,1007627.4746884088,1070867.342026221,1079477.6903251202,1124967.3117131947
2017-12-27,1081136.6721588266,1070912.7161281854,1089851.1272511373,2068656.5584033097,1467797.2683708423,1043035.9965805012,1181732.8998075004,942975.7901514814,1121625.43781153,1007627.4746884088,1072018.7942978186,1079230.09489012,1128167.4019085213
2017-12-28,1082226.3766503052,1071898.3972771862,1091056.744636021,2084147.139440798,1467797.2683708423,1043035.9965805012,1191101.2807813138,944052.9751717811,1121625.43781153,1007627.4746884088,1073171.8510657155,1080244.3056413305,1125197.0434192196
2017-12-29,1080175.4439874669,1069911.777608873,1088972.024897236,2059018.388894959,1467797.2683708423,1043035.9965805012,1181002.5891759973,938810.969732558,1121625.43781153,1007627.4746884088,1073008.1325437743,1078559.0003645264,1126072.7837830165
2018-01-02,1086117.812647338,1075774.9778569129,1094861.990248338,2119815.2922164104,1467797.2683708423,1043035.9965805012,1204121.2869638104,956619.6728155352,1121625.43781153,1007627.4746884088,1072035.839955275,1083259.7737057924,1123543.994178979
2018-01-03,1086628.9748423446,1076458.1869917775,1095117.815674778,2183779.022170105,1467797.2683708423,1043035.9965805012,1195860.980891525,962524.9167584396,1121625.43781153,1007627.4746884088,1077313.0363780435,1083360.0188437286,1120755.535037804
2018-01-04,1086022.0986082703,1075933.7775865071,1094411.9784897005,2188444.7191248126,1467797.2683708423,1043035.9965805012,1189237.6773397364,962524.9167584396,1121625.43781153,1007627.4746884088,1078497.8157617175,1082753.470085871,1120755.535037804
2018-01-05,1086474.3724202665,1076324.5930896548,1094938.0028360493,2215798.4757775236,1467797.2683708423,1043035.9965805012,1194173.6866562704,962524.9167584396,1121625.43781153,1007627.4746884088,1077993.0814073873,1083205.4998465949,1120755.535037804
2018-01-08,1089702.1457000573,1079113.7526760148,1098692.1165712017,2266215.3266983293,1467797.2683708423,1043035.9965805012,1229400.8401153511,962524.9167584396,1121625.43781153,1007627.4746884088,1071797.0858873054,1086431.5313890707,1120755.535037804
2018-01-09,1089931.7351065606,1079311.1858341298,1098960.0951560594,2259422.9025084153,1467797.2683708423,1043035.9965805012,1231971.063064112,962524.9167584396,1121625.43781153,1007627.4746884088,1072646.9659063062,1086660.4084265218,1120755.535037804
2018-01-10,1089689.2692437773,1079102.6796937403,1098677.0870688197,2271892.934453726,1467797.2683708423,1043035.9965805012,1229256.6898954725,962524.9167584396,1121625.43781153,1007627.4746884088,1072300.143057097,1086418.6948858055,1120755.535037804
2018-01-11,1089001.1816607595,1078510.9655260718,1097873.945758585,2289676.999496562,1467797.2683708423,1043035.9965805012,1221553.640684441,962524.9167584396,1121625.43781153,1007627.4746884088,1071315.9034890686,1085732.7422980692,1120755.535037804
2018-01-12,1089379.0826786424,1078835.9377996258,1098315.0348381326,2290091.5752589256,1467797.2683708423,1043035.9965805012,1225784.192447755,962524.9167584396,1121625.43781153,1007627.4746884088,1071856.4526048764,1086109.4707662505,1120755.535037804
2018-01-16,1088540.2734106302,1078114.6119973524,1097335.9699760778,2281929.3677380523,1467797.2683708423,1043035.9965805012,1216393.8339677574,962524.9167584396,1121625.43781153,1007627.4746884088,1070656.620938119,1085273.2641521345,1120755.535037804
2018-01-17,1086989.3593337666,1076780.9186496362,1095525.7307064028,2295678.0306056538,1467797.2683708423,1043035.9965805012,1199031.5566196137,962524.9167584396,1121625.43781153,1007627.4746884088,1068438.195495289,1083727.162244996,1120755.535037804
2018-01-18,1087555.117179997,1077267.4365600685,1096186.08777302,2299619.3741948213,1467797.2683708423,1043035.9965805012,1205365.1406554268,962524.9167584396,1121625.43781153,1007627.4746884088,1069247.454769727,1084291.1646601423,1121556.2264981621
2018-01-19,1086364.6177307265,1076243.6782360985,1094796.5273287983,2328824.962134568,1467797.2683708423,1043035.9965805012,1192037.657251027,962524.9167584396,1121625.43781153,1007627.4746884088,1067544.5659331782,1083104.3590875946,1122380.5098561177
2018-01-22,1086028.226578571,1075954.401964412,1094403.8888953172,2373803.091572469,1467797.2683708423,1043035.9965805012,1188271.8029278787,962524.9167584396,1121625.43781153,1007627.4746884088,1067063.392474366,1082769.011688502,1123256.1878948247
2018-01-23,1085759.5436295597,1075723.3506978804,1094090.2800161098,2450121.845790509,1467797.2683708423,1043035.9965805012,1185263.932956846,962524.9167584396,1121625.43781153,1007627.4746884088,1066679.0687397162,1082501.1624078236,1123256.1878948247
2018-01-24,1087266.7729787158,1077019.4777925017,1095849.5301234836,2446287.2951190504,1467797.2683708423,1043035.9965805012,1202137.1655734694,962524.9167584396,1121625.43781153,1007627.4746884088,1068835.007605853,1084003.7151320456,1123256.1878948247
2018-01-25,1089068.902363111,1078569.201279797,1097952.9899020323,2464976.573188883,1467797.2683708423,1043035.9965805012,1222311.7649635188,962524.9167584396,1121625.43781153,1007627.4746884088,1071412.77109208,1085800.2528769078,1123256.1878948247
2018-01-26,1087930.8308366926,1077590.5278338252,1096624.6237471593,2513348.115570931,1467797.2683708423,1043035.9965805012,1209571.2052004244,962524.9167584396,1121625.43781153,1007627.4746884088,1069784.8750869879,1084665.7125540718,1123256.1878948247
2018-01-29,1086471.6546880142,1076335.7236176084,1094921.461718317,2546383.1919407705,1467797.2683708423,1043035.9965805012,1193235.9217884731,962524.9167584396,1121625.43781153,1007627.4746884088,1067697.6714552136,1083211.063931058,1123256.1878948247
2018-01-30,1087282.065758215,1077032.6286682277,1095867.3799775825,2522614.853328578,1467797.2683708423,1043035.9965805012,1202308.366211242,962524.9167584396,1121625.43781153,1007627.4746884088,1068856.882377408,1084018.9604611725,1123256.1878948247
2018-01-31,1085427.5147005713,1075437.8256772186,1093702.733204272,2529465.87140214,1467797.2683708423,1043035.9965805012,1181546.9131433684,962524.9167584396,1121625.43781153,1007627.4746884088,1066204.1349991488,1082170.1636968106,1123256.1878948247
2018-02-01,1086532.8195564076,1076388.3217462264,1094992.8538401255,2491966.5543963197,1467797.2683708423,1043035.9965805012,1193920.654376082,962524.9167584396,1121625.43781153,1007627.4746884088,1067785.1616020089,1083272.0390173532,1123256.1878948247
2018-02-02,1087734.2308132,1077421.4635720428,1096395.1506330424,2457072.916831472,1467797.2683708423,1043035.9965805012,1207370.2940181403,962524.9167584396,1121625.43781153,1007627.4746884088,1069503.6586735942,1084469.7225403117,1123256.1878948247
2018-02-05,1085788.1906254478,1074811.830300234,1096030.872851064,2318507.806634923,1467797.2683708423,1043035.9965805012,1233340.4582758497,962524.9167584396,1121625.43781153,983460.412739392,1068565.4666353543,1082468.5940013756,1118793.3260633326
2018-02-06,1092055.4396904353,1080278.3850902934,1105346.951826311,2405241.445948859,1567969.8827794986,1043035.9965805012,1231286.330476503,985942.6639732583,1121625.43781153,965331.6402890928,1076923.0582919866,1088787.7423614557,1133164.9954668307
2018-02-07,1084256.1444904162,1072268.5909432964,1098979.5111586708,2403287.900192322,1583384.9622096284,1043035.9965805012,1204313.5895374366,967508.1418907054,1121625.43781153,946993.5540969966,1072909.6464767812,1080895.2555432026,1131775.2337557685
2018-02-08,1076945.22087372,1063960.1205924535,1093136.0534981347,2274280.2119845846,1529384.1968922634,1043035.9965805012,1263993.2068645405,940526.4749247368,1121625.43781153,918700.1573632384,1066142.2630898238,1073354.3809920712,1117014.0758141887
2018-02-09,1072951.1793222816,1059712.936926328,1091527.6518599424,2334687.0626250934,1599087.410209638,1043035.9965805012,1227710.206414997,915379.8363425396,1121625.43781153,914632.506076188,1063234.2444536043,1069364.6981734901,1118260.343111924
2018-02-12,1071632.2466839696,1058568.368565112,1089625.2171747815,2352523.759293026,1579698.8702929914,1043035.9965805012,1225651.5732794297,915379.8363425396,1121625.43781153,914632.506076188,1065793.159960225,1068030.2200685078,1126483.7705479274
2018-02-13,1074738.1808809922,1061220.4049040447,1093675.4544801328,2377697.143814363,1601720.650322427,1043035.9965805012,1246182.623914802,915379.8363425396,1121625.43781153,914632.506076188,1067519.1258913209,1071161.6432031218,1128251.3726279899
2018-02-14,1076897.0007204004,1063112.775204838,1096977.4660336792,2443822.24709343,1643801.4969315622,1043035.9965805012,1242687.4127821133,915379.8363425396,1121625.43781153,914632.506076188,1070252.023343873,1073350.7746341985,1139520.063665736
2018-02-15,1080607.5505311673,1066264.7300195892,1101653.927880343,2504073.196245254,1661189.0506754487,1043035.9965805012,1273134.5491022626,915379.8363425396,1121625.43781153,914632.506076188,1075968.387803407,1077087.578519997,1150035.729395353
2018-02-16,1080932.4681484925,1066537.9451530764,1102035.741569296,2486768.2053212593,1661189.0506754487,1043035.9965805012,1276810.9429253798,915379.8363425396,1121625.43781153,914632.506076188,1076967.5110953825,1077414.0788578917,1148135.8439391456
2018-02-20,1080767.7245991696,1066399.4164048051,1101842.1499049969,2509536.5838354863,1661189.0506754487,1043035.9965805012,1274946.894517926,915379.8363425396,1121625.43781153,914632.506076188,1078128.979865435,1077248.5328189828,1149934.7406853447
2018-02-21,1080431.3570924045,1066116.5733444062,1101446.881345356,2494112.068373806,1661189.0506754487,1043035.9965805012,1271140.9469231167,915379.8363425396,1121625.43781153,914632.506076188,1079459.575417393,1076910.526817585,1156221.8478924744
2018-02-22,1083376.2437796209,1068592.8552277235,1104907.444853272,2503485.381874972,1661189.0506754487,1043035.9965805012,1304461.8955247672,915379.8363425396,1121625.43781153,914632.506076188,1081929.7119296703,1079869.7584725306,1159115.0591471724
2018-02-23,1083656.5996252603,1068828.5994770534,1105236.8935933074,2549412.2137345853,1661189.0506754487,1043035.9965805012,1307634.079623827,915379.8363425396,1121625.43781153,914632.506076188,1084907.6058748292,1080151.4799719236,1166033.6578566532
2018-02-26,1083656.5996252603,1068828.5994770534,1105236.8935933074,2581671.2025444894,1661189.0506754487,1043035.9965805012,1307634.079623827,915379.8363425396,1121625.43781153,914632.506076188,1087463.114336112,1080151.4799719236,1171191.5689653147
2018-02-27,1083656.5996252603,1068828.5994770534,1105236.8935933074,2554838.0628595217,1661189.0506754487,1043035.9965805012,1307634.079623827,915379.8363425396,1121625.43781153,914632.506076188,1083175.5593431846,1080151.4799719236,1167001.8140399624
2018-02-28,1083656.5996252603,1068828.5994770534,1105236.8935933074,2527537.4868517313,1661189.0506754487,1043035.9965805012,1307634.079623827,915379.8363425396,1121625.43781153,914632.506076188,1080950.7444573997,1080151.4799719236,1163406.529476045
2018-03-01,1083656.5996252603,1068828.5994770534,1105236.8935933074,2465321.911054729,1661189.0506754487,1043035.9965805012,1307634.079623827,915379.8363425396,1121625.43781153,914632.506076188,1075628.5663151415,1080151.4799719236,1157988.4755939841
2018-03-02,1083656.5996252603,1068828.5994770534,1105236.8935933074,2508496.7812427543,1661189.0506754487,1043035.9965805012,1307634.079623827,915379.8363425396,1121625.43781153,914632.506076188,1079765.2522717582,1080151.4799719236,1164770.8164164193
2018-03-05,1083656.5996252603,1068828.5994770534,1105236.8935933074,2541754.588990193,1661189.0506754487,1043035.9965805012,1307634.079623827,915379.8363425396,1121625.43781153,914632.506076188,1081286.2266718852,1080151.4799719236,1169226.3427692992
2018-03-06,1083656.5996252603,1068828.5994770534,1105236.8935933074,2582667.1801134134,1661189.0506754487,1043035.9965805012,1307634.079623827,915379.8363425396,1121625.43781153,914632.506076188,1083883.1283515708,1080151.4799719236,1171094.3335213275
2018-03-07,1083656.5996252603,1068828.5994770534,1105236.8935933074,2588490.2665863144,1661189.0506754487,1043035.9965805012,1307634.079623827,915379.8363425396,1121625.43781153,914632.506076188,1087581.3305548609,1080151.4799719236,1176360.5739871226
2018-03-08,1083656.5996252603,1068828.5994770534,1105236.8935933074,2579228.982568982,1661189.0506754487,1043035.9965805012,1307634.079623827,915379.8363425396,1121625.43781153,914632.506076188,1089042.7997247227,1080151.4799719236,1176718.3334732114
2018-03-09,1083656.5996252603,1068828.5994770534,1105236.8935933074,2635777.010386355,1661189.0506754487,1043035.9965805012,1307634.079623827,915379.8363425396,1121625.43781153,914632.506076188,1094770.6802037368,1080151.4799719236,1181586.7776269119
2018-03-12,1083656.5996252603,1068828.5994770534,1105236.8935933074,2653758.7818281916,1661189.0506754487,1043035.9965805012,1307634.079623827,915379.8363425396,1121625.43781153,914632.506076188,1100840.8672550898,1080151.4799719236,1186503.3800574914
2018-03-13,1083656.5996252603,1068828.5994770534,1105236.8935933074,2621231.336811113,1661189.0506754487,1043035.9965805012,1307634.079623827,915379.8363425396,1121625.43781153,914632.506076188,1095248.651420615,1080151.4799719236,1184340.4967445824
2018-03-14,1083656.5996252603,1068828.5994770534,1105236.8935933074,2628722.1081724283,1661189.0506754487,1043035.9965805012,1307634.079623827,915379.8363425396,1121625.43781153,914632.506076188,1093525.8007318315,1080151.4799719236,1182380.4501912072
2018-03-15,1083656.5996252603,1068828.5994770534,1105236.8935933074,2627148.2352451216,1661189.0506754487,1043035.9965805012,1307634.079623827,915379.8363425396,1121625.43781153,914632.506076188,1093720.7844960296,1080151.4799719236,1182187.53937147
2018-03-16,1083656.5996252603,1068828.5994770534,1105236.8935933074,2618683.5992873413,1661189.0506754487,1043035.9965805012,1307634.079623827,915379.8363425396,1121625.43781153,914632.506076188,1090386.5406403742,1080151.4799719236,1182187.53937147
2018-03-19,1083656.5996252603,1068828.5994770534,1105236.8935933074,2537083.3718964965,1661189.0506754487,1043035.9965805012,1307634.079623827,915379.8363425396,1121625.43781153,914632.506076188,1080680.8702624212,1080151.4799719236,1181337.6410029153
2018-03-20,1083346.425031911,1068467.0679322346,1105012.087002949,2574700.378721548,1661189.0506754487,1043035.9965805012,1307634.079623827,917094.8828314363,1121625.43781153,911328.3835130228,1081691.350053299,1079846.3132718848,1180455.0701380465
2018-03-21,1083836.2682507955,1068952.9728954774,1105437.291142433,2574385.0027128374,1661189.0506754487,1043035.9965805012,1307634.079623827,921613.4604901148,1121625.43781153,909831.439792984,1083274.5705836976,1080347.7185790045,1182626.1207454114
2018-03-22,1074913.4026826248,1059326.2399911033,1098331.907554014,2502393.714093608,1661189.0506754487,1043035.9965805012,1307634.079623827,905215.5620946554,1121625.43781153,875858.2476207351,1070458.7064963405,1071391.816122565,1173178.9571571976
2018-03-23,1068885.775781294,1053179.6006297148,1092678.2511237117,2428578.1283382275,1661189.0506754487,1043035.9965805012,1307634.079623827,885173.8359710122,1104953.0064809667,869300.6269344173,1055702.3546636067,1065320.6768456013,1164582.4745776136
2018-03-26,1068537.4247156272,1052382.1645534374,1094420.3183142554,2527496.8032360855,1661189.0506754487,1053919.695599788,1307634.079623827,849777.6587612631,1152166.283272862,869300.6269344173,1066970.187642818,1064871.0578345894,1167414.5968260271
2018-03-27,1060721.72485298,1044795.164459192,1085680.7836015986,2368614.0200807955,1661189.0506754487,1027191.629115478,1307634.079623827,849777.6587612631,1104344.9106959898,869300.6269344173,1046377.6104025678,1057068.6062769399,1142485.1983119212
2018-03-28,1053189.4203716265,1037553.759892976,1076902.5745510608,2295761.2710011606,1638536.3047755794,1003465.9281624176,1307634.079623827,849777.6587612631,1068053.1863770112,869300.6269344173,1038808.1198397772,1049551.1677107837,1125876.6812234807
2018-03-29,1058204.39980288,1042298.8594738168,1083235.0147176452,2377130.7101841033,1714337.805451971,1022299.2909563878,1307634.079623827,849777.6587612631,1052312.223328788,869300.6269344173,1048580.091297652,1054566.1424244302,1137702.5410724988
2018-04-02,1049349.4343526757,1033775.0652088996,1072800.6018030248,2272210.4058749033,1636315.2364537911,986447.684490766,1307634.079623827,849777.6587612631,1052312.223328788,869300.6269344173,1038789.7340427755,1045705.5266870428,1120758.5866500072
2018-04-03,1051779.0763192093,1036087.3664411566,1075792.6582197442,2312849.99618822,1668146.3062010854,995992.2518553413,1307634.079623827,849777.6587612631,1047060.6588775894,869300.6269344173,1041479.2946056355,1048135.7879195921,1125455.1794418213
2018-04-04,1054512.9750218564,1038729.9198048906,1078946.8996680994,2346381.3220056854,1674734.9988293191,1004804.1240246682,1307634.079623827,849777.6587612631,1060012.5356261632,869300.6269344173,1045846.0496065762,1050870.098999324,1126251.8574529067
2018-04-05,1056548.806401976,1040946.647089692,1080143.6603322208,2369346.763742719,1638758.840661523,1024397.62196442,1307634.079623827,849777.6587612631,1072374.6146800271,869300.6269344173,1048926.5288809226,1052922.4108817973,1131484.9586200211
2018-04-06,1050701.0075170775,1035295.0772496292,1073373.0185898328,2310332.881276738,1606028.1246770872,1002263.2863564064,1307634.079623827,849777.6587612631,1059791.3732097235,869300.6269344173,1039307.60829209,1047071.3819026632,1123990.2095573186
2018-04-09,1052185.138773298,1036796.7448790242,1074786.8492455457,2312258.8177242135,1593739.0040510106,1002667.7497861256,1307634.079623827,849777.6587612631,1062445.6503411448,869300.6269344173,1043041.2024309096,1048560.0383060875,1126137.1333130011
2018-04-10,1054254.2853555607,1038628.4560026986,1077886.4824317717,2404756.664472645,1686222.060285278,1017008.3778520572,1307634.079623827,849777.6587612631,1082451.0518807406,869300.6269344173,1043041.2024309096,1050622.056043848,1127203.4431029554
2018-04-11,1053977.8593024265,1038383.7499578298,1077472.389309913,2402568.912631734,1673866.857209874,1012645.313003303,1307634.079623827,845780.5562908553,1096214.029369384,869300.6269344173,1043041.2024309096,1050346.5823632358,1127203.4431029554
2018-04-12,1055361.684570159,1039608.7806820212,1079545.394074569,2441109.2381063267,1735718.632792716,1022851.280806712,1307634.079623827,854174.2908303248,1109927.7867356748,869300.6269344173,1043041.2024309096,1051725.6399285558,1127203.4431029554
2018-04-13,1054848.5466819971,1039154.5255868132,1078776.7007200762,2435787.5548474668,1712783.3025586808,1014424.777850264,1307634.079623827,851947.3191962441,1115826.2324458405,869300.6269344173,1043041.2024309096,1051214.2699577778,1127203.4431029554
2018-04-16,1054846.886859224,1039153.0562294158,1078774.214264165,2426910.1331637935,1712709.1147344897,1019520.6104958516,1307634.079623827,850885.2908003628,1106315.029754967,869300.6269344173,1043041.2024309096,1051212.6158536032,1127203.4431029554
2018-04-17,1055147.8147075064,1039419.4524779211,1079225.011686248,2523229.6373679377,1726159.4557367854,1049177.3415230135,1307634.079623827,837763.8595121657,1175817.8738797582,858658.8526011159,1043041.2024309096,1051512.5069131653,1127203.4431029554
2018-04-18,1055147.8147075064,1039419.4524779211,1079225.011686248,2522185.10885989,1726159.4557367854,1060601.3461170166,1307634.079623827,845643.5476084666,1175374.6228882438,860826.9540082717,1043041.2024309096,1051512.5069131653,1127203.4431029554
2018-04-19,1055147.8147075064,1039419.4524779211,1079225.011686248,2510727.0404171944,1726159.4557367854,1071056.5454296696,1307634.079623827,839682.4032803451,1175374.6228882438,853148.629562606,1043041.2024309096,1051512.5069131653,1127203.4431029554
2018-04-20,1055147.8147075064,1039419.4524779211,1079225.011686248,2480615.356285142,1726159.4557367854,1071056.5454296696,1307634.079623827,845917.6177500861,1175374.6228882438,859772.8931449006,1043041.2024309096,1051512.5069131653,1127203.4431029554
2018-04-23,1055147.8147075064,1039419.4524779211,1079225.011686248,2438119.725959012,1726159.4557367854,1071056.5454296696,1307634.079623827,847425.0826942573,1175374.6228882438,861689.7612904077,1043041.2024309096,1051512.5069131653,1127203.4431029554
2018-04-24,1055147.8147075064,1039419.4524779211,1079225.011686248,2373676.481721487,1726159.4557367854,1071056.5454296696,1307634.079623827,868494.8119736342,1175374.6228882438,889634.3196320386,1043041.2024309096,1051512.5069131653,1127203.4431029554
2018-04-25,1055147.8147075064,1039419.4524779211,1079225.011686248,2353040.489822059,1726159.4557367854,1071056.5454296696,1307634.079623827,874187.5858696767,1175374.6228882438,889443.1501737775,1043041.2024309096,1051512.5069131653,1127203.4431029554
2018-04-26,1055147.8147075064,1039419.4524779211,1079225.011686248,2441329.5997467134,1726159.4557367854,1071056.5454296696,1307634.079623827,874187.5858696767,1175374.6228882438,878346.2363134532,1043041.2024309096,1051512.5069131653,1127203.4431029554
2018-04-27,1056210.832255052,1040503.916635388,1080140.2833578538,2457421.0749085452,1726159.4557367854,1071056.5454296696,1307634.079623827,888996.7354737327,1175374.6228882438,884823.0743839316,1044121.7388791328,1052601.8191923297,1127203.4431029554
2018-04-30,1056774.4177674504,1041078.8726079162,1080625.5376748843,2446508.5995443333,1726159.4557367854,1071056.5454296696,1307634.079623827,896848.1789302019,1175374.6228882438,891851.4647329968,1044694.6124777326,1053179.3455186186,1127203.4431029554
2018-05-01,1056115.1276124602,1040406.281130844,1080057.8804394752,2472568.347216936,1726159.4557367854,1071056.5454296696,1307634.079623827,887663.4513965183,1175374.6228882438,879744.2339557463,1044024.4569905853,1052503.7472060404,1127203.4431029554
2018-05-02,1055331.7714345157,1039607.1205718552,1079383.400775329,2467519.776762619,1726159.4557367854,1071056.5454296696,1307634.079623827,876750.3306684267,1175374.6228882438,887772.0893581004,1043228.1908290676,1051701.0139815847,1127203.4431029554
2018-05-03,1056058.415772559,1040348.4251172538,1080009.050821727,2472708.309221515,1726159.4557367854,1071056.5454296696,1307634.079623827,886873.385302723,1175374.6228882438,887635.5157099215,1043966.8105197429,1052445.6325458246,1127203.4431029554
2018-05-04,1055140.3566889202,1039411.8439921902,1079218.5902370876,2528658.920571463,1726159.4557367854,1071056.5454296696,1307634.079623827,874083.6864437019,1175374.6228882438,874146.6071473208,1043033.6215015709,1051504.8644135257,1127203.4431029554
2018-05-07,1054658.2896685195,1038920.0511649428,1078803.5243817717,2589435.011481087,1726159.4557367854,1071056.5454296696,1307634.079623827,867367.8964355545,1175374.6228882438,869526.4472345009,1042543.6098482057,1051010.8730152512,1127203.4431029554
2018-05-08,1054321.5733573765,1038576.5415290832,1078513.607341673,2595445.983419477,1726159.4557367854,1071056.5454296696,1307634.079623827,862677.0216354501,1175374.6228882438,870001.5737912703,1042201.3443345819,1050665.8277117468,1127203.4431029554
2018-05-09,1052995.8835908629,1037224.1056835756,1077372.1715380696,2640909.813716126,1726159.4557367854,1071056.5454296696,1307634.079623827,844208.5230427489,1175374.6228882438,853421.5665515291,1040853.806737426,1049307.3457710114,1127203.4431029554
2018-05-10,1051978.5978988388,1036186.2960317492,1076496.275577566,2662150.355605334,1726159.4557367854,1071056.5454296696,1307634.079623827,830036.4747656217,1175374.6228882438,844399.8402736525,1039941.3863623458,1048264.8965675167,1127203.4431029554
2018-05-11,1051461.081883191,1035658.339018075,1076050.6876850438,2633556.8159733303,1726159.4557367854,1071056.5454296696,1307634.079623827,822826.8363961304,1175374.6228882438,845541.2207839651,1039941.3863623458,1047734.5793099971,1127203.4431029554
2018-05-14,1051585.142445733,1035784.9025294142,1076157.5054122966,2632754.7005854575,1726159.4557367854,1071056.5454296696,1307634.079623827,824555.1535202424,1175374.6228882438,843782.7561983725,1039941.3863623458,1047861.7086263942,1127203.4431029554
2018-05-15,1052407.4859659558,1036623.8370087796,1076865.5536755882,2572679.6779932054,1726159.4557367854,1071056.5454296696,1307634.079623827,836011.4161614572,1175374.6228882438,855649.7738235595,1039941.3863623458,1048704.393581443,1127203.4431029554
2018-05-16,1052804.4852265038,1037028.8458156418,1077207.3751042816,2580534.405493384,1726159.4557367854,1071056.5454296696,1307634.079623827,841542.1070289117,1175374.6228882438,856075.7305020654,1039941.3863623458,1049111.212989394,1127203.4431029554
2018-05-17,1052605.993786848,1036826.3497680764,1077036.4714421616,2578731.479373605,1726159.4557367854,1071056.5454296696,1307634.079623827,838776.8757006285,1175374.6228882438,857621.2377791485,1039941.3863623458,1048907.8116786391,1127203.4431029554
2018-05-18,1052988.8014363905,1037216.8806450984,1077366.0737127066,2558291.169202314,1726159.4557367854,1071056.5454296696,1307634.079623827,844109.8598688943,1175374.6228882438,865227.2823617018,1039941.3863623458,1049300.0884328352,1127203.4431029554
2018-05-21,1052347.2357790235,1036562.3712612392,1076813.6774959003,2580374.918881812,1726159.4557367854,1071056.5454296696,1307634.079623827,835172.0565158828,1175374.6228882438,865227.2823617018,1039941.3863623458,1048642.6530498795,1127203.4431029554
2018-05-22,1052591.8021758422,1036811.871838236,1077024.2522840134,2562841.102720229,1726159.4557367854,1071056.5454296696,1307634.079623827,838579.1690014397,1175374.6228882438,865227.2823617018,1039941.3863623458,1048893.269024884,1127203.4431029554
2018-05-23,1051492.9816105838,1035690.8823293974,1076078.153757342,2618772.5988990553,1726159.4557367854,1071056.5454296696,1307634.079623827,823271.2390651032,1175374.6228882438,865227.2823617018,1039941.3863623458,1047767.2681069333,1127203.4431029554
2018-05-24,1051836.8073782604,1036041.6448566196,1076374.1921302257,2625079.995016805,1726159.4557367854,1071056.5454296696,1307634.079623827,828061.1573905417,1175374.6228882438,865227.2823617018,1039941.3863623458,1048119.5987260166,1127203.4431029554
2018-05-25,1052194.8247569427,1036406.885313682,1076682.449661258,2634948.9409466167,1726159.4557367854,1071056.5454296696,1307634.079623827,833048.7824151691,1175374.6228882438,865227.2823617018,1039941.3863623458,1048486.471998855,1127203.4431029554
2018-05-29,1051904.150640489,1036110.3467837916,1076432.1755382456,2631749.4187458544,1726159.4557367854,1071056.5454296696,1307634.079623827,828999.3323505628,1175374.6228882438,865227.2823617018,1039941.3863623458,1048188.6077867176,1127203.4431029554
2018-05-30,1051220.0538334025,1035412.4481750284,1075843.1594588703,2668474.2657838985,1726159.4557367854,1071056.5454296696,1307634.079623827,819469.0174623526,1175374.6228882438,865227.2823617018,1039941.3863623458,1047487.5892063404,1127203.4431029554
2018-05-31,1049763.2377311103,1033926.2404914356,1074588.8222071046,2668965.3531640805,1726159.4557367854,1071056.5454296696,1307634.079623827,799173.7667825726,1175374.6228882438,865227.2823617018,1039941.3863623458,1045994.7373974731,1127203.4431029554
2018-06-01,1049220.4223497824,1033372.4736918836,1074121.4512379342,2723034.691356159,1726159.4557367854,1071056.5454296696,1307634.079623827,791611.6769487516,1175374.6228882438,865227.2823617018,1039941.3863623458,1045438.4949708405,1127203.4431029554
2018-06-04,1049220.4223497824,1033372.4736918836,1074121.4512379342,2764994.479162304,1726159.4557367854,1071056.5454296696,1307634.079623827,791611.6769487516,1175374.6228882438,865227.2823617018,1039941.3863623458,1045438.4949708405,1127203.4431029554
2018-06-05,1049220.4223497824,1033372.4736918836,1074121.4512379342,2774485.742804865,1726159.4557367854,1071056.5454296696,1307634.079623827,791611.6769487516,1175374.6228882438,865227.2823617018,1039941.3863623458,1045438.4949708405,1127203.4431029554
2018-06-06,1049220.4223497824,1033372.4736918836,1074121.4512379342,2797140.5941553386,1726159.4557367854,1071056.5454296696,1307634.079623827,791611.6769487516,1175374.6228882438,865227.2823617018,1039941.3863623458,1045438.4949708405,1127203.4431029554
2018-06-07,1049172.5362480327,1033332.3389056846,1074064.515285445,2766645.925928195,1726159.4557367854,1071056.5454296696,1306249.5351909725,791611.6769487516,1175374.6228882438,865227.2823617018,1037903.8697171911,1045390.3861577048,1127151.5716441644
2018-06-08,1048948.221996143,1033144.3343654925,1073797.8085559006,2763938.2266574902,1726159.4557367854,1071056.5454296696,1299763.8736458323,791611.6769487516,1175374.6228882438,865227.2823617018,1038036.8016115859,1045165.0286524249,1126908.58866898
2018-06-11,1046991.3290847256,1031504.2033933538,1071471.088322676,2777860.02150455,1726159.4557367854,1071056.5454296696,1243183.6742308852,791611.6769487516,1175374.6228882438,865227.2823617018,1035831.4382687622,1043199.0345129471,1124673.7882218396
2018-06-12,1047187.3232300554,1031668.9535548176,1071704.0818244815,2802893.44262805,1726159.4557367854,1071056.5454296696,1248583.5791965236,791611.6769487516,1175374.6228882438,865227.2823617018,1036025.3433105801,1043394.3187502645,1122657.0677291278
2018-06-13,1046924.5380471012,1031448.0597049064,1071391.6886155102,2832578.3107226905,1726159.4557367854,1071056.5454296696,1241343.4904074229,791611.6769487516,1175374.6228882438,865227.2823617018,1035765.3591574609,1043132.4853983284,1122657.0677291278
2018-06-14,1045232.7616463596,1030025.974189477,1069380.5422763284,2896467.0364179686,1726159.4557367854,1071056.5454296696,1194732.752256326,791611.6769487516,1175374.6228882438,865227.2823617018,1033906.7888234442,1041446.8367603323,1122657.0677291278
2018-06-15,1044864.8600437077,1029716.72082715,1068943.1889942822,2885917.584583198,1726159.4557367854,1071056.5454296696,1184596.5633018827,791611.6769487516,1175374.6228882438,865227.2823617018,1033906.7888234442,1041080.2677296052,1122657.0677291278
2018-06-18,1044864.8600437077,1029716.72082715,1068943.1889942822,2903901.3368701395,1726159.4557367854,1071056.5454296696,1184596.5633018827,791611.6769487516,1175374.6228882438,865227.2823617018,1033906.7888234442,1041080.2677296052,1122657.0677291278
2018-06-19,1044864.8600437077,1029716.72082715,1068943.1889942822,2897220.481460855,1726159.4557367854,1071056.5454296696,1184596.5633018827,791611.6769487516,1175374.6228882438,865227.2823617018,1033906.7888234442,1041080.2677296052,1122657.0677291278
2018-06-20,1044864.8600437077,1029716.72082715,1068943.1889942822,2944748.615990298,1726159.4557367854,1071056.5454296696,1184596.5633018827,791611.6769487516,1175374.6228882438,865227.2823617018,1033906.7888234442,1041080.2677296052,1122657.0677291278
2018-06-21,1044864.8600437077,1029716.72082715,1068943.1889942822,2903093.961808704,1726159.4557367854,1071056.5454296696,1184596.5633018827,791611.6769487516,1175374.6228882438,865227.2823617018,1033906.7888234442,1041080.2677296052,1122657.0677291278
2018-06-22,1044864.8600437077,1029716.72082715,1068943.1889942822,2859081.454699804,1693492.3810750814,1071056.5454296696,1184596.5633018827,791611.6769487516,1175374.6228882438,865227.2823617018,1033906.7888234442,1041080.2677296052,1122657.0677291278
2018-06-25,1044864.8600437077,1029716.72082715,1068943.1889942822,2742346.2326687956,1672933.925643057,1071056.5454296696,1184596.5633018827,791611.6769487516,1175374.6228882438,865227.2823617018,1033906.7888234442,1041080.2677296052,1121415.2971132202
2018-06-26,1044199.2920716172,1029125.5369230156,1067961.3192357852,2794810.4376496985,1663713.960093168,1071056.5454296696,1184596.5633018827,791611.6769487516,1175374.6228882438,865227.2823617018,1033248.2010279477,1040417.1105031795,1123290.605481562
2018-06-27,1039382.9043927717,1024318.5220838411,1062764.568986966,2743140.8365039686,1635019.6443138206,1071056.5454296696,1184596.5633018827,791611.6769487516,1175374.6228882438,854828.3154311934,1031198.5484484293,1035646.0581704716,1116759.1788820967
2018-06-28,1042399.860778592,1027252.4243036726,1066298.296324259,2787188.034583901,1658542.6970074405,1071056.5454296696,1184596.5633018827,791611.6769487516,1175374.6228882438,859824.6540846459,1032878.8145332658,1038638.6867249656,1122476.6473463443
2018-06-29,1041414.6663793396,1026439.5760278378,1064620.3081099072,2757742.8543458423,1640420.2130915525,1071056.5454296696,1184596.5633018827,791611.6769487516,1175374.6228882438,861048.3773176738,1031584.3143893656,1037653.7787680156,1122052.6281591011
2018-07-02,1044910.5074114468,1029878.3881771024,1068573.4641202036,2793107.399934828,1664858.1910780468,1071056.5454296696,1184596.5633018827,791611.6769487516,1175374.6228882438,867608.6773597688,1033329.9341491609,1041119.362871487,1124575.357699755
2018-07-03,1039664.4439191628,1024551.5501982024,1063241.4181769546,2723299.3041131925,1640145.3113544327,1071056.5454296696,1184596.5633018827,791611.6769487516,1175374.6228882438,854493.1612939959,1031564.6779896364,1035927.4768173477,1119192.1576631234
2018-07-05,1043386.8122102808,1028572.9626848376,1066843.4377803109,2772447.5808166903,1667100.9686382608,1071056.5454296696,1172031.216875377,791611.6769487516,1175374.6228882438,867192.2962513973,1033490.137126187,1039588.3950217179,1122756.768305113
2018-07-06,1046672.7762523184,1031851.4284690578,1070428.870858487,2818784.5850400347,1688152.7333595194,1071056.5454296696,1171376.774688536,791611.6769487516,1175374.6228882438,874194.4366017838,1034993.877595071,1042842.9529256065,1127235.544786126
2018-07-09,1051975.406620251,1036743.367839294,1076264.9742880373,2863891.498397354,1696939.1619447726,1071056.5454296696,1195565.0673719412,791611.6769487516,1175374.6228882438,880388.961072676,1035621.4975792171,1048136.5365748487,1134698.2543686985
2018-07-10,1054528.0301926257,1038952.2379763364,1079693.6252895067,2874758.2474116716,1715245.3555075498,1071056.5454296696,1205532.3486180948,791611.6769487516,1175374.6228882438,880317.9412461707,1036929.1202158967,1050691.1373853262,1136381.874663278
2018-07-11,1052109.5490147206,1036964.2439580432,1076033.5092694908,2859006.6160564627,1689068.012110108,1071056.5454296696,1196697.739154162,791611.6769487516,1175374.6228882438,882511.5778697046,1035059.256517731,1048265.7539806954,1136814.8838821107
2018-07-12,1056615.9217525164,1041767.750734086,1080103.312408326,2884529.6844327194,1706001.0224537165,1071056.5454296696,1191034.5242664265,791611.6769487516,1175374.6228882438,897642.7899144081,1036268.7918346445,1052708.9539180766,1143319.6076670857
2018-07-13,1056671.5776556898,1041788.2067301658,1079991.0486985482,2853538.6664552744,1697260.013184721,1071056.5454296696,1196471.1903953808,791611.6769487516,1175374.6228882438,897661.3361694285,1035644.4161801225,1052770.376229966,1144511.5462528048
2018-07-16,1053533.4896132003,1039122.3264251516,1076136.9892040156,2850831.9146674923,1692134.1694152525,1071056.5454296696,1174397.1607627738,791611.6769487516,1175374.6228882438,897661.3361694285,1035278.2740150648,1049619.2213030271,1140374.9502600261
2018-07-17,1059320.9626290605,1044088.5756981804,1083561.7876512809,2856826.226098602,1717259.004104617,1071056.5454296696,1206086.1184702965,791611.6769487516,1175374.6228882438,897661.3361694285,1037072.9563705191,1055420.8074755096,1147058.2863196936
2018-07-18,1057362.2965823691,1042278.16158336,1080948.090293483,2841802.423579771,1708151.9893727005,1071056.5454296696,1209005.8322098944,791611.6769487516,1161836.9312569008,897661.3361694285,1036422.4367212435,1053472.55696065,1145627.0649222715
2018-07-19,1053569.388577012,1038868.9766952684,1076298.8341598825,2808903.5210076934,1709661.8723627864,1071056.5454296696,1199894.3378198612,791611.6769487516,1139433.5720459693,897661.3361694285,1036530.288589509,1049683.4496412603,1139426.7212225508
2018-07-20,1050004.578174475,1035759.0400884504,1071875.0003466385,2796446.0821961327,1704444.836503087,1071056.5454296696,1183156.301981569,791611.6769487516,1130589.6549165295,897661.3361694285,1036157.6325175015,1046113.0826240759,1136101.3388568864
2018-07-23,1046239.4193063448,1032558.4742604858,1067238.2028713706,2787366.9225515486,1697671.7030571862,1071056.5454296696,1157029.958838827,791611.6769487516,1130589.6549165295,897661.3361694285,1035673.8234402764,1042332.6427499307,1134858.1689194408
2018-07-24,1044186.9791806752,1030815.3492979883,1064720.497700235,2793770.13069843,1694468.0507012685,1071056.5454296696,1142506.9303976567,791611.6769487516,1130589.6549165295,897661.3361694285,1035444.9845871154,1040271.5614843629,1139761.3800306688
2018-07-25,1048800.6953716087,1034756.753752629,1070526.8952826443,2840275.527921341,1708929.7730725151,1071056.5454296696,1170974.085349978,791611.6769487516,1130589.6549165295,897661.3361694285,1036477.9942880763,1044900.076131307,1145159.3999854848
2018-07-26,1049122.2267933926,1035071.3043426634,1071186.008393464,2778878.8798744967,1722522.0778315745,1071056.5454296696,1165713.5598008004,791611.6769487516,1130589.6549165295,897661.3361694285,1037448.9009556281,1045214.620164393,1144503.1616748092
2018-07-27,1041518.532401532,1028089.4798831972,1062792.2926052525,2739754.035848978,1709616.3646820998,1071056.5454296696,1141877.6923003178,776340.6224223058,1130589.6549165295,897661.3361694285,1032611.3862364641,1037336.1266478944,1132614.0304437513
2018-07-30,1032929.7454489924,1020190.135518747,1052774.5393065943,2650472.670753246,1673507.9198923828,1071056.5454296696,1124233.6054502702,760710.5599423952,1130589.6549165295,897661.3361694285,1025042.4757994926,1028476.4747400099,1121831.6197933871
2018-07-31,1038108.789701153,1024838.0893169108,1059062.9188564948,2665029.4089712,1676848.6254769326,1071056.5454296696,1144293.9723550344,760710.5599423952,1149410.7396276733,897661.3361694285,1027651.9187921904,1033625.6877235809,1128487.522593319
2018-08-01,1039900.5813483152,1026418.8411836544,1061358.576732141,2679205.6033211565,1684216.7166200443,1071056.5454296696,1151089.8590249908,760710.5599423952,1152578.553171564,897661.3361694285,1028577.26245739,1035412.9107048914,1129366.8110244772
2018-08-02,1059325.6477747052,1043173.4402770248,1084992.6052428233,2761581.552853653,1703209.4134279774,1071056.5454296696,1273667.355897435,760710.5599423952,1173424.2735355308,897661.3361694285,1036757.5121663823,1054866.4400697632,1143976.626219811
2018-08-03,1058354.338702225,1042306.6273990646,1083957.4869449,2762111.0379621517,1709982.2817805926,1071056.5454296696,1266286.6219169484,760710.5599423952,1168621.4887930024,897661.3361694285,1037475.2032794962,1053895.57916178,1144826.0673601984
2018-08-06,1063659.4922811368,1047193.9285560898,1090546.048307004,2794861.040447276,1718815.101690818,1071056.5454296696,1281309.3210374322,760710.5599423952,1195291.8021730478,897661.3361694285,1046091.9768390068,1059177.366486673,1153875.5185949549
2018-08-07,1057513.267591725,1042058.7800570098,1083321.4632226543,2842254.2007341227,1732178.3658511585,1071056.5454296696,1189957.4342475212,760710.5599423952,1198391.3998797548,897661.3361694285,1036460.3396981347,1052786.4190100417,1149700.3010024314
2018-08-08,1057993.4196695513,1042291.2790177424,1084045.4252780925,2841556.9291852526,1738905.8148875153,1071056.5454296696,1212394.324929528,760710.5599423952,1184017.478408082,897661.3361694285,1036940.8855099595,1053354.4738781103,1149700.3010024314
2018-08-09,1061688.126341738,1045481.220766914,1088363.0906888428,2823616.235616409,1729935.941748659,1071056.5454296696,1255882.4398894762,760710.5599423952,1189978.2432286723,897661.3361694285,1036300.1619688099,1057149.7484754394,1149911.597823468
2018-08-10,1058998.9499730964,1043016.8273595788,1084962.4342344876,2804177.0697999857,1722293.0372328558,1071056.5454296696,1248492.6595359351,760710.5599423952,1178090.7565386193,897661.3361694285,1035114.6644836469,1054470.1762430063,1149147.4627842654
2018-08-13,1057255.4519398496,1041344.982876114,1082972.2702932118,2802783.515320071,1728379.8441624576,1071056.5454296696,1246256.2173277675,760710.5599423952,1162558.595119028,897661.3361694285,1035114.6644836469,1052754.0529973893,1148149.0457862308
2018-08-14,1059079.5676167137,1042786.3393350672,1085655.8989793884,2817305.18039325,1752569.3568256618,1071056.5454296696,1267574.9216794912,760710.5599423952,1149547.041367113,897661.3361694285,1035114.6644836469,1054655.5938371075,1147312.6550170511
2018-08-15,1056006.412699275,1039668.2633911872,1081957.216483744,2765192.687539362,1752569.3568256618,1071056.5454296696,1289331.2195372568,760710.5599423952,1111772.618977741,897661.3361694285,1035114.6644836469,1051722.637243157,1146042.7961979394
2018-08-16,1054917.8769599646,1038562.3514355425,1080647.221043904,2741687.112437096,1752569.3568256618,1071056.5454296696,1297207.2071699998,760710.5599423952,1098284.204040179,897661.3361694285,1035114.6644836469,1050684.4384284087,1146042.7961979394
2018-08-17,1055278.9520899572,1038446.5645376483,1081420.398210811,2658020.191728609,1752569.3568256618,1071056.5454296696,1340252.5864081676,760710.5599423952,1079005.3040051295,893881.9859448172,1035114.6644836469,1051200.658621246,1145285.8012447283
2018-08-20,1056301.1124414494,1039404.9096939904,1082756.667857257,2688691.8106207224,1783923.48891238,1071056.5454296696,1340252.5864081676,760710.5599423952,1070376.504261635,896869.1849106555,1041801.5201833063,1052236.1423184047,1153285.7408286748
2018-08-21,1057882.1276650191,1040751.7192241465,1085284.569823504,2737929.121204864,1823368.045502114,1071056.5454296696,1340252.5864081676,760710.5599423952,1070376.504261635,894645.9469934668,1047749.792681301,1053812.3033626876,1159424.5121465183
2018-08-22,1061724.6063265456,1044277.14847656,1090507.5042818957,2790577.529912912,1891747.6809750427,1071056.5454296696,1340252.5864081676,760710.5599423952,1070376.504261635,896771.3088839338,1048308.8529121012,1057643.729872506,1162252.6721668462
2018-08-23,1063131.6325159366,1045532.3328857934,1092550.5577904698,2792853.0927037587,1920683.037816891,1071056.5454296696,1340252.5864081676,760710.5599423952,1070376.504261635,896482.3200142842,1047777.458709549,1059046.603358017,1162665.2293874628
2018-08-24,1066492.5557796096,1048809.3833169276,1096412.5158074822,2855608.1314022345,1959407.5425149368,1071056.5454296696,1340252.5864081676,760710.5599423952,1070376.504261635,904116.8764015206,1048716.0244522216,1062398.4313833273,1166650.085406779
2018-08-27,1070502.5643103367,1052755.79308966,1100880.0204162656,2889925.422418397,1995967.809197188,1071056.5454296696,1340252.5864081676,760710.5599423952,1074479.5164018904,913675.913092203,1047491.0545404472,1066399.4242714052,1167878.071439816
2018-08-28,1068815.550181454,1051028.854351823,1099254.2236531414,2882320.371918374,1995967.809197188,1071056.5454296696,1340252.5864081676,760710.5599423952,1066880.1524698809,908578.0996449336,1044934.1586392708,1064713.5319331933,1163205.8839171205
2018-08-29,1069657.5843042852,1051918.415837526,1099968.6881891398,2910366.3029913707,1995967.809197188,1071056.5454296696,1340252.5864081676,760710.5599423952,1067754.7265780778,917779.615388682,1043576.5379261877,1065554.1702903628,1162615.3978986621
2018-08-30,1069657.5843042852,1051918.415837526,1099968.6881891398,2912691.681653615,1995967.809197188,1071056.5454296696,1340252.5864081676,760710.5599423952,1062040.6348080924,912779.7534024516,1043143.1080655449,1065554.1702903628,1162328.2507504763
2018-08-31,1069657.5843042852,1051918.415837526,1099968.6881891398,2910286.027318977,1995967.809197188,1071056.5454296696,1340252.5864081676,760710.5599423952,1068454.4006929523,901692.8323316284,1043143.1080655449,1065554.1702903628,1162098.2265037163
2018-09-04,1069657.5843042852,1051918.415837526,1099968.6881891398,2898444.8371923836,1995967.809197188,1071056.5454296696,1340252.5864081676,760710.5599423952,1076384.2136585522,891658.7480276286,1043143.1080655449,1065554.1702903628,1160136.0616858345
2018-09-05,1069657.5843042852,1051918.415837526,1099968.6881891398,2814505.8837920777,1995967.809197188,1071056.5454296696,1340252.5864081676,760710.5599423952,1119959.2235677035,885679.4091481677,1043143.1080655449,1065554.1702903628,1158868.6072829028
2018-09-06,1069657.5843042852,1051918.415837526,1099968.6881891398,2784630.670588081,1995967.809197188,1071056.5454296696,1340252.5864081676,760710.5599423952,1109697.1388386618,878279.9815280151,1043143.1080655449,1065554.1702903628,1157854.3899624299
2018-09-07,1069657.5843042852,1051918.415837526,1099968.6881891398,2768914.2846209127,1995967.809197188,1071056.5454296696,1340252.5864081676,760710.5599423952,1105382.3952984246,875145.8365120392,1043143.1080655449,1065554.1702903628,1154168.7648123787
2018-09-10,1069657.5843042852,1051918.415837526,1099968.6881891398,2794761.5183965424,1995967.809197188,1071056.5454296696,1340252.5864081676,760710.5599423952,1105907.169419976,873906.8655672309,1043143.1080655449,1065554.1702903628,1154004.068647326
2018-09-11,1069657.5843042852,1051918.415837526,1099968.6881891398,2813371.6666107895,1995967.809197188,1071056.5454296696,1340252.5864081676,760710.5599423952,1091291.4909614215,881218.1859047547,1043143.1080655449,1065554.1702903628,1154975.9610279407
2018-09-12,1069657.5843042852,1051918.415837526,1099968.6881891398,2820950.6680174414,1995967.809197188,1071056.5454296696,1340252.5864081676,760710.5599423952,1064042.531679526,872212.4599316082,1043143.1080655449,1065554.1702903628,1153778.8316380158
2018-09-13,1069657.5843042852,1051918.415837526,1099968.6881891398,2829731.1825914145,1995967.809197188,1071056.5454296696,1340252.5864081676,760710.5599423952,1067540.9763954794,877373.9022255362,1043143.1080655449,1065554.1702903628,1154464.9411513284
2018-09-14,1069657.5843042852,1051918.415837526,1099968.6881891398,2842213.9147053845,1995967.809197188,1071056.5454296696,1340252.5864081676,760710.5599423952,1074518.366591166,875336.7984863326,1043143.1080655449,1065554.1702903628,1154194.1493502234
2018-09-17,1069657.5843042852,1051918.415837526,1099968.6881891398,2786796.5178562603,1995967.809197188,1071056.5454296696,1340252.5864081676,760710.5599423952,1074294.328429891,866448.6746138867,1043143.1080655449,1065554.1702903628,1153005.4605668613
2018-09-18,1069657.5843042852,1051918.415837526,1099968.6881891398,2807649.238888223,1995967.809197188,1078500.262986028,1340252.5864081676,760710.5599423952,1074294.328429891,870013.7381675483,1043143.1080655449,1065554.1702903628,1153005.4605668613
2018-09-19,1069657.5843042852,1051918.415837526,1099968.6881891398,2823561.3720605215,1995967.809197188,1073055.625921867,1340252.5864081676,760710.5599423952,1074294.328429891,873519.9629537009,1043143.1080655449,1065554.1702903628,1153005.4605668613
2018-09-20,1069657.5843042852,1051918.415837526,1099968.6881891398,2812269.22037735,1995967.809197188,1079709.7595893464,1340252.5864081676,760710.5599423952,1074294.328429891,875931.368661003,1043143.1080655449,1065554.1702903628,1153005.4605668613
2018-09-21,1069657.5843042852,1051918.415837526,1099968.6881891398,2779523.9318484385,1977793.584300602,1068809.3552983762,1340252.5864081676,760710.5599423952,1074294.328429891,875931.368661003,1043143.1080655449,1065554.1702903628,1153005.4605668613
2018-09-24,1070127.055732163,1052341.7597630392,1100634.0924545813,2812691.127637479,1989016.9200917848,1076010.5705319557,1340252.5864081676,760710.5599423952,1074294.328429891,875931.368661003,1043143.1080655449,1066020.9537923462,1153005.4605668613
2018-09-25,1070528.1211962418,1052703.4188925806,1101202.5416821004,2835150.858861823,2002535.0171630275,1085530.557425023,1340252.5864081676,760710.5599423952,1074294.328429891,875931.368661003,1043143.1080655449,1066419.7229841023,1153005.4605668613
2018-09-26,1070307.6083030803,1052504.572299851,1100889.998232209,2854623.1078532473,1995102.528050398,1085530.557425023,1340252.5864081676,760710.5599423952,1074294.328429891,875931.368661003,1043143.1080655449,1066200.4726221203,1153005.4605668613
2018-09-27,1070378.6441160578,1052568.6285514827,1100990.6806809104,2874385.989648179,1997496.8230006448,1085530.557425023,1354498.600308729,756172.0826120845,1074294.328429891,875931.368661003,1043143.1080655449,1066271.1017245082,1153005.4605668613
2018-09-28,1072394.3156536596,1054386.252054431,1103847.5881713456,2868504.1787298736,2065435.9649849208,1085530.557425023,1459931.779038784,769429.3973102176,1074294.328429891,875931.368661003,1043143.1080655449,1068275.232675402,1153005.4605668613
2018-10-01,1073628.5761128666,1055499.2413374388,1105596.9644388957,2946061.707564661,2107037.284951668,1085530.557425023,1459931.779038784,775543.541802299,1074294.328429891,875931.368661003,1043143.1080655449,1069502.426462493,1153005.4605668613
2018-10-02,1073202.358379062,1055114.9012523182,1104992.8656988242,2907968.078916314,2092671.4189893857,1085530.557425023,1459931.779038784,784956.8726380146,1074294.328429891,875931.368661003,1043143.1080655449,1069078.6490085758,1153005.4605668613
2018-10-03,1073239.3542348617,1055148.262112835,1105045.301691285,2904818.13132762,2093918.3814300036,1085530.557425023,1459931.779038784,775573.8964055794,1074294.328429891,875931.368661003,1043143.1080655449,1069115.4330471854,1153005.4605668613
2018-10-04,1072138.2891379206,1054155.3811988854,1103484.7095688947,2820723.9018598064,2056806.4727883723,1085530.557425023,1459931.779038784,786409.836989504,1074294.328429891,875931.368661003,1043143.1080655449,1068020.6720216097,1153005.4605668613
2018-10-05,1070742.7165802775,1052896.92939584,1101506.6979638294,2740253.5199594107,2050083.1861086255,1085530.557425023,1459931.779038784,791010.5410618095,1074294.328429891,875931.368661003,1043143.1080655449,1066633.0897172438,1153005.4605668613
2018-10-08,1070196.15175115,1052404.066813433,1100732.0255406627,2703635.694872642,2050083.1861086255,1080926.4458711783,1459931.779038784,791252.6784732302,1081532.4536064798,875931.368661003,1043590.4666624534,1066089.6542068992,1153005.4605668613
2018-10-09,1070196.15175115,1052404.066813433,1100732.0255406627,2724054.0754341837,2050083.1861086255,1083204.848839548,1459931.779038784,789285.2245785833,1095247.1872724325,872087.1734761957,1044438.1176577166,1066089.6542068992,1153005.4605668613
2018-10-10,1070196.15175115,1052404.066813433,1100732.0255406627,2546984.4407778475,2050083.1861086255,1038767.977124983,1459931.779038784,809020.006455066,1033375.2388995234,845200.0241429892,1040614.0682890168,1066089.6542068992,1153005.4605668613
2018-10-11,1068414.3232452678,1050764.058129508,1098344.099612135,2491103.7458950668,1988001.3854787403,1025867.888413136,1459931.779038784,803057.1220751835,1023436.71294263,844479.8186911467,1040674.5079627925,1064314.6628349118,1153005.4605668613
2018-10-12,1072825.1799232038,1054897.8550858968,1104063.8214020766,2593405.883717554,2084471.0247091565,1025867.888413136,1459931.779038784,801876.7896213597,1061738.4291897966,859594.6794089937,1044984.1741260946,1068708.5944173068,1153005.4605668613
2018-10-15,1070120.303537656,1052408.413187502,1100438.4876741858,2531685.0969473543,1990114.9740660328,1025867.888413136,1459931.779038784,802542.6325320259,1048397.121387842,850414.1303519465,1043502.7699384966,1066014.0970339791,1153005.4605668613
2018-10-16,1073656.6075244816,1055708.346105096,1105061.004019593,2634803.5906975656,2078468.818181388,1025867.888413136,1459931.779038784,786621.7130529542,1075930.3533038292,865954.9967354663,1045499.9109041824,1069536.8317105302,1153005.4605668613
2018-10-17,1077560.8301671247,1059508.0895899455,1109759.5326151894,2655400.9777031336,2055049.329879276,1025867.888413136,1459931.779038784,784684.4738786231,1141199.0588835613,868742.1427524325,1045142.0742727165,1073426.0732857606,1153005.4605668613
2018-10-18,1076986.7880188911,1058992.4737964473,1108957.2691287177,2577117.046742678,2025202.7636057243,1025867.888413136,1459931.779038784,798305.1578906791,1141199.0588835613,868742.1427524325,1043207.5053938249,1072854.2338203418,1153005.4605668613
2018-10-19,1075302.0990373772,1057479.253471643,1106602.8001056863,2511032.512304322,1937609.576429844,1025867.888413136,1459931.779038784,800938.4080683375,1141199.0588835613,868742.1427524325,1043681.36946993,1071176.0092343073,1153005.4605668613
2018-10-22,1075635.4681930146,1057778.6921143294,1107068.7064888794,2522070.230238556,1954942.6670886213,1025867.888413136,1459931.779038784,798728.9100175793,1141199.0588835613,868742.1427524325,1044084.8349281665,1071508.09920424,1153005.4605668613
2018-10-23,1073983.3118335344,1056294.6932217423,1104759.7040484974,2514197.9337619995,1869040.970794666,1025867.888413136,1459931.779038784,799909.3357267127,1141199.0588835613,868742.1427524325,1044315.584558895,1069862.282407859,1153005.4605668613
2018-10-24,1071825.211976464,1054356.2460647237,1101743.6106818067,2326898.214410102,1756833.407975112,1025867.888413136,1459931.779038784,825183.1566008682,1141199.0588835613,868742.1427524325,1040548.7690309766,1067712.4634923232,1153005.4605668613
2018-10-25,1071825.211976464,1054356.2460647237,1101743.6106818067,2443319.2968239966,1756833.407975112,1025867.888413136,1459931.779038784,810321.5241837373,1141199.0588835613,868742.1427524325,1043577.7369612899,1067712.4634923232,1153005.4605668613
2018-10-26,1071825.211976464,1054356.2460647237,1101743.6106818067,2353954.5284612547,1756833.407975112,1025867.888413136,1459931.779038784,829713.7695482081,1141199.0588835613,868742.1427524325,1042284.5420124873,1067712.4634923232,1153005.4605668613
2018-10-29,1071825.211976464,1054356.2460647237,1101743.6106818067,2244886.176097859,1756833.407975112,1025867.888413136,1459931.779038784,829713.7695482081,1141199.0588835613,868742.1427524325,1039089.3795271904,1067712.4634923232,1153005.4605668613
2018-10-30,1071825.211976464,1054356.2460647237,1101743.6106818067,2312578.344985432,1756833.407975112,1025867.888413136,1459931.779038784,829713.7695482081,1141199.0588835613,868742.1427524325,1040052.7456808737,1067712.4634923232,1153005.4605668613
2018-10-31,1071825.211976464,1054356.2460647237,1101743.6106818067,2408184.0294197053,1756833.407975112,1025867.888413136,1459931.779038784,829713.7695482081,1141199.0588835613,868742.1427524325,1042729.72554207,1067712.4634923232,1153005.4605668613
2018-11-01,1071825.211976464,1054356.2460647237,1101743.6106818067,2481818.5188781656,1756833.407975112,1025867.888413136,1459931.779038784,829713.7695482081,1141199.0588835613,868742.1427524325,1042429.9026329238,1067712.4634923232,1153005.4605668613
2018-11-02,1071825.211976464,1054356.2460647237,1101743.6106818067,2452107.58761009,1756833.407975112,1025867.888413136,1459931.779038784,829713.7695482081,1141199.0588835613,868742.1427524325,1041485.4275866381,1067712.4634923232,1153005.4605668613
2018-11-05,1071825.211976464,1054356.2460647237,1101743.6106818067,2432943.4832141846,1756833.407975112,1025867.888413136,1459931.779038784,829713.7695482081,1141199.0588835613,868742.1427524325,1040458.1690269352,1067712.4634923232,1153005.4605668613
2018-11-06,1071825.211976464,1054356.2460647237,1101743.6106818067,2430644.8882762208,1756833.407975112,1025867.888413136,1459931.779038784,829713.7695482081,1141199.0588835613,868742.1427524325,1041360.2783928249,1067712.4634923232,1153005.4605668613
2018-11-07,1071825.211976464,1054356.2460647237,1101743.6106818067,2512972.780841952,1756833.407975112,1025867.888413136,1459931.779038784,829713.7695482081,1141199.0588835613,868742.1427524325,1043880.823016811,1067712.4634923232,1153005.4605668613
2018-11-08,1071825.211976464,1054356.2460647237,1101743.6106818067,2462096.6154520693,1756833.407975112,1025867.888413136,1459931.779038784,829713.7695482081,1141199.0588835613,868742.1427524325,1042993.7140837952,1067712.4634923232,1153005.4605668613
2018-11-09,1071825.211976464,1054356.2460647237,1101743.6106818067,2416652.2382295374,1756833.407975112,1025867.888413136,1459931.779038784,829713.7695482081,1141199.0588835613,868742.1427524325,1041845.8797554291,1067712.4634923232,1153005.4605668613
2018-11-12,1071825.211976464,1054356.2460647237,1101743.6106818067,2297661.4776096717,1756833.407975112,1025867.888413136,1459931.779038784,829713.7695482081,1141199.0588835613,868742.1427524325,1040042.97632265,1067712.4634923232,1153005.4605668613
2018-11-13,1071825.211976464,1054356.2460647237,1101743.6106818067,2338600.6183401113,1756833.407975112,1025867.888413136,1459931.779038784,829713.7695482081,1141199.0588835613,868742.1427524325,1039952.3763186086,1067712.4634923232,1153005.4605668613
2018-11-14,1071825.211976464,1054356.2460647237,1101743.6106818067,2318900.382894819,1756833.407975112,1025867.888413136,1459931.779038784,829713.7695482081,1141199.0588835613,868742.1427524325,1040383.2120445924,1067712.4634923232,1153005.4605668613
2018-11-15,1071825.211976464,1054356.2460647237,1101743.6106818067,2355093.021552139,1756833.407975112,1025867.888413136,1459931.779038784,829713.7695482081,1141199.0588835613,868742.1427524325,1041456.7520603411,1067712.4634923232,1153005.4605668613
2018-11-16,1071825.211976464,1054356.2460647237,1101743.6106818067,2203709.317486171,1756833.407975112,1025867.888413136,1459931.779038784,829713.7695482081,1141199.0588835613,868742.1427524325,1041275.5420118079,1067712.4634923232,1153005.4605668613
2018-11-19,1071825.211976464,1054356.2460647237,1101743.6106818067,2064692.382989668,1756833.407975112,1025867.888413136,1459931.779038784,829713.7695482081,1141199.0588835613,868742.1427524325,1038612.9049339854,1067712.4634923232,1153005.4605668613
2018-11-20,1071825.211976464,1054356.2460647237,1101743.6106818067,2067349.666750171,1756833.407975112,1025867.888413136,1459931.779038784,829713.7695482081,1141199.0588835613,868742.1427524325,1038810.4005930417,1067712.4634923232,1153005.4605668613
2018-11-21,1071825.211976464,1054356.2460647237,1101743.6106818067,2047124.757137205,1756833.407975112,1025867.888413136,1459931.779038784,829713.7695482081,1141199.0588835613,868742.1427524325,1039656.4541244366,1067712.4634923232,1153005.4605668613
2018-11-23,1071825.211976464,1054356.2460647237,1101743.6106818067,2021331.197437565,1756833.407975112,1025867.888413136,1459931.779038784,829713.7695482081,1141199.0588835613,868742.1427524325,1038787.5987302192,1067712.4634923232,1153005.4605668613
2018-11-26,1071825.211976464,1054356.2460647237,1101743.6106818067,2102387.310440219,1756833.407975112,1025867.888413136,1521604.5173393062,829713.7695482081,1141199.0588835613,868742.1427524325,1040471.8742417096,1067712.4634923232,1153005.4605668613
2018-11-27,1071825.211976464,1054356.2460647237,1101743.6106818067,2109407.606822482,1756833.407975112,1025867.888413136,1515375.4128441508,829713.7695482081,1141199.0588835613,868742.1427524325,1040233.2980799067,1067712.4634923232,1153005.4605668613
2018-11-28,1071825.211976464,1054356.2460647237,1101743.6106818067,2197692.695851999,1756833.407975112,1025867.888413136,1527204.645243736,829713.7695482081,1141199.0588835613,868742.1427524325,1042808.5932798375,1067712.4634923232,1153005.4605668613
2018-11-29,1071825.211976464,1054356.2460647237,1101743.6106818067,2196287.211902323,1756833.407975112,1025867.888413136,1507139.9407117493,829713.7695482081,1141199.0588835613,862111.7985139281,1042181.9185636056,1067712.4634923232,1153005.4605668613
2018-11-30,1071825.211976464,1054356.2460647237,1101743.6106818067,2231267.8308576792,1756833.407975112,1025867.888413136,1535020.8853289476,829713.7695482081,1141199.0588835613,854056.705310332,1042181.9185636056,1067712.4634923232,1153005.4605668613
2018-12-03,1071825.211976464,1054356.2460647237,1101743.6106818067,2290171.4376015565,1756833.407975112,1025867.888413136,1559008.618216684,829713.7695482081,1141199.0588835613,850470.0906975003,1042181.9185636056,1067712.4634923232,1153005.4605668613
2018-12-04,1071825.211976464,1054356.2460647237,1101743.6106818067,2176963.298274721,1756833.407975112,1025867.888413136,1581159.3926511966,829713.7695482081,1141199.0588835613,879274.9439316045,1042181.9185636056,1067712.4634923232,1153005.4605668613
2018-12-06,1071825.211976464,1054356.2460647237,1101743.6106818067,2210457.6365256445,1756833.407975112,1025867.888413136,1581159.3926511966,829713.7695482081,1141199.0588835613,870931.220489024,1042181.9185636056,1067712.4634923232,1153005.4605668613
2018-12-07,1071825.211976464,1054356.2460647237,1101743.6106818067,2109937.5877015563,1756833.407975112,1025867.888413136,1581159.3926511966,829713.7695482081,1141199.0588835613,887768.519616362,1042181.9185636056,1067712.4634923232,1153005.4605668613
2018-12-10,1071825.211976464,1054356.2460647237,1101743.6106818067,2149787.3424678855,1756833.407975112,1025867.888413136,1581159.3926511966,829713.7695482081,1141199.0588835613,884240.6520226476,1042181.9185636056,1067712.4634923232,1153005.4605668613
2018-12-11,1071825.211976464,1054356.2460647237,1101743.6106818067,2133061.4470295273,1756833.407975112,1025867.888413136,1581159.3926511966,829713.7695482081,1141199.0588835613,879713.3029081707,1042181.9185636056,1067712.4634923232,1153005.4605668613
2018-12-12,1071825.211976464,1054356.2460647237,1101743.6106818067,2163326.728588436,1756833.407975112,1025867.888413136,1581159.3926511966,829713.7695482081,1141199.0588835613,873256.4003346724,1042181.9185636056,1067712.4634923232,1153005.4605668613
2018-12-13,1071825.211976464,1054356.2460647237,1101743.6106818067,2173017.807528319,1756833.407975112,1025867.888413136,1581159.3926511966,831150.2996507299,1141199.0588835613,873357.9211119275,1042181.9185636056,1067712.4634923232,1153005.4605668613
2018-12-14,1071825.211976464,1054356.2460647237,1101743.6106818067,2117247.116401061,1756833.407975112,1025867.888413136,1581159.3926511966,834760.2306640982,1141199.0588835613,885026.429425514,1042181.9185636056,1067712.4634923232,1153005.4605668613
2018-12-17,1071825.211976464,1054356.2460647237,1101743.6106818067,2057615.7923132533,1756833.407975112,1025867.888413136,1581159.3926511966,849465.4751825725,1141199.0588835613,898955.8128588474,1042181.9185636056,1067712.4634923232,1153005.4605668613
2018-12-18,1067704.6179207594,1051175.650320836,1096872.6112121495,2091109.6542436415,1756833.407975112,1025867.888413136,1539215.9142136995,836280.0075231881,1141199.0588835613,893801.7616795637,1042181.9185636056,1063599.3359158833,1153005.4605668613
2018-12-19,1066505.2087647882,1050249.8528253557,1095454.776481609,2020053.624061121,1756833.407975112,1025867.888413136,1527007.1425193455,875874.3419963415,1141199.0588835613,893801.7616795637,1042181.9185636056,1062402.1000784852,1151335.0257659254
2018-12-20,1061308.7438953433,1046238.816109876,1089311.9783119822,1972220.317414533,1756833.407975112,1025867.888413136,1474112.3877203283,875266.3844236993,1141199.0588835613,893801.7616795637,1042181.9185636056,1057215.051156516,1146595.6777093415
2018-12-21,1062605.6477810608,1047239.8676387044,1090845.0626328655,1891715.3815721364,1756833.407975112,1025867.888413136,1487313.5571222962,907374.9851875684,1141199.0588835613,893801.7616795637,1042809.1960013157,1058509.6050640896,1147630.8620461524
2018-12-24,1056107.5174022464,1042224.1040020336,1083163.5513747626,1830531.1472921744,1756833.407975112,1025867.888413136,1421169.1644101515,910756.9174771316,1141199.0588835613,893801.7616795637,1035059.0790931016,1052023.2492389139,1136023.5341339333
2018-12-26,1064959.5203243925,1049030.2612975982,1093479.6744470384,1970771.4909309384,1756833.407975112,1025867.888413136,1502381.0330405396,902786.6966701116,1141199.0588835613,893801.7616795637,1044818.2403458771,1060904.982694315,1150409.8961794584
2018-12-27,1061530.9397806989,1046394.0829449554,1089484.0071203292,1958655.8414334017,1756833.407975112,1025867.888413136,1470925.8431640714,902786.6966701116,1141199.0588835613,893801.7616795637,1041652.0758067025,1057464.886843999,1144837.7334228894
2018-12-28,1067637.673227865,1051089.448363274,1096600.7934979005,1983202.36376505,1756833.407975112,1025867.888413136,1526951.4950796743,902786.6966701116,1141199.0588835613,893801.7616795637,1047291.4133238487,1063592.1305015015,1154762.456568502
2018-12-31,1067269.343613231,1050806.2458704754,1096171.542212158,2004165.399207816,1756833.407975112,1025867.888413136,1523572.2896569695,902786.6966701116,1141199.0588835613,893801.7616795637,1046951.274846797,1063222.5638068584,1154163.8436630594
2019-01-02,1059462.0932294964,1044803.3813634363,1087072.973614402,2013241.839440948,1756833.407975112,1025867.888413136,1451945.404972807,902786.6966701116,1141199.0588835613,893801.7616795637,1039741.5742145906,1055389.091818905,1141475.423698864
2019-01-03,1056102.3547405712,1042220.134517643,1083157.5348095072,1960310.53546747,1756833.407975112,1025867.888413136,1421121.8000559553,902786.6966701116,1141199.0588835613,893801.7616795637,1036638.982710914,1052018.0692378087,1136015.1437254988
2019-01-04,1062067.9472024888,1046806.9789882276,1090109.835500938,2088899.8875161083,1756833.407975112,1025867.888413136,1475852.5672710908,902786.6966701116,1141199.0588835613,893801.7616795637,1042147.9818630068,1058003.6978708205,1145710.4831563623
2019-01-07,1063474.994903244,1046842.6515124702,1091570.1554417834,2172109.418023955,1756833.407975112,1025867.888413136,1530393.9493538437,902786.6966701116,1106904.8157685208,893801.7616795637,1040949.8714809245,1059441.6895888364,1150466.8809917504
2019-01-08,1062374.9984511018,1045741.1837488489,1090142.4754845428,2183266.1560016074,1756833.407975112,1028344.8220166065,1531625.5852028471,902786.6966701116,1094212.3273363337,893801.7616795637,1043117.4812108902,1058344.2398961273,1153853.7042989128
2019-01-09,1061893.08564397,1045026.266109236,1089974.7726603206,2197439.9426290886,1756833.407975112,1027178.0663076172,1541668.5089047707,896645.236522116,1094212.3273363337,893801.7616795637,1042415.8202893375,1057872.115813841,1151096.4732852136
2019-01-10,1064374.3957611464,1047009.7083746972,1092817.0544867893,2218953.912373961,1756833.407975112,1028492.766540205,1562006.9902924646,896771.5167944735,1094212.3273363337,893801.7616795637,1040786.3304594785,1060359.7209844703,1149597.288970925
2019-01-11,1066694.0461652677,1049212.2594323484,1095216.5531702582,2248799.081017527,1756833.407975112,1034926.4099776578,1569239.2253908406,898455.6429126223,1094212.3273363337,893801.7616795637,1034121.6593364915,1062675.4882683768,1146607.4448680808
2019-01-14,1060091.2511468052,1043892.5815562368,1087170.5263105468,2229896.5994618353,1725673.7433165328,1044519.421254228,1528625.3307559122,891761.2967230431,1094212.3273363337,893801.7616795637,1033031.2748151419,1056064.7102096584,1138871.6678526062
2019-01-15,1056324.633100045,1039121.2017769368,1084468.8445914823,2300728.7955507087,1730223.8700961696,1020958.0647923776,1560301.6205459973,876772.7299328707,1094212.3273363337,893801.7616795637,1022423.3470484111,1052339.761168333,1128112.5652281018
2019-01-16,1054682.380747522,1037472.45863231,1082639.3791707477,2293430.5495589236,1738446.000664741,1017170.1207930392,1565417.8201409015,882709.264770511,1100903.744027644,893801.7616795637,1020770.4718945386,1050703.9901093477,1126508.6553978578
2019-01-17,1054456.7265724938,1037246.6325745296,1082364.2156564523,2313526.8252511015,1715455.9066590318,1013291.8428706054,1569397.0764529936,879509.3862306899,1095346.8894078408,893801.7616795637,1020770.4718945386,1050479.1871294032,1126688.8925502521
2019-01-18,1056223.0948118577,1039014.346271977,1084518.131453585,2276356.5876411675,1673866.179706456,1004697.2249463212,1427122.3089498254,866861.270370399,1138844.651015629,893801.7616795637,1020770.4718945386,1052238.8924122266,1120244.6735954618
2019-01-22,1057125.997788329,1039917.9369975146,1085619.134597188,2194659.6945255,1739005.100003196,1004697.2249463212,1416574.026924706,866861.270370399,1161079.1192030977,893801.7616795637,1021764.8611043324,1053138.3895284932,1119766.8978087944
2019-01-23,1057125.997788329,1039917.9369975146,1085619.134597188,2180246.362371407,1719696.7496322682,1004697.2249463212,1380792.1638306056,866861.270370399,1161079.1192030977,893801.7616795637,1021405.6259050965,1053138.3895284932,1118146.1876545248
2019-01-24,1058447.9999768615,1040933.6765022612,1087177.6189157502,2227954.830034801,1719696.7496322682,1004697.2249463212,1393172.1325941156,866861.270370399,1161079.1192030977,893801.7616795637,1021431.1105042961,1054455.404963453,1117027.8522347496
2019-01-25,1059347.6445653003,1041624.9042147684,1088238.1935468086,2273066.4861111883,1683524.5756501076,1004697.2249463212,1410636.7668823,866861.270370399,1161079.1192030977,893801.7616795637,1020342.8740804731,1055351.6559827249,1117027.8522347496
2019-01-28,1059240.2716243486,1041542.4059112016,1088111.613540994,2173781.170517043,1846820.780604459,1004697.2249463212,1408552.3558045605,866861.270370399,1161079.1192030977,893801.7616795637,1021688.4025199944,1055244.6880656085,1117027.8522347496
2019-01-29,1059415.9715310629,1041677.4021599052,1088318.74296314,2122447.919265623,1894098.35497234,1004697.2249463212,1411963.185652997,866861.270370399,1161079.1192030977,893801.7616795637,1022297.4767820822,1055419.7252108348,1117027.8522347496
2019-01-30,1061255.9264231902,1043091.1024450464,1090487.8322968162,2206448.5919369943,1851393.4221417787,1004697.2249463212,1447681.8902511362,866861.270370399,1161079.1192030977,893801.7616795637,1020561.6280593276,1057252.739568588,1117027.8522347496
2019-01-31,1060971.2291810384,1042872.3598149248,1090152.2078997612,2267386.3212778973,1804484.5484131156,1004697.2249463212,1442155.1152547298,866861.270370399,1161079.1192030977,893801.7616795637,1018827.6748852739,1056969.1162391738,1117027.8522347496
2019-02-01,1061815.5559228775,1043521.084933566,1091147.569328292,2251104.9898092104,1797256.63663409,1009029.9363063128,1458545.8744005617,866861.270370399,1161079.1192030977,893801.7616795637,1019252.3815652645,1057810.2580775134,1116998.1265272056
2019-02-04,1061926.1823072264,1043606.0829689892,1091277.984759312,2299976.426267684,1791196.0294777397,1006136.4230457252,1460693.443974263,866861.270370399,1161079.1192030977,893801.7616795637,1016593.6326199436,1057920.4671656413,1115636.9996088163
2019-02-05,1063302.4866070908,1044663.5446434488,1092900.4848485813,2328578.0208883537,1791196.0294777397,995714.7489671976,1458196.569403861,866861.270370399,1161079.1192030977,893801.7616795637,1015274.1976181945,1059291.5798777426,1114902.6152566425
2019-02-06,1062630.606328569,1044147.3160416548,1092108.4174169912,2317746.574802893,1791196.0294777397,1003295.9794587248,1458196.569403861,866861.270370399,1161079.1192030977,893801.7616795637,1017310.3046815777,1058622.2340136177,1115160.2258082796
2019-02-07,1061929.1737704682,1043608.3814125304,1091281.511340881,2260723.663080043,1791196.0294777397,1013877.049642644,1458196.569403861,866861.270370399,1161079.1192030977,893801.7616795637,1020885.3414202858,1057923.447344719,1116740.5100523974
2019-02-08,1061929.1737704682,1043608.3814125304,1091281.511340881,2261534.6047692993,1791196.0294777397,1024564.3215352808,1458196.569403861,866861.270370399,1161079.1192030977,893801.7616795637,1020638.2438135281,1057923.447344719,1116375.2340221177
2019-02-11,1061929.1737704682,1043608.3814125304,1091281.511340881,2256148.5857420075,1791196.0294777397,1023428.1565727894,1458196.569403861,866861.270370399,1161079.1192030977,893801.7616795637,1021896.1238585988,1057923.447344719,1116967.373423552
2019-02-12,1061929.1737704682,1043608.3814125304,1091281.511340881,2313069.5144215273,1791196.0294777397,1004215.5627803616,1458196.569403861,866861.270370399,1161079.1192030977,893801.7616795637,1017234.1190230974,1057923.447344719,1117255.7430020138
2019-02-13,1061929.1737704682,1043608.3814125304,1091281.511340881,2301207.950905468,1791196.0294777397,999700.011817852,1458196.569403861,866861.270370399,1161079.1192030977,893801.7616795637,1017083.6557787197,1057923.447344719,1117628.7013850359
2019-02-14,1061929.1737704682,1043608.3814125304,1091281.511340881,2312313.553080486,1791196.0294777397,999700.011817852,1458196.569403861,866861.270370399,1161079.1192030977,893801.7616795637,1017001.9782546296,1057923.447344719,1117674.848810029
2019-02-15,1061929.1737704682,1043608.3814125304,1091281.511340881,2314099.594673917,1791196.0294777397,999700.011817852,1458196.569403861,866861.270370399,1161079.1192030977,893801.7616795637,1018373.4211466246,1057923.447344719,1118232.3672771691
2019-02-19,1061929.1737704682,1043608.3814125304,1091281.511340881,2324495.222218224,1791196.0294777397,999700.011817852,1458196.569403861,866861.270370399,1161079.1192030977,893801.7616795637,1017387.463055825,1057923.447344719,1118313.1119437725
2019-02-20,1061929.1737704682,1043608.3814125304,1091281.511340881,2323079.714870077,1791196.0294777397,999700.011817852,1458196.569403861,866861.270370399,1161079.1192030977,893801.7616795637,1018235.8386685458,1057923.447344719,1118209.2965262579
2019-02-21,1061929.1737704682,1043608.3814125304,1091281.511340881,2290623.7828806667,1791196.0294777397,999700.011817852,1458196.569403861,866861.270370399,1161079.1192030977,893801.7616795637,1020583.195523378,1057923.447344719,1119178.2384486708
2019-02-22,1062570.3058158506,1044229.996237522,1091867.837320698,2324759.1020002007,1791196.0294777397,999700.011817852,1458196.569403861,870853.4047432174,1161079.1192030977,893801.7616795637,1019429.0486618283,1058562.1609617916,1118466.913001066
2019-02-25,1064148.1874609094,1045759.8443081568,1093310.8364785744,2332294.0418796865,1791196.0294777397,999700.011817852,1458196.569403861,880678.3941457092,1161079.1192030977,893801.7616795637,1020833.9959338815,1060134.090644744,1117417.2264120497
2019-02-26,1063864.9884366377,1045485.2663749864,1093051.846233764,2328877.878755484,1791196.0294777397,999700.011817852,1458196.569403861,878914.9999006591,1161079.1192030977,893801.7616795637,1019891.361206566,1059851.959881749,1117605.6247109536
2019-02-27,1063102.0418779922,1044745.5452910912,1092354.1188439578,2332122.843352573,1791196.0294777397,999700.011817852,1458196.569403861,874164.3635795944,1161079.1192030977,893801.7616795637,1019032.5595039633,1059091.8912506218,1118113.1753078278
2019-02-28,1062002.224293676,1043743.6056258718,1091273.4112956834,2322940.5074159335,1791196.0294777397,999700.011817852,1454055.1739910943,869269.9701837532,1161079.1192030977,893801.7616795637,1017753.2210186054,1057997.4987310441,1118636.0846870155
2019-03-01,1065449.3389002115,1046490.6330427456,1095118.1237583545,2322996.963933425,1791196.0294777397,999700.011817852,1536445.231199728,872256.8796170957,1161079.1192030977,893801.7616795637,1016472.7364432358,1061419.8139526604,1118317.0675800839
2019-03-04,1065449.3389002115,1046490.6330427456,1095118.1237583545,2319814.1942955335,1791196.0294777397,994448.8501110168,1536445.231199728,890575.2343653667,1161079.1192030977,893801.7616795637,1016178.9653021934,1061419.8139526604,1116355.6187274018
2019-03-05,1065721.8549078507,1046781.2344035928,1095387.934965782,2325993.0000137743,1791196.0294777397,995928.1616072672,1536445.231199728,904574.8338618012,1161079.1192030977,893801.7616795637,1015493.368738674,1061691.2841924888,1114856.6031909282
2019-03-06,1066484.3862750337,1047594.3706846936,1096142.897988554,2314332.307236576,1791196.0294777397,1005215.154974328,1536445.231199728,909073.4933587784,1161079.1192030977,893801.7616795637,1016475.2899070117,1062450.8893801589,1113923.0748314848
2019-03-07,1067880.8506944373,1049083.510585755,1097525.5020946136,2274056.334036369,1791196.0294777397,1022222.9219442946,1536445.231199728,896909.360686341,1161079.1192030977,893801.7616795637,1018651.6325791946,1063841.9949307337,1113923.0748314848
2019-03-08,1068048.1013486816,1049261.8607243288,1097691.0927377306,2279146.795708475,1791196.0294777397,1024259.894826264,1536445.231199728,885616.9690478537,1161079.1192030977,893801.7616795637,1019742.3539386366,1064008.6037681832,1113923.0748314848
2019-03-11,1066430.154069764,1047536.5393932784,1096089.2040536106,2360724.431668927,1791196.0294777397,1004554.6521382558,1536445.231199728,885616.9690478537,1161079.1192030977,893801.7616795637,1018199.5473830941,1062396.8652885156,1113923.0748314848
2019-03-12,1066349.6134966426,1047450.6537957484,1096009.4628689764,2359653.63719548,1787789.8591366846,1003573.7354172504,1536445.231199728,885616.9690478537,1161079.1192030977,893801.7616795637,1018122.7472760582,1062316.6337861877,1113923.0748314848
2019-03-13,1065774.466688127,1046837.3377315308,1095440.024558919,2401442.954685482,1742239.399931544,996568.9290241696,1536445.231199728,885616.9690478537,1161079.1192030977,893801.7616795637,1017574.3114412572,1061743.6940774464,1113923.0748314848
2019-03-14,1065923.5309211963,1046996.2945185424,1095587.6092863523,2379775.225427936,1764362.4524394742,998384.4065289106,1536445.231199728,885616.9690478537,1161079.1192030977,893801.7616795637,1017716.4528317543,1061892.1862832867,1113923.0748314848
2019-03-15,1065074.6115757185,1046091.0371753768,1094747.1157109612,2387400.6573749427,1735151.697231623,988045.2799435344,1536445.231199728,885616.9690478537,1161079.1192030977,893801.7616795637,1016906.9590068338,1061046.5246272674,1113923.0748314848
2019-03-18,1064107.1534343474,1045059.3742837884,1093789.259871518,2381445.8212817125,1741062.5735443062,976262.4501105628,1536445.231199728,885616.9690478537,1161079.1192030977,893801.7616795637,1015984.4315659405,1060082.7790626045,1113923.0748314848
2019-03-19,1062979.421160711,1043856.800768092,1092672.7206669378,2405444.9373533567,1696112.12055727,969745.2844997984,1536445.231199728,885208.0598509973,1161079.1192030977,893801.7616795637,1015094.1953678691,1058959.3744103846,1113923.0748314848
2019-03-20,1062979.421160711,1043856.800768092,1092672.7206669378,2454004.3045379315,1710552.5472786466,969745.2844997984,1536445.231199728,899357.7366677067,1161079.1192030977,893801.7616795637,1015094.1953678691,1058959.3744103846,1113923.0748314848
2019-03-21,1062979.421160711,1043856.800768092,1092672.7206669378,2501657.4531640247,1652873.69658881,969745.2844997984,1536445.231199728,901697.7858402462,1161079.1192030977,893801.7616795637,1015094.1953678691,1058959.3744103846,1113923.0748314848
2019-03-22,1064120.9272584948,1044938.7820269372,1094200.0522646164,2419363.0470392397,1699023.5547831035,969745.2844997984,1536445.231199728,895335.8440375053,1161079.1192030977,893801.7616795637,1015094.1953678691,1060096.5634839744,1113923.0748314848
2019-03-25,1064951.681998284,1045726.2163305244,1095311.5995147491,2414418.2492034277,1732610.0713246618,969745.2844997984,1536445.231199728,902465.485985187,1161079.1192030977,893801.7616795637,1015094.1953678691,1060924.1764198628,1113923.0748314848
2019-03-26,1064261.6056501938,1045072.1246202342,1094388.2795138352,2422959.8551622536,1704711.0301636616,969745.2844997984,1536445.231199728,907547.7397987088,1161079.1192030977,893801.7616795637,1015094.1953678691,1060236.709848712,1113923.0748314848
2019-03-27,1064344.234689948,1045150.4448960732,1094498.8369112485,2406142.2984417514,1708051.632964459,969745.2844997984,1536445.231199728,900929.9730467148,1161079.1192030977,893801.7616795637,1015094.1953678691,1060319.0263964308,1113923.0748314848
2019-03-28,1064176.7444393155,1044991.6885717968,1094274.735478422,2414045.3925925926,1701280.183096072,969745.2844997984,1536445.231199728,899760.0047847403,1161079.1192030977,893801.7616795637,1015094.1953678691,1060152.1695716435,1113923.0748314848
2019-03-29,1063660.876359768,1044502.7208867436,1093584.5055973404,2431232.9756000186,1680424.194009103,969745.2844997984,1536445.231199728,903928.0589612456,1161079.1192030977,893801.7616795637,1015094.1953678691,1059638.2524365406,1113923.0748314848
2019-04-01,1063053.424750524,1043926.9453756592,1092771.7372392386,2482679.0779778305,1655865.5817678468,969745.2844997984,1536445.231199728,911277.0840391214,1161079.1192030977,893801.7616795637,1015094.1953678691,1059033.0981284664,1113923.0748314848
2019-04-02,1062892.6353141712,1043774.5404458112,1092556.6014750134,2493454.773654041,1649365.0385808905,969745.2844997984,1543762.8295308468,918097.6781412232,1161079.1192030977,893801.7616795637,1015094.1953678691,1058872.9167763703,1113923.0748314848
2019-04-03,1061390.398120156,1042350.6387308568,1090546.61279595,2523874.646640683,1588631.2119175084,969745.2844997984,1522694.1706589358,918097.6781412232,1161079.1192030977,893801.7616795637,1015094.1953678691,1057376.3608435628,1113923.0748314848
2019-04-04,1061390.398120156,1042350.6387308568,1090546.61279595,2505125.1392712765,1588631.2119175084,969745.2844997984,1627833.4406235318,918097.6781412232,1161079.1192030977,893801.7616795637,1015094.1953678691,1057376.3608435628,1113923.0748314848
2019-04-05,1061390.398120156,1042350.6387308568,1090546.61279595,2518368.2931985166,1588631.2119175084,969745.2844997984,1627833.4406235318,918097.6781412232,1161079.1192030977,893801.7616795637,1015094.1953678691,1057376.3608435628,1113923.0748314848
2019-04-08,1061390.398120156,1042350.6387308568,1090546.61279595,2513841.5636637346,1588631.2119175084,969745.2844997984,1627833.4406235318,918097.6781412232,1161079.1192030977,893801.7616795637,1015094.1953678691,1057376.3608435628,1113923.0748314848
2019-04-09,1061390.398120156,1042350.6387308568,1090546.61279595,2509086.4723516544,1588631.2119175084,969745.2844997984,1627833.4406235318,918097.6781412232,1161079.1192030977,893801.7616795637,1015094.1953678691,1057376.3608435628,1113923.0748314848
2019-04-10,1061390.398120156,1042350.6387308568,1090546.61279595,2524858.2933033663,1588631.2119175084,969745.2844997984,1627833.4406235318,918097.6781412232,1161079.1192030977,893801.7616795637,1015094.1953678691,1057376.3608435628,1113923.0748314848
2019-04-11,1061390.398120156,1042350.6387308568,1090546.61279595,2522741.6246155,1588631.2119175084,969745.2844997984,1627833.4406235318,918097.6781412232,1161079.1192030977,893801.7616795637,1015094.1953678691,1057376.3608435628,1113923.0748314848
2019-04-12,1061390.398120156,1042350.6387308568,1090546.61279595,2492908.563520158,1588631.2119175084,969745.2844997984,1627833.4406235318,918097.6781412232,1161079.1192030977,893801.7616795637,1015094.1953678691,1057376.3608435628,1113923.0748314848
2019-04-15,1061390.398120156,1042350.6387308568,1090546.61279595,2470867.160544019,1588631.2119175084,969745.2844997984,1627833.4406235318,918097.6781412232,1161079.1192030977,893801.7616795637,1014472.4686528129,1057376.3608435628,1113923.0748314848
2019-04-16,1062520.5988999524,1043483.3717405894,1091917.473051038,2512045.274908367,1588631.2119175084,969745.2844997984,1627833.4406235318,918097.6781412232,1169836.2536466075,893801.7616795637,1017362.2882544688,1058504.1772323886,1113923.0748314848
2019-04-17,1061192.3547891474,1042152.1516811209,1090306.399078071,2500967.8340994576,1588631.2119175084,969745.2844997984,1627833.4406235318,918097.6781412232,1159544.620106755,893801.7616795637,1016074.2829270235,1057178.7353256883,1113923.0748314848
2019-04-18,1062771.0536194202,1043734.3876072,1092221.2583843656,2507731.568277143,1588631.2119175084,969745.2844997984,1627833.4406235318,918097.6781412232,1171776.851892157,893801.7616795637,1017605.1555183507,1058754.10356612,1113923.0748314848
2019-04-22,1067552.1720592957,1048526.2182067723,1098020.4450078914,2550279.5244649397,1588631.2119175084,969745.2844997984,1627833.4406235318,918097.6781412232,1208822.39080594,893801.7616795637,1019844.6071515393,1063525.135253411,1113923.0748314848
2019-04-23,1068832.5709562362,1049809.485854536,1099573.4858390884,2582945.858382686,1588631.2119175084,969745.2844997984,1627833.4406235318,918097.6781412232,1218743.3052861544,893801.7616795637,1019844.6071515393,1064802.832885565,1113923.0748314848
2019-04-24,1068467.7697047135,1049443.8672609392,1099131.0055774762,2557745.660818499,1588631.2119175084,969745.2844997984,1627833.4406235318,918097.6781412232,1215916.715832448,893801.7616795637,1019844.6071515393,1064438.801257304,1113923.0748314848
2019-04-25,1068467.7697047135,1049443.8672609392,1099131.0055774762,2540568.456825567,1588631.2119175084,969745.2844997984,1627833.4406235318,918097.6781412232,1215916.715832448,893801.7616795637,1019844.6071515393,1064438.801257304,1113923.0748314848
2019-04-26,1068467.7697047135,1049443.8672609392,1099131.0055774762,2521180.261209605,1588631.2119175084,969745.2844997984,1627833.4406235318,918097.6781412232,1215916.715832448,893801.7616795637,1019844.6071515393,1064438.801257304,1113923.0748314848
2019-04-29,1068824.0042008425,1049783.8002897766,1099608.115829283,2531862.419559812,1592768.7654959238,969745.2844997984,1627833.4406235318,918097.6781412232,1215916.715832448,893801.7616795637,1020184.6303511709,1064793.692467668,1114294.4644386775
2019-04-30,1069677.5077210243,1050598.247065403,1100751.2260105177,2505637.8252378036,1602681.945107935,969745.2844997984,1627833.4406235318,918097.6781412232,1215916.715832448,893801.7616795637,1020999.2931673294,1065643.9776046192,1115184.2781443761
2019-05-01,1069406.6457788444,1050339.7799000875,1100388.456512216,2504368.175550254,1599535.9673592837,969745.2844997984,1627833.4406235318,918097.6781412232,1215916.715832448,893801.7616795637,1020740.7574408927,1065374.137026162,1114901.8930542096
2019-05-02,1070796.8138390195,1051666.333180087,1102250.3296335768,2517926.7186387153,1615682.3397473684,969745.2844997984,1627833.4406235318,918097.6781412232,1215916.715832448,893801.7616795637,1022067.662603035,1066759.0630533905,1115283.5974259595
2019-05-03,1070704.8499199196,1051578.577575554,1102127.1609649733,2560594.027159701,1614614.207248435,969745.2844997984,1627833.4406235318,918097.6781412232,1215916.715832448,893801.7616795637,1021979.8837204091,1066667.4459109916,1118443.1736849993
2019-05-06,1069089.7575832438,1050037.3926655438,1099964.043356161,2534165.4972834145,1595855.4089015434,969745.2844997984,1627833.4406235318,918097.6781412232,1215916.715832448,893801.7616795637,1020438.28999497,1065058.4437496571,1117311.8299630424
2019-05-07,1064586.392862686,1045740.1041489756,1093932.618833406,2472534.1590760387,1543550.2194352178,969745.2844997984,1627833.4406235318,918097.6781412232,1215916.715832448,893801.7616795637,1017150.2413072665,1060572.0602754042,1114091.3819536616
2019-05-08,1064586.392862686,1045740.1041489756,1093932.618833406,2459994.440550294,1543550.2194352178,969745.2844997984,1627833.4406235318,918097.6781412232,1215916.715832448,893801.7616795637,1017545.4012990511,1060572.0602754042,1114372.1787560687
2019-05-09,1064586.392862686,1045740.1041489756,1093932.618833406,2435303.5183611857,1543550.2194352178,969745.2844997984,1627833.4406235318,918097.6781412232,1215916.715832448,893801.7616795637,1016042.705166807,1060572.0602754042,1106826.0892618117
2019-05-10,1064586.392862686,1045740.1041489756,1093932.618833406,2422563.678112324,1543550.2194352178,969745.2844997984,1627833.4406235318,918097.6781412232,1215916.715832448,893801.7616795637,1015312.2068606616,1060572.0602754042,1106550.6363169777
2019-05-13,1060863.2272339466,1042067.9409478096,1089904.9581590132,2314619.394970677,1543550.2194352178,969745.2844997984,1627833.4406235318,910794.9850692292,1198727.604865381,893801.7616795637,1001490.4428654201,1056862.933925404,1102773.6114277425
2019-05-14,1059240.9045931334,1040228.7813588914,1089407.6449174583,2332533.925484253,1560791.2662978016,969155.051535571,1627833.4406235318,908093.2035268628,1199532.9432591167,883949.2640577015,996758.2985734225,1055215.506244433,1098393.9229229316
2019-05-15,1072130.0293874734,1053638.991132345,1100441.6304447406,2365943.907802217,1537096.52137917,980060.664970594,1627833.4406235318,926571.9484909212,1221116.0999865353,907912.9649795532,1014953.1473634853,1068111.8707054358,1114343.131902264
2019-05-16,1077806.120203499,1059529.9076459198,1106261.552958421,2385521.5711649484,1542972.208929961,992860.5588818452,1627833.4406235318,928973.5492118788,1231056.3018107307,911632.9180774016,1022688.2746576841,1073768.7257085126,1123086.1761195636
2019-05-17,1069458.1145680202,1051132.9096377918,1096760.8107198635,2334734.549061974,1507718.547380566,979305.0013465944,1627833.4406235318,923336.397969986,1219873.5528146855,911632.9180774016,1013547.5289547583,1065494.1562532536,1110158.4536619973
2019-05-20,1059935.2044084428,1041780.3461320058,1085418.9765940865,2290056.29122597,1450241.125686775,975779.9654135356,1627833.4406235318,914730.9403790424,1205285.385435887,911632.9180774016,1004464.1903131965,1056087.7318773475,1097209.2631723618
2019-05-21,1063122.5003002076,1044910.2242177164,1088839.6988439765,2317573.298624439,1450241.125686775,975270.3442781392,1627833.4406235318,921735.5021001096,1219459.3411656348,911632.9180774016,1009310.3250517983,1059262.6752812793,1102797.39176923
2019-05-22,1065190.132549656,1046982.3738525198,1091197.162750333,2308434.239640833,1450241.125686775,976029.4936828184,1627833.4406235318,923403.2475503788,1232022.7078832136,911632.9180774016,1011588.3642556276,1061323.008254176,1102542.1099199532
2019-05-23,1056882.17124181,1038578.5989509204,1082740.2203865722,2260693.322341347,1450241.125686775,960495.2997788872,1627833.4406235318,908560.2256914956,1214719.3870947768,911632.9180774016,1000315.9917418945,1053036.1978066957,1102542.1099199532
2019-05-24,1058161.1038442624,1039892.7898499843,1084132.587800298,2253274.413767334,1450241.125686775,963236.6249603224,1627833.4406235318,909193.9864328956,1219735.482265002,911632.9180774016,1000461.075638422,1054312.10371221,1102542.1099199532
2019-05-28,1061183.3483782248,1042857.4642976844,1086989.9366223884,2254350.700575616,1450241.125686775,965759.6926768852,1627833.4406235318,920034.4089344871,1221277.1676652825,911632.9180774016,1004300.6635103372,1057324.6049003168,1102542.1099199532
2019-05-29,1058751.054057966,1040445.7711862534,1084276.17901818,2222514.971974006,1450241.125686775,965759.6926768852,1627833.4406235318,916567.5737875932,1207770.3920042843,911632.9180774016,994336.1554455595,1054901.4822531296,1102542.1099199532
2019-05-30,1059512.0911628075,1041210.942556154,1085193.948722674,2222871.172760571,1450241.125686775,965759.6926768852,1627833.4406235318,916567.5737875932,1213891.0515719776,911632.9180774016,995339.8388606808,1055659.6496462498,1102542.1099199532
2019-05-31,1057060.1963972158,1038745.7280945926,1082237.0958699652,2171060.9759271224,1450241.125686775,965759.6926768852,1627833.4406235318,916567.5737875932,1194171.6278270322,911632.9180774016,986090.6784664206,1053217.0004629085,1102542.1099199532
2019-06-03,1038260.9692605594,1020049.6483762868,1064347.9588400358,2093826.568334267,1450241.125686775,937222.2289051104,1627833.4406235318,858667.0184723319,1186507.7231187937,911632.9180774016,975329.1184566739,1034455.9456345923,1093827.8336250125
2019-06-04,1045714.9613946768,1027507.5959710262,1071771.9776747194,2185413.0420064973,1450241.125686775,952754.3838495064,1627833.4406235318,876190.849976817,1204778.2259769,911632.9180774016,981551.7442311917,1041890.1624729763,1099115.1568976843
2019-06-05,1047596.9056928497,1029408.6429020006,1073674.4648520376,2186436.526739791,1450241.125686775,957679.1873447944,1627833.4406235318,879695.4873448362,1210120.415874675,911632.9180774016,983208.2844510976,1043766.7178097134,1100387.9344602665
2019-06-06,1049226.227839578,1031118.235663529,1075333.6810533707,2210108.715070873,1450241.125686775,966415.9013796162,1627833.4406235318,880532.5034709685,1213330.2778466514,911632.9180774016,984428.5663088319,1045390.4278387363,1101756.4758434764
2019-06-07,1057344.0148532349,1039109.0977819568,1083115.3365712438,2245399.383567311,1450241.125686775,978560.19892488,1629123.8316777763,906792.1015284152,1221905.2448073197,911632.9180774016,991816.1149190036,1053490.5435560017,1109949.9914742294
2019-06-10,1054248.6083912582,1036634.7137668527,1079078.2476706377,2265876.5844018883,1450241.125686775,978560.19892488,1584762.0218540395,914481.7389440468,1201591.2790958406,911632.9180774016,994056.4529185134,1050383.1893936864,1115611.3094650554
2019-06-11,1056143.072770766,1038917.8894276707,1080397.6585562024,2281436.6960288044,1450241.125686775,978560.19892488,1550172.9985920845,931639.3204925032,1207429.236110985,911632.9180774016,997081.4807859415,1052257.354724906,1121234.0402185468
2019-06-12,1057084.9459482257,1038980.6037850174,1082299.539475649,2241838.5297094467,1450241.125686775,978560.19892488,1612338.8807200554,915632.3842954516,1207429.236110985,911632.9180774016,992668.7187269222,1053186.3640585646,1124050.799400656
2019-06-13,1058300.88913287,1040438.9380233516,1083051.332939249,2259115.9407390794,1450241.125686775,978560.19892488,1590784.5940821026,928343.8767187304,1207429.236110985,911632.9180774016,994542.3656890857,1054404.1981271496,1122409.3876322983
2019-06-14,1062319.3517209897,1044358.092450614,1086649.4211771134,2244769.1897806907,1450241.125686775,978560.19892488,1586102.9100325298,948535.4906312,1207429.236110985,911632.9180774016,997518.5666581392,1058416.8179558762,1122052.8659146568
2019-06-17,1063293.4031285043,1045926.7282480806,1086756.435116335,2290202.781363135,1450241.125686775,978560.19892488,1539239.6532029586,968420.9737710564,1207429.236110985,911632.9180774016,1004910.1211735081,1059397.7615782602,1118484.1140206282
2019-06-18,1063388.3193540596,1045999.6169697796,1086865.7641850552,2335103.4176546047,1450241.125686775,978560.19892488,1540583.8702310724,968420.9737710564,1207429.236110985,911632.9180774016,1011854.8141251147,1059492.2754732522,1116422.2116321612
2019-06-19,1062835.176695669,1045574.8438495744,1086228.627896109,2348653.654440099,1450241.125686775,978560.19892488,1532750.1855682705,968420.9737710564,1207429.236110985,911632.9180774016,1010756.2613310345,1058941.4774740185,1116278.7652749645
2019-06-20,1065131.7806314498,1047354.1770968392,1088876.155917529,2356868.807419205,1450241.125686775,978560.19892488,1564316.8732706003,968420.9737710564,1207962.944308681,911632.9180774016,1015182.9997648548,1061228.4250944364,1119034.2075810563
2019-06-21,1060917.1111803956,1043145.154286628,1084866.448975063,2360873.4838395542,1450241.125686775,978560.19892488,1553933.6720078602,968420.9737710564,1199163.448219994,902379.990979836,1013726.9168039404,1057030.424372794,1115795.4670007853
2019-06-24,1061038.1984248974,1043485.719027716,1084537.3467756107,2369445.8095157794,1450241.125686775,978560.19892488,1545682.7708128518,968420.9737710564,1195137.7236556644,907127.6404518384,1012569.8558611511,1057150.3556750747,1115088.7165771963
2019-06-25,1069380.6691566836,1051817.0977090728,1092725.166862995,2322617.8213952836,1450241.125686775,978560.19892488,1563667.8403053684,968420.9737710564,1218764.3093934923,923073.6912888612,1015091.9829562779,1065460.771141408,1125165.6047131852
2019-06-26,1070027.7748934366,1052497.5364645803,1093074.8452602169,2354697.502133725,1450241.125686775,978560.19892488,1565939.190447486,968420.9737710564,1214584.5109881698,927049.2277368788,1015410.5045910338,1066104.4767787224,1120134.6490287401
2019-06-27,1068547.6784665503,1051336.6171140862,1091112.177112034,2388898.9808127275,1445942.7339861267,978560.19892488,1549391.0380326735,968420.9737710564,1211385.9399373175,929069.8298489724,1012688.2430257937,1064630.0034984644,1117504.6293955308
2019-06-28,1067614.2943171856,1050240.4891850608,1090286.4661272685,2392359.852252777,1440000.5848842843,978560.19892488,1556685.9350711412,968420.9737710564,1211385.9399373175,925691.1658276462,1011729.9912848612,1063700.392326669,1115473.528595517
2019-07-01,1059866.5854042806,1042445.8142902586,1081766.4985793703,2425791.7159213065,1389162.7896714665,978560.19892488,1556685.9350711412,968420.9737710564,1211385.9399373175,914949.3636918288,1004568.101058678,1055983.762079067,1106032.355108434
2019-07-02,1063458.414027912,1045561.4279108888,1086119.9237133225,2419632.1814395757,1406303.4737246097,978560.19892488,1575066.2572697997,968420.9737710564,1211385.9399373175,914949.3636918288,1006271.1884624023,1059562.4320314543,1109087.6296158945
2019-07-03,1058451.3703766416,1041650.486901388,1080307.259254921,2447633.06625038,1403394.039536408,978560.19892488,1528139.2316415517,968420.9737710564,1211385.9399373175,914949.3636918288,999543.3371862397,1054573.731694472,1101476.7573437754
2019-07-05,1060707.6547267777,1043676.3008583024,1083082.6370253712,2437073.403293724,1417495.290278931,978560.19892488,1536300.45066996,968420.9737710564,1211385.9399373175,914949.3636918288,1000713.3978734498,1056821.7501424425,1101679.3744566836
2019-07-08,1064174.0734406244,1046789.1363161736,1087346.8541574008,2413769.558498091,1439183.7511318997,978560.19892488,1548814.332818773,968420.9737710564,1211385.9399373175,914949.3636918288,1002507.4927869354,1060275.4696244972,1107886.0781409172
2019-07-09,1064301.5122811242,1046887.1519216448,1087493.894040238,2435658.3670025286,1439183.7511318997,978560.19892488,1550083.89469451,968420.9737710564,1211385.9399373175,914949.3636918288,1002689.5078064576,1060402.4415925536,1107002.7413929836
2019-07-10,1060269.0957974214,1043785.7446770984,1082841.2618835913,2470408.8788042148,1439183.7511318997,978560.19892488,1509912.4507711304,968420.9737710564,1211385.9399373175,914949.3636918288,996930.193282536,1056384.7978745888,1098473.4785887005
2019-07-11,1060414.7383263877,1043897.761081226,1083009.3053176913,2484710.877257555,1439183.7511318997,978560.19892488,1511363.3600977997,968420.9737710564,1211385.9399373175,914949.3636918288,997138.2077908997,1056529.906841863,1098239.917851825
2019-07-12,1058017.9843655368,1042054.3725999967,1080243.9127559627,2491693.4478576933,1439183.7511318997,978560.19892488,1487486.5934677732,968420.9737710564,1211385.9399373175,914949.3636918288,996195.8688363695,1054141.933393873,1093321.8218807278
2019-07-15,1055585.7556719636,1040171.1828367552,1077431.9865121045,2487754.498669155,1439183.7511318997,978560.19892488,1464254.6036911963,968420.9737710564,1211385.9399373175,914949.3636918288,992753.8569355939,1051713.7836739544,1087932.955940179
2019-07-16,1056054.620829693,1040534.2087593216,1077974.0466585597,2483117.2517001955,1439183.7511318997,978560.19892488,1468733.0766981733,968420.9737710564,1211385.9399373175,914949.3636918288,993417.3798423946,1052181.862520499,1084830.5458325432
2019-07-17,1055016.4151314923,1039730.3623331378,1076773.7656747,2479671.954932893,1439183.7511318997,978560.19892488,1458816.4170393543,968420.9737710564,1211385.9399373175,914949.3636918288,990036.4745417706,1051145.3979470958,1081957.9677018393
2019-07-18,1055798.0637610669,1040387.3891522592,1077683.0012458994,2410418.1829100046,1439183.7511318997,978560.19892488,1464094.6704839582,968420.9737710564,1213993.359627013,914949.3636918288,989992.54689171,1051925.2364512982,1082720.2745668385
2019-07-19,1051640.278125024,1036666.9326586734,1072822.3351359258,2379842.6497862125,1439183.7511318997,978560.19892488,1445541.0456270976,968420.9737710564,1188774.8681953745,914949.3636918288,989579.9539939752,1047779.2523905786,1079982.6658158782
2019-07-22,1049375.1320536332,1034740.0839719828,1070185.001475847,2392833.3462790707,1439183.7511318997,978560.19892488,1431209.6096949538,968420.9737710564,1180069.3856482902,914949.3636918288,987984.9695564766,1045519.5719835764,1077387.287611772
2019-07-23,1048312.40063664,1033918.5908959728,1068959.0702056454,2410485.3796647396,1439183.7511318997,978560.19892488,1417156.782147896,968420.9737710564,1180069.3856482902,914949.3636918288,986525.0052588077,1044463.2642541522,1069531.3708452766
2019-07-24,1046988.520213652,1032895.2292228728,1067431.886212966,2446599.887529797,1439183.7511318997,978560.19892488,1399650.7001974653,968420.9737710564,1180069.3856482902,914949.3636918288,989429.1783048176,1043147.3860357472,1069927.625152648
2019-07-25,1057675.5340897166,1041156.3079507904,1079760.0664909326,2400464.164052623,1439183.7511318997,978560.19892488,1540968.4034213703,968420.9737710564,1180069.3856482902,914949.3636918288,993024.0139814463,1053769.8021808271,1075924.0739494516
2019-07-26,1057675.5340897166,1041156.3079507904,1079760.0664909326,2439514.718927649,1439183.7511318997,978560.19892488,1540968.4034213703,968420.9737710564,1180069.3856482902,914949.3636918288,994352.5295210002,1053769.8021808271,1067443.123628087
2019-07-29,1056718.7481983542,1040120.7213934282,1078831.057601435,2426006.5466910787,1439183.7511318997,971812.5112729636,1540968.4034213703,968420.9737710564,1180069.3856482902,914510.9213906708,994285.3446703611,1053296.0905052188,1064984.484387297
2019-07-30,1057950.1534557724,1041343.756857328,1079764.5498931375,2416761.3924655532,1439183.7511318997,967107.3156786308,1540968.4034213703,973065.9197197052,1180069.3856482902,921305.3184559748,995756.4772593873,1054240.5568802594,1065176.370020972
2019-07-31,1055549.6766892066,1038871.4309347464,1077311.7212489024,2373051.1616133484,1439183.7511318997,952282.7336046658,1540968.4034213703,963781.0821366712,1180069.3856482902,926116.2896973612,997878.1094491994,1052406.8272259515,1065265.5300102616
2019-08-01,1054128.7316453834,1037395.8294298104,1075843.043204173,2340612.3194604875,1439183.7511318997,942760.3901931468,1540968.4034213703,958824.7539038218,1180069.3856482902,929267.8711693316,997664.8157479557,1050718.7072963312,1067072.9820108705
2019-08-02,1051245.8986936978,1034442.3761371474,1072902.6571204946,2309888.421544396,1439183.7511318997,926459.3297319814,1540968.4034213703,946560.499063199,1180069.3856482902,935135.6172464752,996412.68568317,1047340.9685632584,1065036.6872817448
2019-08-05,1044574.3002757404,1027527.3088673628,1066025.5306909117,2213993.813401525,1419207.0672386126,898393.394145622,1540968.4034213703,935658.0834172108,1180069.3856482902,935135.6172464752,991997.0651559607,1040683.3376328829,1063049.0988179783
2019-08-06,1046123.3975324628,1028979.8199412436,1067658.8751236396,2239081.5885752947,1428938.815366737,895068.9522524546,1540968.4034213703,945156.6773060678,1180069.3856482902,935135.6172464752,991975.33194119,1042230.4928622631,1064352.0581052743
2019-08-07,1047484.0837933904,1030349.2705801092,1069167.1558402155,2239973.626185037,1438545.9382683532,897857.5051579104,1540968.4034213703,947343.3929753642,1180069.3856482902,935135.6172464752,992520.0595363704,1043587.6752967098,1064767.1759431304
2019-08-08,1054572.7599516774,1037555.5021489656,1076532.6623939003,2303622.831416408,1465807.4815575532,917628.0190619124,1540968.4034213703,964461.3579936392,1180069.3856482902,935135.6172464752,996601.2533160159,1050651.1712417935,1069085.4920783276
2019-08-09,1049923.5166208493,1032829.4851669796,1071526.0072890704,2260725.715392192,1440355.074139535,904956.6537622446,1540968.4034213703,956568.7066197876,1180069.3856482902,935135.6172464752,994403.4174585026,1046016.6564240081,1067200.9562873875
2019-08-12,1045953.453400876,1028788.1106398902,1067357.066330242,2237097.4964471697,1423324.3799096553,893612.072202597,1540968.4034213703,948095.071552166,1180069.3856482902,935135.6172464752,992244.670887026,1042060.4010844935,1066672.0565968493
2019-08-13,1050130.4107081066,1033155.5923365314,1071351.050466809,2279939.6635361738,1421769.4451363892,913347.521980812,1540968.4034213703,958618.6242622578,1180069.3856482902,935135.6172464752,995427.6248524823,1046215.7298338297,1066209.0004960375
2019-08-14,1041540.742422948,1024332.7371924176,1063146.322630009,2188239.701091569,1421769.4451363892,882617.9027235272,1540968.4034213703,928756.28346891,1180069.3856482902,935135.6172464752,988642.2450883897,1037666.3196166495,1068978.732885768
2019-08-15,1043872.2982897888,1026699.0427831414,1065358.454795508,2182919.015023062,1421769.4451363892,889206.3679272375,1540968.4034213703,938596.5302981788,1180069.3856482902,935135.6172464752,990563.6737516824,1039987.5721608088,1069694.7614441707
2019-08-16,1045574.2918254656,1028482.2045393224,1067002.4691581652,2245386.7267357977,1421769.4451363892,897442.0067261987,1540968.4034213703,942389.1358476108,1180069.3856482902,935135.6172464752,991810.6328525653,1041680.8242380067,1070256.9249301183
2019-08-19,1048248.6816475632,1031265.3948415857,1069575.9483180535,2316996.7911580447,1421769.4451363892,909232.185335336,1540968.4034213703,949487.3218342212,1180069.3856482902,935135.6172464752,993990.4214623173,1044341.8881837197,1071507.8527886483
2019-08-20,1047207.9268391868,1030136.8384350332,1068550.6760645043,2276667.273923388,1421769.4451363892,901852.6765095672,1540968.4034213703,949487.3218342212,1180069.3856482902,935135.6172464752,992895.877847101,1043307.3133266149,1070312.622454595
2019-08-21,1048772.5928776015,1031833.5049962216,1070092.065700513,2289312.0300676627,1421769.4451363892,912946.9964655584,1540968.4034213703,949487.3218342212,1180069.3856482902,935135.6172464752,992775.3050063956,1044862.688454437,1070180.9581566441
2019-08-22,1047439.5217186988,1030387.9714424374,1068778.8256748803,2283140.75718349,1421769.4451363892,903494.808204378,1540968.4034213703,949487.3218342212,1180069.3856482902,935135.6172464752,992074.9879972732,1043537.5330070322,1069387.2554971937
2019-08-23,1043553.2829306097,1026173.8763968102,1064950.3996440556,2204275.6682641073,1421769.4451363892,875939.2944513446,1540968.4034213703,949487.3218342212,1180069.3856482902,935135.6172464752,990085.3360758858,1039674.370515249,1072318.1168402708
2019-08-26,1044618.1331924964,1027328.561030885,1065999.4089005203,2236660.5162869096,1421769.4451363892,883489.6529435391,1540968.4034213703,949487.3218342212,1180069.3856482902,935135.6172464752,992179.9861868818,1040732.897748237,1073651.9741223776
2019-08-27,1044618.1331924964,1027328.561030885,1065999.4089005203,2215492.68075885,1421769.4451363892,883489.6529435391,1540968.4034213703,949487.3218342212,1180069.3856482902,935135.6172464752,992585.0114399215,1040732.897748237,1074100.1263920674
2019-08-28,1044618.1331924964,1027328.561030885,1065999.4089005203,2218417.0944443727,1421769.4451363892,883489.6529435391,1540968.4034213703,949487.3218342212,1180069.3856482902,935135.6172464752,993050.3347722995,1040732.897748237,1074608.5167330261
2019-08-29,1044618.1331924964,1027328.561030885,1065999.4089005203,2268521.253001537,1421769.4451363892,883489.6529435391,1540968.4034213703,949487.3218342212,1180069.3856482902,935135.6172464752,996579.6035231234,1040732.897748237,1078467.7866866286
2019-08-30,1044618.1331924964,1027328.561030885,1065999.4089005203,2265125.282086221,1421769.4451363892,883489.6529435391,1540968.4034213703,949487.3218342212,1180069.3856482902,935135.6172464752,996306.9000180699,1040732.897748237,1078948.0544728008
2019-09-03,1044618.1331924964,1027328.561030885,1065999.4089005203,2238186.1958089387,1421769.4451363892,883489.6529435391,1540968.4034213703,949487.3218342212,1180069.3856482902,935135.6172464752,992981.2931977116,1040732.897748237,1077267.4578657472
2019-09-04,1044618.1331924964,1027328.561030885,1065999.4089005203,2267585.3477848396,1421769.4451363892,883489.6529435391,1540968.4034213703,949487.3218342212,1180069.3856482902,935135.6172464752,996278.2555169509,1040732.897748237,1078307.160023706
2019-09-05,1044618.1331924964,1027328.561030885,1065999.4089005203,2339266.7826103903,1421769.4451363892,883489.6529435391,1540968.4034213703,949487.3218342212,1180069.3856482902,935135.6172464752,1000615.7762620761,1040732.897748237,1078307.160023706
2019-09-06,1044450.078937121,1027198.1470337092,1065804.54009465,2320188.2619476113,1421769.4451363892,883489.6529435391,1538553.8750978485,949487.3218342212,1180069.3856482902,935135.6172464752,1000185.4886606839,1040565.2734389617,1078479.3910304848
2019-09-09,1043084.2304129844,1026138.2169226191,1064220.7582957074,2338775.981513398,1421769.4451363892,883489.6529435391,1518929.9748294489,949487.3218342212,1180069.3856482902,935135.6172464752,1000185.4886606839,1039202.9192699369,1078633.6105050463
2019-09-10,1041904.0656887809,1025222.3817438832,1062852.2877977593,2334166.810039262,1421769.4451363892,883489.6529435391,1501973.89629015,949487.3218342212,1180069.3856482902,935135.6172464752,1000185.4886606839,1038025.7738517284,1077793.3405978344
2019-09-11,1040600.1945856336,1024210.547547936,1061340.372468322,2355464.907626232,1421769.4451363892,883489.6529435391,1483240.459866679,949487.3218342212,1180069.3856482902,935135.6172464752,997293.2738330865,1036725.2385421001,1074948.5994443442
2019-09-12,1041036.7036420788,1024549.4400066098,1061847.052568332,2362107.194439794,1421769.4451363892,883489.6529435391,1489309.8343835445,949487.3218342212,1180069.3856482902,935135.6172464752,996320.3068267936,1037160.1221391085,1074156.400425006
2019-09-13,1041229.0636508806,1024698.7825125,1062070.3354236556,2362238.7301738597,1421769.4451363892,883489.6529435391,1491984.475191672,949487.3218342212,1180069.3856482902,935135.6172464752,996720.4541321191,1037351.7658434327,1074754.748089531
2019-09-16,1041915.2528239643,1025231.519079011,1062866.8329847264,2343605.898175034,1421769.4451363892,883489.6529435391,1501525.4893341493,949487.3218342212,1180069.3856482902,935135.6172464752,997379.4129696959,1038035.39980569,1078065.977785767
2019-09-17,1041346.7812734846,1024790.1749222666,1062206.9767508244,2361571.1200411697,1421769.4451363892,883489.6529435391,1493621.2621684107,949487.3218342212,1180069.3856482902,935135.6172464752,996833.5003164604,1037469.0451126561,1076135.7281032247
2019-09-18,1041720.0096328632,1025079.9381573908,1062640.2034609334,2343813.3502979083,1421769.4451363892,883489.6529435391,1498810.7597514188,949487.3218342212,1180069.3856482902,935135.6172464752,997191.9176968185,1037840.8836553748,1079003.3968015444
2019-09-19,1040827.1102530368,1024386.7180243612,1061603.765979536,2331958.9541059574,1421769.4451363892,883489.6529435391,1486395.5746320635,949487.3218342212,1180069.3856482902,935135.6172464752,996334.4516211601,1036951.3092276924,1079152.5751658934
2019-09-20,1042544.0165627014,1025719.6722712512,1063596.6736817795,2275270.3877898627,1421769.4451363892,883489.6529435391,1510268.0401625256,949487.3218342212,1180069.3856482902,935135.6172464752,997983.2252107526,1038661.8221727244,1082612.4234869736
2019-09-23,1042368.8735057508,1025583.6964872136,1063393.375490593,2269612.6492640413,1421769.4451363892,883489.6529435391,1507832.7898716857,949487.3218342212,1180069.3856482902,935135.6172464752,997815.0324298913,1038487.3313082781,1082612.4234869736
2019-09-24,1043778.4431270194,1026678.0438038848,1065029.5405738372,2204799.0828833347,1421769.4451363892,883489.6529435391,1527431.9386470765,949487.3218342212,1180069.3856482902,935135.6172464752,998893.0808942841,1039891.6520161303,1082612.4234869736
2019-09-25,1045002.1233223624,1027629.5798291876,1066453.158198931,2262533.2870524637,1421769.4451363892,883489.6529435391,1544932.290484271,949487.3218342212,1180069.3856482902,935135.6172464752,1000069.863127307,1041116.73410326,1083185.9109976282
2019-09-26,1047292.8910792572,1029410.8851527388,1069118.2151036055,2256597.1687877052,1421769.4451363892,883489.6529435391,1577693.498744027,949487.3218342212,1180069.3856482902,935135.6172464752,1001718.133372389,1043410.1262456084,1081812.4207214098
2019-09-27,1047292.8910792572,1029410.8851527388,1069118.2151036055,2224131.2645506896,1421769.4451363892,883489.6529435391,1577693.498744027,949487.3218342212,1180069.3856482902,935135.6172464752,1001718.133372389,1043410.1262456084,1080275.5550978545
2019-09-30,1047292.8910792572,1029410.8851527388,1069118.2151036055,2242122.869651544,1421769.4451363892,883489.6529435391,1577693.498744027,949487.3218342212,1180069.3856482902,935135.6172464752,1001718.133372389,1043410.1262456084,1080775.9378175857
2019-10-01,1047292.8910792572,1029410.8851527388,1069118.2151036055,2241446.103712145,1421769.4451363892,883489.6529435391,1577693.498744027,949487.3218342212,1180069.3856482902,935135.6172464752,1001718.133372389,1043410.1262456084,1079616.901772995
2019-10-02,1045532.5946581988,1027552.9907538284,1067723.0101939728,2220411.6019941783,1421769.4451363892,883489.6529435391,1577693.498744027,949487.3218342212,1180069.3856482902,924675.4151371416,1001718.133372389,1041653.100658432,1077134.7441678485
2019-10-03,1046541.815788054,1028618.167199107,1068522.9154022287,2254583.999131541,1421769.4451363892,883489.6529435391,1577693.498744027,949487.3218342212,1180069.3856482902,930672.5056640576,1001718.133372389,1042660.4465389673,1076021.0648672371
2019-10-04,1048429.6414399444,1030610.6615669918,1070019.1995430922,2273980.0191243896,1421769.4451363892,883489.6529435391,1577693.498744027,949487.3218342212,1180069.3856482902,941890.5241919188,1001718.133372389,1044544.7643929486,1076021.0648672371
2019-10-07,1048192.0179477396,1030359.86326397,1069830.8599776633,2287115.5820548045,1421769.4451363892,883489.6529435391,1577693.498744027,949487.3218342212,1180069.3856482902,940478.4951014472,1001718.133372389,1044307.5824326132,1076021.0648672371
2019-10-08,1046603.1970169704,1028682.9516524738,1068571.5659538738,2243437.1109430026,1421769.4451363892,883489.6529435391,1577693.498744027,949487.3218342212,1180069.3856482902,931037.2510856256,1001718.133372389,1042721.7137144771,1076021.0648672371
2019-10-09,1047679.0602380284,1029818.4650969628,1069424.2914551909,2263802.468400689,1421769.4451363892,883489.6529435391,1577693.498744027,949487.3218342212,1180069.3856482902,937430.34863422,1001718.133372389,1043795.57785752,1076021.0648672371
2019-10-10,1048298.9978187116,1030472.7745331728,1069915.6518567048,2296562.87195699,1421769.4451363892,883489.6529435391,1577693.498744027,949487.3218342212,1180069.3856482902,941114.2011442528,1001718.133372389,1044414.3635226397,1076021.0648672371
2019-10-11,1049231.3451478968,1031432.143497392,1070792.1049003515,2324321.0906193936,1421769.4451363892,883489.6529435391,1577693.498744027,949487.3218342212,1184251.5680605047,944365.4476861368,1001718.133372389,1045344.9656902442,1076416.6999713508
2019-10-14,1049088.054531084,1031293.0276239876,1070486.599840936,2338355.827551903,1421769.4451363892,883489.6529435391,1577693.498744027,951857.5974626838,1177069.491391578,945438.8161304852,1001563.7695522761,1045201.5782101802,1076083.9212044815
2019-10-15,1047986.6144496198,1030355.68875221,1069370.6801699065,2393501.0184239587,1421769.4451363892,883489.6529435391,1577693.498744027,932579.1940531348,1180605.2870353076,953275.1270346788,998818.8755076166,1044105.3054227354,1072976.9193315646
2019-10-16,1047147.0692654283,1029531.6207281434,1068478.672454812,2394240.603995254,1421769.4451363892,883489.6529435391,1577693.498744027,930311.1154531476,1174997.719255162,953275.1270346788,996872.1787733242,1043267.705723065,1070887.2724503437
2019-10-17,1041740.323298892,1024181.8926889616,1062356.6455540073,2414580.0265983483,1421769.4451363892,883489.6529435391,1577693.498744027,927424.614338805,1120760.9750295663,953275.1270346788,993714.8844240042,1037871.6403642077,1064490.716999277
2019-10-18,1046860.9239404557,1029197.910818377,1067730.6623382869,2349636.6058121547,1421769.4451363892,883489.6529435391,1577693.498744027,943025.9924594802,1150799.6971797645,953275.1270346788,1003033.7199101837,1042975.944084363,1073433.5535091436
2019-10-21,1044947.1565328188,1027349.5098194078,1065963.4998184284,2383785.277000271,1421769.4451363892,883489.6529435391,1577693.498744027,929589.5695816644,1150799.6971797645,953275.1270346788,1000877.9476555116,1041067.9152126041,1071117.870560403
2019-10-22,1048578.9142406858,1030857.2216491988,1069317.0453312942,2347949.288779307,1421769.4451363892,883489.6529435391,1577693.498744027,955087.8783928308,1150799.6971797645,953275.1270346788,1004623.6741263834,1044688.7828970422,1075409.678729542
2019-10-23,1046714.0967649296,1029056.0986541428,1067595.082914972,2361977.772773822,1421769.4451363892,883489.6529435391,1577693.498744027,941995.1294546826,1150799.6971797645,953275.1270346788,1003286.3097111941,1042829.5571781255,1075841.1802363112
2019-10-24,1046601.5089055884,1028947.356332141,1067491.1198918666,2410107.4463775526,1421769.4451363892,883489.6529435391,1577693.498744027,941204.65821822,1150799.6971797645,953275.1270346788,990634.6759743445,1042717.3069196169,1062361.1729118752
2019-10-25,1045862.4343025464,1028233.5254720664,1066808.662382838,2469023.527582667,1421769.4451363892,883489.6529435391,1577693.498744027,936015.6687594684,1150799.6971797645,953275.1270346788,990834.6204508569,1041980.4484720536,1066344.3053869747
2019-10-28,1045123.367239543,1027519.701894494,1066126.2118362412,2497315.1480540526,1421769.4451363892,883489.6529435391,1577693.498744027,930826.7322387856,1150799.6971797645,953275.1270346788,989425.4063370758,1041243.59754192,1066344.3053869747
2019-10-29,1043885.2208901072,1026323.8455223796,1064982.9141637594,2462784.0782294055,1421769.4451363892,883489.6529435391,1577693.498744027,922133.7960599916,1150799.6971797645,953275.1270346788,990123.3976337711,1040009.1638417958,1066344.3053869747
2019-10-30,1043885.2208901072,1026323.8455223796,1064982.9141637594,2482512.596415489,1421769.4451363892,883489.6529435391,1577693.498744027,922133.7960599916,1150799.6971797645,953275.1270346788,989817.2663847471,1040009.1638417958,1066344.3053869747
2019-10-31,1043885.2208901072,1026323.8455223796,1064982.9141637594,2471952.0220030975,1421769.4451363892,883489.6529435391,1577693.498744027,922133.7960599916,1150799.6971797645,953275.1270346788,986000.3928324692,1040009.1638417958,1066344.3053869747
2019-11-01,1043885.2208901072,1026323.8455223796,1064982.9141637594,2484741.3834112873,1421769.4451363892,883489.6529435391,1577693.498744027,922133.7960599916,1150799.6971797645,953275.1270346788,985324.7284021202,1040009.1638417958,1066344.3053869747
2019-11-04,1043885.2208901072,1026323.8455223796,1064982.9141637594,2536008.6047788,1421769.4451363892,883489.6529435391,1577693.498744027,922133.7960599916,1150799.6971797645,953275.1270346788,984509.3060353084,1040009.1638417958,1066344.3053869747
2019-11-05,1043885.2208901072,1026323.8455223796,1064982.9141637594,2523297.285428689,1421769.4451363892,883489.6529435391,1577693.498744027,922133.7960599916,1150799.6971797645,953275.1270346788,984880.1478695308,1040009.1638417958,1066600.8388391123
2019-11-06,1043885.2208901072,1026323.8455223796,1064982.9141637594,2519175.619130831,1421769.4451363892,883489.6529435391,1577693.498744027,922133.7960599916,1150799.6971797645,953275.1270346788,984750.1525461657,1040009.1638417958,1066894.533062011
2019-11-07,1043885.2208901072,1026323.8455223796,1064982.9141637594,2531046.764472197,1421769.4451363892,883489.6529435391,1577693.498744027,922133.7960599916,1150799.6971797645,953275.1270346788,984522.656302643,1040009.1638417958,1067268.8085481012
2019-11-08,1043885.2208901072,1026323.8455223796,1064982.9141637594,2534382.628095422,1421769.4451363892,883489.6529435391,1577693.498744027,922133.7960599916,1150799.6971797645,953275.1270346788,984058.3879231437,1040009.1638417958,1067383.5204764626
2019-11-11,1043885.2208901072,1026323.8455223796,1064982.9141637594,2539193.10001103,1421769.4451363892,883489.6529435391,1577693.498744027,922133.7960599916,1150799.6971797645,953275.1270346788,983452.5149649024,1040009.1638417958,1068087.091999982
2019-11-12,1043885.2208901072,1026323.8455223796,1064982.9141637594,2552763.1756487777,1421769.4451363892,883489.6529435391,1577693.498744027,922133.7960599916,1150799.6971797645,953275.1270346788,983956.2468429424,1040009.1638417958,1067773.1260933275
2019-11-13,1043885.2208901072,1026323.8455223796,1064982.9141637594,2522447.175043605,1421769.4451363892,883489.6529435391,1577693.498744027,922133.7960599916,1150799.6971797645,953275.1270346788,986022.2515366535,1040009.1638417958,1069003.7538501415
2019-11-14,1043885.2208901072,1026323.8455223796,1064982.9141637594,2544221.081280523,1421769.4451363892,883489.6529435391,1577693.498744027,922133.7960599916,1150799.6971797645,953275.1270346788,984511.0514748999,1040009.1638417958,1068930.0832167678
2019-11-15,1043885.2208901072,1026323.8455223796,1064982.9141637594,2540867.7585113323,1421769.4451363892,883489.6529435391,1577693.498744027,922133.7960599916,1150799.6971797645,953275.1270346788,983255.1974721991,1040009.1638417958,1068551.8444542997
2019-11-18,1043885.2208901072,1026323.8455223796,1064982.9141637594,2584650.296224977,1421769.4451363892,883489.6529435391,1577693.498744027,922133.7960599916,1150799.6971797645,953275.1270346788,981504.8963391796,1040009.1638417958,1068551.8444542997
2019-11-19,1043885.2208901072,1026323.8455223796,1064982.9141637594,2578068.418702596,1421769.4451363892,883489.6529435391,1577693.498744027,922133.7960599916,1150799.6971797645,953275.1270346788,981497.9316714802,1040009.1638417958,1068904.1926101262
2019-11-20,1043885.2208901072,1026323.8455223796,1064982.9141637594,2581312.044676122,1421769.4451363892,883489.6529435391,1577693.498744027,922133.7960599916,1150799.6971797645,953275.1270346788,980903.6635409821,1040009.1638417958,1068028.4312512474
2019-11-21,1043885.2208901072,1026323.8455223796,1064982.9141637594,2588948.9548229254,1421769.4451363892,883489.6529435391,1577693.498744027,922133.7960599916,1150799.6971797645,953275.1270346788,979387.818891551,1040009.1638417958,1065794.5605422086
2019-11-22,1043885.2208901072,1026323.8455223796,1064982.9141637594,2574119.775513216,1421769.4451363892,883489.6529435391,1577693.498744027,922133.7960599916,1150799.6971797645,953275.1270346788,979668.7035413794,1040009.1638417958,1066208.4947749188
2019-11-25,1043885.2208901072,1026323.8455223796,1064982.9141637594,2633665.764067116,1421769.4451363892,883489.6529435391,1577693.498744027,922133.7960599916,1150799.6971797645,953275.1270346788,978491.7765357599,1040009.1638417958,1064474.0803904918
2019-11-26,1043885.2208901072,1026323.8455223796,1064982.9141637594,2613026.270467546,1421769.4451363892,883489.6529435391,1577693.498744027,922133.7960599916,1150799.6971797645,953275.1270346788,977932.7486471444,1040009.1638417958,1064184.463816598
2019-11-27,1043885.2208901072,1026323.8455223796,1064982.9141637594,2635238.845554235,1421769.4451363892,883489.6529435391,1577693.498744027,922133.7960599916,1150799.6971797645,953275.1270346788,975711.4794638096,1040009.1638417958,1064184.463816598
2019-11-29,1044899.9613535104,1027427.7708796542,1065940.3401505286,2619975.2789568594,1421769.4451363892,888255.2277233031,1577693.498744027,922133.7960599916,1150799.6971797645,953275.1270346788,977174.4159115287,1041020.1364657405,1065218.9367781358
2019-12-02,1046224.6365125626,1028868.870895835,1067190.1951302446,2577852.4030393995,1421769.4451363892,894476.3638236484,1577693.498744027,922133.7960599916,1150799.6971797645,953275.1270346788,979524.8885812641,1042339.8929647866,1066569.371381152
2019-12-03,1047027.7226042676,1029742.5397133122,1067947.9213878852,2563879.1632698565,1421769.4451363892,898247.9359276843,1577693.498744027,922133.7960599916,1150799.6971797645,953275.1270346788,981181.7286058046,1043139.9971122664,1067388.074170306
2019-12-04,1047667.2942869698,1030438.3229443878,1068551.36884219,2567851.1181989326,1421769.4451363892,901251.5873941045,1577693.498744027,922133.7960599916,1150799.6971797645,953275.1270346788,982220.2945797624,1043777.1939971661,1068040.082872612
2019-12-05,1049061.651513572,1031955.2293407124,1069866.970113387,2558841.043396451,1421769.4451363892,907799.9747628234,1577693.498744027,922133.7960599916,1150799.6971797645,953275.1270346788,983892.2309366302,1045166.3738268211,1069461.5545707124
2019-12-06,1048294.4434225034,1031120.591818526,1069143.095398482,2591527.848480018,1421769.4451363892,904196.898250662,1577693.498744027,922133.7960599916,1150799.6971797645,953275.1270346788,982116.4812139736,1044402.0144611384,1068679.427460671
2019-12-09,1048438.6397179008,1031277.4614346052,1069279.1472121114,2586756.608470014,1421769.4451363892,904874.094295822,1577693.498744027,922133.7960599916,1150799.6971797645,953275.1270346788,983380.1929172336,1044545.6753403271,1068826.4277766354
2019-12-10,1049149.2725814404,1032050.5513685014,1069949.6421762358,2581275.127873564,1421769.4451363892,908211.4738271342,1577693.498744027,922133.7960599916,1150799.6971797645,953275.1270346788,986236.9951860338,1045253.6695483285,1069550.879505353
2019-12-11,1048493.15153929,1031336.7642653022,1069330.5801018665,2611257.5567576163,1421769.4451363892,905130.1008024904,1577693.498744027,922133.7960599916,1150799.6971797645,953275.1270346788,984261.0313487896,1044599.9847535153,1070318.8376361206
2019-12-12,1047692.1288537248,1030465.340205418,1068574.8007052515,2635997.409022278,1421769.4451363892,901368.219172635,1577693.498744027,922133.7960599916,1150799.6971797645,953275.1270346788,983608.9919837288,1043801.9363505286,1069329.3340105875
2019-12-13,1047650.0501070868,1030419.5631845032,1068535.0986464738,2630683.1920268536,1421769.4451363892,901170.602717024,1577693.498744027,922133.7960599916,1150799.6971797645,953275.1270346788,981989.6910111911,1043760.01384676,1067605.998517884
2019-12-16,1047079.4656714996,1029798.8304458105,1067996.7419079985,2674275.272591456,1421769.4451363892,898490.9394001208,1577693.498744027,922133.7960599916,1150799.6971797645,953275.1270346788,982470.5907501513,1043191.5480519767,1071596.1305375774
2019-12-17,1045599.5613107514,1028188.8582321348,1066600.425367943,2707623.752983092,1421769.4451363892,891540.7928824663,1577693.498744027,922133.7960599916,1150799.6971797645,953275.1270346788,978729.7593003566,1041717.1387337996,1074379.7070891191
2019-12-18,1046056.984763698,1028686.4843414024,1067032.0126718923,2736533.0029534483,1421769.4451363892,893689.0127964766,1577693.498744027,922133.7960599916,1150799.6971797645,953275.1270346788,979616.8401052168,1042172.8637247282,1079481.5595692513
2019-12-19,1042953.38640216,1025549.0379994984,1063525.5570024194,2794992.253231282,1421769.4451363892,891015.8757172868,1577693.498744027,922133.7960599916,1131588.6869991822,953275.1270346788,978892.0987027881,1039076.2145880964,1085320.2265326537
2019-12-20,1041892.4705664013,1024532.4890049876,1062191.5731624954,2816337.4160238495,1421769.4451363892,892888.7081762676,1577693.498744027,922133.7960599916,1120524.0229055765,953275.1270346788,978051.7552467451,1038016.6031894009,1086721.0172129394
2019-12-23,1042629.2283340266,1025222.2657312852,1063157.0933014336,2819893.705165016,1421769.4451363892,890782.562719031,1577693.498744027,922133.7960599916,1129508.1156406775,953275.1270346788,979753.5607989833,1038752.7647016833,1086183.3259776256
2019-12-24,1042859.5273749332,1025475.7455101488,1063367.2706020488,2820327.629431051,1421769.4451363892,892010.583115445,1577693.498744027,922133.7960599916,1129271.7301219886,953275.1270346788,979974.2795141679,1038982.1523266312,1085738.5123038376
2019-12-26,1039070.3700575684,1021336.8015466054,1059832.6882233026,2852594.9076637095,1421769.4451363892,873380.4531976368,1577693.498744027,922133.7960599916,1130619.335013348,953275.1270346788,977598.8934284552,1035207.3854626747,1082986.3987615407
2019-12-27,1041243.3871462332,1023594.5914727392,1062136.2382625267,2836406.0933770137,1421769.4451363892,878368.1755574114,1577693.498744027,922133.7960599916,1138988.7893242347,953275.1270346788,978634.9619161173,1037377.3876037414,1083194.4612787396
2019-12-30,1045320.6579430297,1027855.7405134722,1066397.4346802577,2782969.3360382207,1421769.4451363892,888981.5677245808,1577693.498744027,922133.7960599916,1152654.145068707,953275.1270346788,980326.618735502,1041449.2860084135,1080718.0365833477
2019-12-31,1045363.4106088452,1027901.4147701322,1066384.6907978544,2798484.441823166,1421769.4451363892,888541.4607623328,1577693.498744027,922133.7960599916,1152039.5066444925,954193.4735727228,980250.5316360353,1041491.3649221492,1081281.7955429931
2020-01-02,1041746.6208406464,1024028.598323239,1061998.7915046576,2860855.7891888507,1421769.4451363892,865299.487015889,1577693.498744027,922133.7960599916,1137286.5610603131,968128.5444086523,978424.2402851069,1037868.7335741657,1084321.9171669697
2020-01-03,1044444.323260884,1026876.0399273678,1064953.13315572,2841781.5890654135,1421769.4451363892,875973.1058344936,1577693.498744027,922133.7960599916,1146530.759036124,964722.0569590314,979568.5947269478,1040565.5358738017,1083576.9861550808
2020-01-06,1042677.6654567604,1025088.6438849908,1061928.2209807162,2890415.3699317863,1421769.4451363892,863043.3909980437,1577693.498744027,922133.7960599916,1123053.7357684956,981987.3976345912,976662.3354789511,1038790.0597921165,1086214.4951774532
2020-01-07,1042952.4828890454,1025252.3610356085,1062595.8651999594,2906980.426610091,1421769.4451363892,858356.0970759154,1577693.498744027,922133.7960599916,1135064.1223149723,980702.8377615876,976351.9308298739,1039063.9784433257,1086523.1927526607
2020-01-08,1041230.3322398036,1023592.0445390452,1060218.234160263,2944191.145654548,1421769.4451363892,858356.0970759154,1577693.498744027,922133.7960599916,1114944.3866983184,984626.7718676494,976351.9308298739,1037343.0099655291,1087391.6087367958
2020-01-09,1042353.172490828,1024707.7172177812,1061533.7993708928,2948772.3946964517,1421769.4451363892,858356.0970759154,1577693.498744027,922133.7960599916,1123455.6182069844,984626.7718676494,976351.9308298739,1038463.7077921728,1087391.6087367958
2020-01-10,1044414.8600115392,1026756.2441002558,1063949.3561475244,2936971.7062882874,1421769.4451363892,858356.0970759154,1577693.498744027,922133.7960599916,1139083.3976451447,984626.7718676494,976351.9308298739,1040521.4615301343,1087391.6087367958
2020-01-13,1041336.3804448388,1023697.4157927732,1060342.4845414432,3029754.5429085195,1421769.4451363892,858356.0970759154,1577693.498744027,922133.7960599916,1115748.241764353,984626.7718676494,976351.9308298739,1037448.8558263219,1087391.6087367958
2020-01-14,1041408.114387188,1023768.6918265136,1060426.5309397527,3011472.9678022065,1421769.4451363892,858356.0970759154,1577693.498744027,922133.7960599916,1116291.991589678,984626.7718676494,976351.9308298739,1037520.4528974225,1087391.6087367958
2020-01-15,1041289.5850234986,1023650.9190867356,1060287.657126523,2993640.173590594,1421769.4451363892,858356.0970759154,1577693.498744027,922133.7960599916,1115393.5282027335,984626.7718676494,976351.9308298739,1037402.1496925288,1087391.6087367958
2020-01-16,1041429.94749122,1023790.3855604517,1060452.1114905735,3008122.9865237237,1421769.4451363892,858356.0970759154,1577693.498744027,922133.7960599916,1116457.4885094776,984626.7718676494,976351.9308298739,1037542.2443430137,1087391.6087367958
2020-01-17,1041102.450930736,1023464.9795513788,1060068.4032282622,3013214.6921907244,1421769.4451363892,858356.0970759154,1577693.498744027,922133.7960599916,1113975.0347124843,984626.7718676494,976351.9308298739,1037215.372659145,1087391.6087367958
2020-01-21,1041589.0138496982,1023948.4365299448,1060638.4800921662,3041233.10095534,1421769.4451363892,858356.0970759154,1577693.498744027,922133.7960599916,1117663.2260140006,984626.7718676494,976351.9308298739,1037701.0071964792,1087391.6087367958
2020-01-22,1045366.1646435808,1027701.4761456476,1065063.9432648665,3045058.6274429066,1421769.4451363892,858356.0970759154,1577693.498744027,922133.7960599916,1146294.3735174348,984626.7718676494,976351.9308298739,1041470.9510346587,1087391.6087367958
2020-01-23,1038231.760948444,1020612.6144180114,1056704.9863327951,3095722.3856244776,1421769.4451363892,858356.0970759154,1577693.498744027,922133.7960599916,1092214.9428324508,984626.7718676494,976351.9308298739,1034350.160068853,1094885.3249384225
2020-01-24,1038231.760948444,1020612.6144180114,1056704.9863327951,3075059.6918429136,1421769.4451363892,858356.0970759154,1577693.498744027,922133.7960599916,1092214.9428324508,984626.7718676494,976351.9308298739,1034350.160068853,1095818.0546162433
2020-01-27,1038231.760948444,1020612.6144180114,1056704.9863327951,2994107.2030461966,1421769.4451363892,858356.0970759154,1577693.498744027,922133.7960599916,1092214.9428324508,984626.7718676494,976351.9308298739,1034350.160068853,1095818.0546162433
2020-01-28,1040770.2773300442,1023183.0953320558,1059700.210507919,3053681.830991598,1440568.0957983728,861604.9360401535,1577693.498744027,922133.7960599916,1092214.9428324508,984626.7718676494,977018.0921813344,1036884.0501776536,1099737.770718614
2020-01-29,1040169.8139707596,1022623.5232187356,1058828.4031862428,3057389.7203975143,1431083.877029996,863081.7969596152,1577693.498744027,922133.7960599916,1092214.9428324508,984626.7718676494,978171.7170454382,1036282.5290183104,1102666.5914698849
2020-01-30,1041133.0048376452,1023657.3138168434,1059767.7981255855,3097089.0141139445,1432137.395965085,867024.1569193435,1577693.498744027,922133.7960599916,1092214.9428324508,984626.7718676494,978171.7170454382,1037241.3674068392,1093549.216498084
2020-01-31,1045442.2220918406,1029226.3046819132,1062733.928891066,3082318.180537564,1395527.3131645531,922437.0582726164,1577693.498744027,902134.906378053,1092214.9428324508,984626.7718676494,972282.177784312,1041509.2235608732,1101902.5308986176
2020-02-03,1048344.3918977334,1032041.568588556,1065920.3196300955,3237570.9658183055,1410749.147755355,922437.0582726164,1577693.498744027,908859.7418011748,1092214.9428324508,984626.7718676494,975851.6569206113,1044404.8498066851,1103967.6048127662
2020-02-04,1054441.9721817586,1037940.4214677564,1072425.7437795056,3377857.826164727,1437289.4903076496,922437.0582726164,1577693.498744027,925494.7199142724,1092214.9428324508,984626.7718676494,983242.9543974341,1050486.8877878657,1112354.430563564
2020-02-05,1056342.6146674834,1039807.1890301123,1074782.8680391395,3267374.098672084,1455028.628458548,922437.0582726164,1577693.498744027,926320.5234885546,1092214.9428324508,984626.7718676494,984816.6545101968,1052385.8067228454,1114094.7258305443
2020-02-06,1056803.7979387147,1040247.3897047276,1075205.0584322973,3297270.1264049225,1455028.628458548,922437.0582726164,1577693.498744027,928503.0984813595,1092214.9428324508,984626.7718676494,986738.6236424634,1052845.152651762,1116239.7682364094
2020-02-07,1057726.1932835304,1041127.8185458812,1076049.4655857375,3296271.7799317213,1455028.628458548,922437.0582726164,1577693.498744027,932868.3847756748,1092214.9428324508,984626.7718676494,987049.1830482236,1053763.8731971995,1116653.3956083958
2020-02-10,1058181.136045013,1041562.0626371315,1076465.943101979,3384353.2009547167,1455028.628458548,922437.0582726164,1577693.498744027,935021.4262156168,1092214.9428324508,984626.7718676494,991854.3867146998,1054217.0034783976,1121687.2461757637
2020-02-11,1054522.805218416,1038070.1760092126,1073116.9228180074,3404904.5545316488,1455028.628458548,922437.0582726164,1577693.498744027,917708.175983846,1092214.9428324508,984626.7718676494,988559.0892644604,1050573.2473479132,1115804.3630445634
2020-02-12,1056747.7197580324,1040193.8629302164,1075153.7216414232,3436403.824290692,1455028.628458548,922437.0582726164,1577693.498744027,928237.70543171,1092214.9428324508,984626.7718676494,990611.0625743853,1052789.2978851118,1119382.2002697566
2020-02-13,1058230.992917515,1041609.6511562272,1076511.5845940197,3462009.398848288,1455028.628458548,922437.0582726164,1577693.498744027,935257.376584874,1092214.9428324508,984626.7718676494,990662.7644667373,1054266.6617223993,1121767.4199402805
2020-02-14,1058879.1610623936,1042228.3293963932,1077104.9503576737,3524982.6134204804,1455028.628458548,922437.0582726164,1577693.498744027,938324.8676939222,1092214.9428324508,984626.7718676494,990662.7644667373,1054912.2475820254,1122809.7251954437
2020-02-18,1061135.2493484018,1044381.7717422964,1079170.2871985468,3619797.8583117984,1455028.628458548,922437.0582726164,1577693.498744027,949001.9285973952,1092214.9428324508,984626.7718676494,990662.7644667373,1057159.3476702105,1121910.8200168891
2020-02-19,1060942.0431665743,1044197.3559213298,1078993.4165292173,3734335.039302402,1455028.628458548,922437.0582726164,1577693.498744027,948087.5698007592,1092214.9428324508,984626.7718676494,990662.7644667373,1056966.9112168525,1121910.8200168891
2020-02-20,1059128.4454249034,1042466.2719918712,1077333.1578178774,3687721.488779517,1455028.628458548,922437.0582726164,1577693.498744027,939504.619540208,1092214.9428324508,984626.7718676494,990662.7644667373,1055160.5388020338,1121910.8200168891
2020-02-21,1056386.2406310206,1039848.830129818,1074822.8054433053,3598206.9581819423,1455028.628458548,922437.0582726164,1577693.498744027,926526.985741184,1092214.9428324508,984626.7718676494,990662.7644667373,1052429.2588816637,1121910.8200168891
2020-02-24,1049329.2877494018,1033112.9495959895,1068362.515364631,3400032.073121531,1455028.628458548,922437.0582726164,1577693.498744027,893129.5712085757,1092214.9428324508,984626.7718676494,990662.7644667373,1045400.4207191905,1121910.8200168891
2020-02-25,1038794.5828084244,1022581.529657737,1059460.6015741888,3294884.653801114,1455028.628458548,922437.0582726164,1577693.498744027,867845.2776677987,1092214.9428324508,963310.9571620228,981545.4321024863,1034887.4038044049,1101579.3442397432
2020-02-26,1041672.5799797073,1025514.5924497612,1062823.5150130976,3334807.372524969,1455028.628458548,922437.0582726164,1577693.498744027,862868.1627015749,1117006.7301920715,965214.609516712,981289.1202842804,1037723.6790325087,1107171.2543117995
2020-02-27,1034442.1696474868,1018190.7904042908,1056246.3621415317,3136432.075817612,1455028.628458548,922437.0582726164,1577693.498744027,855941.3995481348,1102038.7879138547,950063.9717626924,971767.8530054751,1030528.209831799,1083148.0632300517
2020-02-28,1049779.2815429035,1033493.879284266,1070859.3712284723,3195532.097534734,1455028.628458548,945092.3733381848,1640334.9895080607,834114.4563051156,1096711.5095530325,997233.5810820344,978854.9029280877,1045943.0768370514,1130649.1060263226
2020-03-02,1077722.477539471,1059729.5086557723,1100517.4231928308,3333830.6307502585,1455028.628458548,966097.3783308032,1766660.802386371,840326.2615998792,1120604.6051285784,1032282.8635352484,980024.0972468946,1073922.902629428,1175185.889365729
2020-03-03,1069407.837916508,1051762.599160706,1092043.0225434655,3238478.1221007975,1455028.628458548,966097.3783308032,1769817.678936418,811714.1889645403,1096194.6676299328,1039440.9290717072,980024.0972468946,1065708.1824983968,1157209.8434906858
2020-03-04,1076615.5304636597,1058946.8581628376,1099494.2418187745,3369711.3935516374,1455028.628458548,966097.3783308032,1776482.1960976291,811714.1889645403,1126051.1605353272,1050119.3516267184,981539.211509708,1072873.6672224214,1182317.15590732
2020-03-05,1062335.2987683984,1045083.7486604064,1085328.2662957923,3252325.0473721726,1455028.628458548,966097.3783308032,1734791.163516853,811714.1889645403,1104165.680387596,1016036.2793689672,977296.8532590086,1058579.2759817522,1150541.524127582
2020-03-06,1052985.420573683,1036136.6507490906,1076036.4524813404,3186690.955888087,1455028.628458548,966097.3783308032,1699614.4025648425,811714.1889645403,1096592.232507106,992377.4116121324,974670.2886363404,1049201.1422352337,1141142.1150592691
2020-03-09,1032503.2623797456,1018693.9013343952,1050141.144108206,2936695.5857399483,1455028.628458548,966097.3783308032,1540132.9752196514,811714.1889645403,1045824.7517817843,992377.4116121324,967137.0090743687,1028696.4635762546,1074323.4816166842
2020-03-10,1044822.3034775736,1029961.089057648,1064091.0731529547,3102101.0237680534,1470982.594632149,966097.3783308032,1602485.7313688735,811714.1889645403,1060015.21645291,1007557.4736013628,969829.1019730372,1041038.00280462,1092477.0652907472
2020-03-11,1022241.2905394838,1007279.5478540484,1041587.5532770072,2972230.743759105,1415739.6330403304,966097.3783308032,1583945.317973855,811714.1889645403,1032218.9326021709,956775.459903914,955202.1191672848,1018474.6483721219,1060826.0868018896
2020-03-12,983851.5068255678,969985.3483799652,1001306.453445819,2663113.1122520627,1301699.9009999165,948322.737598574,1460876.6409099274,811714.1889645403,985608.505213228,885913.6161487139,928426.3082628895,980083.3411699458,1003599.5988353385
2020-03-13,985452.9549141172,971641.2636308952,1002914.1746429616,2849813.8809436155,1394451.9028982536,988863.4096388068,1437609.2278051826,811714.1889645403,1001622.813366826,885913.6161487139,930751.2769481414,981673.2427458197,1003498.0622750139
2020-03-16,976462.770859876,962372.1573781878,993830.1541376632,2450659.237033927,1285482.9008359206,934426.9941468992,1307814.4459339764,811714.1889645403,904648.27039568,885913.6161487139,919877.5402176789,972746.5498857059,981742.4764323464
2020-03-17,976462.770859876,962372.1573781878,993830.1541376632,2593836.9581654174,1354195.802439676,934426.9941468992,1287286.1837020796,811714.1889645403,904648.27039568,885913.6161487139,919877.5402176789,972746.5498857059,985973.6553440178
2020-03-18,973649.5319284396,960180.2535814606,990219.377550142,2473646.563139889,1292558.783787681,934426.9941468992,1150602.849253735,811714.1889645403,904648.27039568,885913.6161487139,919877.5402176789,970042.8094945487,976614.6631223941
2020-03-19,980260.079128732,965330.7878446012,998703.9782695454,2618612.315067278,1335853.7799098964,934426.9941468992,1282213.5349280292,811714.1889645403,904648.27039568,885913.6161487139,919877.5402176789,976396.0570887569,986729.3636002261
2020-03-20,980249.133434573,965322.2596288436,998689.9295317144,2570541.3850471163,1305056.759961076,934426.9941468992,1281995.6149480625,811714.1889645403,904648.27039568,885913.6161487139,919877.5402176789,976385.5374293436,985420.4745548789
2020-03-23,980921.9319960228,965846.4631384691,999553.4627590752,2656619.0250086477,1334659.3798603124,934426.9941468992,1295390.4939664225,811714.1889645403,904648.27039568,885913.6161487139,919877.5402176789,977032.1489294821,991424.3845147074
2020-03-24,987959.4495402464,971329.6665920918,1008586.0775501608,2885710.330414613,1410336.8931651912,934426.9941468992,1435501.816278615,811714.1889645403,904648.27039568,885913.6161487139,919877.5402176789,983795.7480767749,1006183.4488910551
2020-03-25,991368.23028283,973985.580161461,1012961.228753912,2848099.7240786357,1410336.8931651912,934426.9941468992,1503367.9031927087,811714.1889645403,904648.27039568,885913.6161487139,919877.5402176789,987071.8502504413,1008407.368357716
2020-03-26,990264.4806073052,973125.6058886094,1011544.572158436,2958245.6729385685,1410336.8931651912,934426.9941468992,1481393.1335999276,811714.1889645403,904648.27039568,885913.6161487139,919877.5402176789,986011.061368951,1009743.0289918776
2020-03-27,988891.018093396,972055.487860148,1009781.7406286844,2885690.9152684496,1410336.8931651912,934426.9941468992,1454048.598007548,811714.1889645403,904648.27039568,885913.6161487139,919877.5402176789,984691.0575708023,1009626.4923031415
2020-03-30,987673.8079263356,971107.1121083476,1008219.4581207174,2983203.0330969137,1410336.8931651912,934426.9941468992,1429814.9211510425,811714.1889645403,904648.27039568,885913.6161487139,919877.5402176789,983521.224373759,1008582.7125479144
2020-03-31,989850.4520375552,972803.0201374146,1011013.1687822378,3003258.3188724443,1410336.8931651912,934426.9941468992,1473150.1572921406,811714.1889645403,904648.27039568,885913.6161487139,919877.5402176789,985613.1478627014,1008454.1344031269
2020-04-01,985626.547387228,969512.011849207,1005591.8105574192,2840435.057427272,1410336.8931651912,934426.9941468992,1389055.6080197596,811714.1889645403,904648.27039568,885913.6161487139,919877.5402176789,981553.648513439,1008454.1344031269
2020-04-02,982930.3757550112,967411.3197354852,1002131.2892000756,2877921.9882292994,1410336.8931651912,934426.9941468992,1335376.9961801954,811714.1889645403,904648.27039568,885913.6161487139,919877.5402176789,978962.418859229,1008454.1344031269
2020-04-03,985472.2825779768,969391.8181403396,1005393.8125291328,2827775.972568197,1410336.8931651912,934426.9941468992,1385984.3195612058,811714.1889645403,904648.27039568,885913.6161487139,919877.5402176789,981405.3880898232,1008454.1344031269
2020-04-06,989078.1256800748,972201.2706534454,1010021.892179901,3036448.23016809,1410336.8931651912,934426.9941468992,1457773.759787886,811714.1889645403,904648.27039568,885913.6161487139,919877.5402176789,984870.882445946,1008454.1344031269
2020-04-07,991985.2952147856,974466.3594340874,1013753.228176495,3020611.2146929773,1410336.8931651912,934426.9941468992,1515653.1704088082,811714.1889645403,904648.27039568,885913.6161487139,919877.5402176789,987664.8974181922,1008454.1344031269
2020-04-08,992322.6868405716,974729.2343635078,1014186.2684595652,3070928.4983380605,1410336.8931651912,934426.9941468992,1522370.3667111774,811714.1889645403,904648.27039568,885913.6161487139,919877.5402176789,987989.1568886844,1008454.1344031269
2020-04-09,994727.248551136,976602.7218529476,1017272.5100975344,3076455.548107252,1410336.8931651912,934426.9941468992,1570243.259209326,813221.9945390302,904648.27039568,885913.6161487139,919877.5402176789,990300.1268341214,1008454.1344031269
2020-04-13,1002485.3367460152,982647.349907706,1027229.9733278936,3239472.896549483,1410336.8931651912,934426.9941468992,1724700.564469094,814452.5776034899,904648.27039568,885913.6161487139,919877.5402176789,997756.2501574054,1008454.1344031269
2020-04-14,1008351.4258273118,987217.8479146664,1034759.0661747082,3411922.196575219,1410336.8931651912,934426.9941468992,1841489.6868857343,804054.2312753624,904648.27039568,885913.6161487139,919877.5402176789,1003394.015869374,1008454.1344031269
2020-04-15,1009710.397971586,988152.5780257436,1036713.5464543932,3441949.1151422723,1410336.8931651912,934426.9941468992,1881000.665480371,807745.9804687414,904648.27039568,880062.9321544851,919877.5402176789,1004688.0149402783,1007845.6203638213
2020-04-16,1011466.4441763592,989565.480475812,1038891.6935295528,3548507.1466870005,1410336.8931651912,934426.9941468992,1911476.0150201092,809961.0394631872,904648.27039568,880001.3687551183,919877.5402176789,1006380.0617643212,1007839.2173188339
2020-04-17,1013128.8162253924,990675.0783725363,1041339.8181483494,3520263.5421272013,1410336.8931651912,934426.9941468992,1928675.3664462715,800762.5187317218,904648.27039568,869781.260575012,919877.5402176789,1007959.6636533723,1006776.251122582
2020-04-20,1013441.7670552064,990980.9906916214,1041636.312399218,3519250.86901132,1410336.8931651912,934426.9941468992,1913754.650731552,805710.130357673,904648.27039568,878238.7652047854,919877.5402176789,1008266.4758447421,1007655.8936241744
2020-04-21,1015770.1300996756,993256.9870167592,1043842.2380298692,3363705.160933384,1410336.8931651912,934426.9941468992,1795578.5277348205,818677.9163617736,904648.27039568,901450.757756758,919877.5402176789,1010549.1672451847,1010070.111066454
2020-04-22,1012177.4291184944,989745.0887112475,1040438.459913532,3474587.163189646,1410336.8931651912,934426.9941468992,1885518.4800078203,783491.6879706207,904648.27039568,879536.9975299013,919877.5402176789,1007026.9383326512,1007790.9193061105
2020-04-23,1011542.1091971116,989124.05763545,1039836.5484111268,3470236.3688252885,1410336.8931651912,934426.9941468992,1833048.519045699,770214.0834856557,904648.27039568,873491.2308594321,919877.5402176789,1006404.0804306092,1007162.1152379066
2020-04-24,1009440.7888384428,987070.8522862266,1037830.6935349914,3514142.9348264094,1410336.8931651912,934426.9941468992,1871727.2746159043,740536.1708128767,904648.27039568,870918.3405755259,919877.5402176789,1004313.4335222617,1004800.6388541668
2020-04-27,1010204.7394274138,987817.3103069402,1038559.9369403064,3581266.120809214,1410336.8931651912,934426.9941468992,1894589.672849459,751325.7959037209,904648.27039568,873638.0779957995,919877.5402176789,1005073.5036992689,1005844.7559642675
2020-04-28,1011569.144280782,989150.4736829504,1039862.3552587988,3475830.4915022,1410336.8931651912,934426.9941468992,1894589.672849459,770595.9123909688,904648.27039568,891770.7799109885,919877.5402176789,1006430.9781922279,1009090.2617040883
2020-04-29,1007947.3940195546,985611.6524940608,1036405.145418492,3596869.4253484905,1410336.8931651912,934426.9941468992,1894589.672849459,719444.269790692,904648.27039568,839845.9025384381,919877.5402176789,1002827.6242556401,1000348.5180865302
2020-04-30,1007686.3324378072,985302.8118697492,1036231.9822345852,3613353.3661739985,1410336.8931651912,934426.9941468992,1894589.672849459,726220.457599285,904648.27039568,837704.2114998886,919160.2628778698,1002554.8810765778,997009.7017157088
2020-05-01,1009671.777479476,987338.8078064264,1037986.615673032,3451845.522235538,1410336.8931651912,934426.9941468992,1894589.672849459,734693.613875232,904648.27039568,851624.9113078432,920399.5970333804,1004542.7103352498,999180.2984996575
2020-05-04,1008627.6268312428,986298.9699632954,1037020.6194692056,3566128.3333474747,1410336.8931651912,934426.9941468992,1894589.672849459,724310.530970919,904648.27039568,848981.078967998,920164.2215303227,1003505.8452977585,998019.6660128756
2020-05-05,1006957.350866606,984581.7742668852,1035550.6629097282,3583792.5477589783,1410336.8931651912,934426.9941468992,1894589.672849459,718025.1535740657,904648.27039568,836605.1205324159,919062.4128419668,1001832.349375411,996196.3464704694
2020-05-06,1006751.5946101494,984391.545704093,1035339.771205535,3635771.511458227,1410336.8931651912,934426.9941468992,1894589.672849459,713163.4881142296,904648.27039568,838305.9782192466,919213.8370558377,1001632.0854437663,995958.55858396
2020-05-07,1004926.2402647968,982529.6131342727,1033712.7708926144,3676766.3985153968,1410336.8931651912,934426.9941468992,1894589.672849459,703475.0893315859,904648.27039568,827005.8283274288,918207.8056122664,999807.2743550778,993956.8606482492
2020-05-08,1003909.933801544,981487.3640258844,1032814.7052757808,3742342.171365324,1410336.8931651912,934426.9941468992,1894589.672849459,699150.6647741188,904648.27039568,820245.6168393821,917605.9564874958,998789.7290189519,992891.8205040162
2020-05-11,1003031.1686765966,980566.674809091,1032065.4513951992,3793619.662347083,1410336.8931651912,934426.9941468992,1894589.672849459,699150.6647741188,904648.27039568,820245.6168393821,917605.9564874958,997904.5053890316,991479.1804505802
2020-05-12,1004328.1007183064,981925.4808333828,1033171.243304226,3715577.9459006647,1410336.8931651912,934426.9941468992,1894589.672849459,699150.6647741188,904648.27039568,820245.6168393821,917605.9564874958,999210.9692633131,992879.2117405782
2020-05-13,1005553.8334186748,983209.6907409704,1034216.3291368728,3697648.5510729374,1410336.8931651912,934426.9941468992,1894589.672849459,699150.6647741188,904648.27039568,820245.6168393821,917605.9564874958,1000445.7105150177,992746.1556479221
2020-05-14,1005164.4275197976,982801.7070808618,1033884.3133654542,3759647.44216265,1410336.8931651912,934426.9941468992,1894589.672849459,699150.6647741188,904648.27039568,820245.6168393821,917605.9564874958,1000053.4426683197,992746.1556479221
2020-05-15,1004424.8755662612,982026.8726119586,1033253.7556028076,3858857.705344009,1410336.8931651912,934426.9941468992,1894589.672849459,699150.6647741188,904648.27039568,820245.6168393821,917605.9564874958,999308.4553602912,992746.1556479221
2020-05-18,1003871.5810896748,981447.1815843532,1032782.0049359708,3915265.2780010896,1410336.8931651912,934426.9941468992,1894589.672849459,699150.6647741188,904648.27039568,820245.6168393821,917605.9564874958,998751.0944329238,992746.1556479221
2020-05-19,1004363.7109370278,981962.7899430114,1033201.6053359088,3924199.9084945545,1410336.8931651912,934426.9941468992,1894589.672849459,699150.6647741188,904648.27039568,820245.6168393821,917605.9564874958,999246.8412001752,992746.1556479221
2020-05-20,1002776.8833055098,980300.2580015718,1031848.6422665106,3986729.341191422,1410336.8931651912,934426.9941468992,1894589.672849459,699150.6647741188,904648.27039568,820245.6168393821,917605.9564874958,997648.3511416239,992746.1556479221
2020-05-21,1002886.9065049796,980415.5301834928,1031942.4503920454,3937918.06648866,1410336.8931651912,934426.9941468992,1894589.672849459,699150.6647741188,904648.27039568,820245.6168393821,917605.9564874958,997759.1829591882,992746.1556479221
2020-05-22,1002590.6258285602,980105.114560274,1031689.8351707008,3957764.806496198,1410336.8931651912,934426.9941468992,1894589.672849459,699150.6647741188,904648.27039568,820245.6168393821,917605.9564874958,997460.7247609629,992746.1556479221
2020-05-26,1002219.4961853024,979716.2790786654,1031373.4021244686,3883781.003367982,1410336.8931651912,934426.9941468992,1894589.672849459,699150.6647741188,904648.27039568,820245.6168393821,917605.9564874958,997086.8674916552,992746.1556479221
2020-05-27,1002269.254855854,979768.4116339048,1031415.8274278232,3858653.736515155,1410336.8931651912,934426.9941468992,1894589.672849459,699150.6647741188,917870.3985288877,820245.6168393821,917605.9564874958,997136.9918647271,992746.1556479221
2020-05-28,1002362.3871103456,979865.9870383124,1031495.2339735588,3822179.566571815,1410336.8931651912,934426.9941468992,1894589.672849459,699150.6647741188,908391.4583082496,820245.6168393821,917605.9564874958,997230.8085969156,992746.1556479221
2020-05-29,1001664.8374941756,979135.1587526264,1030900.48829923,3925556.923576738,1410336.8931651912,934426.9941468992,1894589.672849459,699150.6647741188,917635.2778461104,820245.6168393821,917605.9564874958,996528.1323234206,992746.1556479221
2020-06-01,1001603.2157827507,979070.5971950286,1030847.94831431,3994261.884111523,1410336.8931651912,934426.9941468992,1894589.672849459,699150.6647741188,926732.1609725358,820245.6168393821,917605.9564874958,996466.057721777,992746.1556479221
2020-06-02,1001263.5685544248,978714.746090159,1030558.357846246,3989342.150756359,1410336.8931651912,934426.9941468992,1894589.672849459,699150.6647741188,928774.91906482,820245.6168393821,917605.9564874958,996123.914248151,992746.1556479221
2020-06-03,1001403.2599041288,978861.1018292528,1030677.4616691878,3969995.963197644,1410336.8931651912,934426.9941468992,1894589.672849459,699150.6647741188,920927.1916498024,820245.6168393821,917605.9564874958,996264.6322627179,992746.1556479221
2020-06-04,1002542.259500684,980054.4407735392,1031648.5970083956,3926088.7708330294,1410336.8931651912,934426.9941468992,1894589.672849459,699150.6647741188,909699.3661597504,820245.6168393821,917605.9564874958,997412.0029636212,992746.1556479221
2020-06-05,1001368.1067675988,978824.2716082748,1030647.4893555264,3992497.912502276,1410336.8931651912,934426.9941468992,1894589.672849459,699150.6647741188,917444.2212684028,820245.6168393821,917605.9564874958,996229.2207673835,992746.1556479221
2020-06-08,1001001.9839323444,978440.681799268,1030335.3252205416,4039909.879796091,1410336.8931651912,934426.9941468992,1894589.672849459,699150.6647741188,917282.5968219442,820245.6168393821,917605.9564874958,995860.4071037325,992746.1556479221
2020-06-09,1000595.4083136978,978014.7092870777,1029988.6701799936,4122166.2404558817,1410336.8931651912,934426.9941468992,1894589.672849459,699150.6647741188,938680.0926071454,820245.6168393821,917605.9564874958,995450.8433480054,992746.1556479221
2020-06-10,1000595.4083136978,978014.7092870777,1029988.6701799936,4248391.271173617,1410336.8931651912,934426.9941468992,1894589.672849459,699150.6647741188,939312.0705415632,820245.6168393821,917605.9564874958,995450.8433480054,992746.1556479221
2020-06-11,1000595.4083136978,978014.7092870777,1029988.6701799936,4054602.64108969,1410336.8931651912,934426.9941468992,1894589.672849459,699150.6647741188,926203.1114056855,820245.6168393821,917605.9564874958,995450.8433480054,992746.1556479221
2020-06-12,1000595.4083136978,978014.7092870777,1029988.6701799936,4036495.091383435,1410336.8931651912,934426.9941468992,1894589.672849459,699150.6647741188,915195.7185633878,814599.5040528066,917605.9564874958,995450.8433480054,992746.1556479221
2020-06-15,1000595.4083136978,978014.7092870777,1029988.6701799936,4143283.62935698,1410336.8931651912,934426.9941468992,1894589.672849459,699150.6647741188,926114.9271343437,817598.6007429145,917605.9564874958,995450.8433480054,992746.1556479221
2020-06-16,1000595.4083136978,978014.7092870777,1029988.6701799936,4160160.254443194,1410336.8931651912,934426.9941468992,1894589.672849459,699150.6647741188,941736.8857280602,827466.253283649,917605.9564874958,995450.8433480054,992746.1556479221
2020-06-17,1000595.4083136978,978014.7092870777,1029988.6701799936,4219796.399668614,1410336.8931651912,934426.9941468992,1894589.672849459,699150.6647741188,958843.1767771645,829794.190805472,917605.9564874958,995450.8433480054,992746.1556479221
2020-06-18,1000595.4083136978,978014.7092870777,1029988.6701799936,4229967.195415001,1410336.8931651912,934426.9941468992,1894589.672849459,699150.6647741188,961929.3459681256,822730.035271174,917605.9564874958,995450.8433480054,992746.1556479221
2020-06-19,1000595.4083136978,978014.7092870777,1029988.6701799936,4247291.231723107,1410336.8931651912,934426.9941468992,1894589.672849459,699150.6647741188,967587.3788794238,819094.3387045204,917605.9564874958,995450.8433480054,992746.1556479221
2020-06-22,1000595.4083136978,978014.7092870777,1029988.6701799936,4321228.559560011,1410336.8931651912,934426.9941468992,1894589.672849459,699150.6647741188,988632.193640459,829073.1717359433,917605.9564874958,995450.8433480054,992746.1556479221
2020-06-23,1000595.4083136978,978014.7092870777,1029988.6701799936,4332324.198246641,1410336.8931651912,934426.9941468992,1894589.672849459,699150.6647741188,986016.2658150522,834181.4485849519,917605.9564874958,995450.8433480054,992746.1556479221
2020-06-24,1000595.4083136978,978014.7092870777,1029988.6701799936,4227196.08364476,1410336.8931651912,934426.9941468992,1894589.672849459,699150.6647741188,973656.8449549812,822185.3572030826,917605.9564874958,995450.8433480054,992746.1556479221
2020-06-25,1000595.4083136978,978014.7092870777,1029988.6701799936,4307490.492289088,1410336.8931651912,934426.9941468992,1894589.672849459,699150.6647741188,985501.9042832254,825406.8148745673,917605.9564874958,995450.8433480054,992746.1556479221
2020-06-26,1000595.4083136978,978014.7092870777,1029988.6701799936,4136992.6906446135,1410336.8931651912,934426.9941468992,1894589.672849459,699150.6647741188,952420.9736162386,821471.7701587129,917605.9564874958,995450.8433480054,992746.1556479221
2020-06-29,1000595.4083136978,978014.7092870777,1029988.6701799936,4202210.701260818,1410336.8931651912,934426.9941468992,1894589.672849459,722767.4839961831,958064.2624313112,835614.2854562835,920090.4624190669,995450.8433480054,992746.1556479221
2020-06-30,1000595.4083136978,978014.7092870777,1029988.6701799936,4348324.899097115,1410336.8931651912,934426.9941468992,1894589.672849459,737056.0536976121,969527.2646653428,844020.2322448578,921593.6299643265,995450.8433480054,992746.1556479221
2020-07-01,1000595.4083136978,978014.7092870777,1029988.6701799936,4487507.810409648,1410336.8931651912,934426.9941468992,1894589.672849459,760344.4583981293,1014497.3187656436,853662.1105678941,924043.5864580955,995450.8433480054,992746.1556479221
2020-07-02,1000595.4083136978,978014.7092870777,1029988.6701799936,4559225.0067676045,1410336.8931651912,934426.9941468992,1894589.672849459,751166.8887760788,1001638.2244087688,864906.2349047731,923078.0997027033,995450.8433480054,992746.1556479221
2020-07-06,1000595.4083136978,978014.7092870777,1029988.6701799936,4808956.579391181,1410336.8931651912,934426.9941468992,1894589.672849459,766410.9190055314,1027025.0857257092,876870.9575572789,924681.7823650468,995450.8433480054,992746.1556479221
2020-07-07,1000595.4083136978,978014.7092870777,1029988.6701799936,4812617.073921271,1410336.8931651912,934426.9941468992,1894589.672849459,775776.6718382968,1027025.0857257092,872953.7429442662,924817.3702751257,995450.8433480054,992746.1556479221
2020-07-08,1000595.4083136978,978014.7092870777,1029988.6701799936,4885866.953515862,1410336.8931651912,934426.9941468992,1894589.672849459,775776.6718382968,1027025.0857257092,878461.0489007377,925453.2361587619,995450.8433480054,992746.1556479221
2020-07-09,1000595.4083136978,978014.7092870777,1029988.6701799936,4988339.916216105,1410336.8931651912,934426.9941468992,1894589.672849459,775776.6718382968,1027025.0857257092,884523.9969319096,925668.3077544543,995450.8433480054,992746.1556479221
2020-07-10,1000595.4083136978,978014.7092870777,1029988.6701799936,5186916.191453833,1410336.8931651912,934426.9941468992,1894589.672849459,775776.6718382968,1027025.0857257092,888511.109397962,925801.5548374004,995450.8433480054,992746.1556479221
2020-07-13,1000595.4083136978,978014.7092870777,1029988.6701799936,5008604.596434464,1410336.8931651912,934426.9941468992,1894589.672849459,775776.6718382968,1027025.0857257092,888511.109397962,926818.8654144923,995450.8433480054,992746.1556479221
2020-07-14,1000595.4083136978,978014.7092870777,1029988.6701799936,5068867.875093018,1410336.8931651912,934426.9941468992,1894589.672849459,775776.6718382968,1027025.0857257092,888511.109397962,926818.8654144923,995450.8433480054,992746.1556479221
2020-07-15,1000595.4083136978,978014.7092870777,1029988.6701799936,5050394.674297226,1410336.8931651912,934426.9941468992,1894589.672849459,775776.6718382968,1027025.0857257092,888511.109397962,926818.8654144923,995450.8433480054,992746.1556479221
2020-07-16,1000595.4083136978,978014.7092870777,1029988.6701799936,5006025.434223495,1410336.8931651912,934426.9941468992,1894589.672849459,775776.6718382968,1027025.0857257092,888511.109397962,926818.8654144923,995450.8433480054,992746.1556479221
2020-07-17,1000595.4083136978,978014.7092870777,1029988.6701799936,4948818.376369661,1410336.8931651912,934426.9941468992,1894589.672849459,775776.6718382968,1027025.0857257092,888511.109397962,926818.8654144923,995450.8433480054,992746.1556479221
2020-07-20,1000595.4083136978,978014.7092870777,1029988.6701799936,5195365.2607701775,1410336.8931651912,934426.9941468992,1894589.672849459,775776.6718382968,1027025.0857257092,888511.109397962,926818.8654144923,995450.8433480054,992746.1556479221
2020-07-21,1000595.4083136978,978014.7092870777,1029988.6701799936,5066369.487675618,1410336.8931651912,934426.9941468992,1894589.672849459,775776.6718382968,1027025.0857257092,888511.109397962,926818.8654144923,995450.8433480054,992746.1556479221
2020-07-22,1000595.4083136978,978014.7092870777,1029988.6701799936,5091635.061055849,1410336.8931651912,934426.9941468992,1894589.672849459,775776.6718382968,1027025.0857257092,888511.109397962,926818.8654144923,995450.8433480054,992746.1556479221
2020-07-23,1000595.4083136978,978014.7092870777,1029988.6701799936,4913254.887879343,1410336.8931651912,934426.9941468992,1894589.672849459,775776.6718382968,1027025.0857257092,888511.109397962,926818.8654144923,995450.8433480054,992746.1556479221
2020-07-24,1000716.6788684533,978132.8749414268,1030104.1458683928,4850486.189574093,1410336.8931651912,934426.9941468992,1894589.672849459,776298.5223080241,1027025.0857257092,888511.109397962,926931.2323356417,995571.5311658701,992866.5155511952
2020-07-27,1002173.3721938631,979552.2724227898,1031491.2316690442,5028756.965032969,1410336.8931651912,934426.9941468992,1894589.672849459,782566.9532362721,1027025.0857257092,888511.109397962,928280.9758439944,997021.2246969704,994312.2701954198
2020-07-28,1000408.6248547751,977832.708061061,1029810.8120961068,4911755.468249358,1410336.8931651912,934426.9941468992,1894589.672849459,774972.906769581,1027025.0857257092,888511.109397962,926645.7955193052,995264.9574326975,992560.7747935643
2020-07-29,1002063.7355290996,979445.44279495,1031386.8339497222,4976116.313195356,1410336.8931651912,934426.9941468992,1894589.672849459,782095.1656277991,1027025.0857257092,888511.109397962,928179.3886574805,996912.1148651983,994203.4568202953
2020-07-30,1002695.5116822688,980061.043529127,1031988.4209248011,5000044.713234883,1410336.8931651912,934426.9941468992,1894589.672849459,784813.8196568755,1027025.0857257092,888511.109397962,928764.7800686974,997540.8551678937,994830.4888054233
2020-07-31,1012704.4761413524,989813.74761341,1041519.1109048026,5001955.335630139,1410336.8931651912,934426.9941468992,1894589.672849459,827884.3145102763,1027025.0857257092,888511.109397962,938924.3282075546,1007501.7239219694,1005712.7148091634
2020-08-03,1011811.6825246878,988943.8122682242,1040668.9790843392,5104030.856643826,1410336.8931651912,934426.9941468992,1894589.672849459,824042.4522448143,1027025.0857257092,888511.109397962,938924.3282075546,1006613.2204132971,1004781.5413415108
2020-08-04,1011438.64050858,988580.321278824,1040313.7627360772,5157313.239694191,1410336.8931651912,934426.9941468992,1894589.672849459,822437.1808602916,1027025.0857257092,888511.109397962,938924.3282075546,1006241.9709621279,1003909.6964334862
2020-08-05,1011438.64050858,988580.321278824,1040313.7627360772,5166744.268176639,1410336.8931651912,934426.9941468992,1894589.672849459,822437.1808602916,1027025.0857257092,888511.109397962,938924.3282075546,1006241.9709621279,1004443.2831775472
2020-08-06,1011438.64050858,988580.321278824,1040313.7627360772,5223980.974028659,1410336.8931651912,934426.9941468992,1894589.672849459,822437.1808602916,1027025.0857257092,888511.109397962,938924.3282075546,1006241.9709621279,1006826.578622472
2020-08-07,1011438.64050858,988580.321278824,1040313.7627360772,5139102.950693924,1410336.8931651912,934426.9941468992,1894589.672849459,822437.1808602916,1027025.0857257092,888511.109397962,938924.3282075546,1006241.9709621279,1006220.192622743
2020-08-10,1011438.64050858,988580.321278824,1040313.7627360772,5073885.483970053,1410336.8931651912,934426.9941468992,1894589.672849459,822437.1808602916,1027025.0857257092,888511.109397962,938924.3282075546,1006241.9709621279,1006077.3198245673
2020-08-11,1010038.135445125,987474.3457575828,1038379.9422272884,4934327.776975813,1410336.8931651912,934426.9941468992,1873458.76121684,822437.1808602916,1027025.0857257092,888511.109397962,938924.3282075546,1004848.661552192,1004576.9283009599
2020-08-12,1021702.7283457178,996824.8493940672,1054188.1296058511,5210986.7427713955,1410336.8931651912,934426.9941468992,2036652.2279415587,822437.1808602916,1032168.6295040266,888511.109397962,939709.6512069473,1016454.3863052485,1012991.7417519508
2020-08-13,1026524.1107090547,1000862.3280067404,1060351.814153469,5279134.902475721,1410336.8931651912,934426.9941468992,2088209.5488334696,822437.1808602916,1040681.0297560974,888511.109397962,941009.335624171,1021252.7567070952,1019694.9491404288
2020-08-14,1026847.6304119,1001170.8082988248,1060684.7945317747,5317042.585580483,1410336.8931651912,934426.9941468992,2088209.5488334696,822437.1808602916,1042642.1135294072,888511.109397962,941308.7564626614,1021575.0196237173,1020749.412086239
2020-08-17,1026768.5468021426,1001095.4010366936,1060603.3982827575,5588154.624553105,1410336.8931651912,934426.9941468992,2088209.5488334696,822437.1808602916,1042162.731338876,888511.109397962,941235.5637620742,1021496.2432323159,1023071.1528656379
2020-08-18,1029049.9229129588,1003270.7231664736,1062951.488596134,5676598.3497062335,1410336.8931651912,934426.9941468992,2088209.5488334696,822437.1808602916,1055991.7798709758,888511.109397962,943347.0010006871,1023768.756816242,1030105.8349630742
2020-08-19,1027290.9593610152,1001593.5282831406,1061141.087733988,5624809.122280581,1410336.8931651912,934426.9941468992,2088209.5488334696,822437.1808602916,1045329.4466367948,888511.109397962,941719.062000481,1022016.6263602109,1026462.1638267384
2020-08-20,1030494.956255368,1004648.58146573,1064438.7789985065,5773550.217804467,1410336.8931651912,934426.9941468992,2088209.5488334696,822437.1808602916,1064751.158093593,888511.109397962,944684.3943378642,1025208.1765963837,1034139.9987260762
2020-08-21,1029155.3616315972,1003371.2603715854,1063060.0106555684,5875055.5423059575,1410336.8931651912,934426.9941468992,2088209.5488334696,822437.1808602916,1056630.9191826845,888511.109397962,943444.5856277328,1023873.785934081,1033368.2074653247
2020-08-24,1028316.623775252,1002571.5127932084,1062196.7456171515,5859266.399539048,1410336.8931651912,934426.9941468992,2088209.5488334696,822437.1808602916,1051546.73053614,888511.109397962,942668.3250475832,1023038.3063466245,1032121.6466011199
2020-08-25,1028021.8084700258,1002290.4025218176,1061893.3090381697,5901738.246524055,1410336.8931651912,934426.9941468992,2088209.5488334696,822437.1808602916,1054117.8615335352,888511.109397962,942395.4704266302,1022744.6363188287,1032002.935619292
2020-08-26,1028021.8084700258,1002290.4025218176,1061893.3090381697,6174510.947547307,1410336.8931651912,934426.9941468992,2088209.5488334696,822437.1808602916,1118144.3997414743,888511.109397962,942395.4704266302,1022744.6363188287,1034306.2604052883
2020-08-27,1028021.8084700258,1002290.4025218176,1061893.3090381697,6156460.699691569,1410336.8931651912,934426.9941468992,2088209.5488334696,822437.1808602916,1118144.3997414743,888511.109397962,942395.4704266302,1022744.6363188287,1034306.2604052883
2020-08-28,1028021.8084700258,1002290.4025218176,1061893.3090381697,6210559.767929602,1410336.8931651912,934426.9941468992,2088209.5488334696,822437.1808602916,1118144.3997414743,888511.109397962,942395.4704266302,1022744.6363188287,1034306.2604052883
2020-08-31,1028021.8084700258,1002290.4025218176,1061893.3090381697,6486323.543175306,1410336.8931651912,934426.9941468992,2088209.5488334696,822437.1808602916,1118144.3997414743,888511.109397962,942395.4704266302,1022744.6363188287,1034306.2604052883
2020-09-01,1028021.8084700258,1002290.4025218176,1061893.3090381697,6525284.629890291,1410336.8931651912,934426.9941468992,2088209.5488334696,822437.1808602916,1118144.3997414743,888511.109397962,942395.4704266302,1022744.6363188287,1034306.2604052883
2020-09-02,1028021.8084700258,1002290.4025218176,1061893.3090381697,6515523.640653039,1410336.8931651912,934426.9941468992,2088209.5488334696,822437.1808602916,1118144.3997414743,888511.109397962,942395.4704266302,1022744.6363188287,1034306.2604052883
2020-09-03,1028021.8084700258,1002290.4025218176,1061893.3090381697,6037316.288813584,1410336.8931651912,934426.9941468992,2088209.5488334696,822437.1808602916,1118144.3997414743,888511.109397962,942395.4704266302,1022744.6363188287,1034306.2604052883
2020-09-04,1028021.8084700258,1002290.4025218176,1061893.3090381697,5968530.591595275,1410336.8931651912,934426.9941468992,2088209.5488334696,822437.1808602916,1118144.3997414743,888511.109397962,942395.4704266302,1022744.6363188287,1034306.2604052883
2020-09-08,1028021.8084700258,1002290.4025218176,1061893.3090381697,5430296.520011647,1410336.8931651912,934426.9941468992,2088209.5488334696,822437.1808602916,1118144.3997414743,888511.109397962,942395.4704266302,1022744.6363188287,1034306.2604052883
2020-09-09,1028021.8084700258,1002290.4025218176,1061893.3090381697,5716815.158672243,1433046.3913571867,946410.7387412096,2124259.310385274,822437.1808602916,1118144.3997414743,888511.109397962,942395.4704266302,1022744.6363188287,1034306.2604052883
2020-09-10,1028021.8084700258,1002290.4025218176,1061893.3090381697,5609821.985882519,1402469.917722513,928225.8598369644,2144013.191428182,822437.1808602916,1118144.3997414743,888511.109397962,942395.4704266302,1022744.6363188287,1034306.2604052883
2020-09-11,1028021.8084700258,1002290.4025218176,1061893.3090381697,5578230.048971884,1391304.8265502185,916772.3555982808,2149400.597284657,822437.1808602916,1110378.7420260145,888511.109397962,942395.4704266302,1022744.6363188287,1034306.2604052883
2020-09-14,1028021.8084700258,1002290.4025218176,1061893.3090381697,5854448.677748573,1444969.37442068,914195.3319830288,2332494.747993045,822437.1808602916,1101537.601524792,888511.109397962,942395.4704266302,1022744.6363188287,1034306.2604052883
2020-09-15,1028021.8084700258,1002290.4025218176,1061893.3090381697,6055564.985153487,1453973.5576019625,924534.4684853738,2460765.928914849,822437.1808602916,1131769.103396687,888511.109397962,942395.4704266302,1022744.6363188287,1034306.2604052883
2020-09-16,1028021.8084700258,1002290.4025218176,1061893.3090381697,5896584.981091615,1417843.2574234498,909358.3527923394,2460765.928914849,822437.1808602916,1113182.8174292364,888511.109397962,942395.4704266302,1022744.6363188287,1034306.2604052883
2020-09-17,1028021.8084700258,1002290.4025218176,1061893.3090381697,5756574.210857422,1413976.1474935706,895866.5200955281,2460765.928914849,822437.1808602916,1092252.1156373045,888511.109397962,942395.4704266302,1022744.6363188287,1034306.2604052883
2020-09-18,1028021.8084700258,1002290.4025218176,1061893.3090381697,5767761.018575869,1393181.234256286,879432.8855727054,2460765.928914849,822437.1808602916,1091884.3412134186,888511.109397962,942395.4704266302,1022744.6363188287,1034306.2604052883
2020-09-21,1028021.8084700258,1002290.4025218176,1061893.3090381697,5864857.562389545,1418051.9248954128,889586.6632297619,2460765.928914849,822437.1808602916,1118530.3931591257,887158.3459586559,942395.4704266302,1022744.6363188287,1034306.2604052883
2020-09-22,1028021.8084700258,1002290.4025218176,1061893.3090381697,5843126.018116091,1427188.5792034953,923579.8836696176,2460765.928914849,822437.1808602916,1124383.6294962992,899438.5850146099,942395.4704266302,1022744.6363188287,1034306.2604052883
2020-09-23,1028021.8084700258,1002290.4025218176,1061893.3090381697,5505420.5249395175,1388214.9484235728,897532.2613250986,2460765.928914849,822437.1808602916,1092880.3482355124,878572.8797002477,942395.4704266302,1022744.6363188287,1034306.2604052883
2020-09-24,1028021.8084700258,1002290.4025218176,1061893.3090381697,5580724.847440738,1383165.594541537,901552.4915422016,2460765.928914849,822437.1808602916,1096664.9995661196,884146.0458994815,942395.4704266302,1022744.6363188287,1034306.2604052883
2020-09-25,1028021.8084700258,1002290.4025218176,1061893.3090381697,5781879.306980724,1383165.594541537,916749.7952710076,2460765.928914849,822437.1808602916,1111681.1497998578,890849.0397260133,942395.4704266302,1022744.6363188287,1034306.2604052883
2020-09-28,1028021.8084700258,1002290.4025218176,1061893.3090381697,5900629.371589842,1383165.594541537,932669.2470188134,2460765.928914849,822437.1808602916,1123586.8238786242,898958.4704144837,942395.4704266302,1022744.6363188287,1034306.2604052883
2020-09-29,1028021.8084700258,1002290.4025218176,1061893.3090381697,5926786.472799632,1383165.594541537,926785.1965330832,2460765.928914849,822437.1808602916,1127923.1368450602,902003.7213893976,942395.4704266302,1022744.6363188287,1034306.2604052883
2020-09-30,1028021.8084700258,1002290.4025218176,1061893.3090381697,6023422.154960813,1383165.594541537,927561.7626621162,2460765.928914849,822437.1808602916,1137959.4273216787,901830.1076670104,942395.4704266302,1022744.6363188287,1034306.2604052883
2020-10-01,1028021.8084700258,1002290.4025218176,1061893.3090381697,6190028.902530221,1383165.594541537,942192.2931566763,2460765.928914849,822437.1808602916,1172303.2179915127,911056.7464831336,942395.4704266302,1022744.6363188287,1034306.2604052883
2020-10-02,1028021.8084700258,1002290.4025218176,1061893.3090381697,5894088.900792928,1383165.594541537,922775.0619834522,2460765.928914849,822437.1808602916,1172303.2179915127,897692.4414198063,942395.4704266302,1022744.6363188287,1034306.2604052883
2020-10-05,1028021.8084700258,1002290.4025218176,1061893.3090381697,6082092.285568001,1383165.594541537,937742.443041474,2460765.928914849,822437.1808602916,1172303.2179915127,908959.0414739804,942395.4704266302,1022744.6363188287,1034306.2604052883
2020-10-06,1028021.8084700258,1002290.4025218176,1061893.3090381697,5983279.705269178,1383165.594541537,917724.0887410198,2460765.928914849,822437.1808602916,1172303.2179915127,895797.4769579782,942395.4704266302,1022744.6363188287,1034306.2604052883
2020-10-07,1028021.8084700258,1002290.4025218176,1061893.3090381697,6135674.269394374,1383165.594541537,937034.3920215664,2460765.928914849,822437.1808602916,1172303.2179915127,899157.1956664673,942395.4704266302,1022744.6363188287,1034306.2604052883
2020-10-08,1028021.8084700258,1002290.4025218176,1061893.3090381697,6127798.192707617,1383165.594541537,942131.5000789372,2460765.928914849,822437.1808602916,1172303.2179915127,909207.2887018436,942395.4704266302,1022744.6363188287,1034306.2604052883
2020-10-09,1028021.8084700258,1002290.4025218176,1061893.3090381697,6192520.772263849,1383165.594541537,942131.5000789372,2460765.928914849,822437.1808602916,1172303.2179915127,920386.9544251304,942395.4704266302,1022744.6363188287,1034306.2604052883
2020-10-12,1028021.8084700258,1002290.4025218176,1061893.3090381697,6359190.892271132,1383165.594541537,942131.5000789372,2460765.928914849,822437.1808602916,1172303.2179915127,949926.5842424491,942395.4704266302,1022744.6363188287,1034306.2604052883
2020-10-13,1028021.8084700258,1002290.4025218176,1061893.3090381697,6406309.353285907,1383165.594541537,942131.5000789372,2460765.928914849,822437.1808602916,1172303.2179915127,953126.6259507118,942395.4704266302,1022744.6363188287,1034306.2604052883
2020-10-14,1028021.8084700258,1002290.4025218176,1061893.3090381697,6395485.538514074,1383165.594541537,942131.5000789372,2460765.928914849,822437.1808602916,1172303.2179915127,954584.1915653156,942395.4704266302,1022744.6363188287,1034306.2604052883
2020-10-15,1028021.8084700258,1002290.4025218176,1061893.3090381697,6312954.386476875,1383165.594541537,942131.5000789372,2460765.928914849,822437.1808602916,1172303.2179915127,957784.7366953748,942395.4704266302,1022744.6363188287,1034306.2604052883
2020-10-16,1028021.8084700258,1002290.4025218176,1061893.3090381697,6219744.663101828,1383165.594541537,942131.5000789372,2460765.928914849,822437.1808602916,1172303.2179915127,952873.5020490458,942395.4704266302,1022744.6363188287,1034306.2604052883
2020-10-19,1028021.8084700258,1002290.4025218176,1061893.3090381697,6107842.676117651,1383165.594541537,942131.5000789372,2460765.928914849,822437.1808602916,1172303.2179915127,968032.976226344,942395.4704266302,1022744.6363188287,1034306.2604052883
2020-10-20,1028021.8084700258,1002290.4025218176,1061893.3090381697,6100270.834261061,1383165.594541537,942131.5000789372,2460765.928914849,822437.1808602916,1172303.2179915127,959547.7582792912,942395.4704266302,1022744.6363188287,1034306.2604052883
2020-10-21,1028021.8084700258,1002290.4025218176,1061893.3090381697,6038988.241343586,1383165.594541537,942131.5000789372,2460765.928914849,822437.1808602916,1172303.2179915127,945528.764398918,942395.4704266302,1022744.6363188287,1034306.2604052883
2020-10-22,1028021.8084700258,1002290.4025218176,1061893.3090381697,6023340.961112882,1383165.594541537,942131.5000789372,2460765.928914849,822437.1808602916,1156380.8813138504,937228.2551445276,942395.4704266302,1022744.6363188287,1034306.2604052883
2020-10-23,1028021.8084700258,1002290.4025218176,1061893.3090381697,6063438.458942148,1383165.594541537,942131.5000789372,2460765.928914849,822437.1808602916,1161199.4252700328,926658.785794069,942395.4704266302,1022744.6363188287,1034306.2604052883
2020-10-26,1028021.8084700258,1002290.4025218176,1061893.3090381697,5974946.5934154345,1383165.594541537,942131.5000789372,2460765.928914849,822437.1808602916,1161136.2660276424,946211.4937495262,942395.4704266302,1022744.6363188287,1034306.2604052883
2020-10-27,1028021.8084700258,1002290.4025218176,1061893.3090381697,6061721.321659101,1388302.011123215,942131.5000789372,2460765.928914849,822437.1808602916,1162226.3656234029,940352.529069613,942395.4704266302,1022744.6363188287,1034306.2604052883
2020-10-28,1028021.8084700258,1002290.4025218176,1061893.3090381697,5798118.773006877,1338185.8925587193,942131.5000789372,2460765.928914849,822437.1808602916,1157976.556180997,975723.130266233,942395.4704266302,1022744.6363188287,1034306.2604052883
2020-10-29,1028021.8084700258,1002290.4025218176,1061893.3090381697,5947690.766184671,1349960.8040687086,942131.5000789372,2460765.928914849,822437.1808602916,1186366.454836108,957218.5482613696,942395.4704266302,1022744.6363188287,1034306.2604052883
2020-10-30,1028021.8084700258,1002290.4025218176,1061893.3090381697,5682506.584748933,1315911.7476318004,942131.5000789372,2460765.928914849,822437.1808602916,1141388.1548191742,933433.437941324,942395.4704266302,1022744.6363188287,1034306.2604052883
2020-11-02,1028021.8084700258,1002290.4025218176,1061893.3090381697,5746336.459873438,1319160.1912074278,929600.0040349964,2485821.1676293304,822437.1808602916,1154627.248074275,930136.393963122,942395.4704266302,1022744.6363188287,1034306.2604052883
2020-11-03,1028021.8084700258,1002290.4025218176,1061893.3090381697,5930630.765027955,1349648.1731073963,938611.8482549771,2583210.9999492606,822437.1808602916,1159524.8013498983,921566.9869568886,942395.4704266302,1022744.6363188287,1034823.5431307965
2020-11-04,1028021.8084700258,1002290.4025218176,1061893.3090381697,6148496.188316651,1397314.0852563805,978152.7155343966,2612272.6515324716,822437.1808602916,1174896.7243647273,885342.3891432954,942395.4704266302,1022744.6363188287,1036986.2234764944
2020-11-05,1028021.8084700258,1002290.4025218176,1061893.3090381697,6333255.620165231,1397314.0852563805,994736.3244148426,2612272.6515324716,822437.1808602916,1201453.9804608226,885342.3891432954,942395.4704266302,1022744.6363188287,1036986.2234764944
2020-11-06,1028021.8084700258,1002290.4025218176,1061893.3090381697,6355253.566840172,1397314.0852563805,992555.6396651756,2612272.6515324716,822437.1808602916,1202986.4358191262,885342.3891432954,942395.4704266302,1022744.6363188287,1036986.2234764944
2020-11-09,1028021.8084700258,1002290.4025218176,1061893.3090381697,6048155.170755003,1397314.0852563805,958167.8945342748,2612272.6515324716,822437.1808602916,1133109.713815634,885342.3891432954,942395.4704266302,1022744.6363188287,1036986.2234764944
2020-11-10,1028021.8084700258,1002290.4025218176,1061893.3090381697,5856670.530958835,1397314.0852563805,935865.0356325676,2612272.6515324716,822437.1808602916,1124715.273450906,885342.3891432954,942395.4704266302,1022744.6363188287,1037984.1261510901
2020-11-11,1028021.8084700258,1002290.4025218176,1061893.3090381697,6028051.754093868,1397314.0852563805,956865.2933346558,2612272.6515324716,822437.1808602916,1124715.273450906,885342.3891432954,942395.4704266302,1022744.6363188287,1039190.6098120129
2020-11-12,1028021.8084700258,1002290.4025218176,1061893.3090381697,5995609.686483315,1397314.0852563805,951303.9305737128,2612272.6515324716,822437.1808602916,1124715.273450906,885342.3891432954,942395.4704266302,1022744.6363188287,1038733.0160946557
2020-11-13,1028021.8084700258,1002290.4025218176,1061893.3090381697,5966435.611590026,1397314.0852563805,955105.1821832508,2612272.6515324716,822437.1808602916,1124715.273450906,885342.3891432954,942395.4704266302,1022744.6363188287,1038282.3084198922
2020-11-16,1028021.8084700258,1002290.4025218176,1061893.3090381697,5993658.402454995,1397314.0852563805,947006.933782602,2612272.6515324716,822437.1808602916,1124715.273450906,885342.3891432954,942395.4704266302,1022744.6363188287,1037853.3875889127
2020-11-17,1028021.8084700258,1002290.4025218176,1061893.3090381697,6110602.534188091,1397314.0852563805,947006.933782602,2612272.6515324716,822437.1808602916,1124715.273450906,885342.3891432954,942395.4704266302,1022744.6363188287,1038028.8548038709
2020-11-18,1028021.8084700258,1002290.4025218176,1061893.3090381697,6278997.421756882,1397314.0852563805,947006.933782602,2612272.6515324716,822437.1808602916,1124715.273450906,885342.3891432954,942395.4704266302,1022744.6363188287,1038161.8901718688
2020-11-19,1028021.8084700258,1002290.4025218176,1061893.3090381697,6345030.277271135,1397314.0852563805,947006.933782602,2612272.6515324716,822437.1808602916,1124715.273450906,885342.3891432954,942395.4704266302,1022744.6363188287,1038492.179598609
2020-11-20,1028021.8084700258,1002290.4025218176,1061893.3090381697,6247255.871356472,1397314.0852563805,947006.933782602,2612272.6515324716,822437.1808602916,1124715.273450906,885342.3891432954,942395.4704266302,1022744.6363188287,1038901.6060167567
2020-11-23,1028021.8084700258,1002290.4025218176,1061893.3090381697,6360453.367065629,1397314.0852563805,947006.933782602,2612272.6515324716,822437.1808602916,1124715.273450906,885342.3891432954,942395.4704266302,1022744.6363188287,1037568.9686555614
2020-11-24,1028021.8084700258,1002290.4025218176,1061893.3090381697,6505962.2686168775,1397314.0852563805,947006.933782602,2612272.6515324716,822437.1808602916,1124715.273450906,885342.3891432954,942395.4704266302,1022744.6363188287,1038286.893281797
2020-11-25,1028021.8084700258,1002290.4025218176,1061893.3090381697,6638579.546995444,1397314.0852563805,947006.933782602,2612272.6515324716,822437.1808602916,1124715.273450906,885342.3891432954,942395.4704266302,1022744.6363188287,1038530.0265836644
2020-11-27,1028021.8084700258,1002290.4025218176,1061893.3090381697,6712059.81332927,1397314.0852563805,947006.933782602,2612272.6515324716,822437.1808602916,1124715.273450906,885342.3891432954,942395.4704266302,1022744.6363188287,1038641.475241694
2020-11-30,1028021.8084700258,1002290.4025218176,1061893.3090381697,6642604.154700199,1397314.0852563805,947006.933782602,2612272.6515324716,822437.1808602916,1122829.4219662114,885342.3891432954,942395.4704266302,1022744.6363188287,1038641.475241694
2020-12-01,1028021.8084700258,1002290.4025218176,1061893.3090381697,6770255.198065192,1397314.0852563805,947006.933782602,2612272.6515324716,822437.1808602916,1101593.3602729188,885342.3891432954,942395.4704266302,1022744.6363188287,1038641.475241694
2020-12-02,1028021.8084700258,1002290.4025218176,1061893.3090381697,6730701.656190356,1397314.0852563805,949768.7111434992,2612272.6515324716,822437.1808602916,1103429.3140367316,885342.3891432954,942395.4704266302,1022744.6363188287,1038641.475241694
2020-12-03,1028021.8084700258,1002290.4025218176,1061893.3090381697,6785789.502912773,1397314.0852563805,953060.9468415028,2612272.6515324716,822437.1808602916,1112395.0040051218,885342.3891432954,942395.4704266302,1022744.6363188287,1038641.475241694
2020-12-04,1028021.8084700258,1002290.4025218176,1061893.3090381697,6825211.9254070595,1397314.0852563805,957793.5730351724,2612272.6515324716,822437.1808602916,1111186.2872664446,885342.3891432954,942395.4704266302,1022744.6363188287,1038641.475241694
2020-12-07,1028021.8084700258,1002290.4025218176,1061893.3090381697,7041240.317333986,1397314.0852563805,958691.1184185628,2612272.6515324716,822437.1808602916,1084457.65562819,885342.3891432954,942395.4704266302,1022744.6363188287,1038641.475241694
2020-12-08,1028021.8084700258,1002290.4025218176,1061893.3090381697,7031370.571109093,1397314.0852563805,954910.8783010184,2612272.6515324716,822437.1808602916,1089231.182105238,885342.3891432954,942395.4704266302,1022744.6363188287,1038641.475241694
2020-12-09,1028021.8084700258,1002290.4025218176,1061893.3090381697,6721172.79917355,1397314.0852563805,955976.9719485864,2612272.6515324716,822437.1808602916,1118392.4802034055,885342.3891432954,942395.4704266302,1022744.6363188287,1038641.475241694
2020-12-10,1028021.8084700258,1002290.4025218176,1061893.3090381697,6827302.174095817,1403623.537000597,955976.9719485864,2612272.6515324716,822437.1808602916,1106932.9583891956,885342.3891432954,942395.4704266302,1022744.6363188287,1038924.1847927802
2020-12-11,1028021.8084700258,1002290.4025218176,1061893.3090381697,6767953.414134663,1406591.3184685973,955976.9719485864,2612272.6515324716,822437.1808602916,1103674.150672113,885342.3891432954,942395.4704266302,1022744.6363188287,1039057.1630927267
2020-12-14,1028021.8084700258,1002290.4025218176,1061893.3090381697,6969843.309381863,1427981.6884011342,955976.9719485864,2612272.6515324716,822437.1808602916,1074298.5986315175,885342.3891432954,942395.4704266302,1022744.6363188287,1040015.6079982984
2020-12-15,1028021.8084700258,1002290.4025218176,1061893.3090381697,6952092.283407216,1431727.6711589082,955976.9719485864,2612272.6515324716,822437.1808602916,1078337.7319302568,885342.3891432954,942395.4704266302,1022744.6363188287,1040386.007691056
2020-12-16,1028021.8084700258,1002290.4025218176,1061893.3090381697,6918413.824794837,1423185.9839214073,955976.9719485864,2612272.6515324716,822437.1808602916,1070611.3413934973,885342.3891432954,942395.4704266302,1022744.6363188287,1040386.007691056
2020-12-17,1028021.8084700258,1002290.4025218176,1061893.3090381697,7073796.820507484,1430334.1253272071,955976.9719485864,2612272.6515324716,822437.1808602916,1058264.4545722932,885342.3891432954,942395.4704266302,1022744.6363188287,1040386.007691056
2020-12-18,1028021.8084700258,1002290.4025218176,1061893.3090381697,7215797.107069468,1425321.2322574682,955976.9719485864,2612272.6515324716,822437.1808602916,1055893.0118622049,877861.2084329866,942395.4704266302,1022744.6363188287,1040386.007691056
2020-12-21,1028021.8084700258,1002290.4025218176,1061893.3090381697,7030310.794159148,1429682.7677251468,955976.9719485864,2612272.6515324716,822437.1808602916,1064369.08692375,869322.5093207072,942395.4704266302,1022744.6363188287,1041261.946761774
2020-12-22,1028021.8084700258,1002290.4025218176,1061893.3090381697,6969678.972208158,1425773.8588302,955976.9719485864,2612272.6515324716,822437.1808602916,1066786.4036732684,869322.5093207072,942395.4704266302,1022744.6363188287,1040722.6996601524
2020-12-23,1028021.8084700258,1002290.4025218176,1061893.3090381697,6929467.6345932875,1406301.548643711,955976.9719485864,2612272.6515324716,822437.1808602916,1086446.5812206883,869322.5093207072,942395.4704266302,1022744.6363188287,1041204.0777499876
2020-12-24,1028021.8084700258,1002290.4025218176,1061893.3090381697,6987530.428661666,1405179.8008014928,955976.9719485864,2612272.6515324716,822437.1808602916,1087226.906802345,869322.5093207072,942395.4704266302,1022744.6363188287,1041282.7593985542
2020-12-28,1028021.8084700258,1002290.4025218176,1061893.3090381697,7039953.824564585,1408974.2209599805,955976.9719485864,2612272.6515324716,822437.1808602916,1079347.5444369004,869322.5093207072,942395.4704266302,1022744.6363188287,1043858.4452001309
2020-12-29,1028021.8084700258,1002290.4025218176,1061893.3090381697,7080768.072660847,1409126.347403307,955976.9719485864,2612272.6515324716,822437.1808602916,1061370.2904606902,869322.5093207072,942395.4704266302,1022744.6363188287,1043858.4452001309
2020-12-30,1028021.8084700258,1002290.4025218176,1061893.3090381697,7194673.42009989,1423842.8439323986,955976.9719485864,2612272.6515324716,822437.1808602916,1070978.5671646106,869322.5093207072,942395.4704266302,1022744.6363188287,1043858.4452001309
2020-12-31,1028021.8084700258,1002290.4025218176,1061893.3090381697,7252833.213425264,1417247.6386910728,955976.9719485864,2612272.6515324716,822437.1808602916,1046284.7351582844,869322.5093207072,942395.4704266302,1022744.6363188287,1043858.4452001309
2021-01-04,1028021.8084700258,1002290.4025218176,1061893.3090381697,7298564.950847664,1452244.4359998056,955976.9719485864,2612272.6515324716,822437.1808602916,1073625.429203034,869322.5093207072,942395.4704266302,1022744.6363188287,1043858.4452001309
2021-01-05,1028021.8084700258,1002290.4025218176,1061893.3090381697,7372290.329505297,1452244.4359998056,955976.9719485864,2612272.6515324716,822437.1808602916,1076777.139130861,869322.5093207072,942395.4704266302,1022744.6363188287,1043858.4452001309
2021-01-06,1028021.8084700258,1002290.4025218176,1061893.3090381697,7272837.024396576,1452244.4359998056,955976.9719485864,2612272.6515324716,822437.1808602916,1107850.9644530606,869322.5093207072,942395.4704266302,1022744.6363188287,1047959.1982845017
2021-01-07,1031697.2277801424,1005976.9637954268,1066323.6937225042,7661158.146093497,1479144.0056991307,956221.9794108516,2612272.6515324716,827607.9495137061,1094924.0042170126,869322.5093207072,943424.0320525069,1026409.5468824788,1042949.6802641854
2021-01-08,1031968.9158463868,1006245.7852183472,1066310.7963407745,7921002.291386202,1474123.1311249123,960368.4536042464,2612272.6515324716,825195.31162692,1097092.626399606,869322.5093207072,943268.1116697812,1026673.2989093001,1044696.9885177069
2021-01-11,1024185.423851023,998579.2947290264,1059909.3831730424,7631830.833952961,1503192.3991401212,946542.067596146,2612272.6515324716,803069.8923883571,1080863.9539866496,869322.5093207072,936302.3311742139,1018919.2561456839,1036006.5147323057
2021-01-12,1021341.1323531471,995827.2624480772,1057061.4504650969,7746688.385996109,1503192.3991401212,947878.5131006006,2612272.6515324716,793917.5730536281,1073898.5481586645,869322.5093207072,932775.8944418028,1016084.3307152924,1035179.0945598985
2021-01-13,1026435.1776345796,1000737.8322112468,1061783.7126313886,7810854.869944265,1503192.3991401212,956974.9428993243,2612272.6515324716,793445.3335158769,1093344.2146743366,869322.5093207072,935936.5644771359,1021128.7563500477,1039753.2353949759
2021-01-14,1020281.6864402642,994656.1080992216,1055936.1798260445,7691248.10565012,1503192.3991401212,949218.9630745978,2612272.6515324716,780820.9764559603,1083391.5843837375,869322.5093207072,932519.6577077057,1015011.879787548,1038518.950024643
2021-01-15,1021260.8355947396,995659.508051406,1057071.9891503823,7563013.264450627,1503192.3991401212,944531.39263515,2612272.6515324716,792856.1942600382,1079255.4569352916,869322.5093207072,933269.2757377143,1015998.070146061,1039021.0963643297
2021-01-19,1027459.9208276984,1001816.4837652192,1063118.979598334,7699330.415383084,1503192.3991401212,947864.3434391418,2612272.6515324716,813349.8194577051,1084698.488237966,869322.5093207072,938332.4027858758,1022170.4052558548,1039597.3568143283
2021-01-20,1051683.6386762392,1025105.8843395351,1086040.8628719996,7985555.711229828,1503192.3991401212,976655.7401643882,2612272.6515324716,826773.8059983402,1175095.327709437,869322.5093207072,960583.8445767942,1046170.9747976027,1059201.7312845755
2021-01-21,1056132.8824175769,1029612.7289724784,1090188.7331181755,8043643.08609221,1503192.3991401212,985459.4740431536,2612272.6515324716,838114.7366732333,1175095.327709437,869322.5093207072,962932.1504990628,1050602.8947325442,1056241.0777566135
2021-01-22,1056248.521229525,1029710.3914620952,1090398.5564250909,8003113.740196772,1503192.3991401212,982479.7790600508,2612272.6515324716,841544.2946827938,1175095.327709437,869322.5093207072,963642.2907525823,1050720.2045525978,1056639.414602491
2021-01-25,1060659.3917882282,1034202.331282536,1094385.1039339816,8123696.5482045375,1503192.3991401212,995156.1708280832,2612272.6515324716,848929.5390250206,1175095.327709437,869322.5093207072,965171.5138404764,1055111.2901587752,1055379.566227576
2021-01-26,1062555.8804716838,1036100.5967420884,1096272.4491202473,8127002.942939516,1503192.3991401212,995156.1708280832,2612272.6515324716,857429.9861201295,1175095.327709437,869322.5093207072,966931.6560040792,1057002.8755515728,1053173.057119932
2021-01-27,1057903.8881889647,1031444.2461160996,1091642.885380728,7850823.716722053,1503192.3991401212,995156.1708280832,2612272.6515324716,836578.8127748417,1175095.327709437,869322.5093207072,962614.1149435919,1052362.910796621,1065009.4037617347
2021-01-28,1054552.1622290371,1028089.3800021496,1088307.3190199398,7779794.498849485,1503192.3991401212,995156.1708280832,2612272.6515324716,821555.6969248948,1175095.327709437,869322.5093207072,959503.3586103872,1049019.8505813044,1067528.9597101142
2021-01-29,1051421.0547411055,1024955.339052506,1085191.307468392,7567768.033761964,1503192.3991401212,995156.1708280832,2612272.6515324716,807521.4378320519,1175095.327709437,869322.5093207072,956597.3595625898,1045896.8384383274,1069988.1410571905
2021-02-01,1055524.4352786932,1028609.841200143,1090540.555535931,7854637.03741711,1503192.3991401212,995156.1708280832,2664675.2732318733,815264.5868652433,1175095.327709437,869322.5093207072,956974.5102697051,1049995.1698797045,1068237.3182080127
2021-02-02,1061102.2854806776,1033583.5522352768,1097795.0799921192,8072182.038892733,1503192.3991401212,995156.1708280832,2735209.2137453537,825932.0395770082,1175095.327709437,869322.5093207072,956974.5102697051,1055566.0825749175,1071678.0295914593
2021-02-03,1059145.3803433997,1031959.24388895,1094912.662367509,7996755.25916571,1503192.3991401212,995156.1708280832,2696498.9487763615,825027.3270490062,1175095.327709437,869322.5093207072,956974.5102697051,1053610.129698659,1069696.0019785697
2021-02-04,1058614.5500185387,1031514.7581313888,1094141.612425608,8022210.619248951,1503192.3991401212,995156.1708280832,2686447.0070833256,824690.7501325984,1175095.327709437,869322.5093207072,956974.5102697051,1053079.6052825688,1070197.8619826734
2021-02-05,1059587.5311559292,1032447.2623497834,1095225.6099608182,8033822.61187488,1503192.3991401212,995156.1708280832,2691237.720553211,828078.3008536703,1175095.327709437,869322.5093207072,956974.5102697051,1054050.579122642,1069889.9296490625
2021-02-08,1059959.0526954313,1032612.3756237804,1096173.3571355373,8186596.022857245,1503192.3991401212,995156.1708280832,2715169.749566034,824880.1718871715,1175095.327709437,869322.5093207072,956974.5102697051,1054423.6793434944,1074968.8925202854
2021-02-09,1059952.6762620015,1032863.9307314612,1095445.9103089932,8122246.510347821,1503192.3991401212,995156.1708280832,2685313.503168781,830918.8492595172,1175095.327709437,869322.5093207072,956974.5102697051,1054414.151590711,1073586.6035405658
2021-02-10,1056760.187356975,1030493.2551230028,1089962.955239531,8024276.558204873,1503192.3991401212,995156.1708280832,2589842.476535316,836010.6771632473,1175095.327709437,869322.5093207072,956974.5102697051,1051219.7870695388,1069166.4716109845
2021-02-11,1056705.821097685,1030316.8098474056,1090249.9980133977,8104460.896824398,1503192.3991401212,995156.1708280832,2603967.2170863254,832896.6275997879,1175095.327709437,869322.5093207072,956974.5102697051,1051167.0600341216,1069843.750694699
2021-02-12,1056757.439514268,1030368.4766240811,1090301.3675632982,8083972.896825502,1503192.3991401212,995156.1708280832,2603967.2170863254,833127.991816787,1175095.327709437,869322.5093207072,956974.5102697051,1051218.5449934884,1070285.3677331957
2021-02-16,1058386.3773183832,1031998.940542103,1091922.451807113,8065061.6119769635,1503192.3991401212,995156.1708280832,2603967.2170863254,840429.2215820369,1175095.327709437,869322.5093207072,956974.5102697051,1052843.2712483406,1068314.9208255757
2021-02-17,1058198.5898370408,1031810.9771270412,1091735.5697012274,8011571.496315508,1503192.3991401212,995156.1708280832,2603967.2170863254,839587.5199867673,1175095.327709437,869322.5093207072,956974.5102697051,1052655.9692835272,1064934.1298204972
2021-02-18,1056236.381320312,1029846.9302628338,1089782.8215352064,7946911.15753502,1503192.3991401212,995156.1708280832,2603967.2170863254,830792.5032637394,1175095.327709437,869322.5093207072,956974.5102697051,1050698.833973284,1064934.1298204972
2021-02-19,1052560.7711292398,1026167.8764781432,1086124.932478854,7888846.244069476,1503192.3991401212,995156.1708280832,2603967.2170863254,814317.672570565,1175095.327709437,869322.5093207072,956974.5102697051,1047032.7269156976,1064934.1298204972
2021-02-22,1051983.3795834794,1025589.9439876856,1085550.3246976486,7499294.975411752,1503192.3991401212,995156.1708280832,2603967.2170863254,811729.6865041491,1175095.327709437,869322.5093207072,956584.8021575459,1046456.828191169,1061306.4342902876
2021-02-23,1062001.400019493,1034927.7721254408,1097349.91638023,7439458.149443602,1503192.3991401212,1009913.5421221454,2698043.813690105,823365.1868069614,1175095.327709437,869322.5093207072,963388.2767008065,1056444.4755934363,1059046.1205598079
2021-02-24,1065842.5132487193,1037809.254494519,1104058.2174717395,7673380.257115481,1503192.3991401212,1007536.951437835,2811253.447455922,820103.9820816675,1175095.327709437,869322.5093207072,965909.7830202518,1060277.4638949693,1061440.465736375
2021-02-25,1049594.9827474484,1022716.824664715,1084730.4360763058,7194022.187414781,1503192.3991401212,985772.2929580996,2654469.288462357,799862.757158275,1175095.327709437,869322.5093207072,952216.4475772263,1044083.7461577462,1042130.8243192784
2021-02-26,1050337.329237932,1023647.3348698112,1084820.6459264806,7225989.053781673,1499170.7857729066,993377.2648017592,2636850.8118505925,806027.55363518,1175095.327709437,864798.3917608924,951757.2916010909,1044821.4455085124,1037132.8796362173
2021-03-01,1067109.973270823,1039608.2741072844,1103489.1849068878,7472632.363526785,1508443.4487091042,1004690.1559611954,2749405.0334857767,821366.4048224466,1175095.327709437,885221.8034715363,963322.3959131072,1061534.7034890174,1048776.8931080021
2021-03-02,1054681.8701314493,1027784.6821174012,1088614.6120697437,7253718.884837734,1476709.0192346878,993717.4450525574,2665533.403734056,808931.2750389157,1175095.327709437,883006.3561862328,954290.5352686949,1049137.434313172,1036955.7967010797
2021-03-03,1036466.1543553268,1010107.1186336906,1068824.6816198756,6946443.48334894,1444184.566368782,975079.1265629132,2578384.4732954307,801377.6774124226,1175095.327709437,860307.3442321132,939940.0712153211,1030984.2208226059,1024579.1555739049
2021-03-04,1029157.6492507418,1003818.2948714028,1058236.8396188458,6741071.585821282,1410601.647783243,975079.1265629132,2495115.808301867,806069.8202279184,1150650.8360837284,869939.5919635359,931828.7030915406,1023695.6288816205,1010409.0776173552
2021-03-05,1031158.4583601756,1006110.461017735,1058865.1515234443,6698262.936039631,1385112.556789843,975079.1265629132,2505176.749208341,811759.4724419924,1125395.497154876,896945.4371298426,934257.0937721,1025680.3253297715,997274.8766172075
2021-03-08,1016564.251380507,991865.2920600828,1045656.4534625435,6345669.794091435,1385112.556789843,975079.1265629132,2505176.749208341,811759.4724419924,1092257.1933641194,858635.0524639704,914323.9858747973,1011143.47456728,976888.9034803489
2021-03-09,1023168.5348597134,998547.6489458416,1052465.8888191646,6998527.421118095,1413646.850351694,975079.1265629132,2505176.749208341,811759.4724419924,1090098.2464700595,875610.1553486191,934851.4315147772,1017723.5384505941,996670.2685922505
2021-03-10,1025981.6646295376,1001413.1569213776,1056203.6368488474,6961968.565067212,1446711.594810852,975079.1265629132,2505176.749208341,811759.4724419924,1087371.0311907432,875610.1553486191,933214.2865291185,1020533.1106056699,1000772.1894251917
2021-03-11,1030269.4098380652,1005353.323683921,1060459.4974671763,7239034.560096184,1446711.594810852,975079.1265629132,2505176.749208341,811759.4724419924,1113953.8787889332,875610.1553486191,948240.4357984291,1024817.0309528755,1007007.6252271847
2021-03-12,1029283.4982957564,1004462.9715601772,1059477.6010080024,7161094.137898263,1446711.594810852,975079.1265629132,2505176.749208341,812571.0021093033,1106719.651156453,875610.1553486191,942497.00657101,1023831.6063972096,1005310.7204161889
2021-03-15,1027401.1351312216,1002525.9002935732,1057653.1967925783,7277922.143249602,1446711.594810852,975079.1265629132,2505176.749208341,801813.4755271603,1109920.5481612226,875610.1553486191,945978.8851825034,1021956.1251888565,1006061.542453155
2021-03-16,1025806.7627448298,1000847.3510490612,1056115.9403466403,7190986.459654218,1446711.594810852,975079.1265629132,2505176.749208341,790738.1873391578,1115346.1778196604,875610.1553486191,944432.4160270842,1020368.5315411497,1005811.9704581012
2021-03-17,1025901.6866167476,1000934.5800859822,1056210.1583443496,7316275.86714862,1446711.594810852,975079.1265629132,2505176.749208341,790738.1873391578,1115934.6798639523,875610.1553486191,944475.4596727735,1020463.37073671,1003263.380925785
2021-03-18,1021352.3266953478,996754.0059423748,1051694.6284360937,6948651.817890785,1446711.594810852,975079.1265629132,2505176.749208341,790738.1873391578,1087729.8925973575,875610.1553486191,932715.5576851751,1015918.0690487074,996647.4930055722
2021-03-19,1023063.252650261,998326.2387250772,1053392.831579767,7015313.781902159,1446711.594810852,975079.1265629132,2505176.749208341,790738.1873391578,1098337.1655810208,875610.1553486191,934707.4419973915,1017627.4687808179,999135.6000256927
2021-03-22,1022209.7753087804,997541.94700765,1052545.7008782923,7159039.475577859,1446711.594810852,975079.1265629132,2505176.749208341,790738.1873391578,1093045.83948917,875610.1553486191,939080.3453111418,1016774.752779462,1002815.5899899355
2021-03-23,1022209.7753087804,997541.94700765,1052545.7008782923,7136113.225731444,1446711.594810852,975079.1265629132,2505176.749208341,790738.1873391578,1093045.83948917,875610.1553486191,940191.0268272754,1016774.752779462,1007451.9650278381
2021-03-24,1022209.7753087804,997541.94700765,1052545.7008782923,6894281.544499789,1446711.594810852,975079.1265629132,2505176.749208341,790738.1873391578,1093045.83948917,875610.1553486191,933508.9534047213,1016774.752779462,1007451.9650278381
2021-03-25,1022209.7753087804,997541.94700765,1052545.7008782923,6873654.219529825,1446711.594810852,975079.1265629132,2505176.749208341,790738.1873391578,1093045.83948917,875610.1553486191,931144.8974810892,1016774.752779462,1007451.9650278381
2021-03-26,1022209.7753087804,997541.94700765,1052545.7008782923,6844958.534856843,1446711.594810852,975079.1265629132,2505176.749208341,790738.1873391578,1093045.83948917,875610.1553486191,931363.8088229365,1016774.752779462,1007451.9650278381
2021-03-29,1022209.7753087804,997541.94700765,1052545.7008782923,6862952.019157708,1446711.594810852,975079.1265629132,2505176.749208341,790738.1873391578,1093045.83948917,875610.1553486191,933073.8092735568,1016774.752779462,1007451.9650278381
2021-03-30,1022209.7753087804,997541.94700765,1052545.7008782923,6940440.764350595,1446711.594810852,975079.1265629132,2505176.749208341,790738.1873391578,1093045.83948917,875610.1553486191,934608.5230379892,1016774.752779462,1007451.9650278381
2021-03-31,1022209.7753087804,997541.94700765,1052545.7008782923,7176644.841746338,1446711.594810852,975079.1265629132,2505176.749208341,790738.1873391578,1093045.83948917,875610.1553486191,940289.7606388855,1016774.752779462,1007451.9650278381
2021-04-01,1021008.1537442585,996328.271234696,1050998.7613310271,7287312.246182745,1428486.5941348793,975079.1265629132,2505176.749208341,790738.1873391578,1093045.83948917,875610.1553486191,944505.3579355015,1015577.7322635535,1007451.9650278381
2021-04-05,1018189.5077930336,993462.9493222547,1048250.7401238094,7484480.642907888,1415997.5925281905,963258.8575074804,2505176.749208341,790738.1873391578,1091244.328964625,875610.1553486191,945550.9244040392,1012773.2862501782,1004861.5780182338
2021-04-06,1018280.0093545048,993610.2611615245,1048501.5728489504,7468484.112275413,1424951.4416861078,963855.0614624294,2505176.749208341,790738.1873391578,1086035.619702877,875610.1553486191,944253.3149844024,1012864.1397720195,1004938.4854042884
2021-04-07,1014857.5314938836,990152.1643161126,1044997.1778311247,7460106.438314066,1404911.8518243765,952470.4168981912,2505176.749208341,790738.1873391578,1082716.0307945032,875610.1553486191,944995.7328237565,1009458.3085893546,1002419.4551248455
2021-04-08,1011752.307643242,987094.7097555796,1041949.0645931116,7557523.162868638,1395430.3336383507,943761.8918191794,2505176.749208341,790738.1873391578,1072473.991247108,875610.1553486191,943235.5441050722,1006368.9490981298,999875.700666458
2021-04-09,1011640.69377597,986992.1944386996,1041838.5987002796,7564317.871276475,1395430.3336383507,943761.8918191794,2505176.749208341,790738.1873391578,1071488.9451400705,875610.1553486191,941871.829343316,1006257.924378746,997748.6866321851
2021-04-12,1012027.52774886,987347.4944411096,1042221.4539962866,7771907.213023913,1395430.3336383507,943761.8918191794,2505176.749208341,790738.1873391578,1074902.941163845,875610.1553486191,944077.2528805117,1006642.7164689936,997294.6241798537
2021-04-13,1011882.2710729326,987214.078813414,1042077.691318868,8089783.840514628,1395430.3336383507,943761.8918191794,2505176.749208341,790738.1873391578,1073620.9810755472,875610.1553486191,939639.1274600575,1006498.2265227386,997294.6241798537
2021-04-14,1013978.5306829676,989139.4553229612,1044152.3904139628,7857408.521297352,1395430.3336383507,943761.8918191794,2505176.749208341,790738.1873391578,1092121.4812254906,875610.1553486191,941719.6877644601,1008583.4211374215,999756.8466232431
2021-04-15,1012571.8494950684,987847.444112786,1042760.1772674372,8052957.534240565,1395430.3336383507,943761.8918191794,2505176.749208341,790738.1873391578,1079706.8425981607,875610.1553486191,941261.9484816651,1007184.1650416871,999322.2563948818
2021-04-16,1012981.623337314,988223.8139699876,1043165.7364909372,8021234.568336207,1395430.3336383507,943761.8918191794,2505176.749208341,790738.1873391578,1083323.294011723,875610.1553486191,941197.6446220272,1007591.7759144043,999261.2045470396
2021-04-19,1011773.713521842,987114.3706676275,1041970.2503072992,7843382.548287557,1395430.3336383507,943761.8918191794,2505176.749208341,790738.1873391578,1072662.9084300525,875610.1553486191,942936.6278630043,1006390.241986933,1001191.4850411861
2021-04-20,1012518.3347985684,987798.291832666,1042707.2129819684,7814285.592362298,1395430.3336383507,943761.8918191794,2505176.749208341,790738.1873391578,1079234.5496407994,875610.1553486191,942635.1599996838,1007130.932819679,1001191.4850411861
2021-04-21,1018777.2903768,993547.029244262,1048901.793754422,7876339.015199389,1395430.3336383507,943761.8918191794,2505176.749208341,790738.1873391578,1134472.8455366131,875610.1553486191,940897.5599437166,1013356.8508323099,1001191.4850411861
2021-04-22,1017861.06035925,992708.593201084,1047999.5937219936,7678047.410385478,1395430.3336383507,943761.8918191794,2505176.749208341,790738.1873391578,1126108.8204680544,875610.1553486191,942586.7580198855,1012445.4956480194,999840.8635158907
2021-04-23,1017896.6322706628,992792.8720502468,1048031.4958048416,7796946.157331783,1395430.3336383507,943761.8918191794,2505176.749208341,794261.069486809,1121354.4640324842,875610.1553486191,942516.9393391006,1012480.9430472503,999073.1307451047
2021-04-26,1019194.7992953006,994030.3010126288,1049306.7946920153,7892538.270526884,1395430.3336383507,943761.8918191794,2505176.749208341,797631.2368627512,1128346.184490774,875610.1553486191,942516.9393391006,1013772.2650722198,1000202.1527258389
2021-04-27,1018576.6002497028,993478.3231547724,1048697.23233703,7733447.569333765,1395430.3336383507,943761.8918191794,2505176.749208341,798566.4551836639,1121354.4640324842,875610.1553486191,942516.9393391006,1013157.372364864,999073.1307451047
2021-04-28,1019716.725736452,994613.1012600486,1049814.3739808411,7708948.382197679,1395430.3336383507,943761.8918191794,2505176.749208341,804795.1190155677,1122782.2533305248,875610.1553486191,942516.9393391006,1014291.5462555795,999303.6899488032
2021-04-29,1026416.6681725004,1001329.8932620818,1056376.3355018594,7693585.171788508,1395430.3336383507,943761.8918191794,2505176.749208341,844685.4960660082,1126432.6952781496,875610.1553486191,940921.9364960851,1020956.5745896808,999893.1627721017
2021-04-30,1027137.422387828,1001989.450688523,1057086.053000725,7770147.183717275,1395430.3336383507,943761.8918191794,2505176.749208341,844685.4960660082,1133012.2726875318,875610.1553486191,943134.6048149893,1021673.4940074646,1000955.6319545368
2021-05-03,1026434.4013169712,1001346.120745572,1056393.7971034334,7613544.29443454,1395430.3336383507,943761.8918191794,2505176.749208341,844685.4960660082,1126594.5765329178,875610.1553486191,941460.779940689,1020974.2133843476,999919.3033330684
2021-05-04,1025478.2323814468,1000471.1368620984,1055452.2697269958,7455249.327907262,1395430.3336383507,943761.8918191794,2505176.749208341,844685.4960660082,1117865.9594899071,875610.1553486191,940690.0294279507,1020023.1317784666,996977.7861287127
2021-05-05,1024333.4081306044,999423.5157444476,1054324.9758636092,7435004.185263721,1395430.3336383507,943761.8918191794,2505176.749208341,844685.4960660082,1107415.157235311,875610.1553486191,940508.5946348573,1018884.3986043488,992947.3566282176
2021-05-06,1024892.9217461556,999935.5229620036,1054875.9217968632,7441473.077572053,1395430.3336383507,943761.8918191794,2505176.749208341,844685.4960660082,1112522.8112272471,875610.1553486191,940003.8531505378,1019440.9353085023,993701.5661485917
2021-05-07,1025584.6497010748,1000568.5186490794,1055557.0575066805,7525145.320036126,1395430.3336383507,943761.8918191794,2505176.749208341,844685.4960660082,1118837.415469355,875610.1553486191,940606.1327356927,1020128.9829010926,995147.4092201934
2021-05-10,1023007.7276907276,998210.394321618,1053019.5952136223,7184284.238630469,1395430.3336383507,943761.8918191794,2505176.749208341,844685.4960660082,1095313.365960582,875610.1553486191,937650.6742642726,1017565.7714927582,986951.2064565774
2021-05-11,1025636.3450399992,1000919.5150866378,1055205.6081100346,7160492.971524198,1395430.3336383507,960555.0320367016,2505176.749208341,844685.4960660082,1095313.365960582,875610.1553486191,938784.3663295382,1020181.4831285097,987989.0443690683
2021-05-12,1022121.5393411822,997328.3342541148,1052268.2826903576,6914285.227978108,1395430.3336383507,946117.0226515926,2505176.749208341,844685.4960660082,1095313.365960582,868078.6021537399,933482.4910948579,1016684.3326035851,981298.4471621093
2021-05-13,1021009.5284161916,996206.5209420732,1050133.6315630237,6843210.532042439,1356352.605771928,948028.8584877558,2505176.749208341,844685.4960660082,1095313.365960582,875627.7805702242,933505.0231098558,1015578.4743052798,983255.1196007058
2021-05-14,1026627.7669396192,1001911.2948704412,1055531.9194938631,7052919.98357413,1378202.4911384378,960352.4489451852,2505176.749208341,844685.4960660082,1095313.365960582,888565.3920881054,937894.2247129147,1021167.6102977758,993365.3187377029
2021-05-17,1028225.3619257924,1003553.6893924676,1056703.8170955507,6994627.646770142,1373157.2924785234,969879.4866563586,2505176.749208341,844685.4960660082,1095313.365960582,891329.142671142,937569.961744366,1022757.4079179614,995918.5625931873
2021-05-18,1025188.8062364656,1000467.1261337784,1053852.3995488374,6949390.737166092,1363408.5026747584,962234.1636326552,2505176.749208341,844685.4960660082,1095313.365960582,884393.5117139749,937920.0207076167,1019736.499943801,994156.7933208176
2021-05-19,1025796.7118321334,1001079.0794415998,1054466.9467261543,6908245.407316885,1366663.5681569926,962137.8616674226,2505176.749208341,844685.4960660082,1095313.365960582,886761.3040518707,937920.0207076167,1020341.1713571218,994753.3714011257
2021-05-20,1030342.4940811456,1005673.661461945,1059407.6059240596,7125368.620694421,1402256.8754608007,965323.6016946604,2505176.749208341,844685.4960660082,1095313.365960582,896056.8913885986,937920.0207076167,1024862.7846098528,998618.502171611
2021-05-21,1030114.8921799156,1005417.0964719716,1060004.4815870863,7132959.083703193,1426946.003478553,956376.3348739848,2505176.749208341,844685.4960660082,1095313.365960582,892695.2652629146,937920.0207076167,1024635.5355994962,1000393.373105005
2021-05-24,1036427.8771689108,1011807.5625024082,1066236.311640523,7372456.272536489,1456490.4046484206,964783.9311139068,2505176.749208341,844685.4960660082,1095313.365960582,910240.1375409688,937920.0207076167,1030915.4695418215,1001369.6649603558
2021-05-25,1036949.3270670234,1012342.9901879276,1066670.8737742698,7376131.738491085,1456490.4046484206,967604.5440460094,2505176.749208341,844685.4960660082,1095313.365960582,910719.9486186006,937920.0207076167,1031434.3338891801,1001369.6649603558
2021-05-26,1037171.4185335062,1012571.130091063,1066855.9151192892,7449127.080654139,1456490.4046484206,968830.2666435444,2505176.749208341,844685.4960660082,1095313.365960582,910901.3901558976,937920.0207076167,1031655.3253526803,1001369.6649603558
2021-05-27,1036070.7908168614,1011436.7948092292,1065940.6102030368,7463520.52123462,1456490.4046484206,961798.8150790829,2505176.749208341,844685.4960660082,1095313.365960582,910901.3901558976,937920.0207076167,1030560.1013841341,1001369.6649603558
2021-05-28,1035849.7299718822,1011208.9638068842,1065756.7714034675,7539551.652332471,1456490.4046484206,960386.5495139296,2505176.749208341,844685.4960660082,1095313.365960582,910901.3901558976,937920.0207076167,1030340.1258808218,1001369.6649603558
2021-06-01,1035710.9296736908,1011065.9126434558,1065641.342186676,7535881.596187802,1456490.4046484206,959499.8122828872,2505176.749208341,844685.4960660082,1095313.365960582,910901.3901558976,937920.0207076167,1030202.007049975,1001369.6649603558
2021-06-02,1036192.6291896318,1011562.3645753042,1066041.9335296245,7535768.98763947,1456490.4046484206,962577.1896410458,2505176.749208341,844685.4960660082,1095313.365960582,910901.3901558976,937920.0207076167,1030681.3415674665,1001369.6649603558
2021-06-03,1034717.3824963992,1010041.93732435,1064815.0876755903,7395093.246826926,1456490.4046484206,953152.453636105,2505176.749208341,844685.4960660082,1095313.365960582,910901.3901558976,937920.0207076167,1029213.3378878279,1001369.6649603558
2021-06-04,1035320.6137288318,1010663.6429744116,1065316.7473233826,7619872.76928577,1456490.4046484206,957006.2464571244,2505176.749208341,844685.4960660082,1095313.365960582,910901.3901558976,937920.0207076167,1029813.6074379623,1001074.7836236812
2021-06-07,1035062.8020454402,1010397.9356111336,1065102.3457617038,7659414.509496991,1456490.4046484206,955359.195108966,2505176.749208341,844685.4960660082,1095313.365960582,910901.3901558976,937920.0207076167,1029557.061531702,1000827.6155817499
2021-06-08,1037138.4529835354,1012537.154945924,1066828.5002818294,7635976.820365915,1456490.4046484206,968619.6634900796,2505176.749208341,844685.4960660082,1095313.365960582,910901.3901558976,937920.0207076167,1031622.5216535561,1002817.5741877859
2021-06-09,1037673.5298580048,1013088.6189587096,1067273.48134706,7592510.452984239,1456490.4046484206,972038.0465356796,2505176.749208341,844685.4960660082,1095313.365960582,910901.3901558976,937920.0207076167,1032154.9714629434,1003330.5606498634
2021-06-10,1039824.5415766148,1015305.507055527,1069062.3074607272,7676051.612305802,1456490.4046484206,985779.9635211094,2505176.749208341,844685.4960660082,1095313.365960582,910901.3901558976,937920.0207076167,1034295.4223667486,1005392.7687998815
2021-06-11,1039735.9945761116,1015214.2482354442,1068988.669932202,7732115.955293477,1456490.4046484206,985214.2736554072,2505176.749208341,844685.4960660082,1095313.365960582,910901.3901558976,937920.0207076167,1034207.3101051479,1005266.7164404055
2021-06-14,1040899.1035095616,1016412.9782691112,1069955.9355287554,7832143.800355475,1456490.4046484206,992644.891661901,2505176.749208341,844685.4960660082,1095313.365960582,910901.3901558976,937920.0207076167,1035364.7085266849,1005266.7164404055
2021-06-15,1040875.864713434,1016389.0277670872,1069936.6096622322,7705764.955425387,1456490.4046484206,992496.4286830776,2505176.749208341,844685.4960660082,1095313.365960582,910901.3901558976,937920.0207076167,1035341.5838259943,1005266.7164404055
2021-06-16,1041884.48596343,1017428.5388138976,1070775.400085912,7728188.382303547,1456490.4046484206,998940.0892950924,2505176.749208341,844685.4960660082,1095313.365960582,910901.3901558976,937920.0207076167,1036345.2530517235,1005266.7164404055
2021-06-17,1043106.7146496916,1018688.1991879994,1071791.830899348,7938203.06152474,1456490.4046484206,1006748.3987517552,2505176.749208341,844685.4960660082,1095313.365960582,910901.3901558976,937920.0207076167,1037561.4809660257,1005266.7164404055
2021-06-18,1043106.7146496916,1018688.1991879994,1071791.830899348,7948638.728598015,1456490.4046484206,1006748.3987517552,2505176.749208341,844685.4960660082,1095313.365960582,910901.3901558976,937920.0207076167,1037561.4809660257,1005266.7164404055
2021-06-21,1043785.4770392608,1019309.8007504628,1072458.6964877464,7905631.13370871,1456490.4046484206,1006748.3987517552,2505176.749208341,844685.4960660082,1101154.7998063357,910901.3901558976,937920.0207076167,1038236.3419390385,1005266.7164404055
2021-06-22,1041001.005598469,1016759.8188645642,1069723.0290225523,8028694.673296584,1456490.4046484206,1006748.3987517552,2505176.749208341,844685.4960660082,1077191.619219542,910901.3901558976,937920.0207076167,1035467.8751902389,1005266.7164404055
2021-06-23,1040186.1849754398,1016013.3689758652,1068921.98245169,8193851.501223298,1456490.4046484206,1006748.3987517552,2505176.749208341,844685.4960660082,1070277.5679371604,910901.3901558976,937185.8030329295,1034657.2956112232,1004479.7787754769
2021-06-24,1038389.483224333,1014408.0536319658,1066890.1773117508,8311336.700627384,1456490.4046484206,1006748.3987517552,2491138.299768376,844685.4960660082,1058767.5045597812,910901.3901558976,935991.3923242106,1032870.1142875971,1003199.6042352966
2021-06-25,1039183.3173479686,1015078.3955334536,1068042.4047076488,8256120.334656833,1456490.4046484206,1006748.3987517552,2510808.935235207,844685.4960660082,1060247.600057439,910901.3901558976,934489.5536348387,1033659.5605555428,1002346.8228415046
2021-06-28,1036924.7482573624,1013129.7588481876,1065034.5189548042,8503453.933601188,1456490.4046484206,1006748.3987517552,2469117.21415611,844685.4960660082,1052292.7535123792,910901.3901558976,932109.4096244243,1031413.353231268,1000126.5735793875
2021-06-29,1037467.3870009128,1013569.8486743104,1065940.50771724,8472458.241968127,1456490.4046484206,1006748.3987517552,2488812.5411289027,844685.4960660082,1051665.4815975116,910901.3901558976,932564.2789849477,1031952.9390405178,1000647.3022845
2021-06-30,1038393.840787021,1014411.1848725312,1066900.082028275,8446590.247709244,1456490.4046484206,1006748.3987517552,2491435.2774226414,844685.4960660082,1058726.0583444592,910901.3901558976,933780.3718452269,1032874.4461448818,1000529.3800485233
2021-07-01,1037681.3654524984,1013745.5347977136,1066283.7599497456,8488809.98496389,1456490.4046484206,1006748.3987517552,2495839.5398506103,844685.4960660082,1051612.071837877,910901.3901558976,932754.1294686917,1032165.7199655743,1000149.226901836
2021-07-02,1037535.106949932,1013618.5487198194,1066094.1860667109,8565178.133877415,1456490.4046484206,1006748.3987517552,2493414.6753959265,844685.4960660082,1051024.8190565389,910901.3901558976,932590.6502588738,1032020.2596198814,1000278.6677086015
2021-07-06,1037926.2821509606,1013838.2830038262,1067383.80692268,8571045.745936098,1456490.4046484206,1006748.3987517552,2541217.88399176,844685.4960660082,1041758.6620125658,910901.3901558976,932287.2764515042,1032408.9461103606,999113.0365253139
2021-07-07,1038717.7218140186,1014490.2768754008,1068639.1239354091,8456358.244505752,1456490.4046484206,1006748.3987517552,2566455.373741107,844685.4960660082,1041758.6620125658,910901.3901558976,932622.5879498776,1033195.9629488632,999977.3669981114
2021-07-08,1038717.7218140186,1014490.2768754008,1068639.1239354091,8406585.866626073,1456490.4046484206,1006748.3987517552,2566455.373741107,844685.4960660082,1041758.6620125658,910901.3901558976,932052.2829747598,1033195.9629488632,1000768.655050331
2021-07-09,1038717.7218140186,1014490.2768754008,1068639.1239354091,8460188.143868897,1456490.4046484206,1006748.3987517552,2566455.373741107,844685.4960660082,1041758.6620125658,910901.3901558976,931762.9361743378,1033195.9629488632,999974.3252570017
2021-07-12,1038717.7218140186,1014490.2768754008,1068639.1239354091,8656193.881005015,1456490.4046484206,1006748.3987517552,2566455.373741107,844685.4960660082,1041758.6620125658,910901.3901558976,929753.591569677,1033195.9629488632,999214.1770293922
2021-07-13,1038717.7218140186,1014490.2768754008,1068639.1239354091,8545430.936676709,1456490.4046484206,1006748.3987517552,2566455.373741107,844685.4960660082,1041758.6620125658,910901.3901558976,930952.9091027048,1033195.9629488632,999214.1770293922
2021-07-14,1038717.7218140186,1014490.2768754008,1068639.1239354091,8436562.956812581,1456490.4046484206,1006748.3987517552,2566455.373741107,844685.4960660082,1041758.6620125658,910901.3901558976,932012.4450008671,1033195.9629488632,999214.1770293922
2021-07-15,1038717.7218140186,1014490.2768754008,1068639.1239354091,8267741.806514978,1456490.4046484206,1006748.3987517552,2566455.373741107,844685.4960660082,1041758.6620125658,910901.3901558976,932206.7399056619,1033195.9629488632,999214.1770293922
2021-07-16,1037690.5747962648,1013453.633533426,1067631.5538605254,8084947.263316197,1456490.4046484206,1006748.3987517552,2566455.373741107,837859.0849835505,1041758.6620125658,910901.3901558976,931731.5050093286,1032174.7266844246,995344.1760430154
2021-07-19,1040916.5504678116,1016743.948849027,1072188.5288424196,8163022.943171546,1502131.9383378755,1006748.3987517552,2566455.373741107,830985.6778975513,1041758.6620125658,910901.3901558976,936408.2051513019,1035384.0103152641,996346.2232587939
2021-07-20,1041225.0035861408,1017048.3785210076,1072213.7227334096,8214288.90505397,1493040.2345544747,1006748.3987517552,2566455.373741107,838675.5919420253,1041758.6620125658,910901.3901558976,935303.637975889,1035690.3155408645,996971.954098807
2021-07-21,1044890.5682479936,1020768.4340582858,1076640.5910570782,8294006.085450113,1520283.4489061993,1006748.3987517552,2566455.373741107,846136.8820260344,1041758.6620125658,910901.3901558976,942117.6879053119,1039335.903940403,1001089.510351541
2021-07-22,1046331.0730432296,1022202.6331526624,1078052.0992480814,8316641.949369544,1520283.4489061993,1006748.3987517552,2566455.373741107,854234.8986428415,1043014.001928342,910901.3901558976,945085.5440307172,1040766.1682100345,1005103.176225172
2021-07-23,1050784.9771887977,1026620.2601384348,1082415.0306907804,8347187.430040324,1520283.4489061993,1006748.3987517552,2566455.373741107,878011.4146651642,1047968.856785041,910901.3901558976,950132.7109863432,1045186.741210706,1008963.585177284
2021-07-26,1051044.981148247,1026859.6873515988,1082668.274186942,8387090.771915363,1520283.4489061993,1006748.3987517552,2566455.373741107,878011.4146651642,1049438.940894912,910901.3901558976,948157.6050911233,1045442.9641152731,1010875.833234552
2021-07-27,1051627.595368284,1027396.1934084636,1083235.7396298083,8293142.803713696,1520283.4489061993,1006748.3987517552,2566455.373741107,878011.4146651642,1052733.0903720097,910901.3901558976,947965.2137150262,1046017.105786102,1008597.4541506015
2021-07-28,1051721.4910442196,1027482.6581687118,1083327.1938880386,8374095.09825726,1520283.4489061993,1006748.3987517552,2566455.373741107,878011.4146651642,1053263.9843686656,910901.3901558976,951477.0813439005,1046109.6360032011,1008838.2169716747
2021-07-29,1050505.705513375,1026363.0900587804,1082143.0204659642,8480523.935941843,1520283.4489061993,1006748.3987517552,2566455.373741107,878011.4146651642,1046389.831399252,910901.3901558976,949351.2288006851,1044911.5307870196,1007409.2448683681
2021-07-30,1051304.994291545,1027099.123021801,1082921.5266281602,8431416.078422545,1520283.4489061993,1006748.3987517552,2566455.373741107,878011.4146651642,1050909.076931035,910901.3901558976,948266.1651257803,1045699.1960701353,1008168.5518665937
2021-08-02,1049063.191462238,1024875.2311387064,1080964.2919457145,8549395.518315498,1520283.4489061993,999008.399479439,2566455.373741107,878011.4146651642,1047614.9274539372,910901.3901558976,947150.5885143026,1043474.7179650312,1007286.651700173
2021-08-03,1050255.168750546,1026187.6802845612,1081820.5489530556,8562192.058203517,1520283.4489061993,1009431.8022100992,2566455.373741107,878011.4146651642,1041720.8824840228,910901.3901558976,948005.5572184378,1044669.9335692191,1008714.9281744218
2021-08-04,1051086.7307454827,1026882.241785502,1082731.481693017,8650972.43922155,1520283.4489061993,1005977.2844299244,2566455.373741107,878011.4146651642,1050609.6182378898,910901.3901558976,952097.367317447,1045482.5846487924,1008241.5696558275
2021-08-05,1054269.252648454,1029944.3414676936,1085644.785738067,8747859.67082673,1520283.4489061993,1012355.5455823422,2566455.373741107,878011.4146651642,1060873.153429889,910901.3901558976,957020.0567902962,1048631.4139833201,1009115.5568350637
2021-08-06,1051228.455016309,1026952.312768712,1082955.2584909569,8629487.622171177,1520283.4489061993,1003044.5728004436,2566455.373741107,878011.4146651642,1054965.5037820474,910901.3901558976,953035.9502130873,1045616.4597050247,1007839.7121113788
2021-08-09,1050891.4944471149,1026623.0491046184,1082653.970901657,8679448.943369882,1520283.4489061993,1002124.045253998,2566455.373741107,878011.4146651642,1054176.0170522789,910901.3901558976,952308.0381253769,1045282.582494882,1007713.575966354
2021-08-10,1048535.0565431416,1024322.1511330544,1080544.5705800415,8598911.068178715,1520283.4489061993,995769.760462766,2566455.373741107,878011.4146651642,1048554.169493404,910901.3901558976,948929.4334297085,1042947.871321763,1006842.8741703562
2021-08-11,1045870.36237969,1021691.7876784914,1078199.624865258,8538990.416228287,1520283.4489061993,987202.5124417748,2566455.373741107,878011.4146651642,1043871.615900248,910901.3901558976,946571.8964390387,1040305.0189742807,1007114.2992571905
2021-08-12,1046198.0688861838,1022063.9466325447,1078418.9577462994,8635008.76450301,1520283.4489061993,990618.0457568152,2566455.373741107,878011.4146651642,1041584.7318522512,910901.3901558976,947615.1370685776,1040634.7010262761,1007507.156749083
2021-08-13,1046837.359674868,1022593.7512026766,1079125.172515732,8665652.3475639,1520283.4489061993,987760.2831342478,2566455.373741107,878011.4146651642,1048663.0588430702,910901.3901558976,950665.5807281871,1041259.0547650715,1007108.3371416033
2021-08-16,1043561.738212886,1019216.1730570362,1076447.1135068114,8518383.835325634,1520283.4489061993,970233.573080148,2566455.373741107,878011.4146651642,1051385.5002897317,910901.3901558976,949472.9494484807,1037996.476343872,1007318.410912688
2021-08-17,1043800.0774716766,1019435.650116696,1076679.255614557,8333462.72315585,1520283.4489061993,970233.573080148,2566455.373741107,878011.4146651642,1052733.0903720097,910901.3901558976,946330.317949635,1038231.349602299,1004931.7894784698
2021-08-18,1042233.5034658036,1017782.464462511,1074401.0433873783,8352588.742616057,1495107.862454819,970233.573080148,2566455.373741107,878011.4146651642,1056762.307867169,910901.3901558976,945992.8723888288,1036672.4008055733,1003226.8701387836
2021-08-19,1045852.358106296,1021444.4762583884,1079103.191077909,8435391.761451207,1534505.218427725,970233.573080148,2566455.373741107,878011.4146651642,1057057.0857332684,910901.3901558976,954285.1939484009,1040262.3472470551,1004019.3631801953
2021-08-20,1050642.500184948,1026298.12012231,1085350.0278785224,8632993.153346535,1587416.288663851,970233.573080148,2566455.373741107,878011.4146651642,1057057.0857332684,910901.3901558976,962603.9626042303,1045014.6835336427,1007974.5537226243
2021-08-23,1054893.0547115677,1030605.023249116,1090893.1871426783,8948157.31173601,1634367.1693282814,970233.573080148,2566455.373741107,878011.4146651642,1057057.0857332684,910901.3901558976,968202.1043475464,1049231.6909174107,1007974.5537226243
2021-08-24,1054893.0547115677,1030605.023249116,1090893.1871426783,8951426.417145912,1634367.1693282814,970233.573080148,2566455.373741107,878011.4146651642,1057057.0857332684,910901.3901558976,968442.60259883,1049231.6909174107,1007974.5537226243
2021-08-25,1054893.0547115677,1030605.023249116,1090893.1871426783,9019470.54696797,1634367.1693282814,970233.573080148,2566455.373741107,878011.4146651642,1057057.0857332684,910901.3901558976,967463.1098648038,1049231.6909174107,1007974.5537226243
2021-08-26,1054893.0547115677,1030605.023249116,1090893.1871426783,8957441.562818727,1634367.1693282814,970233.573080148,2566455.373741107,878011.4146651642,1057057.0857332684,910901.3901558976,966986.656573415,1049231.6909174107,1007974.5537226243
2021-08-27,1054893.0547115677,1030605.023249116,1090893.1871426783,9130449.266199475,1634367.1693282814,970233.573080148,2566455.373741107,878011.4146651642,1057057.0857332684,910901.3901558976,969979.1360174186,1049231.6909174107,1007974.5537226243
2021-08-30,1054893.0547115677,1030605.023249116,1090893.1871426783,9258537.527611502,1634367.1693282814,970233.573080148,2566455.373741107,878011.4146651642,1057057.0857332684,910901.3901558976,973478.9528663337,1049231.6909174107,1004519.1783636272
2021-08-31,1054893.0547115677,1030605.023249116,1090893.1871426783,9250008.65383165,1634367.1693282814,970233.573080148,2566455.373741107,878011.4146651642,1057057.0857332684,910901.3901558976,972663.625644869,1049231.6909174107,1001495.2639747243
2021-09-01,1054893.0547115677,1030605.023249116,1090893.1871426783,9282345.054094696,1634367.1693282814,970233.573080148,2566455.373741107,878011.4146651642,1057057.0857332684,910901.3901558976,974510.9788189548,1049231.6909174107,999227.1343626736
2021-09-02,1054893.0547115677,1030605.023249116,1090893.1871426783,9257662.53339887,1634367.1693282814,970233.573080148,2566455.373741107,878011.4146651642,1057057.0857332684,910901.3901558976,974954.9195413787,1049231.6909174107,999227.1343626736
2021-09-03,1054893.0547115677,1030605.023249116,1090893.1871426783,9337636.658099042,1634367.1693282814,970233.573080148,2566455.373741107,878011.4146651642,1057057.0857332684,910901.3901558976,974494.8905118369,1049231.6909174107,999227.1343626736
2021-09-07,1054893.0547115677,1030605.023249116,1090893.1871426783,9436342.976365466,1634367.1693282814,970233.573080148,2566455.373741107,878011.4146651642,1057057.0857332684,910901.3901558976,974363.0642268045,1049231.6909174107,999227.1343626736
2021-09-08,1054893.0547115677,1030605.023249116,1090893.1871426783,9386521.30191106,1634367.1693282814,970233.573080148,2566455.373741107,878011.4146651642,1057057.0857332684,910901.3901558976,974459.915719718,1049231.6909174107,999227.1343626736
2021-09-09,1054893.0547115677,1030605.023249116,1090893.1871426783,9342480.577191042,1634367.1693282814,970233.573080148,2566455.373741107,878011.4146651642,1057057.0857332684,910901.3901558976,974560.8460544763,1049231.6909174107,999227.1343626736
2021-09-10,1054893.0547115677,1030605.023249116,1090893.1871426783,9298004.962073728,1634367.1693282814,970233.573080148,2566455.373741107,878011.4146651642,1057057.0857332684,910901.3901558976,972665.6126579499,1049231.6909174107,999227.1343626736
2021-09-13,1055101.6250451636,1030817.4708886024,1091068.7263181815,9262379.33820271,1634367.1693282814,970233.573080148,2566455.373741107,878011.4146651642,1057057.0857332684,911780.8468114748,973544.1945282009,1049439.2192696976,999424.7722748236
2021-09-14,1055316.7201952017,1031036.564640348,1091249.7569788771,9260587.416249294,1634367.1693282814,970233.573080148,2566455.373741107,878011.4146651642,1057057.0857332684,912687.8159763674,973894.5810667919,1049653.2398415718,999628.592998673
2021-09-15,1057229.180669671,1032984.577602721,1092859.342240034,9340739.642774152,1634367.1693282814,970233.573080148,2566455.373741107,878011.4146651642,1057057.0857332684,920751.8875238454,976815.4583611956,1051556.145994318,1001440.8099555466
2021-09-16,1056397.7440655867,1032137.6846583864,1092159.5797500974,9335217.255403347,1634367.1693282814,970233.573080148,2566455.373741107,878011.4146651642,1057057.0857332684,917246.0559775038,976166.4915450579,1050728.8631036903,1000652.9539278791
2021-09-17,1053546.7917100035,1029233.7333255756,1089760.131001709,9269403.419445915,1634367.1693282814,970233.573080148,2566455.373741107,878011.4146651642,1057057.0857332684,905224.744122548,973790.5722274828,1047892.153612933,997951.4370751138
2021-09-20,1047967.4566824726,1023584.8477575582,1084648.3384777696,8964949.459155435,1634367.1693282814,970233.573080148,2566455.373741107,864875.6024334359,1057057.0857332684,893198.2390994356,964467.8436741076,1042340.1921303896,993950.7963623282
2021-09-21,1045703.6354616404,1021291.7821800514,1082273.3902164355,9018643.35857394,1624305.689589942,970233.573080148,2566455.373741107,862514.4011465638,1057057.0857332684,889400.9725645448,961935.6666193779,1040088.5269367573,991413.8808194908
2021-09-22,1046375.9298538372,1022000.4364353227,1083671.0192318768,9194202.986755732,1659663.110822197,970233.573080148,2566455.373741107,845331.1674572149,1057057.0857332684,894729.3374487495,965254.2372285489,1040757.211313798,995577.6411079873
2021-09-23,1049728.3842607315,1025397.7487944512,1087578.24702352,9300712.35762176,1687186.2852168705,970233.573080148,2566455.373741107,845605.8072851975,1057057.0857332684,898702.655055458,969860.7657757943,1044091.6778136448,1000757.3657080045
2021-09-24,1051474.223451899,1027149.2678051236,1088627.6989472976,9342044.979661869,1666785.8799419522,970233.573080148,2566455.373741107,857028.3740845788,1057057.0857332684,902959.2559777236,971693.0131669077,1045828.7141446059,1003796.8849206034
2021-09-27,1048701.5488194488,1024335.0728181952,1085489.4611051255,9340982.815708354,1645367.2818289334,970233.573080148,2566455.373741107,858040.0611445124,1057057.0857332684,898089.1589594176,969901.4105543009,1043070.978566937,1000526.8725144649
2021-09-28,1034642.8284175248,1010117.0523752668,1071046.0865434788,9066298.336700946,1596477.1645528094,970233.573080148,2566455.373741107,836941.1347043577,1057057.0857332684,875753.2278077365,957109.1691532847,1029086.6930746605,980134.9644475288
2021-09-29,1032830.6245376652,1008282.6194581,1069102.4559260851,9069810.687672362,1587217.8181001504,970233.573080148,2566455.373741107,835243.9961026493,1057057.0857332684,873004.6584101676,954335.3025500594,1027284.1352240016,978510.2838035193
2021-09-30,1032825.2921601328,1008272.2591684966,1069477.8986096776,9087595.156203415,1597342.0485621237,970233.573080148,2566455.373741107,834885.1320051586,1057057.0857332684,869739.0570607141,953770.6749378431,1027277.2452908548,978768.3559527948
2021-10-01,1037208.2548573958,1012718.0463493956,1073428.9338688536,9113633.015669988,1598664.812341075,970233.573080148,2566455.373741107,840792.1617432607,1057057.0857332684,882166.9536137482,954744.7441674166,1031642.9366943353,983657.5128985654
2021-10-04,1027052.9287108072,1002443.7498153104,1062431.7742565991,8915958.380937949,1547281.599171525,970233.573080148,2566455.373741107,827901.9130502731,1057057.0857332684,869667.5421847032,948810.89573744,1021535.4937752195,966279.8822684238
2021-10-05,1034065.3134752244,1009545.6979420992,1070000.2819726362,9099587.83456332,1583860.3255109158,970233.573080148,2566455.373741107,834569.3396670304,1057057.0857332684,879912.9329278202,951101.6613671036,1028515.1419405921,979235.2254758296
2021-10-06,1037000.5545960404,1012525.4367032688,1073012.601747663,9169661.326202856,1596528.13754547,970233.573080148,2566455.373741107,835711.582190291,1057057.0857332684,886597.3369082923,952596.226413687,1031437.8313367992,982156.1503497233
2021-10-07,1038765.306401228,1014336.6000326033,1075003.530702822,9265868.019960236,1615606.0714295402,970233.573080148,2566455.373741107,828287.0316656434,1057057.0857332684,893793.2291709721,954205.1550610578,1033196.5652217158,983136.8610744191
2021-10-08,1038596.3658298404,1014167.3891390084,1074425.8165473533,9199830.572676469,1603192.637044784,970233.573080148,2566455.373741107,829681.2082473172,1057057.0857332684,896222.8652853866,954748.3970947722,1033029.6980941837,983068.5471113827
2021-10-11,1035438.0756000028,1010978.464354786,1071233.1472950603,9175696.39132534,1596273.5649702698,970233.573080148,2566455.373741107,821954.3679044303,1057057.0857332684,892444.996807257,953903.7039561623,1029886.5553972533,979294.2668893299
2021-10-12,1032148.9793713144,1007636.7033246544,1068309.2134322557,9210330.886768823,1595052.6497139388,970233.573080148,2566455.373741107,819132.3752304073,1057057.0857332684,881759.4991100887,951514.5348679099,1026609.9901479603,975918.4094278113
2021-10-13,1034770.7780154198,1010295.9470175672,1071098.3870224657,9294261.058217676,1608686.901892325,970233.573080148,2566455.373741107,820425.7885393344,1057057.0857332684,886671.0553239003,952612.7091049753,1029220.0687375285,978564.7133660206
2021-10-14,1041495.0990639448,1017101.5172701929,1078597.182493648,9473680.81831351,1649742.6748681655,970233.573080148,2566455.373741107,827127.9693870451,1057057.0857332684,894116.6792450593,956071.8497094202,1035911.855468802,987537.3823170365
2021-10-15,1041902.4951920196,1017514.5361368676,1079156.090515997,9601446.878494,1655644.1388807858,970233.573080148,2566455.373741107,826689.8487373601,1057057.0857332684,894116.6792450593,956282.1831830356,1036317.0641580215,986328.0309612595
2021-10-18,1043458.6630435124,1019089.2541259616,1081181.893521428,9810692.91406643,1673959.232203564,970233.573080148,2566455.373741107,826689.8487373601,1057057.0857332684,894116.6792450593,955244.4082692652,1037864.8758643575,994626.7339711061
2021-10-19,1043752.590861992,1019386.6856805404,1081564.5256761052,9807106.228637602,1677418.573315419,970233.573080148,2566455.373741107,826689.8487373601,1057057.0857332684,894116.6792450593,955788.7472947168,1038157.2253803973,997136.2226396445
2021-10-20,1042944.2438153622,1018568.7028167138,1080512.227959684,9749395.956642091,1667904.8492129615,970233.573080148,2566455.373741107,826689.8487373601,1057057.0857332684,894116.6792450593,955482.9302040235,1037353.2189100442,997136.2226396445
2021-10-21,1045490.2629092768,1021145.0714673824,1083826.6089420367,10004402.893979102,1697869.8541202971,970233.573080148,2566455.373741107,826689.8487373601,1057057.0857332684,894116.6792450593,954830.2707205594,1039885.5666605361,997136.2226396445
2021-10-22,1045637.21853746,1021293.778864902,1084017.9142391826,10024345.055076417,1699599.4272135233,970233.573080148,2566455.373741107,826689.8487373601,1057057.0857332684,894116.6792450593,954462.9138823623,1040031.7331819662,997136.2226396445
2021-10-25,1047539.1784641278,1023218.4109077672,1086493.8657452855,10566998.841959456,1721984.2705449716,970233.573080148,2566455.373741107,826689.8487373601,1057057.0857332684,894116.6792450593,954930.0230320925,1041923.4801658497,996865.1226986868
2021-10-26,1050967.0830185595,1026687.1774431912,1090956.275980811,10763008.65507534,1762328.4993219404,970233.573080148,2566455.373741107,826689.8487373601,1057057.0857332684,894116.6792450593,954595.3376177333,1045332.9779218029,998700.6101129809
2021-10-27,1050967.0830185595,1026687.1774431912,1090956.275980811,10824337.461820573,1762328.4993219404,970233.573080148,2566455.373741107,826689.8487373601,1057057.0857332684,894116.6792450593,962814.5516460051,1045332.9779218029,1005513.2634168538
2021-10-28,1050967.0830185595,1026687.1774431912,1090956.275980811,11090624.379843954,1762328.4993219404,970233.573080148,2566455.373741107,826689.8487373601,1057057.0857332684,894116.6792450593,960737.9005820025,1045332.9779218029,1005149.8933517097
2021-10-29,1050967.0830185595,1026687.1774431912,1090956.275980811,11361826.748478504,1762328.4993219404,970233.573080148,2566455.373741107,826689.8487373601,1057057.0857332684,894116.6792450593,966986.433958073,1045332.9779218029,1007316.2764257942
2021-11-01,1050967.0830185595,1026687.1774431912,1090956.275980811,11740619.348417168,1762328.4993219404,970233.573080148,2566455.373741107,826689.8487373601,1057057.0857332684,894116.6792450593,966986.433958073,1045332.9779218029,1002830.7074161381
2021-11-02,1050967.0830185595,1026687.1774431912,1090956.275980811,11675062.240267605,1762328.4993219404,970233.573080148,2566455.373741107,826689.8487373601,1057057.0857332684,894116.6792450593,966986.433958073,1045332.9779218029,1004739.2242696002
2021-11-03,1050967.0830185595,1026687.1774431912,1090956.275980811,11918308.89044688,1762328.4993219404,970233.573080148,2566455.373741107,826689.8487373601,1057057.0857332684,894116.6792450593,966986.433958073,1045332.9779218029,1005888.4506416637
2021-11-04,1050967.0830185595,1026687.1774431912,1090956.275980811,12447576.2735911,1762328.4993219404,970233.573080148,2566455.373741107,826689.8487373601,1057057.0857332684,894116.6792450593,966986.433958073,1045332.9779218029,1008344.1491475672
2021-11-05,1050967.0830185595,1026687.1774431912,1090956.275980811,12389369.630448136,1762328.4993219404,970233.573080148,2566455.373741107,826689.8487373601,1057057.0857332684,894116.6792450593,965235.1248483635,1045332.9779218029,1006517.937080769
2021-11-08,1051034.4850753455,1026749.145569249,1091020.9791729215,12303108.234901384,1762328.4993219404,970233.573080148,2566455.373741107,826689.8487373601,1057433.241785691,894116.6792450593,966431.0056583941,1045399.7394607344,1007764.9653487215
2021-11-09,1051916.0683389255,1027559.655892124,1091867.2627135809,11741769.979673576,1762328.4993219404,970233.573080148,2566455.373741107,826689.8487373601,1062353.164056942,894116.6792450593,963939.4882849785,1046272.9450894538,1004365.9449951602
2021-11-10,1050152.9166265482,1025938.648866794,1090174.7098538422,11684491.800705148,1762328.4993219404,970233.573080148,2566455.373741107,826689.8487373601,1052513.402192482,894116.6792450593,965886.7907922515,1044526.5485060134,1002684.675021876
2021-11-11,1052224.823221482,1027843.5190618192,1092163.6546552158,11817368.83779792,1762328.4993219404,970233.573080148,2566455.373741107,826689.8487373601,1064076.257139355,894116.6792450593,968142.3886409255,1046578.7658921854,1004660.3611304834
2021-11-12,1057085.1533680614,1032312.0110569888,1096829.3709580824,11784869.809050102,1762328.4993219404,970233.573080148,2566455.373741107,826689.8487373601,1091200.6905555276,894116.6792450593,971949.8149158291,1051392.9086019658,1006796.0041947507
2021-11-15,1056448.2362378442,1031726.4419676204,1096217.956805461,11658830.682723807,1762328.4993219404,970233.573080148,2566455.373741107,826689.8487373601,1087646.1961551104,894116.6792450593,971367.3868401891,1050762.0440584682,1006796.0041947507
2021-11-16,1058170.6798168712,1033323.6268698266,1097878.1601258018,11855069.289431697,1762328.4993219404,970233.573080148,2566455.373741107,827395.459449153,1096391.4660937998,894116.6792450593,972800.3587814998,1052468.759858805,1006944.1388674991
2021-11-17,1059776.866619622,1034868.0028774136,1099453.507316982,11864164.46590085,1762328.4993219404,970233.573080148,2566455.373741107,830905.813906937,1101040.4524199876,894116.6792450593,973186.1750325792,1054062.869611138,1007681.0965130446
2021-11-18,1058633.450953374,1033881.04736238,1098387.6674820045,12265995.954592898,1762328.4993219404,970233.573080148,2566455.373741107,834239.7641762148,1090561.3412533684,894116.6792450593,973186.1750325792,1052933.3460808294,1008381.0201732791
2021-11-19,1055674.6050870006,1030956.4684477156,1095446.2638313903,12615050.570833655,1762328.4993219404,970233.573080148,2566455.373741107,823644.5987209254,1087071.8317943062,894116.6792450593,973186.1750325792,1049993.0004184688,1006156.6897582178
2021-11-22,1053383.214819517,1028982.387883862,1093312.1969797534,12468945.80748194,1762328.4993219404,970233.573080148,2566455.373741107,830521.1026447694,1065831.760014403,894116.6792450593,973186.1750325792,1047729.627101473,1007600.3309067814
2021-11-23,1053712.552394728,1029401.3732275282,1093685.8192653086,12230182.68092446,1762328.4993219404,970233.573080148,2566455.373741107,836548.0317492206,1060261.6576174332,894116.6792450593,973186.1750325792,1048061.3058181948,1008865.6138108587
2021-11-24,1053188.8654564363,1028802.1615681568,1093124.8652949191,12407314.09462106,1762328.4993219404,970233.573080148,2566455.373741107,830440.9503497118,1064845.659002266,894116.6792450593,973186.1750325792,1047537.0518726188,1007583.5038748217
2021-11-26,1057419.2164959789,1032936.8405016692,1097307.1909940806,12065309.414170736,1762328.4993219404,970233.573080148,2566455.373741107,843168.0285747722,1072810.6962544853,894116.6792450593,973186.1750325792,1051738.7548666357,1010340.891880978
2021-11-29,1056006.0482876706,1031554.5900657808,1095803.371149327,12591840.435579268,1762328.4993219404,970233.573080148,2566455.373741107,835297.6460692692,1070860.073199288,899706.9878056028,975041.1567572262,1050335.5344654291,1011624.7598863574
2021-11-30,1054734.6096403813,1030620.1302916588,1094984.449437027,12433851.47795343,1762328.4993219404,970233.573080148,2566455.373741107,857049.0430452507,1047084.183179824,884668.3807083857,970051.0312521018,1049086.069424365,1008170.9994564125
2021-12-01,1053271.244917543,1029334.206690065,1093675.6068318232,11972669.220071783,1762328.4993219404,970233.573080148,2566455.373741107,862366.5025539391,1034723.1166215092,881166.3502609665,962991.5244722317,1047639.1432817015,1002189.034924754
2021-12-02,1053931.628109867,1030038.904129572,1094208.8029904233,12035704.052919883,1762328.4993219404,970233.573080148,2566455.373741107,862366.5025539391,1033156.6149467134,889091.3504106039,965385.4638702716,1048296.8232758355,1002675.5576818519
2021-12-03,1050494.4879154735,1026831.0226504928,1090977.1018706304,11501203.411439884,1762328.4993219404,970233.573080148,2566455.373741107,862366.5025539391,1017126.8951448486,885098.8495105146,962027.3515691275,1044873.1529094077,997072.58091423
2021-12-06,1053723.155619674,1029812.3378134012,1094301.3611071147,11430908.531620486,1762328.4993219404,970233.573080148,2577129.5901501123,862366.5025539391,1028931.2204810462,889873.7311248865,965190.7781734841,1048090.2452082856,1002523.7160096173
2021-12-07,1061691.1782973716,1037039.4801134252,1103757.6782006272,12020977.191165188,1762328.4993219404,970233.573080148,2650146.2382535273,862366.5025539391,1043340.0757250902,906905.3367229692,976327.4559152649,1056034.3997836104,1022664.9388045799
2021-12-08,1063977.6421117396,1039064.5329542772,1106722.9375083158,12023424.72849176,1762328.4993219404,970233.573080148,2679547.625240004,862366.5025539391,1046134.6609678183,910701.2541069922,979277.9773786241,1058314.8979666163,1022656.4666859298
2021-12-09,1055199.768443379,1031435.6220596352,1095232.2104346096,11524093.43247098,1762328.4993219404,970233.573080148,2568228.889916366,862366.5025539391,1027042.0525426829,908432.923908957,970657.6079761216,1049559.8880187322,1009100.7236544872
2021-12-10,1056527.52255886,1032579.7885995588,1097118.7047791148,11528909.455923485,1762328.4993219404,970233.573080148,2590830.9158301903,862366.5025539391,1027779.8441971884,909935.5794845712,972213.2851302931,1050884.7557622474,1007807.6394827629
2021-12-13,1050113.5718992583,1026936.191156538,1088667.5368046972,11001530.024661504,1762328.4993219404,970233.573080148,2504352.089614789,862366.5025539391,1019843.2323419164,900932.2712453466,964300.9068937189,1044487.1031215447,994717.6493050975
2021-12-14,1050152.2487032008,1027198.7495859414,1089541.1601905054,10971239.531228503,1800669.9744729172,970233.573080148,2490855.8145964304,862366.5025539391,1012499.0456083672,892986.6754175744,961656.3989947098,1044534.5100858444,991609.2235253274
2021-12-15,1063006.1629938192,1039960.378385536,1106462.8216597342,11404509.705038106,1935511.8664843768,970233.573080148,2520718.448265904,862366.5025539391,1011875.6128329647,903475.8693768422,974094.2880472529,1057376.830885644,999059.8845728016
2021-12-16,1059993.1362280436,1037727.2533233766,1102536.1811669029,10841997.86482746,1977074.116605029,970233.573080148,2436887.762976181,862366.5025539391,1004219.7681197866,895213.5592045025,958991.0486003354,1054382.4580646476,1002222.2375339338
2021-12-17,1058137.1674942288,1035839.688713216,1101174.153405863,10763240.582496746,1977074.116605029,970233.573080148,2446540.159228403,862366.5025539391,999327.81119175,883954.4184542843,953059.3166698666,1052537.6927464013,1003547.3004947044
2021-12-20,1057103.936922656,1035121.5955392056,1098622.739727817,10605554.9960546,1977074.116605029,970233.573080148,2390795.4710967382,862366.5025539391,1007247.6113905624,883465.9246766055,951706.2538806807,1051498.2631232776,1002341.5668925187
2021-12-21,1063403.9916605237,1040737.490140184,1106403.2938341782,11014333.21910581,1977074.116605029,970233.573080148,2456722.1523841955,862366.5025539391,1019878.615906528,891188.0287029464,963204.6979368955,1057773.163547765,1007222.3492110994
2021-12-22,1072262.377897526,1048531.4146557788,1118100.8738242716,11373022.358666925,1977074.116605029,970233.573080148,2576890.4425820205,862366.5025539391,1030408.2097038288,903368.1724716732,974960.6301373178,1066603.1048869847,1015674.3551551391
2021-12-23,1076923.0600732458,1052424.559446507,1125325.4054932618,11651704.322496971,1977074.116605029,970233.573080148,2676199.090063237,862366.5025539391,1030238.7487438876,905444.2550858808,980427.7223555367,1071255.8503020112,1020785.5769590884
2021-12-27,1077611.0776840025,1053068.7452002005,1126188.4663833408,11961846.396398935,1977074.116605029,970233.573080148,2685301.37261513,862366.5025539391,1029142.8552318346,909542.2211613104,987413.2201450334,1071942.677349174,1023889.7081316186
2021-12-28,1076483.6527714625,1051968.9014264315,1125173.769297851,11844239.42563135,1977074.116605029,970233.573080148,2685301.37261513,862366.5025539391,1026420.0589281152,904494.2395795976,983019.1467645827,1070821.2861565214,1022266.8073184779
2021-12-29,1076430.9093111265,1051918.6921742416,1125125.0188829524,11776551.913250774,1977074.116605029,970233.573080148,2685301.37261513,862366.5025539391,1026228.0146662892,904361.6748277644,981818.2849953568,1070768.8602369726,1022614.763618272
2021-12-30,1076570.6208011718,1052024.8842318296,1125281.75104405,11652530.070018934,1977074.116605029,970233.573080148,2685301.37261513,862366.5025539391,1028130.2934033938,902480.3903457596,979239.7924469812,1070906.97051626,1020042.7913848233
2021-12-31,1075901.831487495,1051341.3870036756,1124711.8180355327,11528546.858369322,1977074.116605029,970233.573080148,2685301.37261513,862366.5025539391,1028130.2934033938,896898.5152252784,975661.1887850928,1070240.879469817,1020893.0404034129
2022-01-03,1075970.9947232353,1051412.0712669434,1124770.7579889952,12220788.969251323,1977074.116605029,970233.573080148,2685301.37261513,862366.5025539391,1028130.2934033938,897475.7680864357,983201.558075946,1070309.7636626826,1020630.4962008848
2022-01-04,1074220.0653914104,1049771.35981755,1123133.5573046494,11867829.53928567,1977074.116605029,970233.573080148,2685301.37261513,862366.5025539391,1017264.8884722084,895025.2649706576,977804.8792178112,1068570.5016854093,1020871.4621362328
2022-01-05,1069153.6824631623,1044775.3009829822,1118638.7621183435,11270149.712330293,1977074.116605029,970233.573080148,2685301.37261513,862366.5025539391,1003987.186150392,867603.6179814173,962329.5428240974,1063530.1844623566,1022353.2375327438
2022-01-06,1069181.901059304,1044820.2806232998,1119229.01450082,11240597.497563308,2001081.791440224,967857.3218228914,2685301.37261513,862366.5025539391,1001882.7378496928,863680.5271486241,960419.2083352881,1063557.6784650087,1023083.8133675603
2022-01-07,1064367.8460559174,1040129.306305206,1113821.8998151585,10924324.31327946,1956685.84916705,963707.3642063648,2685301.37261513,862366.5025539391,987115.9167456466,863680.5271486241,954840.0942360599,1058768.9468578498,1020170.9599825171
2022-01-10,1062316.7532083977,1038172.176519976,1112112.312199721,11067588.71839904,1963982.03044975,957375.6370466144,2685301.37261513,862366.5025539391,976814.5607716736,863680.5271486241,956601.4721547145,1056728.6433837048,1022266.0396091389
2022-01-11,1067705.6199663552,1043584.2443801224,1117286.0486830736,11187260.279083738,1983866.946970042,980354.6873754396,2685301.37261513,862366.5025539391,982589.6562988552,863680.5271486241,957714.9377319685,1062089.124364761,1024319.7584922742
2022-01-12,1067062.2402139343,1043014.7278076216,1116860.5746712885,11381781.09170606,1992546.1654704467,979435.7714197192,2685301.37261513,862366.5025539391,976012.9057218166,863680.5271486241,960033.0496275211,1061449.1730530187,1026523.441782315
2022-01-13,1055480.7391752636,1031680.350823499,1104839.5690455104,10800753.36472729,1924640.874092522,955763.146702972,2685301.37261513,862366.5025539391,943274.4157476994,863680.5271486241,953735.8418840332,1049928.813601202,1020359.591669889
2022-01-14,1055933.8867437006,1032259.916079092,1105535.398715574,10954545.254101608,1942141.7161539216,961241.0907567872,2685301.37261513,862366.5025539391,934275.7498719436,863680.5271486241,955302.9154857525,1050379.6377703852,1022119.102950928
2022-01-18,1050530.4580058164,1026767.4306620484,1099695.48936438,10649475.85528256,1892595.5336425975,942148.2100028582,2685301.37261513,862366.5025539391,934275.7498719436,863680.5271486241,952366.689391291,1045004.632714163,1016124.1695344367
2022-01-19,1046939.6885333614,1023112.747364968,1096043.3641171614,10382339.060843376,1868922.37522883,926624.3380302878,2685301.37261513,862366.5025539391,934275.7498719436,863680.5271486241,951188.6830916561,1041432.7517832909,1014135.6392349855
2022-01-20,1038924.3340409736,1015104.4285680806,1087107.5974780251,10204288.577290012,1810542.8654588752,899166.3187312287,2659199.7276720526,862366.5025539391,934275.7498719436,863680.5271486241,949635.6216592549,1033452.9946283477,1007962.2815450979
2022-01-21,1032489.3481270584,1009076.3294839516,1078549.014493805,9611076.919424588,1772332.979609845,887872.8340592069,2566350.337246079,862366.5025539391,934275.7498719436,863680.5271486241,946751.9161053903,1027048.86200332,1004245.4295518191
2022-01-24,1027741.6095758418,1004657.5342794897,1071535.4948761726,9555565.366415309,1719553.008919371,887872.8340592069,2494951.978726066,862366.5025539391,934275.7498719436,863680.5271486241,941318.3640152756,1022320.9825266475,1001753.193797883
2022-01-25,1027741.6095758418,1004657.5342794897,1071535.4948761726,9268774.28504539,1719553.008919371,887872.8340592069,2494951.978726066,862366.5025539391,934275.7498719436,863680.5271486241,940765.849039755,1022320.9825266475,1000115.366240273
2022-01-26,1027741.6095758418,1004657.5342794897,1071535.4948761726,9396252.039027482,1719553.008919371,887872.8340592069,2494951.978726066,862366.5025539391,934275.7498719436,863680.5271486241,941671.3067599124,1022320.9825266475,1002949.5923543398
2022-01-27,1027741.6095758418,1004657.5342794897,1071535.4948761726,8888866.605588531,1719553.008919371,887872.8340592069,2494951.978726066,862366.5025539391,934275.7498719436,863680.5271486241,937207.8924569531,1022320.9825266475,993616.0067208789
2022-01-28,1027741.6095758418,1004657.5342794897,1071535.4948761726,9135110.175749045,1719553.008919371,887872.8340592069,2494951.978726066,862366.5025539391,934275.7498719436,863680.5271486241,937207.8924569531,1022320.9825266475,996431.3737642698
2022-01-31,1027741.6095758418,1004657.5342794897,1071535.4948761726,9865276.440838149,1719553.008919371,887872.8340592069,2494951.978726066,862366.5025539391,934275.7498719436,863680.5271486241,937207.8924569531,1022320.9825266475,1008456.9199264527
2022-02-01,1027741.6095758418,1004657.5342794897,1071535.4948761726,9944682.358157344,1719553.008919371,887872.8340592069,2494951.978726066,862366.5025539391,934275.7498719436,863680.5271486241,937207.8924569531,1022320.9825266475,1008577.5550225037
2022-02-02,1027741.6095758418,1004657.5342794897,1071535.4948761726,9932394.40436282,1719553.008919371,887872.8340592069,2494951.978726066,862366.5025539391,934275.7498719436,863680.5271486241,937207.8924569531,1022320.9825266475,1008718.7641194471
2022-02-03,1029399.1789180058,1006333.466891086,1072927.3548844212,9442535.958276955,1719553.008919371,887872.8340592069,2494951.978726066,862366.5025539391,934275.7498719436,873296.5466009981,939471.6576585574,1023967.2161131265,1003947.2634756549
2022-02-04,1029035.5620837077,1005965.8217523734,1072622.026041089,9721392.96791727,1719553.008919371,887872.8340592069,2494951.978726066,862366.5025539391,934275.7498719436,872494.3727142792,939111.9517170856,1023606.0859751564,1005679.0036500134
2022-02-07,1029035.5620837077,1005965.8217523734,1072622.026041089,9666249.365640108,1719553.008919371,887872.8340592069,2494951.978726066,862366.5025539391,934275.7498719436,888664.7689912142,940805.2343815888,1023606.0859751564,1005731.4695322645
2022-02-08,1029035.5620837077,1005965.8217523734,1072622.026041089,9793144.60834982,1719553.008919371,887872.8340592069,2494951.978726066,862366.5025539391,934275.7498719436,887882.2568259562,940723.2936386717,1023606.0859751564,1006924.1482351512
2022-02-09,1029035.5620837077,1005965.8217523734,1072622.026041089,10107683.324323742,1719553.008919371,887872.8340592069,2494951.978726066,862366.5025539391,934275.7498719436,879216.3074379636,939815.8389530324,1023606.0859751564,1009935.6984705941
2022-02-10,1029035.5620837077,1005965.8217523734,1072622.026041089,9827793.354492135,1725661.139863743,887872.8340592069,2494951.978726066,862366.5025539391,934275.7498719436,890960.8076035342,941045.6640106892,1023606.0859751564,1007651.5943893442
2022-02-11,1029035.5620837077,1005965.8217523734,1072622.026041089,9290840.097931037,1808347.785221545,887872.8340592069,2494951.978726066,862366.5025539391,934275.7498719436,908101.3850465434,941704.8068545556,1023606.0859751564,1005924.4590120647
2022-02-14,1029035.5620837077,1005965.8217523734,1072622.026041089,9421599.068444232,1794324.1826099656,887872.8340592069,2494951.978726066,862366.5025539391,934275.7498719436,903187.476486414,941704.8068545556,1023606.0859751564,1006535.4526066962
2022-02-15,1029035.5620837077,1005965.8217523734,1072622.026041089,9967846.672733596,1696070.1827568251,887872.8340592069,2494951.978726066,862366.5025539391,934275.7498719436,898909.6215719308,941704.8068545556,1023606.0859751564,1008344.7733697832
2022-02-16,1029035.5620837077,1005965.8217523734,1072622.026041089,9963815.24590752,1695364.576218656,887872.8340592069,2494951.978726066,862366.5025539391,934275.7498719436,894446.1673115222,941704.8068545556,1023606.0859751564,1007975.5981473961
2022-02-17,1029035.5620837077,1005965.8217523734,1072622.026041089,9410329.987151856,1783740.253484284,887872.8340592069,2494951.978726066,862366.5025539391,934275.7498719436,914991.144432975,941704.8068545556,1023606.0859751564,1007975.5981473961
2022-02-18,1029035.5620837077,1005965.8217523734,1072622.026041089,9193117.4066048,1821973.725100189,887872.8340592069,2494951.978726066,862366.5025539391,934275.7498719436,923431.9884155126,941704.8068545556,1023606.0859751564,1007975.5981473961
2022-02-22,1029035.5620837077,1005965.8217523734,1072622.026041089,8969240.252341699,1821973.725100189,887872.8340592069,2494951.978726066,862366.5025539391,934275.7498719436,925615.4771031248,941704.8068545556,1023606.0859751564,1007975.5981473961
2022-02-23,1029035.5620837077,1005965.8217523734,1072622.026041089,8533800.209521558,1821973.725100189,887872.8340592069,2494951.978726066,862366.5025539391,934275.7498719436,925615.4771031248,941704.8068545556,1023606.0859751564,1007975.5981473961
2022-02-24,1029035.5620837077,1005965.8217523734,1072622.026041089,8986438.237687387,1821973.725100189,887872.8340592069,2494951.978726066,862366.5025539391,934275.7498719436,925615.4771031248,941704.8068545556,1023606.0859751564,1007975.5981473961
2022-02-25,1029035.5620837077,1005965.8217523734,1072622.026041089,9107573.79833616,1821973.725100189,887872.8340592069,2494951.978726066,862366.5025539391,934275.7498719436,925615.4771031248,941704.8068545556,1023606.0859751564,1007975.5981473961
2022-02-28,1029035.5620837077,1005965.8217523734,1072622.026041089,9394190.828618135,1821973.725100189,887872.8340592069,2494951.978726066,862366.5025539391,934275.7498719436,925615.4771031248,941704.8068545556,1023606.0859751564,1007975.5981473961
2022-03-01,1029035.5620837077,1005965.8217523734,1072622.026041089,9196824.26583259,1821973.725100189,887872.8340592069,2494951.978726066,862366.5025539391,934275.7498719436,925615.4771031248,941704.8068545556,1023606.0859751564,1007975.5981473961
2022-03-02,1029035.5620837077,1005965.8217523734,1072622.026041089,9370144.853275334,1821973.725100189,887872.8340592069,2494951.978726066,862366.5025539391,934275.7498719436,925615.4771031248,941704.8068545556,1023606.0859751564,1007975.5981473961
2022-03-03,1029035.5620837077,1005965.8217523734,1072622.026041089,9082049.364162112,1821973.725100189,887872.8340592069,2494951.978726066,862366.5025539391,934275.7498719436,925615.4771031248,941704.8068545556,1023606.0859751564,1007975.5981473961
2022-03-04,1029035.5620837077,1005965.8217523734,1072622.026041089,8930112.59028567,1821973.725100189,887872.8340592069,2494951.978726066,862366.5025539391,934275.7498719436,925615.4771031248,941704.8068545556,1023606.0859751564,1007975.5981473961
2022-03-07,1029035.5620837077,1005965.8217523734,1072622.026041089,8462078.900110163,1821973.725100189,887872.8340592069,2494951.978726066,862366.5025539391,934275.7498719436,925615.4771031248,941704.8068545556,1023606.0859751564,1007975.5981473961
2022-03-08,1029035.5620837077,1005965.8217523734,1072622.026041089,8551529.854085155,1821973.725100189,887872.8340592069,2494951.978726066,862366.5025539391,934275.7498719436,925615.4771031248,941704.8068545556,1023606.0859751564,1007975.5981473961
2022-03-09,1029035.5620837077,1005965.8217523734,1072622.026041089,8995096.68296748,1821973.725100189,887872.8340592069,2494951.978726066,862366.5025539391,934275.7498719436,925615.4771031248,941704.8068545556,1023606.0859751564,1007975.5981473961
2022-03-10,1029035.5620837077,1005965.8217523734,1072622.026041089,8882065.009189237,1821973.725100189,887872.8340592069,2494951.978726066,862366.5025539391,934275.7498719436,925615.4771031248,941704.8068545556,1023606.0859751564,1007975.5981473961
2022-03-11,1029035.5620837077,1005965.8217523734,1072622.026041089,8569865.817240478,1821973.725100189,887872.8340592069,2494951.978726066,862366.5025539391,934275.7498719436,925615.4771031248,941704.8068545556,1023606.0859751564,1007975.5981473961
2022-03-14,1029035.5620837077,1005965.8217523734,1072622.026041089,8288068.636312561,1821973.725100189,887872.8340592069,2494951.978726066,862366.5025539391,934275.7498719436,925615.4771031248,941704.8068545556,1023606.0859751564,1007975.5981473961
2022-03-15,1029035.5620837077,1005965.8217523734,1072622.026041089,8740515.653261883,1821973.725100189,887872.8340592069,2494951.978726066,862366.5025539391,934275.7498719436,925615.4771031248,941704.8068545556,1023606.0859751564,1007975.5981473961
2022-03-16,1029035.5620837077,1005965.8217523734,1072622.026041089,9202815.30361781,1821973.725100189,887872.8340592069,2494951.978726066,862366.5025539391,934275.7498719436,925615.4771031248,941704.8068545556,1023606.0859751564,1007975.5981473961
2022-03-17,1029035.5620837077,1005965.8217523734,1072622.026041089,9420838.121651491,1821973.725100189,887872.8340592069,2494951.978726066,862366.5025539391,934275.7498719436,925615.4771031248,941704.8068545556,1023606.0859751564,1007975.5981473961
2022-03-18,1029035.5620837077,1005965.8217523734,1072622.026041089,9859699.14376288,1821973.725100189,870382.9018231331,2494951.978726066,862366.5025539391,934275.7498719436,925615.4771031248,941704.8068545556,1023606.0859751564,1007975.5981473961
2022-03-21,1028424.889760417,1005336.6655927585,1071905.3400000115,9947249.4441766,1804115.6556646628,869473.2197442506,2481638.51962866,869715.3647670532,934275.7498719436,925615.4771031248,941339.2343098953,1022998.6357278678,1007975.5981473961
2022-03-22,1027492.7108903116,1004354.7188508632,1071199.3319553016,10266519.817227729,1818532.2667961025,856648.7989514251,2360741.7994109546,855885.3636958321,934275.7498719436,925615.4771031248,941634.3567606017,1022071.3752911875,1007975.5981473961
2022-03-23,1029532.074652306,1006450.1368147304,1073591.06761886,10124539.495709691,1879630.5303089456,862239.0758220248,2327986.5589036183,864435.3008573906,934275.7498719436,927305.8940825412,942235.0640685994,1024100.1652918445,1007975.5981473961
2022-03-24,1023945.2588626118,1000762.9741764612,1067145.737083308,10576402.725568747,1706907.6933729174,861327.4930524621,2304201.1325098956,848059.0142448548,934275.7498719436,905334.542813268,938124.5378588293,1018540.4032220587,1007975.5981473961
2022-03-25,1024183.4586967598,1000997.6844933736,1067659.2324973545,10502550.747636786,1738349.5556067857,857084.8058741261,2309468.9095553537,842028.5248493257,934275.7498719436,904661.4486093486,938503.6151902652,1018777.2719927295,1007975.5981473961
2022-03-28,1021924.6772609672,998650.8666144428,1065273.3710175436,10936000.520713318,1702171.225707231,841167.0973943018,2219865.506358931,837284.4732454414,934275.7498719436,906111.1267910664,933649.2253931562,1016530.5684397686,1007975.5981473961
2022-03-29,1020498.3599061,997198.3393909134,1063723.7946163302,11069417.214413632,1667031.3210146865,839942.1886459421,2219865.506358931,826761.7638950879,934275.7498719436,899113.0415062049,932669.0721786141,1015111.0047055141,1007975.5981473961
2022-03-30,1021545.667992772,998295.7575703136,1064675.7712232578,10869272.75145435,1667031.3210146865,851319.0318973878,2219865.506358931,826761.7638950879,934275.7498719436,898229.0490063656,935215.9032771194,1016152.6893837276,1007975.5981473961
2022-03-31,1022765.6211817246,999571.0855505924,1065775.3808129844,10695650.004487935,1667031.3210146865,863788.5994998883,2219865.506358931,826761.7638950879,934275.7498719436,910065.747522998,937430.1174020477,1017366.205762392,1007975.5981473961
2022-04-01,1022557.894762277,999353.9302389268,1065588.1457904174,10650142.884840176,1667031.3210146865,861665.35522004,2219865.506358931,826761.7638950879,934275.7498719436,905500.49546573,937816.2601916324,1017159.5753649607,1007975.5981473961
2022-04-04,1020790.2817776944,997506.083683865,1063994.9008967823,11070005.77540766,1667031.3210146865,843597.9655809065,2219865.506358931,826761.7638950879,934275.7498719436,893608.567427044,933281.2314751849,1015401.2887951519,1007975.5981473961
2022-04-05,1022375.097316344,999162.8354496896,1065423.3805958626,10590247.351352654,1667031.3210146865,859796.9186847135,2219865.506358931,831347.2058695145,934275.7498719436,903643.550538887,936619.3328148405,1016977.7424088878,1007975.5981473961
2022-04-06,1024331.9710227686,1001208.5334439036,1067187.2163831326,10109046.026332855,1667031.3210146865,879798.8082594825,2219865.506358931,851455.8501321542,934275.7498719436,920686.6387397088,939901.5470743617,1018924.2911086481,1007975.5981473961
2022-04-07,1024690.7363676412,1001583.583475998,1067510.5909332845,10107665.079152873,1655047.4180645717,883465.8741451534,2219865.506358931,852279.8660777252,934275.7498719436,922237.9435835804,940068.4162188005,1019281.1635083783,1007975.5981473961
2022-04-08,1025000.4103426904,1001907.3138360814,1067789.7167847813,9782097.93451894,1605529.4696179256,877258.8228501724,2219865.506358931,853739.8219606893,934275.7498719436,922237.9435835804,941128.8852219717,1019589.203557924,1007975.5981473961
2022-04-11,1025000.4103426904,1001907.3138360814,1067789.7167847813,9349003.659430277,1563115.680065496,864219.4028652402,2219865.506358931,867561.5404972964,934275.7498719436,922237.9435835804,942783.171516126,1019589.203557924,1007975.5981473961
2022-04-12,1025000.4103426904,1001907.3138360814,1067789.7167847813,9316688.047099968,1563115.680065496,852609.2666893202,2219865.506358931,873024.3777315638,934275.7498719436,922237.9435835804,942415.3289133097,1019589.203557924,1007975.5981473961
2022-04-13,1025000.4103426904,1001907.3138360814,1067789.7167847813,9605600.354908602,1563115.680065496,870428.6651319539,2219865.506358931,871022.9007828151,934275.7498719436,922237.9435835804,941233.027022274,1019589.203557924,1007975.5981473961
2022-04-14,1025000.4103426904,1001907.3138360814,1067789.7167847813,9261832.418790182,1563115.680065496,856054.2836542652,2219865.506358931,882348.7400579501,934275.7498719436,922237.9435835804,942480.4183024943,1019589.203557924,1007975.5981473961
2022-04-18,1025000.4103426904,1001907.3138360814,1067789.7167847813,9420345.123114834,1563115.680065496,860097.2750717239,2219865.506358931,880959.4441680297,934275.7498719436,922237.9435835804,941836.5287244654,1019589.203557924,1007975.5981473961
2022-04-19,1025000.4103426904,1001907.3138360814,1067789.7167847813,9640897.89385118,1563115.680065496,880079.6547605167,2219865.506358931,865560.1360947418,934275.7498719436,922237.9435835804,941768.8924214643,1019589.203557924,1007975.5981473961
2022-04-20,1025000.4103426904,1001907.3138360814,1067789.7167847813,9063974.256257538,1563115.680065496,864644.4320549424,2219865.506358931,888054.5932471902,934275.7498719436,922237.9435835804,941768.8924214643,1019589.203557924,1007975.5981473961
2022-04-21,1025000.4103426904,1001907.3138360814,1067789.7167847813,8929712.659792153,1563115.680065496,842691.8131713636,2219865.506358931,888054.5932471902,934275.7498719436,922237.9435835804,941768.8924214643,1019589.203557924,1007975.5981473961
2022-04-22,1025000.4103426904,1001907.3138360814,1067789.7167847813,8764649.05464922,1563115.680065496,842691.8131713636,2219865.506358931,888054.5932471902,934275.7498719436,922237.9435835804,941768.8924214643,1019589.203557924,1007975.5981473961
2022-04-25,1025000.4103426904,1001907.3138360814,1067789.7167847813,8810911.125192625,1563115.680065496,842691.8131713636,2219865.506358931,888054.5932471902,934275.7498719436,922237.9435835804,941768.8924214643,1019589.203557924,1007975.5981473961
2022-04-26,1025000.4103426904,1001907.3138360814,1067789.7167847813,8077756.552492688,1563115.680065496,842691.8131713636,2219865.506358931,888054.5932471902,934275.7498719436,922237.9435835804,941768.8924214643,1019589.203557924,1007975.5981473961
2022-04-27,1025000.4103426904,1001907.3138360814,1067789.7167847813,7992026.7019626815,1563115.680065496,842691.8131713636,2189902.284264049,888054.5932471902,934275.7498719436,922237.9435835804,941768.8924214643,1019589.203557924,1007975.5981473961
2022-04-28,1025000.4103426904,1001907.3138360814,1067789.7167847813,8287736.551945828,1563115.680065496,842691.8131713636,2110321.34391634,888054.5932471902,934275.7498719436,922237.9435835804,941768.8924214643,1019589.203557924,1007975.5981473961
2022-04-29,1025000.4103426904,1001907.3138360814,1067789.7167847813,7942806.292105213,1563115.680065496,842691.8131713636,2059460.267197839,888054.5932471902,934275.7498719436,922237.9435835804,941768.8924214643,1019589.203557924,1007975.5981473961
2022-05-02,1025000.4103426904,1001907.3138360814,1067789.7167847813,8259691.582795688,1563115.680065496,842691.8131713636,2109638.7130791103,888054.5932471902,934275.7498719436,922237.9435835804,941768.8924214643,1019589.203557924,1007975.5981473961
2022-05-03,1025000.4103426904,1001907.3138360814,1067789.7167847813,8299592.289391403,1563115.680065496,842691.8131713636,2119477.9095530813,888054.5932471902,934275.7498719436,922237.9435835804,941768.8924214643,1019589.203557924,1007975.5981473961
2022-05-04,1025000.4103426904,1001907.3138360814,1067789.7167847813,8635577.33998203,1563115.680065496,842691.8131713636,2187104.8617144176,888054.5932471902,934275.7498719436,922237.9435835804,941768.8924214643,1019589.203557924,1007975.5981473961
2022-05-05,1025000.4103426904,1001907.3138360814,1067789.7167847813,7978565.04329426,1563115.680065496,842691.8131713636,2063389.692968218,915625.3483208354,934275.7498719436,922237.9435835804,941768.8924214643,1019589.203557924,1007975.5981473961
2022-05-06,1025000.4103426904,1001907.3138360814,1067789.7167847813,7892664.571741428,1563115.680065496,842691.8131713636,2051492.2054585584,927831.9892274486,934275.7498719436,922237.9435835804,941768.8924214643,1019589.203557924,1007975.5981473961
2022-05-09,1025000.4103426904,1001907.3138360814,1067789.7167847813,7257907.409945779,1563115.680065496,842691.8131713636,2004330.3406610873,948293.7471847148,934275.7498719436,922237.9435835804,941768.8924214643,1019589.203557924,1007975.5981473961
2022-05-10,1025000.4103426904,1001907.3138360814,1067789.7167847813,7422823.140442214,1563115.680065496,842691.8131713636,2004330.3406610873,944396.3429405118,934275.7498719436,922237.9435835804,941768.8924214643,1019589.203557924,1007975.5981473961
2022-05-11,1025000.4103426904,1001907.3138360814,1067789.7167847813,6963749.7039083205,1563115.680065496,842691.8131713636,2004330.3406610873,968511.8418052268,934275.7498719436,922237.9435835804,941768.8924214643,1019589.203557924,1007975.5981473961
2022-05-12,1025000.4103426904,1001907.3138360814,1067789.7167847813,6894845.661533621,1563115.680065496,842691.8131713636,2004330.3406610873,961745.4310240498,934275.7498719436,922237.9435835804,941768.8924214643,1019589.203557924,1007975.5981473961
2022-05-13,1025000.4103426904,1001907.3138360814,1067789.7167847813,7362146.623469196,1563115.680065496,842691.8131713636,2004330.3406610873,941770.9163510602,934275.7498719436,922237.9435835804,941768.8924214643,1019589.203557924,1007975.5981473961
2022-05-16,1025000.4103426904,1001907.3138360814,1067789.7167847813,7097657.023196138,1563115.680065496,842691.8131713636,2004330.3406610873,937927.6317186138,934275.7498719436,922237.9435835804,941768.8924214643,1019589.203557924,1007975.5981473961
2022-05-17,1025000.4103426904,1001907.3138360814,1067789.7167847813,7421810.873852465,1563115.680065496,842691.8131713636,2004330.3406610873,930944.5757119446,934275.7498719436,922237.9435835804,941768.8924214643,1019589.203557924,1007975.5981473961
2022-05-18,1025000.4103426904,1001907.3138360814,1067789.7167847813,6934781.035826307,1563115.680065496,842691.8131713636,2004330.3406610873,959038.866711579,934275.7498719436,922237.9435835804,941768.8924214643,1019589.203557924,1007975.5981473961
2022-05-19,1025000.4103426904,1001907.3138360814,1067789.7167847813,6963580.377819006,1563115.680065496,842691.8131713636,2004330.3406610873,961610.1319946576,934275.7498719436,922237.9435835804,941768.8924214643,1019589.203557924,1007975.5981473961
2022-05-20,1025000.4103426904,1001907.3138360814,1067789.7167847813,6720127.052507602,1563115.680065496,842691.8131713636,2004330.3406610873,955520.299749674,934275.7498719436,922237.9435835804,941768.8924214643,1019589.203557924,1007975.5981473961
2022-05-23,1025000.4103426904,1001907.3138360814,1067789.7167847813,6811934.3230076125,1563115.680065496,842691.8131713636,2004330.3406610873,948239.585878342,934275.7498719436,922237.9435835804,941768.8924214643,1019589.203557924,1007975.5981473961
2022-05-24,1025000.4103426904,1001907.3138360814,1067789.7167847813,6439155.030200632,1563115.680065496,842691.8131713636,2004330.3406610873,988702.8766198602,934275.7498719436,922237.9435835804,941768.8924214643,1019589.203557924,1007975.5981473961
2022-05-25,1025000.4103426904,1001907.3138360814,1067789.7167847813,6710228.737978427,1563115.680065496,842691.8131713636,2004330.3406610873,981801.1251146748,934275.7498719436,922237.9435835804,941768.8924214643,1019589.203557924,1007975.5981473961
2022-05-26,1025000.4103426904,1001907.3138360814,1067789.7167847813,7081613.264337013,1563115.680065496,842691.8131713636,2004330.3406610873,960689.8901217096,934275.7498719436,922237.9435835804,941768.8924214643,1019589.203557924,1007975.5981473961
2022-05-27,1025000.4103426904,1001907.3138360814,1067789.7167847813,7482164.856183518,1563115.680065496,842691.8131713636,2004330.3406610873,951216.8316388294,934275.7498719436,922237.9435835804,941768.8924214643,1019589.203557924,1007975.5981473961
2022-05-31,1025000.4103426904,1001907.3138360814,1067789.7167847813,7488598.723980691,1563115.680065496,823004.584224572,2004330.3406610873,955249.6183016571,934275.7498719436,922237.9435835804,941768.8924214643,1019589.203557924,1007975.5981473961
2022-06-01,1025000.4103426904,1001907.3138360814,1067789.7167847813,7357626.631362323,1563115.680065496,809764.208776255,2004330.3406610873,968782.4815586274,934275.7498719436,922237.9435835804,941768.8924214643,1019589.203557924,1007975.5981473961
2022-06-02,1025000.4103426904,1001907.3138360814,1067789.7167847813,7753255.489577983,1563115.680065496,792111.1638548627,2004330.3406610873,968659.2086165452,934275.7498719436,922237.9435835804,941768.8924214643,1019589.203557924,1007975.5981473961
2022-06-03,1025000.4103426904,1001907.3138360814,1067789.7167847813,7286799.317188295,1581582.1530373185,806134.7398077181,2004330.3406610873,968659.2086165452,934275.7498719436,929529.3491726368,941768.8924214643,1019589.203557924,1007975.5981473961
2022-06-06,1025000.4103426904,1001907.3138360814,1067789.7167847813,7365861.218376318,1577977.8991767908,795309.8344402636,2004330.3406610873,968659.2086165452,934275.7498719436,917453.8976286472,941768.8924214643,1019589.203557924,1007975.5981473961
2022-06-07,1025000.4103426904,1001907.3138360814,1067789.7167847813,7391344.352210923,1570332.626297396,803251.0521166988,2004330.3406610873,968659.2086165452,934275.7498719436,915711.1549487696,941768.8924214643,1019589.203557924,1007975.5981473961
2022-06-08,1025000.4103426904,1001907.3138360814,1067789.7167847813,7388354.654518265,1585298.9450468814,811325.3573431779,2004330.3406610873,968659.2086165452,934275.7498719436,915475.370195597,941768.8924214643,1019589.203557924,1007975.5981473961
2022-06-09,1025000.4103426904,1001907.3138360814,1067789.7167847813,7204756.079184797,1618072.1249154308,833640.6058283063,2004330.3406610873,968659.2086165452,934275.7498719436,927969.2284957356,941768.8924214643,1019589.203557924,1007975.5981473961
2022-06-10,1025000.4103426904,1001907.3138360814,1067789.7167847813,6881611.659856211,1676735.9819598622,862477.4150439161,2004330.3406610873,968659.2086165452,934275.7498719436,947431.7319000652,941768.8924214643,1019589.203557924,1007975.5981473961
2022-06-13,1025000.4103426904,1001907.3138360814,1067789.7167847813,6399660.095334277,1749219.5969184567,886122.540872858,2004330.3406610873,968659.2086165452,934275.7498719436,972694.8095142136,941768.8924214643,1019589.203557924,1007975.5981473961
2022-06-14,1025000.4103426904,1001907.3138360814,1067789.7167847813,6480128.279123332,1738895.9474688142,886122.540872858,2004330.3406610873,968659.2086165452,934275.7498719436,970983.7686431636,941768.8924214643,1019589.203557924,1007975.5981473961
2022-06-15,1025000.4103426904,1001907.3138360814,1067789.7167847813,6796383.90380287,1701152.3675476303,886122.540872858,2004330.3406610873,968659.2086165452,934275.7498719436,954832.0438477526,941768.8924214643,1019589.203557924,1007975.5981473961
2022-06-16,1025000.4103426904,1001907.3138360814,1067789.7167847813,6360790.962328348,1751732.303945886,886122.540872858,2004330.3406610873,968659.2086165452,934275.7498719436,974596.510041186,941768.8924214643,1019589.203557924,1007975.5981473961
2022-06-17,1025000.4103426904,1001907.3138360814,1067789.7167847813,6470623.416076485,1736492.6409096858,886122.540872858,2004330.3406610873,968659.2086165452,934275.7498719436,968716.5385083574,941768.8924214643,1019589.203557924,1007975.5981473961
2022-06-21,1025000.4103426904,1001907.3138360814,1067789.7167847813,6829967.643629879,1699022.0915071436,886122.540872858,2004330.3406610873,968659.2086165452,934275.7498719436,945405.468152564,941768.8924214643,1019589.203557924,1007975.5981473961
2022-06-22,1025000.4103426904,1001907.3138360814,1067789.7167847813,6801843.86413096,1710274.1283916538,886122.540872858,2004330.3406610873,968659.2086165452,934275.7498719436,945704.7789241984,941768.8924214643,1019589.203557924,1007975.5981473961
2022-06-23,1025000.4103426904,1001907.3138360814,1067789.7167847813,6798904.400889981,1717648.0964768112,886122.540872858,2004330.3406610873,968659.2086165452,934275.7498719436,941707.9437960556,941768.8924214643,1019589.203557924,1007975.5981473961
2022-06-24,1025000.4103426904,1001907.3138360814,1067789.7167847813,7136614.169544346,1668433.5741451583,886122.540872858,2004330.3406610873,968659.2086165452,934275.7498719436,911338.141342646,941768.8924214643,1019589.203557924,1007975.5981473961
2022-06-27,1025000.4103426904,1001907.3138360814,1067789.7167847813,7060740.319642173,1682471.557754455,886122.540872858,2004330.3406610873,968659.2086165452,934275.7498719436,922682.4112701614,941768.8924214643,1019589.203557924,1007975.5981473961
2022-06-28,1025000.4103426904,1001907.3138360814,1067789.7167847813,6709175.291974805,1730921.1658175443,886122.540872858,2004330.3406610873,968659.2086165452,934275.7498719436,942950.1079784988,941768.8924214643,1019589.203557924,1007975.5981473961
2022-06-29,1025000.4103426904,1001907.3138360814,1067789.7167847813,6603085.063742515,1754954.9112396548,886122.540872858,2004330.3406610873,968659.2086165452,934275.7498719436,944571.1434566608,941768.8924214643,1019589.203557924,1007975.5981473961
2022-06-30,1025000.4103426904,1001907.3138360814,1067789.7167847813,6463415.951920647,1775875.0837735443,886122.540872858,2004330.3406610873,968659.2086165452,934275.7498719436,959078.0054169532,941768.8924214643,1019589.203557924,1007975.5981473961
2022-07-01,1025000.4103426904,1001907.3138360814,1067789.7167847813,6426698.184157227,1810614.700453524,886122.540872858,2004330.3406610873,968659.2086165452,934275.7498719436,960272.5148854828,941768.8924214643,1019589.203557924,1007975.5981473961
2022-07-05,1025000.4103426904,1001907.3138360814,1067789.7167847813,6622803.22290213,1786526.463975979,886122.540872858,2004330.3406610873,968659.2086165452,934275.7498719436,936299.2969679596,941768.8924214643,1019589.203557924,1007975.5981473961
2022-07-06,1025000.4103426904,1001907.3138360814,1067789.7167847813,6639843.588872784,1777459.0895980326,886122.540872858,2004330.3406610873,968659.2086165452,934275.7498719436,929365.0464903344,941768.8924214643,1019589.203557924,1007975.5981473961
2022-07-07,1025000.4103426904,1001907.3138360814,1067789.7167847813,6942269.231625467,1758596.9927526102,886122.540872858,2004330.3406610873,968659.2086165452,934275.7498719436,907057.8667474173,941768.8924214643,1019589.203557924,1007975.5981473961
2022-07-08,1025000.4103426904,1001907.3138360814,1067789.7167847813,7007817.551016184,1758596.9927526102,886122.540872858,2004330.3406610873,968659.2086165452,934275.7498719436,904035.6684394486,941768.8924214643,1019589.203557924,1007975.5981473961
2022-07-11,1025000.4103426904,1001907.3138360814,1067789.7167847813,6646066.795468384,1758596.9927526102,886122.540872858,2004330.3406610873,968659.2086165452,934275.7498719436,923514.0839485952,941768.8924214643,1019589.203557924,1007975.5981473961
2022-07-12,1025000.4103426904,1001907.3138360814,1067789.7167847813,6596448.4402390355,1758596.9927526102,886122.540872858,2004330.3406610873,968659.2086165452,934275.7498719436,932286.4681344624,941768.8924214643,1019589.203557924,1007975.5981473961
2022-07-13,1025000.4103426904,1001907.3138360814,1067789.7167847813,6653313.95611925,1758596.9927526102,886122.540872858,2004330.3406610873,968659.2086165452,934275.7498719436,943834.1986893048,941768.8924214643,1019589.203557924,1007975.5981473961
2022-07-14,1025000.4103426904,1001907.3138360814,1067789.7167847813,6684227.58272586,1758596.9927526102,886122.540872858,2004330.3406610873,968659.2086165452,934275.7498719436,943834.1986893048,941768.8924214643,1019589.203557924,1007975.5981473961
2022-07-15,1025000.4103426904,1001907.3138360814,1067789.7167847813,6816963.559299286,1758596.9927526102,886122.540872858,2004330.3406610873,968659.2086165452,934275.7498719436,943834.1986893048,941768.8924214643,1019589.203557924,1007975.5981473961
2022-07-18,1025000.4103426904,1001907.3138360814,1067789.7167847813,6866739.980145302,1758596.9927526102,886122.540872858,2004330.3406610873,968659.2086165452,934275.7498719436,943834.1986893048,941768.8924214643,1019589.203557924,1007975.5981473961
2022-07-19,1025000.4103426904,1001907.3138360814,1067789.7167847813,7130602.552740171,1758596.9927526102,886122.540872858,2004330.3406610873,968659.2086165452,934275.7498719436,943834.1986893048,941768.8924214643,1019589.203557924,1007975.5981473961
2022-07-20,1025000.4103426904,1001907.3138360814,1067789.7167847813,7330702.453316151,1697636.5566093328,886122.540872858,2004330.3406610873,947477.2014210176,908753.123322325,943834.1986893048,940008.4361793621,1019589.203557924,1007975.5981473961
2022-07-21,1025000.4103426904,1001907.3138360814,1067789.7167847813,7682965.362122158,1680825.7888557252,878527.2031750544,2004330.3406610873,947186.1965226148,886492.3917393264,943834.1986893048,938833.2603058914,1019589.203557924,1007975.5981473961
2022-07-22,1025000.4103426904,1001907.3138360814,1067789.7167847813,7516636.431758794,1731396.5183050367,889124.2272690419,2021897.2153228603,997759.4513132134,896784.9647443735,943834.1986893048,939149.0374698103,1019589.203557924,1008314.6313806018
2022-07-25,1025000.4103426904,1001907.3138360814,1067789.7167847813,7412776.8524322705,1751804.7773763216,895261.8668725084,2040328.3085048492,1007291.9915868512,902559.6029702872,943834.1986893048,939515.7296318788,1019589.203557924,1008708.3293534202
2022-07-26,1025000.4103426904,1001907.3138360814,1067789.7167847813,7165576.605627037,1785772.0471916278,925614.450450469,2086639.5174253425,1034579.698023988,916322.9054391582,943834.1986893048,940389.7056182643,1019589.203557924,1009646.671128142
2022-07-27,1025000.4103426904,1001907.3138360814,1067789.7167847813,7645207.044445429,1698812.8480483554,896077.014129765,2009432.5661158976,996631.4710396476,877905.30815379,943834.1986893048,937950.1706623203,1019589.203557924,1007027.4715211554
2022-07-28,1025000.4103426904,1001907.3138360814,1067789.7167847813,7744313.319271497,1685391.866097066,889795.5293142201,1980020.4996380925,1028867.4938212328,880089.4873926366,943834.1986893048,938088.8670405356,1019589.203557924,1007176.382484053
2022-07-29,1025000.4103426904,1001907.3138360814,1067789.7167847813,8031463.139942292,1673008.4844658065,828473.641725212,1905538.881635975,1034761.407939362,887422.5763547872,943834.1986893048,938554.5215354101,1019589.203557924,1007404.8477661408
2022-08-01,1025471.7943761284,1002314.1720810268,1068431.823203272,8071916.656722246,1642192.4950871028,826023.5276980584,1928427.867891656,1031741.7276800514,887422.5763547872,943834.1986893048,938554.5215354101,1020058.558260512,1007346.806976266
2022-08-02,1025209.4642167612,1002115.795780264,1068000.6234183442,8111871.999862783,1642192.4950871028,831057.2116982931,1907518.6661330303,1030795.6254679874,887422.5763547872,943834.1986893048,937860.6535487333,1019798.8186155305,1008423.4561954074
2022-08-03,1022020.1660912544,998979.2064912512,1064667.2206529728,8308173.714541191,1642192.4950871028,809121.7295584026,1864500.0202253656,999469.4413835844,887422.5763547872,943834.1986893048,934900.8381192568,1016603.2507665543,1004187.8148314271
2022-08-04,1020068.106401318,996995.8514413816,1062794.348137714,8392618.392965961,1642192.4950871028,796639.7743624949,1856688.0346187495,993029.5567886948,887422.5763547872,943834.1986893048,932984.8092663625,1014644.042185898,1002575.5800798932
2022-08-05,1022730.2663180314,999293.5994231672,1066420.6694560312,8089879.903221471,1642192.4950871028,803883.411057445,1985954.4870687504,1005618.3210800714,887422.5763547872,943834.1986893048,933687.4311966205,1017294.7413766163,1005834.0383992863
2022-08-08,1022437.1215161092,999040.5819869272,1066021.355636493,7953025.807972446,1642192.4950871028,809571.9004817199,1971720.260056049,994193.8566258516,887422.5763547872,943834.1986893048,934239.2061665499,1017002.8585771122,1004074.2256975429
2022-08-09,1023359.4892464684,999836.6906570306,1067277.7796938648,7745522.738155894,1642192.4950871028,816037.9635413324,2016507.6537844753,998155.3257415084,887422.5763547872,943834.1986893048,934866.4046166437,1017921.2554701981,1004981.9782460161
2022-08-10,1021925.4193331208,998598.9245752688,1065324.3289390544,8101654.447372671,1642192.4950871028,796148.7015173059,1946873.5461187817,998155.3257415084,887422.5763547872,943834.1986893048,932130.314468808,1016493.3592965391,1003570.6315827679
2022-08-11,1022930.6125690896,999466.5211139856,1066693.5756314627,7968330.852625959,1642192.4950871028,804538.2164814852,1995682.696472463,1005543.8325648204,887422.5763547872,943834.1986893048,932130.314468808,1017494.2251274644,1004559.8972429006
2022-08-12,1021187.3504617354,997961.886864274,1064318.9517391766,8284596.773395378,1642192.4950871028,792629.2004201923,1911035.148857663,994398.3480082842,887422.5763547872,943834.1986893048,932130.314468808,1015758.4678470083,1002844.2576248583
2022-08-15,1019978.7738012932,996918.7472072872,1062672.6617169029,8444312.654107828,1642192.4950871028,794143.4457689957,1852350.3131239328,992954.4450108092,887422.5763547872,938112.7692321092,932130.314468808,1014555.0941669964,1001654.8312090894
2022-08-16,1019622.8056975376,996611.5060882056,1062187.771716424,8386331.109067315,1642192.4950871028,785152.6130883694,1835065.5761443975,998212.3442205136,887422.5763547872,940086.6851912342,932130.314468808,1014200.6585229831,1002007.7772779849
2022-08-17,1019622.8056975376,996611.5060882056,1062187.771716424,8239171.269754827,1642192.4950871028,785152.6130883694,1835065.5761443975,1015319.454580988,887422.5763547872,951255.0718413712,932130.314468808,1014200.6585229831,1002336.3928825767
2022-08-18,1019622.8056975376,996611.5060882056,1062187.771716424,8299587.058087306,1642192.4950871028,785152.6130883694,1835065.5761443975,1016022.9530074036,887422.5763547872,948034.5205503376,932130.314468808,1014200.6585229831,1002480.6447553287
2022-08-19,1019622.8056975376,996611.5060882056,1062187.771716424,8040958.839701172,1642192.4950871028,785152.6130883694,1835065.5761443975,1040831.8110396696,887422.5763547872,963410.4764843256,932130.314468808,1014200.6585229831,1003274.8759757341
2022-08-22,1019622.8056975376,996611.5060882056,1062187.771716424,7771066.229583139,1642192.4950871028,785152.6130883694,1835065.5761443975,1059012.9073218624,887422.5763547872,978766.468177288,932130.314468808,1014200.6585229831,1004139.523709337
2022-08-23,1019622.8056975376,996611.5060882056,1062187.771716424,7865321.627141557,1653196.714114898,785152.6130883694,1835065.5761443975,1066196.3147519575,887422.5763547872,978766.468177288,932130.314468808,1014200.6585229831,1003302.1876740612
2022-08-24,1019622.8056975376,996611.5060882056,1062187.771716424,7891085.433589712,1655838.8932755813,785152.6130883694,1835065.5761443975,1058235.3113963862,887422.5763547872,978766.468177288,932130.314468808,1014200.6585229831,1003219.8188739993
2022-08-25,1019622.8056975376,996611.5060882056,1062187.771716424,8024563.185256879,1700367.626401838,785152.6130883694,1835065.5761443975,1037795.6389207348,887422.5763547872,978766.468177288,932130.314468808,1014200.6585229831,1003351.2666787372
2022-08-26,1019622.8056975376,996611.5060882056,1062187.771716424,7599434.16512825,1593845.964216604,785152.6130883694,1835065.5761443975,1063715.446061317,887422.5763547872,978766.468177288,932130.314468808,1014200.6585229831,1004372.970353106
2022-08-29,1019622.8056975376,996611.5060882056,1062187.771716424,7483002.09597933,1564267.5131795998,785152.6130883694,1835065.5761443975,1073379.7792240074,887422.5763547872,978766.468177288,932130.314468808,1014200.6585229831,1004791.6364171174
2022-08-30,1019622.8056975376,996611.5060882056,1062187.771716424,7331544.927459309,1550773.7421468217,785152.6130883694,1835065.5761443975,1080822.556421792,887422.5763547872,978766.468177288,932130.314468808,1014200.6585229831,1005703.2297952697
2022-08-31,1019622.8056975376,996611.5060882056,1062187.771716424,7253072.921367543,1550773.7421468217,785152.6130883694,1835065.5761443975,1059457.150064498,887422.5763547872,978766.468177288,932130.314468808,1014200.6585229831,1005970.8219228269
2022-09-01,1019622.8056975376,996611.5060882056,1062187.771716424,7131214.416827435,1550773.7421468217,785152.6130883694,1835065.5761443975,1050459.2950996703,887422.5763547872,978766.468177288,932130.314468808,1014200.6585229831,1005772.3686367427
2022-09-02,1019622.8056975376,996611.5060882056,1062187.771716424,6980433.965883571,1550773.7421468217,785152.6130883694,1835065.5761443975,1069121.5402691425,887422.5763547872,978766.468177288,932130.314468808,1014200.6585229831,1006662.1986157988
2022-09-06,1019622.8056975376,996611.5060882056,1062187.771716424,6977537.596418149,1550773.7421468217,785152.6130883694,1835065.5761443975,1075712.6240423904,887422.5763547872,978766.468177288,932130.314468808,1014200.6585229831,1006123.1774382584
2022-09-07,1019622.8056975376,996611.5060882056,1062187.771716424,7175919.7601633165,1550773.7421468217,785152.6130883694,1835065.5761443975,1068862.3986692715,887422.5763547872,978766.468177288,932130.314468808,1014200.6585229831,1006248.4745381532
2022-09-08,1019622.8056975376,996611.5060882056,1062187.771716424,7279550.250311226,1550773.7421468217,785152.6130883694,1835065.5761443975,1062678.651494016,887422.5763547872,978766.468177288,932130.314468808,1014200.6585229831,1006248.4745381532
2022-09-09,1019622.8056975376,996611.5060882056,1062187.771716424,7511085.804181034,1550773.7421468217,785152.6130883694,1835065.5761443975,1036425.5482125474,887422.5763547872,978766.468177288,932130.314468808,1014200.6585229831,1006248.4745381532
2022-09-12,1019622.8056975376,996611.5060882056,1062187.771716424,7606255.569108713,1550773.7421468217,785152.6130883694,1835065.5761443975,1037128.9895970084,887422.5763547872,978766.468177288,932130.314468808,1014200.6585229831,1006248.4745381532
2022-09-13,1019622.8056975376,996611.5060882056,1062187.771716424,7127436.504794997,1550773.7421468217,785152.6130883694,1835065.5761443975,1095745.0169620046,887422.5763547872,978766.468177288,932130.314468808,1014200.6585229831,1006248.4745381532
2022-09-14,1019622.8056975376,996611.5060882056,1062187.771716424,7273257.058889269,1550773.7421468217,785152.6130883694,1835065.5761443975,1101891.7439087075,887422.5763547872,978766.468177288,932130.314468808,1014200.6585229831,1006248.4745381532
2022-09-15,1019622.8056975376,996611.5060882056,1062187.771716424,7254761.674547119,1550773.7421468217,785152.6130883694,1835065.5761443975,1109001.110881697,887422.5763547872,978766.468177288,932130.314468808,1014200.6585229831,1006248.4745381532
2022-09-16,1019622.8056975376,996611.5060882056,1062187.771716424,7279178.399903439,1550773.7421468217,785152.6130883694,1835065.5761443975,1121072.4434037851,887422.5763547872,978766.468177288,932130.314468808,1014200.6585229831,1006248.4745381532
2022-09-19,1019622.8056975376,996611.5060882056,1062187.771716424,7390294.536313817,1550773.7421468217,785152.6130883694,1835065.5761443975,1114666.517815257,887422.5763547872,978766.468177288,932130.314468808,1014200.6585229831,1006248.4745381532
2022-09-20,1019622.8056975376,996611.5060882056,1062187.771716424,7331574.491155755,1550773.7421468217,785152.6130883694,1835065.5761443975,1121813.0191007084,887422.5763547872,978766.468177288,932130.314468808,1014200.6585229831,1006248.4745381532
2022-09-21,1019622.8056975376,996611.5060882056,1062187.771716424,7205849.595760949,1550773.7421468217,785152.6130883694,1835065.5761443975,1136513.3012276487,887422.5763547872,978766.468177288,932130.314468808,1014200.6585229831,1006248.4745381532
2022-09-22,1019622.8056975376,996611.5060882056,1062187.771716424,6956225.637086624,1550773.7421468217,785152.6130883694,1835065.5761443975,1133921.2577674403,887422.5763547872,978766.468177288,932130.314468808,1014200.6585229831,1006248.4745381532
2022-09-23,1019622.8056975376,996611.5060882056,1062187.771716424,6743944.200219997,1550773.7421468217,785152.6130883694,1835065.5761443975,1142845.1293171165,887422.5763547872,978766.468177288,932130.314468808,1014200.6585229831,1006248.4745381532
2022-09-26,1019622.8056975376,996611.5060882056,1062187.771716424,6704132.763140645,1550773.7421468217,785152.6130883694,1835065.5761443975,1157804.4960019728,887422.5763547872,978766.468177288,932130.314468808,1014200.6585229831,1006248.4745381532
2022-09-27,1019622.8056975376,996611.5060882056,1062187.771716424,6805914.6300590215,1550773.7421468217,785152.6130883694,1835065.5761443975,1165099.1922855454,887422.5763547872,978766.468177288,932130.314468808,1014200.6585229831,1006248.4745381532
2022-09-28,1019622.8056975376,996611.5060882056,1062187.771716424,6987473.079756109,1550773.7421468217,785152.6130883694,1835065.5761443975,1138401.561051668,887422.5763547872,978766.468177288,932130.314468808,1014200.6585229831,1006248.4745381532
2022-09-29,1019622.8056975376,996611.5060882056,1062187.771716424,6630792.996800309,1550773.7421468217,785152.6130883694,1835065.5761443975,1157656.415087761,887422.5763547872,978766.468177288,932130.314468808,1014200.6585229831,1006248.4745381532
2022-09-30,1019622.8056975376,996611.5060882056,1062187.771716424,6557947.3688177075,1550773.7421468217,785152.6130883694,1829399.469976406,1160359.576275583,887422.5763547872,978766.468177288,932130.314468808,1014200.6585229831,1006248.4745381532
2022-10-03,1019622.8056975376,996611.5060882056,1062187.771716424,6373279.638203539,1550773.7421468217,785152.6130883694,1766840.0300987246,1149510.1965055156,887422.5763547872,978766.468177288,929208.418129319,1014200.6585229831,1006248.4745381532
2022-10-04,1019257.1285797429,996295.3510180248,1061728.3485727103,6597207.378221286,1550773.7421468217,785152.6130883694,1760289.7177069795,1143326.5063722143,887422.5763547872,978766.468177288,930864.8811692006,1013838.3323992905,1006248.4745381532
2022-10-05,1015296.2649212604,992870.8897460804,1056752.066641878,6488198.700628921,1550773.7421468217,785152.6130883694,1689339.4365939014,1148140.105797328,887422.5763547872,978766.468177288,928834.30350283,1009913.7653262758,1006248.4745381532
2022-10-06,1015296.2649212604,992870.8897460804,1056752.066641878,6447123.606551224,1550773.7421468217,785152.6130883694,1689339.4365939014,1152168.1625499884,887422.5763547872,978766.468177288,928203.7206297754,1009913.7653262758,1006248.4745381532
2022-10-07,1015296.2649212604,992870.8897460804,1056752.066641878,6037477.846549455,1550773.7421468217,785152.6130883694,1689339.4365939014,1152168.1625499884,887422.5763547872,978766.468177288,924799.0847168345,1009913.7653262758,1006248.4745381532
2022-10-10,1015296.2649212604,992870.8897460804,1056752.066641878,5978980.548729967,1550773.7421468217,785152.6130883694,1689339.4365939014,1152168.1625499884,887422.5763547872,978766.468177288,924799.0847168345,1009913.7653262758,1006248.4745381532
2022-10-11,1015296.2649212604,992870.8897460804,1056752.066641878,5843432.319826272,1550773.7421468217,785152.6130883694,1689339.4365939014,1152168.1625499884,887422.5763547872,978766.468177288,924799.0847168345,1009913.7653262758,1006248.4745381532
2022-10-12,1015296.2649212604,992870.8897460804,1056752.066641878,5854945.741870874,1550773.7421468217,785152.6130883694,1689339.4365939014,1152168.1625499884,887422.5763547872,978766.468177288,927665.7899360424,1009913.7653262758,1008327.929994262
2022-10-13,1015296.2649212604,992870.8897460804,1056752.066641878,6005683.32530163,1550773.7421468217,785152.6130883694,1689339.4365939014,1152168.1625499884,887422.5763547872,978766.468177288,932960.5846124964,1009913.7653262758,1012168.6770669491
2022-10-14,1015296.2649212604,992870.8897460804,1056752.066641878,5649364.86426753,1550773.7421468217,785152.6130883694,1689339.4365939014,1152168.1625499884,887422.5763547872,978766.468177288,931818.8397151596,1009913.7653262758,1011340.4762319473
2022-10-17,1015296.2649212604,992870.8897460804,1056752.066641878,6004215.8571518855,1550773.7421468217,785152.6130883694,1689339.4365939014,1152168.1625499884,887422.5763547872,978766.468177288,935659.2946658421,1009913.7653262758,1012698.9223758292
2022-10-18,1015296.2649212604,992870.8897460804,1056752.066641878,6032304.180399895,1550773.7421468217,785152.6130883694,1689339.4365939014,1152168.1625499884,887422.5763547872,978766.468177288,934899.6546828313,1009913.7653262758,1012698.9223758292
2022-10-19,1015296.2649212604,992870.8897460804,1056752.066641878,6111368.407932838,1550773.7421468217,785152.6130883694,1689339.4365939014,1152168.1625499884,887422.5763547872,978766.468177288,939165.2405781948,1009913.7653262758,1012698.9223758292
2022-10-20,1015296.2649212604,992870.8897460804,1056752.066641878,5945874.182470381,1550773.7421468217,785152.6130883694,1689339.4365939014,1152168.1625499884,887422.5763547872,978766.468177288,939165.2405781948,1009913.7653262758,1012698.9223758292
2022-10-21,1015296.2649212604,992870.8897460804,1056752.066641878,6131673.63052559,1550773.7421468217,785152.6130883694,1689339.4365939014,1152168.1625499884,887422.5763547872,978766.468177288,939165.2405781948,1009913.7653262758,1012698.9223758292
2022-10-24,1015296.2649212604,992870.8897460804,1056752.066641878,6108289.078857088,1550773.7421468217,785152.6130883694,1689339.4365939014,1152168.1625499884,887422.5763547872,978766.468177288,939165.2405781948,1009913.7653262758,1012698.9223758292
2022-10-25,1015296.2649212604,992870.8897460804,1056752.066641878,6378743.566281682,1550773.7421468217,780342.3500181864,1689339.4365939014,1152168.1625499884,887422.5763547872,967931.6989778558,939165.2405781948,1009913.7653262758,1012698.9223758292
2022-10-26,1015296.2649212604,992870.8897460804,1056752.066641878,6286840.996083354,1547312.3901970913,801953.4367201234,1689339.4365939014,1152168.1625499884,887422.5763547872,1022215.0986220938,939165.2405781948,1009913.7653262758,1012698.9223758292
2022-10-27,1015296.2649212604,992870.8897460804,1056752.066641878,6248838.00917124,1524818.0496473736,822514.6337035357,1689339.4365939014,1152168.1625499884,887422.5763547872,1022215.0986220938,939165.2405781948,1009913.7653262758,1012698.9223758292
2022-10-28,1015296.2649212604,992870.8897460804,1056752.066641878,6369591.459802937,1471956.9260349225,879069.279242959,1689339.4365939014,1152168.1625499884,887422.5763547872,1022215.0986220938,939165.2405781948,1009913.7653262758,1012698.9223758292
2022-10-31,1015296.2649212604,992870.8897460804,1056752.066641878,6280457.234625569,1499030.177793241,879069.279242959,1689339.4365939014,1152168.1625499884,887422.5763547872,1022215.0986220938,939165.2405781948,1009913.7653262758,1012698.9223758292
2022-11-01,1015296.2649212604,992870.8897460804,1056752.066641878,6239200.685658256,1495334.7394026755,879069.279242959,1689339.4365939014,1152168.1625499884,887422.5763547872,1022215.0986220938,939165.2405781948,1009913.7653262758,1012698.9223758292
2022-11-02,1015296.2649212604,992870.8897460804,1056752.066641878,5967649.113614194,1521363.6632397966,879069.279242959,1689339.4365939014,1152168.1625499884,887422.5763547872,1022215.0986220938,939165.2405781948,1009913.7653262758,1012698.9223758292
2022-11-03,1015296.2649212604,992870.8897460804,1056752.066641878,5961830.648543934,1505135.751560771,879069.279242959,1689339.4365939014,1152168.1625499884,887422.5763547872,1022215.0986220938,939165.2405781948,1009913.7653262758,1012698.9223758292
2022-11-04,1015296.2649212604,992870.8897460804,1056752.066641878,5984276.513957938,1446088.5497386244,879069.279242959,1689339.4365939014,1152168.1625499884,887422.5763547872,1022215.0986220938,939165.2405781948,1009913.7653262758,1012698.9223758292
2022-11-07,1015296.2649212604,992870.8897460804,1056752.066641878,5891171.003111001,1434439.7799399537,879069.279242959,1689339.4365939014,1152168.1625499884,887422.5763547872,1022215.0986220938,939165.2405781948,1009913.7653262758,1012698.9223758292
2022-11-08,1015296.2649212604,992870.8897460804,1056752.066641878,5872305.085484198,1392785.0843081628,879069.279242959,1689339.4365939014,1152168.1625499884,887422.5763547872,1022215.0986220938,939165.2405781948,1009913.7653262758,1012698.9223758292
2022-11-09,1015296.2649212604,992870.8897460804,1056752.066641878,5553155.576867992,1416932.277717139,879069.279242959,1689339.4365939014,1152168.1625499884,887422.5763547872,1022215.0986220938,939165.2405781948,1009913.7653262758,1012698.9223758292
2022-11-10,1015296.2649212604,992870.8897460804,1056752.066641878,6128879.303691318,1341756.066319723,879069.279242959,1689339.4365939014,1152168.1625499884,887422.5763547872,1022215.0986220938,939165.2405781948,1009913.7653262758,1012698.9223758292
2022-11-11,1015296.2649212604,992870.8897460804,1056752.066641878,6335276.20810898,1311211.6280034229,879069.279242959,1689339.4365939014,1124556.556294968,887422.5763547872,1022215.0986220938,939165.2405781948,1009913.7653262758,1012698.9223758292
2022-11-14,1015296.2649212604,992870.8897460804,1056752.066641878,6273572.2548794765,1313022.4760021856,879069.279242959,1689339.4365939014,1116117.9332677384,887422.5763547872,1022215.0986220938,939165.2405781948,1009913.7653262758,1012698.9223758292
2022-11-15,1015296.2649212604,992870.8897460804,1056752.066641878,6407699.887296376,1287676.0966674886,879069.279242959,1689339.4365939014,1086105.1880758177,887422.5763547872,1022215.0986220938,939165.2405781948,1009913.7653262758,1012698.9223758292
2022-11-16,1015887.7034904128,993478.3780466596,1057509.8730116603,6187877.966462233,1306121.1215772803,879069.279242959,1689339.4365939014,1086105.1880758177,887422.5763547872,1014750.3741978764,939165.2405781948,1010501.939440879,1012698.9223758292
2022-11-17,1016482.2111702504,994089.01874367,1058271.6118128877,6074436.086033603,1324661.8619611654,879069.279242959,1689339.4365939014,1086105.1880758177,887422.5763547872,1018161.2974815482,939165.2405781948,1011093.1657261624,1012698.9223758292
2022-11-18,1017166.0184492908,994791.3823424174,1059147.7696064229,5979909.683600132,1345987.5633158633,879069.279242959,1689339.4365939014,1086105.1880758177,887422.5763547872,1024634.9265306595,939165.2405781948,1011773.1987200961,1012698.9223758292
2022-11-21,1017400.7513361924,995032.485121288,1059448.531318914,5792590.74724155,1353308.110489941,879069.279242959,1689339.4365939014,1086105.1880758177,887422.5763547872,1037373.3613442763,939165.2405781948,1012006.635995111,1012698.9223758292
2022-11-22,1015561.1043765086,993142.9160882678,1057091.4037034505,5937217.814966009,1295935.5687478292,879069.279242959,1689339.4365939014,1086105.1880758177,887422.5763547872,1027280.0929532212,939165.2405781948,1010177.1429959566,1012698.9223758292
2022-11-23,1014333.833807997,991882.341362672,1055518.9099521595,6188448.944961687,1257661.0337615618,879069.279242959,1689339.4365939014,1086105.1880758177,887422.5763547872,1017465.1305109176,939165.2405781948,1008956.6463667848,1012698.9223758292
2022-11-25,1014969.1511140626,992534.8991272822,1056332.9378605178,6128539.634847451,1277474.492246009,879069.279242959,1689339.4365939014,1086105.1880758177,887422.5763547872,1024426.1568592204,939165.2405781948,1009588.4570289177,1012698.9223758292
2022-11-28,1016099.4783678496,993695.8998098816,1057781.218776803,6049441.49603145,1312725.6838992618,879069.279242959,1689339.4365939014,1086105.1880758177,887422.5763547872,1034241.0120751904,939165.2405781948,1010712.5454235259,1012698.9223758292
2022-11-29,1016579.1618112202,994188.600311722,1058395.834034963,5986350.4185718605,1327685.433775677,879069.279242959,1689339.4365939014,1086105.1880758177,887422.5763547872,1040227.4046646106,939165.2405781948,1011189.5812465337,1012698.9223758292
2022-11-30,1013291.9685194112,990812.2032171284,1054183.9747732158,6443158.516880736,1225168.6800279284,879069.279242959,1689339.4365939014,1086105.1880758177,887422.5763547872,999854.063034556,939165.2405781948,1007920.5316701599,1012698.9223758292
2022-12-01,1013043.7653905292,990557.2646574416,1053865.9537277906,6492475.94026861,1217428.0402832506,879069.279242959,1689339.4365939014,1077667.7937420844,887422.5763547872,999854.063034556,938648.1892711652,1007673.6985023788,1012698.9223758292
2022-12-02,1013043.7653905292,990557.2646574416,1053865.9537277906,6458432.711400859,1205841.4246855823,879069.279242959,1689339.4365939014,1059140.9753002892,887422.5763547872,1003682.5256611056,937512.84874878,1007673.6985023788,1012698.9223758292
2022-12-05,1013043.7653905292,990557.2646574416,1053865.9537277906,6235307.8555943165,1218800.6447339975,879069.279242959,1689339.4365939014,1065579.7949538636,887422.5763547872,1010364.9779948224,937907.4255560176,1007673.6985023788,1012698.9223758292
2022-12-06,1013043.7653905292,990557.2646574416,1053865.9537277906,6064122.7893681945,1249153.007652118,879069.279242959,1689339.4365939014,1116058.1628426446,887422.5763547872,1027767.4366392458,941000.7864991309,1007673.6985023788,1012698.9223758292
2022-12-07,1013043.7653905292,990557.2646574416,1053865.9537277906,6009463.750485572,1258667.130435718,879069.279242959,1689339.4365939014,1117212.281624443,887422.5763547872,1041967.6880582696,941071.5119625847,1007673.6985023788,1012698.9223758292
2022-12-08,1013043.7653905292,990557.2646574416,1053865.9537277906,6162445.269634105,1258667.130435718,879069.279242959,1689339.4365939014,1108708.1007439285,887422.5763547872,1050529.7107929387,940550.3679143676,1007673.6985023788,1012698.9223758292
2022-12-09,1013043.7653905292,990557.2646574416,1053865.9537277906,6213962.100864238,1258667.130435718,879069.279242959,1689339.4365939014,1105245.7443985338,887422.5763547872,1056655.2831633182,940338.191524006,1007673.6985023788,1012698.9223758292
2022-12-12,1013043.7653905292,990557.2646574416,1053865.9537277906,6154170.173377421,1258667.130435718,879069.279242959,1689339.4365939014,1112474.298146971,887422.5763547872,1053313.949770126,940781.1639649905,1007673.6985023788,1012698.9223758292
2022-12-13,1013043.7653905292,990557.2646574416,1053865.9537277906,6185707.46388294,1258667.130435718,879069.279242959,1689339.4365939014,1079429.4542752774,887422.5763547872,1037164.6988991712,938756.1454535127,1007673.6985023788,1012698.9223758292
2022-12-14,1013043.7653905292,990557.2646574416,1053865.9537277906,6068595.619517263,1258667.130435718,879069.279242959,1689339.4365939014,1070682.3034821723,887422.5763547872,1041062.7514162002,938220.1119849478,1007673.6985023788,1012698.9223758292
2022-12-15,1013043.7653905292,990557.2646574416,1053865.9537277906,5884122.131152398,1258667.130435718,879069.279242959,1689339.4365939014,1103727.100565899,887422.5763547872,1070368.3517358175,940245.127629216,1007673.6985023788,1012698.9223758292
2022-12-16,1013043.7653905292,990557.2646574416,1053865.9537277906,5738526.77207746,1258667.130435718,879069.279242959,1689339.4365939014,1083803.0062778466,887422.5763547872,1074544.924654266,939024.1607541902,1007673.6985023788,1012698.9223758292
2022-12-19,1013043.7653905292,990557.2646574416,1053865.9537277906,5654549.435469633,1258667.130435718,879069.279242959,1689339.4365939014,1113871.340053393,887422.5763547872,1073759.58786512,940866.7759815824,1007673.6985023788,1012698.9223758292
2022-12-20,1013043.7653905292,990557.2646574416,1053865.9537277906,5491463.489207362,1258667.130435718,879069.279242959,1689339.4365939014,1098017.1906500966,887422.5763547872,1073759.58786512,939895.2190830214,1007673.6985023788,1012698.9223758292
2022-12-21,1013043.7653905292,990557.2646574416,1053865.9537277906,5579952.4015254155,1258667.130435718,879069.279242959,1689339.4365939014,1081798.5161959636,887422.5763547872,1073759.58786512,938901.3237531243,1007673.6985023788,1012698.9223758292
2022-12-22,1013043.7653905292,990557.2646574416,1053865.9537277906,5236900.933576772,1258667.130435718,879069.279242959,1689339.4365939014,1097834.9047306948,887422.5763547872,1073759.58786512,939884.0484337484,1007673.6985023788,1012698.9223758292
2022-12-23,1013043.7653905292,990557.2646574416,1053865.9537277906,5201148.136539598,1258667.130435718,879069.279242959,1689339.4365939014,1092246.4563772047,887422.5763547872,1073759.58786512,939541.5831641229,1007673.6985023788,1012674.724484549
2022-12-27,1013043.7653905292,990557.2646574416,1053865.9537277906,4834188.05777558,1258667.130435718,879069.279242959,1689339.4365939014,1099292.677418273,887422.5763547872,1073759.58786512,939973.3820886246,1007673.6985023788,1009755.8431243751
2022-12-28,1013043.7653905292,990557.2646574416,1053865.9537277906,4838855.115203076,1258667.130435718,879069.279242959,1689339.4365939014,1106946.4869987029,887422.5763547872,1073759.58786512,940690.5530071562,1007673.6985023788,1009187.1017904696
2022-12-29,1013043.7653905292,990557.2646574416,1053865.9537277906,5085510.70959885,1258667.130435718,879069.279242959,1689339.4365939014,1078761.2753186608,903271.1491775569,1073759.58786512,940499.4479735055,1007673.6985023788,1010930.098837707
2022-12-30,1013043.7653905292,990557.2646574416,1053865.9537277906,5108408.570751738,1258667.130435718,879069.279242959,1689339.4365939014,1078275.3354934792,911126.5081838078,1073759.58786512,940499.4678591827,1007673.6985023788,1011569.8877518454
2023-01-03,1013043.7653905292,990557.2646574416,1053865.9537277906,4901605.619971389,1258667.130435718,879069.279242959,1689339.4365939014,1043378.5468238778,911272.750403796,1073759.58786512,938051.5373752555,1007673.6985023788,1010740.4213129896
2023-01-04,1013043.7653905292,990557.2646574416,1053865.9537277906,5052708.330206555,1258667.130435718,879069.279242959,1689339.4365939014,1042563.6418420676,931100.7049868436,1073759.58786512,938185.3310834259,1007673.6985023788,1014302.3595049452
2023-01-05,1013043.7653905292,990557.2646574416,1053865.9537277906,4924225.163015716,1258667.130435718,879069.279242959,1689339.4365939014,1044911.7372185526,931100.7049868436,1073759.58786512,936874.0756532407,1007673.6985023788,1012988.28146469
2023-01-06,1013043.7653905292,990557.2646574416,1053865.9537277906,5077113.662903572,1258667.130435718,879069.279242959,1689339.4365939014,1028092.5671765052,931100.7049868436,1073759.58786512,938483.3339010762,1007673.6985023788,1015605.9264089256
2023-01-09,1013043.7653905292,990557.2646574416,1053865.9537277906,5277515.623577752,1258667.130435718,879069.279242959,1689339.4365939014,1031096.3088598842,931100.7049868436,1073759.58786512,940566.7016805593,1007673.6985023788,1017706.8547342734
2023-01-10,1013043.7653905292,990557.2646574416,1053865.9537277906,5347437.802099002,1258667.130435718,879069.279242959,1689339.4365939014,1011874.4483100747,931100.7049868436,1073759.58786512,941327.9833139995,1007673.6985023788,1019315.164849772
2023-01-11,1013043.7653905292,990557.2646574416,1053865.9537277906,5451929.230022397,1258667.130435718,852031.342137027,1689339.4365939014,1012420.567866702,931100.7049868436,1073759.58786512,941577.2271717245,1007673.6985023788,1019080.6698581451
2023-01-12,1013043.7653905292,990557.2646574416,1053865.9537277906,5539547.007660069,1258667.130435718,861049.1274545048,1689339.4365939014,1001357.9459673,931100.7049868436,1073759.58786512,942958.908178192,1007673.6985023788,1019080.6698581451
2023-01-13,1013043.7653905292,990557.2646574416,1053865.9537277906,5604734.139601132,1258667.130435718,844347.7655243706,1689339.4365939014,1001357.9459673,931100.7049868436,1073759.58786512,944010.0786655117,1007673.6985023788,1019080.6698581451
2023-01-17,1013043.7653905292,990557.2646574416,1053865.9537277906,5803755.4350639805,1258667.130435718,856478.2006332221,1689339.4365939014,1001357.9459673,931100.7049868436,1073759.58786512,944396.5426916752,1007673.6985023788,1019080.6698581451
2023-01-18,1013043.7653905292,990557.2646574416,1053865.9537277906,5717072.8286489295,1258667.130435718,859935.6914033958,1689339.4365939014,1001357.9459673,931100.7049868436,1073759.58786512,944396.5426916752,1007673.6985023788,1019080.6698581451
2023-01-19,1013043.7653905292,990557.2646574416,1053865.9537277906,5595809.051163259,1258667.130435718,870366.6879586533,1689339.4365939014,1001357.9459673,931100.7049868436,1073759.58786512,944396.5426916752,1007673.6985023788,1019080.6698581451
2023-01-20,1013043.7653905292,990557.2646574416,1053865.9537277906,5918702.035582308,1258667.130435718,849446.0811851524,1689339.4365939014,1001357.9459673,931100.7049868436,1073759.58786512,944396.5426916752,1007673.6985023788,1019080.6698581451
2023-01-23,1013043.7653905292,990557.2646574416,1053865.9537277906,6281483.68802352,1258667.130435718,847863.8699575305,1689339.4365939014,1001357.9459673,931100.7049868436,1059417.6419561342,944396.5426916752,1007673.6985023788,1019080.6698581451
2023-01-24,1013043.7653905292,990557.2646574416,1053865.9537277906,6289218.2988420725,1258667.130435718,854895.9894056001,1689339.4365939014,1001357.9459673,931100.7049868436,1074691.90790106,944396.5426916752,1007673.6985023788,1019080.6698581451
2023-01-25,1013043.7653905292,990557.2646574416,1053865.9537277906,6301292.540574368,1258667.130435718,849856.2874078044,1689339.4365939014,1001357.9459673,931100.7049868436,1092816.1956162888,944396.5426916752,1007673.6985023788,1019080.6698581451
2023-01-26,1013043.7653905292,990557.2646574416,1053865.9537277906,6585939.264385531,1258667.130435718,837901.648578786,1689339.4365939014,1001357.9459673,931100.7049868436,1076007.2982344436,944396.5426916752,1007673.6985023788,1019080.6698581451
2023-01-27,1013043.7653905292,990557.2646574416,1053865.9537277906,6903111.798151599,1258667.130435718,826216.0367644785,1689339.4365939014,1001357.9459673,931100.7049868436,1062487.129981299,944396.5426916752,1007673.6985023788,1019080.6698581451
2023-01-30,1015898.058056326,993106.4991289898,1057386.5246073338,6553068.237775316,1258667.130435718,829592.4513729842,1795163.8604367918,1001357.9459673,931100.7049868436,1080246.109670354,944396.5426916752,1010537.0736578975,1019080.6698581451
2023-01-31,1014892.4371802016,992013.6443272058,1056599.3465726003,6711914.265852428,1258667.130435718,808532.2926324249,1813019.6363476764,1001357.9459673,931100.7049868436,1066360.5208153725,944396.5426916752,1009537.7814117277,1019080.6698581451
2023-02-01,1013574.5123461718,990664.0290676848,1055375.3741437672,7052050.485245888,1258667.130435718,789364.7098529409,1813019.6363476764,1001357.9459673,931100.7049868436,1054740.3483131528,944396.5426916752,1008224.1067391115,1019080.6698581451
2023-02-02,1012129.7889268356,989187.1699089296,1054036.2601850952,7377229.231043824,1258667.130435718,769357.9963126637,1805443.757494236,1001357.9459673,931100.7049868436,1014528.731768972,944396.5426916752,1006788.123730103,1018814.6711400704
2023-02-03,1017045.6848712766,994212.4127006409,1058592.8035279063,7246526.405510968,1258667.130435718,837433.9481785445,1794410.649945205,1001357.9459673,931100.7049868436,981806.490127522,944396.5426916752,1011674.2790701434,1018427.2847363019
2023-02-06,1017670.4986236552,994851.1245124426,1059171.9433176974,7279908.400988562,1258667.130435718,846086.4484374574,1763569.419446886,1001357.9459673,931100.7049868436,981806.490127522,944396.5426916752,1012295.3127712671,1017344.4100051849
2023-02-07,1017706.644743557,994888.0746494142,1059205.4471517631,7494567.331571776,1258667.130435718,846587.0045001543,1750342.508821854,1001357.9459673,931100.7049868436,981806.490127522,944396.5426916752,1012331.2402113058,1016879.9963921363
2023-02-08,1018770.3767917812,995975.4678465172,1060191.42025568,7499720.913622966,1258667.130435718,861317.7011079626,1721436.940589713,1001357.9459673,931100.7049868436,981806.490127522,944396.5426916752,1013388.5368031267,1015865.0852189629
2023-02-09,1019705.0189314692,996930.8997206616,1061057.739939342,7547284.703544741,1258667.130435718,874260.7442545843,1682530.43424034,1001357.9459673,931100.7049868436,981806.490127522,944396.5426916752,1014317.5244654928,1014499.0284202864
2023-02-10,1020030.3340105856,997263.4509534056,1061359.2744459342,7228572.089647017,1258667.130435718,878765.7488188555,1713740.890642251,1001357.9459673,931100.7049868436,981806.490127522,945396.9752414562,1014640.8714258407,1015594.867141316
2023-02-13,1019033.7293451414,996244.6782886032,1060435.5217048128,7313596.253876288,1258667.130435718,864964.6407399074,1713740.890642251,1001357.9459673,931100.7049868436,981806.490127522,945839.452306262,1013650.2961038639,1015594.867141316
2023-02-14,1018951.111330922,996160.222558638,1060358.9430776527,7665581.645855783,1258667.130435718,863820.5359779656,1713740.890642251,1001357.9459673,931100.7049868436,981806.490127522,942966.3011120933,1013568.1779191172,1015594.867141316
2023-02-15,1018197.1997907438,995389.5413693516,1059660.1425643195,7712647.958690588,1258667.130435718,853380.273144828,1713740.890642251,1001357.9459673,931100.7049868436,981806.490127522,941984.9842303244,1012818.8274569443,1015594.867141316
2023-02-16,1019751.4908257864,996978.405313655,1061100.8147324363,7408079.66341029,1258667.130435718,874904.292953829,1713740.890642251,1001357.9459673,931100.7049868436,981806.490127522,944384.1956045298,1014363.7152102009,1015594.867141316
2023-02-17,1020242.0498126048,997479.8760608556,1061555.5137966366,7380981.886813829,1258667.130435718,881697.6161550218,1713740.890642251,1001357.9459673,931100.7049868436,981806.490127522,943151.1586770639,1014851.3063716366,1015594.867141316
2023-02-21,1021594.950820044,998862.8703537312,1062809.5175730796,7098502.976522034,1258667.130435718,900432.7612644047,1713740.890642251,1001357.9459673,931100.7049868436,981806.490127522,945302.5809745047,1016196.0224837667,1015594.867141316
2023-02-22,1020970.1370676652,998224.1585419294,1062230.3777832887,7154087.3737225225,1258667.130435718,891780.2610054917,1713740.890642251,1001357.9459673,931100.7049868436,981806.490127522,944616.2488026062,1015574.988782643,1015594.867141316
2023-02-23,1020954.6464362262,998208.3233442648,1062216.019518924,7568673.838671159,1258667.130435718,891565.7447724101,1713740.890642251,1001357.9459673,931100.7049868436,981806.490127522,944378.293149652,1015559.5918677403,1015594.867141316
2023-02-24,1022152.6371896424,999432.9616332322,1063326.4370000751,7418158.252230366,1258667.130435718,908155.6729944577,1713740.890642251,1001357.9459673,926145.0864750711,981806.490127522,945398.9407259224,1016750.3349150463,1015594.867141316
2023-02-27,1022018.3784844504,999295.716541368,1063201.9926228405,7593290.653241593,1258667.130435718,906296.4413802184,1713740.890642251,1001357.9459673,937576.0996144814,981806.490127522,943284.8836385168,1016616.8884595612,1015409.0175381684
2023-02-28,1021775.6814195532,999047.621038589,1062977.0367434083,7538104.867307607,1258667.130435718,902935.5415778888,1713740.890642251,1001357.9459673,935826.4555029334,981806.490127522,943662.4637070623,1016375.6596839599,1015274.6502679489
2023-03-01,1022839.417407409,1000135.0182629548,1063963.0134989691,7401909.404909829,1258667.130435718,917666.292742216,1713740.890642251,1001357.9459673,919010.4274219756,981806.490127522,944240.6342185269,1017432.960191578,1013983.2311877724
2023-03-02,1023594.1001379133,1000906.4877965573,1064662.52882852,7353776.427951405,1258667.130435718,928117.2351170036,1713740.890642251,1001357.9459673,915899.9572413862,981806.490127522,946652.0137794362,1018183.0771784639,1013744.3566735176
2023-03-03,1023594.1001379133,1000906.4877965573,1064662.52882852,7562759.2853923645,1258667.130435718,928117.2351170036,1729848.941772038,1001357.9459673,922315.3066238184,981806.490127522,945775.7249517688,1018183.0771784639,1014237.0357151192
2023-03-06,1023594.1001379133,1000906.4877965573,1064662.52882852,7461479.9509166945,1258667.130435718,928117.2351170036,1706506.4321347638,1001357.9459673,916191.5522334008,981806.490127522,946101.4997578524,1018183.0771784639,1013766.7502693512
2023-03-07,1023594.1001379133,1000906.4877965573,1064662.52882852,7335887.434115278,1258667.130435718,928117.2351170036,1670730.2391868485,1001357.9459673,909270.769059494,981806.490127522,946784.7159115094,1018183.0771784639,1013805.4413107153
2023-03-08,1023594.1001379133,1000906.4877965573,1064662.52882852,7406205.545402325,1258667.130435718,928117.2351170036,1637241.2869688617,1001357.9459673,915725.015078069,981806.490127522,948389.2020762585,1018183.0771784639,1014134.2171373189
2023-03-09,1023594.1001379133,1000906.4877965573,1064662.52882852,7142048.414559018,1258667.130435718,928117.2351170036,1607769.3441374365,1001357.9459673,888488.9156001087,981806.490127522,948142.6519685301,1018183.0771784639,1011954.7055405582
2023-03-10,1023594.1001379133,1000906.4877965573,1064662.52882852,7053070.649009075,1258667.130435718,928117.2351170036,1596086.2331242757,1001357.9459673,887998.3072114424,981806.490127522,947312.223497206,1018183.0771784639,1011173.752063378
2023-03-13,1023594.1001379133,1000906.4877965573,1064662.52882852,7079308.909328841,1258667.130435718,928117.2351170036,1602451.292516095,1001357.9459673,899970.2059028521,981806.490127522,947216.4927973927,1018183.0771784639,1012022.4070428055
2023-03-14,1023594.1001379133,1000906.4877965573,1064662.52882852,7391164.2083653,1258667.130435718,928117.2351170036,1656187.4218118277,1001357.9459673,902916.3892765678,981806.490127522,945793.0154291076,1018183.0771784639,1014083.0240941363
2023-03-15,1023594.1001379133,1000906.4877965573,1064662.52882852,7418218.825957473,1258667.130435718,928117.2351170036,1638989.4248729968,1001357.9459673,921149.8113683518,981806.490127522,946345.6196388134,1018183.0771784639,1014779.0207099754
2023-03-16,1023594.1001379133,1000906.4877965573,1064662.52882852,7712255.694708015,1258667.130435718,928117.2351170036,1661512.136681076,1001357.9459673,934067.7406796806,981806.490127522,945621.9222568797,1018183.0771784639,1017482.8072156261
2023-03-17,1023594.1001379133,1000906.4877965573,1064662.52882852,7666474.910296261,1258667.130435718,928117.2351170036,1637030.9809786668,1001357.9459673,920552.3459872948,972109.6865119518,946408.5481498678,1018183.0771784639,1017482.8072156261
2023-03-20,1023594.1001379133,1000906.4877965573,1064662.52882852,7728050.884899141,1258667.130435718,928117.2351170036,1656126.252542323,1001357.9459673,923910.5934221632,974721.0673709424,945794.9809135738,1018183.0771784639,1017482.8072156261
2023-03-21,1023594.1001379133,1000906.4877965573,1064662.52882852,7983387.540955019,1258667.130435718,928117.2351170036,1743830.004052788,1001357.9459673,925270.373386693,959297.8656078704,942976.8932918551,1018183.0771784639,1017482.8072156261
2023-03-22,1023594.1001379133,1000906.4877965573,1064662.52882852,7904051.721672311,1258667.130435718,928117.2351170036,1799157.4093020838,1001357.9459673,900773.7033144851,959297.8656078704,944241.3959752182,1018183.0771784639,1017482.8072156261
2023-03-23,1023594.1001379133,1000906.4877965573,1064662.52882852,8085278.25601612,1258667.130435718,928117.2351170036,1792883.6402628317,1001357.9459673,955309.1203874204,959297.8656078704,944030.9721084888,1018183.0771784639,1017482.8072156261
2023-03-24,1023594.1001379133,1000906.4877965573,1064662.52882852,8016764.508809283,1258667.130435718,928117.2351170036,1803496.1906512312,1001357.9459673,971083.6359586788,959297.8656078704,944386.9198449475,1018183.0771784639,1017482.8072156261
2023-03-27,1023594.1001379133,1000906.4877965573,1064662.52882852,7977389.071988732,1258667.130435718,928117.2351170036,1795287.612855449,1001357.9459673,970057.0331620928,959297.8656078704,944111.6019826976,1018183.0771784639,1017482.8072156261
2023-03-28,1023594.1001379133,1000906.4877965573,1064662.52882852,7907248.029471474,1258667.130435718,928117.2351170036,1810649.4182161784,1001357.9459673,978239.52601861,959297.8656078704,944027.039219083,1018183.0771784639,1017482.8072156261
2023-03-29,1023594.1001379133,1000906.4877965573,1064662.52882852,8084641.412548784,1258667.130435718,928117.2351170036,1783150.5484001276,1001357.9459673,961419.9029164948,959297.8656078704,944027.039219083,1018183.0771784639,1017482.8072156261
2023-03-30,1023594.1001379133,1000906.4877965573,1064662.52882852,8180036.682399517,1258667.130435718,928117.2351170036,1774941.970604346,1001357.9459673,948770.5788632766,959297.8656078704,944027.039219083,1018183.0771784639,1017482.8072156261
2023-03-31,1023594.1001379133,1000906.4877965573,1064662.52882852,8422400.656495623,1258667.130435718,920499.834569748,1703526.9859138925,1001357.9459673,934836.508357332,959297.8656078704,944027.039219083,1018183.0771784639,1016787.6157804496
2023-04-03,1023594.1001379133,1000906.4877965573,1064662.52882852,8301385.840029211,1258667.130435718,925829.6478591978,1777932.219058497,1001357.9459673,929302.4479330288,959297.8656078704,944027.039219083,1018183.0771784639,1017274.0337555751
2023-04-04,1023594.1001379133,1000906.4877965573,1064662.52882852,8209218.714780061,1258667.130435718,916502.4861547556,1790772.8503343752,1001357.9459673,932326.4274357258,959297.8656078704,944027.039219083,1018183.0771784639,1016422.8033533914
2023-04-05,1023594.1001379133,1000906.4877965573,1064662.52882852,8013957.317688046,1258667.130435718,933763.8579184558,1832167.7016571376,1001357.9459673,941022.8188733336,959297.8656078704,944027.039219083,1018183.0771784639,1017998.1383689361
2023-04-06,1023594.1001379133,1000906.4877965573,1064662.52882852,8055544.239504838,1258667.130435718,927949.5035458612,1834864.8569139168,1001357.9459673,946991.762956048,959297.8656078704,944027.039219083,1018183.0771784639,1017467.4994277603
2023-04-10,1023594.1001379133,1000906.4877965573,1064662.52882852,8116040.409731173,1258667.130435718,927283.2711086322,1838089.6872861125,1001357.9459673,947663.766778416,959297.8656078704,944027.039219083,1018183.0771784639,1017406.6966537266
2023-04-11,1023594.1001379133,1000906.4877965573,1064662.52882852,8065961.872212448,1258667.130435718,940910.6771655084,1824721.3808948176,1001357.9459673,949205.3871257692,959297.8656078704,944027.039219083,1018183.0771784639,1018094.3142363526
2023-04-12,1023594.1001379133,1000906.4877965573,1064662.52882852,7867151.929292045,1258667.130435718,953569.0010560948,1861366.9772452505,1001357.9459673,963396.3315263406,959297.8656078704,944027.039219083,1018183.0771784639,1018094.3142363526
2023-04-13,1023594.1001379133,1000906.4877965573,1064662.52882852,7997639.72634618,1258667.130435718,925890.2270466862,1829939.7102364472,1001357.9459673,933433.2395205864,959297.8656078704,944027.039219083,1018183.0771784639,1018094.3142363526
2023-04-14,1023594.1001379133,1000906.4877965573,1064662.52882852,8025221.47739915,1258667.130435718,925223.9946094572,1835216.640324195,1001357.9459673,948375.2780621238,959297.8656078704,944027.039219083,1018183.0771784639,1018094.3142363526
2023-04-17,1023594.1001379133,1000906.4877965573,1064662.52882852,8058483.128244823,1258667.130435718,923830.9967558924,1823255.5570408,1001357.9459673,960056.1415410888,959297.8656078704,944027.039219083,1018183.0771784639,1018094.3142363526
2023-04-18,1023594.1001379133,1000906.4877965573,1064662.52882852,8113125.088582903,1258667.130435718,926495.8802964268,1839262.328475969,1001357.9459673,958119.2203925826,959297.8656078704,944027.039219083,1018183.0771784639,1018094.3142363526
2023-04-19,1023594.1001379133,1000906.4877965573,1064662.52882852,8092371.737389568,1258667.130435718,914382.6304680926,1861073.7945810892,1001357.9459673,976074.779986215,959297.8656078704,944027.039219083,1018183.0771784639,1018094.3142363526
2023-04-20,1023594.1001379133,1000906.4877965573,1064662.52882852,7762363.040006692,1258667.130435718,917350.4099460688,1954176.271208592,1001357.9459673,985335.17960666,959297.8656078704,944027.039219083,1018183.0771784639,1018094.3142363526
2023-04-21,1023594.1001379133,1000906.4877965573,1064662.52882852,7809384.640510807,1258667.130435718,898272.0322247661,1954176.271208592,1001357.9459673,990676.7556441672,959297.8656078704,944027.039219083,1018183.0771784639,1018094.3142363526
2023-04-24,1023594.1001379133,1000906.4877965573,1064662.52882852,7768419.055554905,1258667.130435718,902814.5009103914,1954176.271208592,1001357.9459673,992789.0117869866,959297.8656078704,944027.039219083,1018183.0771784639,1018094.3142363526
2023-04-25,1023594.1001379133,1000906.4877965573,1064662.52882852,7583669.639393389,1258667.130435718,924860.6119012892,1954176.271208592,1001357.9459673,979648.3659440788,959297.8656078704,944027.039219083,1018183.0771784639,1018094.3142363526
2023-04-26,1023594.1001379133,1000906.4877965573,1064662.52882852,7614252.574822893,1258667.130435718,910264.1236781236,1954176.271208592,990784.7649517704,976804.959112788,959297.8656078704,944027.039219083,1018183.0771784639,1018094.3142363526
2023-04-27,1023594.1001379133,1000906.4877965573,1064662.52882852,7822915.095145809,1258667.130435718,880950.0812735776,1954176.271208592,1085627.592349444,986350.6709782602,959297.8656078704,944027.039219083,1018183.0771784639,1018094.3142363526
2023-04-28,1023594.1001379133,1000906.4877965573,1064662.52882852,7936876.547656061,1258667.130435718,907417.548783505,1954176.271208592,1085627.592349444,994637.2262273254,959297.8656078704,944027.039219083,1018183.0771784639,1018094.3142363526
2023-05-01,1023594.1001379133,1000906.4877965573,1064662.52882852,8052664.698725908,1258667.130435718,928010.0365249686,1954176.271208592,1085627.592349444,982837.0104004438,959297.8656078704,944027.039219083,1018183.0771784639,1018094.3142363526
2023-05-02,1023594.1001379133,1000906.4877965573,1064662.52882852,7913994.499945293,1258667.130435718,918440.604278954,1954176.271208592,1085627.592349444,969493.2585355134,959297.8656078704,944027.039219083,1018183.0771784639,1018094.3142363526
2023-05-03,1023594.1001379133,1000906.4877965573,1064662.52882852,7858853.716767617,1258667.130435718,918319.4459039771,1954176.271208592,1085627.592349444,973047.5558131397,959297.8656078704,944027.039219083,1018183.0771784639,1018094.3142363526
2023-05-04,1023594.1001379133,1000906.4877965573,1064662.52882852,7826915.347964299,1258667.130435718,916199.636425695,1954176.271208592,1085627.592349444,976053.4319666432,959297.8656078704,944027.039219083,1018183.0771784639,1018094.3142363526
2023-05-05,1023594.1001379133,1000906.4877965573,1064662.52882852,8110530.542848244,1258667.130435718,906145.6168881548,1954176.271208592,1085627.592349444,980074.8769687724,959297.8656078704,944027.039219083,1018183.0771784639,1018094.3142363526
2023-05-08,1023594.1001379133,1000906.4877965573,1064662.52882852,8226449.630645299,1258667.130435718,905116.001742758,1954176.271208592,1085627.592349444,997236.890336784,959297.8656078704,944027.039219083,1018183.0771784639,1018094.3142363526
2023-05-09,1023594.1001379133,1000906.4877965573,1064662.52882852,8113863.290219722,1258667.130435718,906437.2452006926,1954176.271208592,1085627.592349444,999125.7802154452,959297.8656078704,944027.039219083,1018183.0771784639,1018094.3142363526
2023-05-10,1023594.1001379133,1000906.4877965573,1064662.52882852,8194655.92801125,1258667.130435718,906437.2452006926,1954176.271208592,1085627.592349444,1005787.4872883298,959297.8656078704,944027.039219083,1018183.0771784639,1018094.3142363526
2023-05-11,1023594.1001379133,1000906.4877965573,1064662.52882852,8245346.284152815,1258667.130435718,906437.2452006926,1954176.271208592,1085627.592349444,1024757.194612409,959297.8656078704,944027.039219083,1018183.0771784639,1018094.3142363526
2023-05-12,1023594.1001379133,1000906.4877965573,1064662.52882852,8145295.596945254,1258667.130435718,906437.2452006926,1954176.271208592,1085627.592349444,1014866.0901678116,959297.8656078704,944027.039219083,1018183.0771784639,1018094.3142363526
2023-05-15,1023594.1001379133,1000906.4877965573,1064662.52882852,8214396.21115677,1258667.130435718,906437.2452006926,1954176.271208592,1085627.592349444,1006742.0817179848,959297.8656078704,944027.039219083,1018183.0771784639,1018094.3142363526
2023-05-16,1023594.1001379133,1000906.4877965573,1064662.52882852,8274708.039262056,1258667.130435718,906437.2452006926,1954176.271208592,1085627.592349444,1002395.6980714296,959297.8656078704,944027.039219083,1018183.0771784639,1018094.3142363526
2023-05-17,1023594.1001379133,1000906.4877965573,1064662.52882852,8535741.92728929,1258667.130435718,906437.2452006926,1954176.271208592,1085627.592349444,1015008.2605093762,959297.8656078704,944027.039219083,1018183.0771784639,1018094.3142363526
2023-05-18,1023594.1001379133,1000906.4877965573,1064662.52882852,8872805.046663674,1258667.130435718,906437.2452006926,1954176.271208592,1085627.592349444,1046998.3629260786,959297.8656078704,944027.039219083,1018183.0771784639,1018094.3142363526
2023-05-19,1023594.1001379133,1000906.4877965573,1064662.52882852,8830860.879329514,1258667.130435718,906437.2452006926,1954176.271208592,1085627.592349444,1046998.3629260786,959297.8656078704,942386.271428168,1018183.0771784639,1016324.8136929204
2023-05-22,1023594.1001379133,1000906.4877965573,1064662.52882852,8928694.75585274,1258667.130435718,906437.2452006926,1954176.271208592,1085627.592349444,1046998.3629260786,959297.8656078704,937898.0813472578,1018183.0771784639,1011484.4853837157
2023-05-23,1023594.1001379133,1000906.4877965573,1064662.52882852,8793959.791136883,1258667.130435718,906437.2452006926,1954176.271208592,1085627.592349444,1046998.3629260786,959297.8656078704,939491.8218935818,1018183.0771784639,1013203.2689790698
2023-05-24,1023594.1001379133,1000906.4877965573,1064662.52882852,8756910.861221008,1258667.130435718,906437.2452006926,1954176.271208592,1085627.592349444,1046998.3629260786,959297.8656078704,940967.3268655869,1018183.0771784639,1014794.5403730212
2023-05-25,1023594.1001379133,1000906.4877965573,1064662.52882852,9853482.718228742,1258667.130435718,906437.2452006926,1954176.271208592,1085627.592349444,1046998.3629260786,959297.8656078704,940160.168246106,1018183.0771784639,1013924.0530172138
2023-05-26,1023594.1001379133,1000906.4877965573,1064662.52882852,10176391.940869983,1258667.130435718,906437.2452006926,1954176.271208592,1085627.592349444,1046998.3629260786,959297.8656078704,932904.8797094473,1018183.0771784639,1007927.4944923054
2023-05-30,1022944.279245938,1000328.1191226892,1063888.0058889426,10470192.188058168,1258667.130435718,906437.2452006926,1945646.501582753,1085627.592349444,1046998.3629260786,959297.8656078704,932314.6475692851,1017538.8910563941,1007289.7968929663
2023-05-31,1021570.3644855696,999105.2756164632,1062250.433887072,10172066.19750583,1258667.130435718,906437.2452006926,1927612.030028811,1085627.592349444,1046998.3629260786,959297.8656078704,931066.7211645988,1016176.8898765831,1005941.5143812724
2023-06-01,1019789.7184619836,997520.4237103334,1060128.0780047574,10535680.217668273,1258667.130435718,906437.2452006926,1904238.665838887,1085627.592349444,1046998.3629260786,959297.8656078704,929449.3608637046,1014411.6843085903,1004194.0887313181
2023-06-02,1017981.923993292,995911.4085149234,1057973.363831462,10556290.25683644,1258667.130435718,906437.2452006926,1880508.9419422976,1085627.592349444,1046998.3629260786,959297.8656078704,926543.5293018721,1012619.565706885,1001054.5751654264
2023-06-05,1017981.923993292,995911.4085149234,1057973.363831462,10592570.952461883,1258667.130435718,906437.2452006926,1880508.9419422976,1085627.592349444,1046998.3629260786,959297.8656078704,924903.6486637311,1012619.565706885,998225.6777803681
2023-06-06,1017981.923993292,995911.4085149234,1057973.363831462,10566827.947552623,1258667.130435718,906437.2452006926,1880508.9419422976,1085627.592349444,1046998.3629260786,959297.8656078704,923236.738121422,1012619.565706885,998225.6777803681
2023-06-07,1017981.923993292,995911.4085149234,1057973.363831462,10378188.323208416,1258667.130435718,906437.2452006926,1880508.9419422976,1085627.592349444,1046998.3629260786,959297.8656078704,920094.3827992819,1012619.565706885,998225.6777803681
2023-06-08,1017981.923993292,995911.4085149234,1057973.363831462,10683423.361206109,1258667.130435718,906437.2452006926,1880508.9419422976,1085627.592349444,1046998.3629260786,959297.8656078704,920094.3827992819,1012619.565706885,998225.6777803681
2023-06-09,1017981.923993292,995911.4085149234,1057973.363831462,10852487.354869775,1258667.130435718,906437.2452006926,1880508.9419422976,1085627.592349444,1046998.3629260786,959297.8656078704,920094.3827992819,1012619.565706885,998225.6777803681
2023-06-12,1017981.923993292,995911.4085149234,1057973.363831462,11058511.605990054,1258667.130435718,906437.2452006926,1880508.9419422976,1085627.592349444,1046998.3629260786,959297.8656078704,920094.3827992819,1012619.565706885,998225.6777803681
2023-06-13,1017981.923993292,995911.4085149234,1057973.363831462,11411621.176092677,1258667.130435718,906437.2452006926,1880508.9419422976,1085627.592349444,1046998.3629260786,959297.8656078704,920094.3827992819,1012619.565706885,998225.6777803681
2023-06-14,1017981.923993292,995911.4085149234,1057973.363831462,11684738.735539038,1258667.130435718,906437.2452006926,1880508.9419422976,1085627.592349444,1046998.3629260786,959297.8656078704,920094.3827992819,1012619.565706885,998225.6777803681
2023-06-15,1017981.923993292,995911.4085149234,1057973.363831462,11654087.438092245,1258667.130435718,906437.2452006926,1880508.9419422976,1085627.592349444,1046998.3629260786,959297.8656078704,920094.3827992819,1012619.565706885,998225.6777803681
2023-06-16,1017981.923993292,995911.4085149234,1057973.363831462,11676527.247415433,1258667.130435718,906437.2452006926,1880508.9419422976,1085627.592349444,1046998.3629260786,959297.8656078704,920094.3827992819,1012619.565706885,998225.6777803681
2023-06-20,1017981.923993292,995911.4085149234,1057973.363831462,12015756.149159309,1258667.130435718,906437.2452006926,1880508.9419422976,1085627.592349444,1046998.3629260786,959297.8656078704,920094.3827992819,1012619.565706885,998225.6777803681
2023-06-21,1017981.923993292,995911.4085149234,1057973.363831462,11685256.650733905,1258667.130435718,906437.2452006926,1880508.9419422976,1085627.592349444,1046998.3629260786,959297.8656078704,920094.3827992819,1012619.565706885,998225.6777803681
2023-06-22,1021850.5128591164,999874.9307448228,1060912.1802257523,11782974.052691065,1258667.130435718,906437.2452006926,1880508.9419422976,1085627.592349444,1046998.3629260786,975286.1715000704,923590.9742425187,1016467.7762545166,1002019.1879121515
2023-06-23,1020805.9802636168,998804.765807243,1060118.6894665912,11568347.341233073,1258667.130435718,906437.2452006926,1880508.9419422976,1085627.592349444,1046998.3629260786,970969.2726952494,922646.8822590384,1015428.745876578,1000994.9268388153
2023-06-26,1015647.8649887516,993520.072792454,1056200.2700482528,11094114.19357031,1258667.130435718,906437.2452006926,1880508.9419422976,1085627.592349444,1046998.3629260786,949651.544784092,917984.7632386757,1010297.8016757118,995936.9164803176
2023-06-27,1015634.9832576676,993506.8749497052,1056190.4842985105,11408437.633225717,1258667.130435718,906437.2452006926,1880508.9419422976,1085627.592349444,1046998.3629260786,949598.3064938176,915453.4679004109,1010284.987800899,995924.2847484183
2023-06-28,1018020.6063580224,995951.0401268188,1058002.7493184137,11399329.08116834,1258667.130435718,906437.2452006926,1880508.9419422976,1085627.592349444,1046998.3629260786,959457.7341029188,918951.9018289564,1012658.044306996,998263.6094261477
2023-06-29,1016627.9094732814,994524.167110938,1056944.771699414,11353154.245653551,1258667.130435718,906437.2452006926,1880508.9419422976,1085627.592349444,1046998.3629260786,953701.9237594982,917668.3474388146,1011272.6836425791,996897.940980622
2023-06-30,1017401.6277577056,995316.872080723,1057532.5353666558,11663073.645207368,1258667.130435718,906437.2452006926,1880508.9419422976,1085627.592349444,1046998.3629260786,956899.5870508972,918381.4311769822,1012042.3262606716,997656.6435083158
2023-07-03,1017659.5504057532,995581.1240301,1057728.4691639217,11898353.932507548,1258667.130435718,906437.2452006926,1880508.9419422976,1085627.592349444,1046998.3629260786,957965.5432267896,918619.1410123713,1012298.890266079,997909.560582867
2023-07-05,1020045.163574164,998025.2790315445,1059540.7266389136,11946120.88534258,1258667.130435718,906437.2452006926,1880508.9419422976,1085627.592349444,1046998.3629260786,967824.9297886352,920817.7990901221,1014671.9368925501,1000248.8755214046
2023-07-06,1017930.344852941,995858.5636465563,1057934.1811660186,11810193.183929885,1258667.130435718,906437.2452006926,1880508.9419422976,1085627.592349444,1046998.3629260786,959084.6966457004,918868.7139132102,1012568.2582666732,998175.0996501255
2023-07-07,1017117.9317155462,995026.2142701796,1057317.0225249946,11842808.635051498,1258667.130435718,906437.2452006926,1880508.9419422976,1085627.592349444,1046998.3629260786,955727.1132472012,918119.9677498941,1011760.1246260128,997378.4532307743
2023-07-10,1013210.6454404548,991023.0450146622,1054348.809215003,11722528.294254834,1258667.130435718,906437.2452006926,1880508.9419422976,1085627.592349444,1046998.3629260786,939578.8766831056,914518.886633907,1007873.4205129822,993546.9967006476
2023-07-11,1014100.4482837908,991934.6832042217,1055024.7578035912,11771721.329742726,1258667.130435718,906437.2452006926,1880508.9419422976,1085627.592349444,1046998.3629260786,943256.3002958044,915338.9576475197,1008758.5361987785,992765.8110780519
2023-07-12,1016408.6816782044,994299.5595681524,1056778.23287593,12056033.427124543,1258667.130435718,906437.2452006926,1880508.9419422976,1085627.592349444,1046998.3629260786,952795.887690706,917466.3000285737,1011054.6106597397,992765.8110780519
2023-07-13,1023642.9406852094,1001711.3439126762,1062273.817883204,12488164.159904042,1258667.130435718,906437.2452006926,1880508.9419422976,1085627.592349444,1046998.3629260786,982694.0107322092,924133.6265729223,1018250.7622231666,992765.8110780519
2023-07-14,1023777.0863685546,1001848.7814684424,1062375.723137836,12441137.777465297,1258667.130435718,906437.2452006926,1880508.9419422976,1085627.592349444,1046998.3629260786,983248.415010831,923389.1298645848,1018384.2012758736,992765.8110780519
2023-07-17,1023777.0863685546,1001848.7814684424,1062375.723137836,12701929.266865471,1258667.130435718,906437.2452006926,1880508.9419422976,1085627.592349444,1046998.3629260786,983248.415010831,924250.560167973,1018384.2012758736,992765.8110780519
2023-07-18,1023777.0863685546,1001848.7814684424,1062375.723137836,12925386.418334473,1258667.130435718,906437.2452006926,1880508.9419422976,1085627.592349444,1046998.3629260786,983248.415010831,925246.2262572728,1018384.2012758736,992765.8110780519
2023-07-19,1023777.0863685546,1001848.7814684424,1062375.723137836,12853978.819185236,1258667.130435718,906437.2452006926,1880508.9419422976,1085627.592349444,1046998.3629260786,983248.415010831,927181.6376289804,1018384.2012758736,992765.8110780519
2023-07-20,1023777.0863685546,1001848.7814684424,1062375.723137836,12156292.586181631,1258667.130435718,906437.2452006926,1880508.9419422976,1085627.592349444,1046998.3629260786,983248.415010831,929541.0041446495,1018384.2012758736,992765.8110780519
2023-07-21,1023777.0863685546,1001848.7814684424,1062375.723137836,11920498.79589964,1258667.130435718,906437.2452006926,1880508.9419422976,1085627.592349444,1046998.3629260786,983248.415010831,929541.0041446495,1018384.2012758736,992765.8110780519
2023-07-24,1028741.9137355156,1006283.4632110492,1068322.876571482,12073140.980127532,1258667.130435718,906437.2452006926,1943671.201588304,1085627.592349444,1046998.3629260786,983248.415010831,929541.0041446495,1023321.9072297738,992765.8110780519
2023-07-25,1027285.9959035724,1004983.0086834616,1066578.8951410362,12189764.047633972,1258667.130435718,906437.2452006926,1925149.0953139924,1085627.592349444,1046998.3629260786,983248.415010831,929541.0041446495,1021873.9426550101,992765.8110780519
2023-07-26,1026927.796602646,1004663.0580018722,1066149.8235852737,12171542.124052169,1258667.130435718,906437.2452006926,1920592.1035843936,1085627.592349444,1046998.3629260786,983248.415010831,929541.0041446495,1021517.7000930558,992765.8110780519
2023-07-27,1023599.9835757568,1001690.5897603052,1062163.5793099748,12135416.826362517,1258667.130435718,906437.2452006926,1878255.8499904647,1085627.592349444,1046998.3629260786,983248.415010831,929541.0041446495,1018208.0659443069,992765.8110780519
2023-07-28,1027732.7870575892,1005382.0913558344,1067114.0870720623,12464159.588563478,1258667.130435718,906437.2452006926,1930833.147707305,1085627.592349444,1046998.3629260786,983248.415010831,929541.0041446495,1022318.2931184362,997479.1248127935
2023-07-31,1028114.095232494,1005722.6833395176,1067570.8397552983,12493671.759100445,1258667.130435718,906437.2452006926,1935684.129255779,1085627.592349444,1046998.3629260786,983248.415010831,929541.0041446495,1022697.5183172877,999524.8213623369
2023-08-01,1025664.4605566964,1003534.62132449,1064636.5276037226,12375073.363148969,1258667.130435718,906437.2452006926,1904520.012158732,1085627.592349444,1046998.3629260786,983248.415010831,929541.0041446495,1020261.2652858009,997188.5215809202
2023-08-02,1022983.7195097244,1001140.1305398206,1061425.3830575277,11907360.83190512,1258667.130435718,906437.2452006926,1870415.7725673777,1085627.592349444,1046998.3629260786,983248.415010831,929541.0041446495,1017595.1683502692,994631.8078047995
2023-08-03,1024990.4243057176,1002932.5588487712,1063829.1285325915,12010350.58417758,1258667.130435718,906437.2452006926,1895944.9601884573,1085627.592349444,1046998.3629260786,983248.415010831,929541.0041446495,1019590.9110995205,996545.670317674
2023-08-04,1022887.4286167274,1001054.121614718,1061310.0403330806,12013469.911429368,1258667.130435718,906437.2452006926,1869190.765143053,1085627.592349444,1046998.3629260786,983248.415010831,929541.0041446495,1017499.4034665149,994539.97191005
2023-08-07,1021959.1829977256,1000224.9943168316,1060198.134779818,12144107.536078682,1258667.130435718,906437.2452006926,1857381.6756281152,1085627.592349444,1046998.3629260786,983248.415010831,929541.0041446495,1016576.2285843171,991800.4664673966
2023-08-08,1021285.1467467472,999622.9318411124,1059390.7357086877,11992537.319596147,1258667.130435718,906437.2452006926,1848806.6236578412,1085627.592349444,1046998.3629260786,983248.415010831,929541.0041446495,1015905.8743980367,991800.4664673966
2023-08-09,1021615.0049414374,999917.5676875424,1059785.8586707108,11550491.664058512,1258667.130435718,906437.2452006926,1853003.061398665,1085627.592349444,1046998.3629260786,983248.415010831,929541.0041446495,1016233.930673005,991800.4664673966
2023-08-10,1021849.7930647308,1000170.3463067738,1060099.495939815,11570683.971856195,1262156.143017074,906437.2452006926,1851156.86647446,1085627.592349444,1046998.3629260786,983248.415010831,929888.3352780123,1016467.9107243307,992171.061393873
2023-08-11,1017435.721755334,995845.6336557246,1054527.0133897911,11294015.368667023,1231644.8888600715,906437.2452006926,1837615.484015697,1085627.592349444,1046998.3629260786,983248.415010831,926850.9405310577,1012078.2347656316,988930.2258487565
2023-08-14,1015173.2929725692,993696.422019927,1051721.9217737378,11714838.868291637,1221537.8428760918,906437.2452006926,1823067.3235982796,1085627.592349444,1046998.3629260786,983248.415010831,932592.8823987538,1009829.7608860068,987811.4579127674
2023-08-15,1012451.011452444,991258.5899140976,1048458.980959937,11625473.613729628,1221537.8428760918,906437.2452006926,1788836.4121306404,1085627.592349444,1046998.3629260786,983248.415010831,932963.3869996475,1007127.4610116635,985396.6722847886
2023-08-16,1009504.5365087116,988619.990208758,1044927.3207404956,11427727.711808354,1221537.8428760918,906437.2452006926,1751786.4148416417,1085627.592349444,1046998.3629260786,983248.415010831,932063.8652094522,1004202.6133016301,982998.5351124826
2023-08-17,1000858.4325042692,980580.5240035465,1035063.3570140548,11295341.776107617,1221537.8428760918,906437.2452006926,1719669.6833186117,1065063.9441076485,1025942.7504861678,983248.415010831,926152.665578399,995606.7679078504,976930.9180946881
2023-08-18,997506.344860382,977432.9677297672,1031162.0343642464,11228495.181333402,1221537.8428760918,906437.2452006926,1700893.0093875076,1049235.9592202432,1028516.0938069756,983248.415010831,923343.7574917158,992274.875116437,975030.6411297178
2023-08-21,1004780.6964777238,983975.0803530024,1039790.9273958324,11978816.91478808,1221537.8428760918,906437.2452006926,1780379.308291032,1049235.9592202432,1034840.1228724668,983248.415010831,933514.4605463686,999497.7702451119,979914.2525493065
2023-08-22,1006782.2799193388,985803.6698660504,1042072.9892451194,11820203.97273928,1221537.8428760918,906437.2452006926,1789994.2029424808,1049235.9592202432,1043047.9639765096,983248.415010831,931320.5117281397,1001487.1766600139,981972.4037515377
2023-08-23,1011808.4604814705,990408.6217668264,1047760.8162461212,12130861.37223623,1221537.8428760918,906437.2452006926,1808468.851167212,1049235.9592202432,1066650.45389909,983248.415010831,939760.5291851065,1006483.6960617529,984999.8982712204
2023-08-24,1009078.1644175516,987963.6125516384,1044488.2691583716,11978711.426474407,1221537.8428760918,906437.2452006926,1774137.1620478025,1049235.9592202432,1066650.45389909,983248.415010831,932539.1451054707,1003773.44047066,984999.8982712204
2023-08-25,1012501.0404598998,991028.8345166056,1048590.9462167849,11937481.402821863,1221537.8428760918,906437.2452006926,1817177.5918873083,1049235.9592202432,1066650.45389909,983248.415010831,931987.0838093779,1007171.192477846,984999.8982712204
2023-08-28,1012593.122192481,991111.294689217,1048701.3158612256,12073971.147687864,1221537.8428760918,906437.2452006926,1818335.459511383,1049235.9592202432,1066650.45389909,983248.415010831,935660.59077628,1007262.5983271468,984999.8982712204
2023-08-29,1019943.289627194,997693.447939386,1057511.264844714,12636077.380190317,1221537.8428760918,906437.2452006926,1910759.0126486905,1049235.9592202432,1066650.45389909,983248.415010831,944881.1143275193,1014558.8152644439,984999.8982712204
2023-08-30,1019831.1959697134,997593.06687481,1057376.908802821,12713181.73978876,1221537.8428760918,906437.2452006926,1909349.508144128,1049235.9592202432,1066650.45389909,983248.415010831,945969.3822622462,1014447.5443785031,983316.4447683542
2023-08-31,1020303.5897964322,998016.1005797584,1057943.1225048185,12755097.092494398,1221537.8428760918,906437.2452006926,1915289.5518687505,1049235.9592202432,1066650.45389909,983248.415010831,946179.9270964896,1014916.4708172809,982658.1845364721
2023-09-01,1015071.198364099,993330.438303572,1051671.5508719338,12483830.48743948,1221537.8428760918,906437.2452006926,1849495.6482771751,1049235.9592202432,1066650.45389909,983248.415010831,947118.9254341014,1009722.4853291601,989949.294205429
2023-09-05,1019667.0566467432,997446.078362267,1057180.1705551017,12646025.666381244,1221537.8428760918,906437.2452006926,1907285.563400935,1049235.9592202432,1066650.45389909,983248.415010831,949405.5013026268,1014284.6098441582,983545.1657691129
2023-09-06,1017837.5232232125,995807.7116887252,1054987.2822613232,12354083.794312203,1221537.8428760918,906437.2452006926,1884280.375956144,1049235.9592202432,1066650.45389909,983248.415010831,946942.8747763636,1012468.505262775,986094.5409461218
2023-09-07,1017665.3815737407,995653.5570075398,1054780.9523833648,12240013.206968823,1221537.8428760918,906437.2452006926,1882115.80718565,1049235.9592202432,1066650.45389909,983248.415010831,945432.0493824062,1012297.6271392975,986334.4128404792
2023-09-08,1016468.3740280024,994581.62399681,1053346.212902329,12112130.764519593,1221537.8428760918,906437.2452006926,1867064.2193827883,1049235.9592202432,1066650.45389909,983248.415010831,944398.9766529365,1011109.4056726623,988002.3907437791
2023-09-11,1022649.4260107258,1000116.8219033778,1060754.8540136735,12402527.86672956,1221537.8428760918,906437.2452006926,1944786.9095723624,1049235.9592202432,1066650.45389909,983248.415010831,946513.969889734,1017245.0885080862,977774.5811298933
2023-09-12,1022649.4260107258,1000116.8219033778,1060754.8540136735,12240554.6078238,1221537.8428760918,906437.2452006926,1944786.9095723624,1049235.9592202432,1066650.45389909,983248.415010831,943128.2931258329,1017245.0885080862,977774.5811298933
2023-09-13,1022649.4260107258,1000116.8219033778,1060754.8540136735,12364870.310620977,1221537.8428760918,906437.2452006926,1944786.9095723624,1049235.9592202432,1066650.45389909,983248.415010831,941093.2672808534,1017245.0885080862,977774.5811298933
2023-09-14,1022649.4260107258,1000116.8219033778,1060754.8540136735,12431280.164553314,1221537.8428760918,906437.2452006926,1944786.9095723624,1049235.9592202432,1066650.45389909,983248.415010831,940859.3492297377,1017245.0885080862,977774.5811298933
2023-09-15,1021800.4721877492,999334.0092682246,1059816.4099498545,12121346.066660678,1221537.8428760918,906437.2452006926,1944786.9095723624,1049235.9592202432,1058561.940735811,983248.415010831,935335.1207600596,1016402.4898119,976964.6764210563
2023-09-18,1023081.46444934,1000657.435746943,1061538.7961408985,12021304.797826536,1243723.0266369064,906437.2452006926,1944786.9095723624,1049235.9592202432,1054057.6855266006,983248.415010831,935645.4718768637,1017677.7573361311,978190.4618128171
2023-09-19,1022744.8440898426,1000292.5685512272,1061049.3627832052,11966542.702919664,1235226.6374707937,906437.2452006926,1944786.9095723624,1049235.9592202432,1057249.662492911,983248.415010831,935989.4702668014,1017342.1768285419,977867.9022900923
2023-09-20,1018973.1194097915,996658.2384881392,1056543.0577526507,11677093.35778348,1210823.207164639,906437.2452006926,1944786.9095723624,1049235.9592202432,1039693.8568248987,983248.415010831,931524.9639483369,1013594.4356851424,974190.8894102713
2023-09-21,1015771.9827727098,993463.544669306,1053017.9376083687,11363731.102826815,1187543.8530519488,906437.2452006926,1944786.9095723624,1049235.9592202432,1035881.2214288444,977441.9831213304,928797.1082049541,1010410.6526675452,972431.392460812
2023-09-22,1013539.761783462,991233.6255325289,1051128.5145530766,11314048.788373768,1198840.7386196498,891564.7609620928,1944786.9095723624,1049235.9592202432,1028184.9892533236,976494.4013011656,927545.3869193625,1008189.9845700038,971371.3211424223
2023-09-25,1019632.461285726,997187.807538706,1057555.896224611,11453660.822896443,1210499.3665131305,906410.4275596476,1971169.5323791648,1049235.9592202432,1037033.8534707417,980783.1404869095,931188.6358199525,1014250.724543133,974311.9006452915
2023-09-26,1008668.0977243088,986220.3714397772,1047162.5191724736,11324817.662029564,1204574.824609785,869883.331988889,1948264.6500563305,1049235.9592202432,1027191.9357657334,962882.5171854304,925031.3158025453,1003340.4205042114,967983.9288934043
2023-09-27,1009203.11011797,986968.8320750472,1047217.3299602396,11366333.553292088,1215185.7627610234,869883.331988889,1919374.3147242845,1049235.9592202432,1024248.2221713203,971915.8203262684,927062.4151203368,1003873.5773317163,970278.2059448173
2023-09-28,1013835.8197472548,991396.526800287,1052248.409983187,11542850.84881176,1227015.9686184134,869883.331988889,1966301.2600154432,1049235.9592202432,1022067.0897734746,980753.0922997084,928854.204740718,1008482.614447074,972199.84765505
2023-09-29,1016214.2275810748,993600.5689680892,1055379.7418059912,11643951.69030946,1234826.483255898,877754.9500322943,1996947.3736935416,1049235.9592202432,1024265.9456054994,973513.5218211968,929055.2588185337,1010848.7497636674,973547.1531693693
2023-10-02,1021985.482638056,999332.9877092382,1061197.6587989368,11887571.680980489,1259138.8560490008,877761.1370876214,2007960.870268445,1049235.9592202432,1029107.1490041978,990039.5880351526,934855.7963202351,1016588.9398217475,977383.6966944635
2023-10-03,1017754.9145831902,995345.5446663154,1056801.4682099435,11597715.487403076,1259138.8560490008,877761.1370876214,1967498.3262619197,1049235.9592202432,1022758.6419399348,981352.1342244218,929765.3387657468,1012381.8986454672,977383.6966944635
2023-10-04,1026763.902580746,1003778.926733059,1066500.8523241505,11881762.121275283,1259138.8560490008,881393.1875220017,2084256.9773902404,1049235.9592202432,1023024.6287460116,995381.9745107328,931950.1112977527,1021344.4086573997,977383.6966944635
2023-10-05,1024957.3622055966,1001988.2735561392,1064808.274935511,11947780.751372352,1259138.8560490008,876565.4737144759,2099896.7126535643,1049235.9592202432,1007623.6509292584,993690.1647330532,932199.9613460525,1019549.9920030506,977383.6966944635
2023-10-06,1026346.9485938788,1003415.3846404604,1066113.5670323572,12161565.454045285,1259138.8560490008,885849.5305560564,2099896.7126535643,1049235.9592202432,1007623.6509292584,993690.1647330532,934980.6711507542,1020934.0230295932,977383.6966944635
2023-10-09,1026555.3833716104,1003629.4480367104,1066309.3578593074,12097665.736156732,1259138.8560490008,887242.1178327738,2099896.7126535643,1049235.9592202432,1007623.6509292584,993690.1647330532,934483.2307338361,1021141.6245157789,977383.6966944635
2023-10-10,1027403.0319165986,1004499.9866691856,1067105.5868350707,12208525.754930718,1259138.8560490008,892905.3981726766,2099896.7126535643,1049235.9592202432,1007623.6509292584,993690.1647330532,935996.4021882159,1021985.8842867152,977383.6966944635
2023-10-11,1029035.8001635112,1006176.8465484604,1068639.3090323005,12365456.585148243,1259138.8560490008,903814.1932942268,2099896.7126535643,1049235.9592202432,1007623.6509292584,993690.1647330532,938906.4946762223,1023612.1249666301,977383.6966944635
2023-10-12,1029157.2387861138,1006301.5645263004,1068753.381014922,12316941.904051531,1259138.8560490008,904625.5448478346,2099896.7126535643,1049235.9592202432,1007623.6509292584,993690.1647330532,939014.4462316852,1023733.0780955034,977383.6966944635
2023-10-13,1029157.2387861138,1006301.5645263004,1068753.381014922,11965066.43973341,1259138.8560490008,904625.5448478346,2099896.7126535643,1049235.9592202432,1007623.6509292584,993690.1647330532,938477.6544691116,1023733.0780955034,977383.6966944635
2023-10-16,1029157.2387861138,1006301.5645263004,1068753.381014922,12130341.570007805,1259138.8560490008,904625.5448478346,2099896.7126535643,1049235.9592202432,1007623.6509292584,993690.1647330532,937684.3839164468,1023733.0780955034,977383.6966944635
2023-10-17,1029157.2387861138,1006301.5645263004,1068753.381014922,11822035.210423443,1259138.8560490008,904625.5448478346,2099896.7126535643,1049235.9592202432,1007623.6509292584,993690.1647330532,935309.4051443712,1023733.0780955034,976582.6367811651
2023-10-18,1029157.2387861138,1006301.5645263004,1068753.381014922,11371330.401938196,1259138.8560490008,904625.5448478346,2099896.7126535643,1049235.9592202432,1007623.6509292584,993690.1647330532,934898.1289145433,1023733.0780955034,978735.1389078078
2023-10-19,1027996.352215234,1005139.260583235,1067270.8834323164,11175763.091627512,1244168.1139535855,904625.5448478346,2099896.7126535643,1049235.9592202432,1007623.6509292584,993690.1647330532,932922.5374761506,1022577.5854868056,978561.1411343652
2023-10-20,1026017.0500466712,1003264.3592825314,1064712.9031296675,10941274.534441091,1230168.165538978,904625.5448478346,2065762.8572975344,1049235.9592202432,1014517.7662103792,993690.1647330532,931709.1806595852,1020615.2229884546,981087.9196915142
2023-10-23,1027372.4112536336,1004718.8754229352,1066627.8670173043,11201395.117475985,1261305.285957002,904625.5448478346,2066343.4235352536,1049235.9592202432,1004780.154302342,993690.1647330532,931638.3841268913,1021959.7634986353,982287.9033589264
2023-10-24,1028540.1857858244,1005856.5166911996,1068251.9706878627,11385046.446240384,1274795.092317855,904625.5448478346,2094985.8724758225,1049235.9592202432,993369.8261097518,993690.1647330532,931445.1592691656,1023113.0469318951,980458.8797935926
2023-10-25,1024845.2621184632,1002252.6000742316,1063533.4721643203,10943336.04946593,1237854.3558294715,904625.5448478346,2068536.7393895856,1049235.9592202432,997476.8821974988,993690.1647330532,929212.7568891756,1019440.7274825326,981117.2221516604
2023-10-26,1019140.1171968428,996691.5474910208,1057050.88716066,10598049.190056358,1220479.8858507266,904625.5448478346,2025573.0659787324,1023647.0206304818,1010245.13155243,987541.7836704392,925969.1997463458,1013775.3634038578,979474.16650289
2023-10-27,1019972.4347619982,997355.8707869112,1057887.841695282,10681605.256188393,1206999.838296426,904625.5448478346,2035507.6587403512,1028008.1571925518,1019635.034780424,986950.6379850858,928965.3907123746,1014606.012774104,981332.615574676
2023-10-30,1018483.0500053808,996474.418609542,1055345.756016902,10720950.111348676,1220076.1914496927,904625.5448478346,1958539.6218125664,1041750.4191829306,999414.486290086,999257.2050553588,931013.5775312611,1013138.0357630989,982301.2104427887
2023-10-31,1016908.189051664,994926.5050605626,1053610.0080788797,10708631.750767048,1212539.0263911888,904625.5448478346,1958539.6218125664,1038529.1046253094,996748.2354105044,997215.0992803784,929588.0010990318,1011568.1037760482,981551.0776207913
2023-11-01,1022469.1493826972,1000611.6500314508,1059512.7254584015,11050646.825481351,1243102.9951678433,904625.5448478346,1958539.6218125664,1063047.3517415512,982671.6563383328,1009951.5942482684,934614.9619446329,1017104.6844621298,981307.6077924313
2023-11-02,1023793.9273837912,1002046.6586937028,1060911.3412276208,11393870.788547602,1261873.2842688158,904625.5448478346,1958539.6218125664,1060776.216808746,975186.2541236486,1015540.6155263276,936130.9706132169,1018427.3175655563,982095.2720696036
2023-11-03,1024717.6463391148,1003102.3479587825,1061469.484157147,11657649.531413255,1261873.2842688158,904625.5448478346,1958539.6218125664,1069420.22390658,962517.3771803648,1024192.8161623372,939084.6467854206,1019351.9261175607,982095.2720696036
2023-11-06,1024921.6590955184,1003345.1869800808,1061582.9687315382,11774079.097271752,1261873.2842688158,904625.5448478346,1958539.6218125664,1072201.148629075,958575.9628366356,1026314.046337291,940595.9252790626,1019555.6426192299,981377.2167081562
2023-11-07,1025278.8491476434,1003675.4952730176,1061924.5732880374,11860259.179935044,1256479.2228438656,904625.5448478346,1958539.6218125664,1079199.6199729913,958791.2591995692,1026314.046337291,941583.9327936686,1019908.7421293699,981096.9128851197
2023-11-08,1024261.1277615122,1002678.7442653008,1060657.7501987284,11955305.760385208,1245089.4304706077,904625.5448478346,1958539.6218125664,1081424.416870291,955412.8498988166,1026314.046337291,942326.8294730464,1018893.3690741127,979429.2525327082
2023-11-09,1024195.851459092,1002578.659550294,1060500.818785345,11846960.55426326,1238170.8477647784,904625.5448478346,1958539.6218125664,1083208.7525333343,957896.9706685572,1026314.046337291,943281.6886784112,1018828.8655385849,978620.9737187619
2023-11-10,1022743.1837044116,1001191.764467512,1058609.8161329026,12162308.546064831,1212686.4310953745,904625.5448478346,1958539.6218125664,1102257.8976747275,944230.6619272528,1026314.046337291,945118.8758069628,1017369.7867993873,976763.2533153853
2023-11-13,1022442.849008373,1000885.3957677422,1058212.533039612,12302524.066652246,1207442.2815611735,904625.5448478346,1958539.6218125664,1103231.2820168615,944230.6619272528,1026314.046337291,945614.2579654381,1017070.4799005783,977158.5233392032
2023-11-14,1022738.7850051066,1001119.4535605276,1058332.3759281086,12658216.974467045,1188379.4822528914,904625.5448478346,1958539.6218125664,1119731.1926132871,944230.6619272528,1026314.046337291,948619.1646449664,1017359.055512183,975949.0287268893
2023-11-15,1021830.1597087004,1000352.849471305,1057388.7747892651,12623343.683088925,1202511.067422528,904625.5448478346,1937536.8065058088,1111388.4898449334,944230.6619272528,1026314.046337291,947809.6122478719,1016453.1886816057,974099.5898483208
2023-11-16,1024013.9404298756,1002259.8937156626,1059915.2180188107,12617252.994559515,1191617.7475823313,904625.5448478346,1988009.711098754,1114818.361261894,944230.6619272528,1026314.046337291,948142.4373172078,1018636.3815781539,975250.6452951243
2023-11-17,1024279.250311352,1002541.0171042864,1060237.404472095,12602141.68962397,1194966.7547289156,904625.5448478346,1984135.5380036873,1116788.2632643492,944230.6619272528,1026314.046337291,948333.5910634707,1018898.932951673,975055.3188839916
2023-11-20,1023509.5962491862,1001760.5303707796,1059108.309625626,12809984.185652263,1173974.6060151006,904625.5448478346,1977042.0320575351,1128212.9808872873,944230.6619272528,1026314.046337291,949442.2135080891,1018127.1613825876,974697.6815185949
2023-11-21,1021159.269599287,999588.8796390004,1056345.952455231,12799934.207037572,1173974.6060151006,904625.5448478346,1946485.5127464808,1121283.980897064,944230.6619272528,1026314.046337291,948769.8428498857,1015783.6853650727,973157.0959259334
2023-11-22,1024285.960267162,1002486.9895104136,1060011.4658744298,12569379.877926698,1173974.6060151006,904625.5448478346,1984626.6057416408,1131735.3855769983,944230.6619272528,1026314.046337291,949784.0177457887,1018900.2818223892,975080.0773283159
2023-11-24,1023120.9890073336,1001380.1352489734,1058673.362701705,12437748.98407253,1173974.6060151006,904625.5448478346,1977860.5615475008,1124180.7150087568,944230.6619272528,1026314.046337291,949050.9337755701,1017741.9815744727,974738.9497902384
2023-11-27,1022064.2418099984,1000366.2966631944,1057469.5862593132,12510379.72696996,1173974.6060151006,904625.5448478346,1974422.92086174,1116000.3738624973,944230.6619272528,1026314.046337291,948257.1364933362,1016692.3409603487,975062.1006035744
2023-11-28,1020072.4091944416,998642.7403942912,1055009.2196587357,12584660.726674514,1173974.6060151006,904625.5448478346,1916365.4425846892,1125941.845954482,944230.6619272528,1026314.046337291,949221.8289660492,1014693.7428981622,971588.1882027905
2023-11-29,1019128.8652137956,997675.2070923724,1053998.0292254614,12572858.336215217,1173974.6060151006,904625.5448478346,1930443.3005596565,1110206.6914417206,944230.6619272528,1026314.046337291,947694.9338568555,1013763.2466107919,972712.2824400883
2023-11-30,1019042.1057681552,997510.4543296668,1053982.4562692672,12299384.321561946,1173974.6060151006,904625.5448478346,1952596.7999566828,1098503.660009229,944230.6619272528,1026314.046337291,946559.3046234394,1013685.8401438699,972049.8404815993
2023-12-01,1019078.8716467542,997531.3557610648,1054081.887202751,12266902.21533795,1177033.5696925735,904625.5448478346,1959417.4627395133,1093104.1007872042,944230.6619272528,1026314.046337291,946147.119607281,1013724.9403179778,972030.9565480391
2023-12-04,1017056.0528691856,995433.4848071682,1051642.2925036063,11995462.724865822,1155921.799105459,904625.5448478346,1977151.1859748724,1081980.5446954858,944230.6619272528,1026314.046337291,941007.4615084194,1011725.4889520382,967983.2505372172
2023-12-05,1020105.0046101034,998590.217039244,1054370.872758041,12204436.614279564,1173754.8543279115,904625.5448478346,1960017.684394804,1077971.4835342732,949659.0587075218,1040662.248702539,944034.2786806474,1014751.1114587674,970123.7744038941
2023-12-06,1016823.5353773566,995444.622016988,1050507.4164170565,12026680.918036662,1155871.3385168193,904625.5448478346,1956470.97305175,1076024.857648266,937898.9621252944,1040662.248702539,940431.4059919678,1011490.8800104791,966235.4995756544
2023-12-07,1022697.5821411752,1001331.553174148,1056456.975145734,12290891.618207833,1174259.5245773045,904625.5448478346,1938628.0958990532,1097205.9808176882,945259.5118719687,1054517.683130978,948742.9120250938,1017321.3118621814,976000.1860666323
2023-12-08,1025452.181747316,1004062.423491178,1059692.658196124,12442771.735357108,1189569.0998268016,904625.5448478346,1932080.2762795445,1111481.2373150743,947717.6637623946,1054517.683130978,951878.5279586039,1020051.9381533265,978505.5406418818
2023-12-11,1025491.141075518,1003848.9119538844,1059606.6043216265,12250393.891285293,1174781.057931574,904625.5448478346,1954452.000251202,1094170.1612003488,964215.8106537006,1054517.683130978,949910.0724436583,1020104.8952095674,977800.6001544131
2023-12-12,1029414.394579936,1007698.0630076329,1064231.552138067,12388885.108002536,1192109.5072676293,904625.5448478346,1959318.2154144044,1114887.7612164568,964215.8106537006,1054517.683130978,954137.7050959447,1023998.4648635506,982357.2405243381
2023-12-13,1030149.7588928732,1008435.9056179512,1065137.8234571405,12516047.672398409,1199360.4492757712,904625.5448478346,1959318.2154144044,1116092.8357361176,964215.8106537006,1054517.683130978,955289.9317408387,1024727.8594332372,984725.0997727806
2023-12-14,1030128.81055709,1008429.9339132252,1065161.305312413,12666837.462985022,1203768.0915852552,904625.5448478346,1959318.2154144044,1112454.4074598176,964215.8106537006,1054517.683130978,954846.69833457,1024707.0242592164,981484.0880501567
2023-12-15,1031322.7020915024,1009619.0848242152,1066603.95676966,12796212.886007838,1212852.735341286,904625.5448478346,1959318.2154144044,1116510.0922530566,964215.8106537006,1054517.683130978,956956.7090726288,1025891.2568320069,981184.0678285103
2023-12-18,1035399.2255046656,1013643.3881699346,1071411.81208352,13024022.912158994,1232822.5776584446,904625.5448478346,1959318.2154144044,1138988.8232148895,964215.8106537006,1054517.683130978,959066.5419467916,1029934.9361297352,982781.5009172581
2023-12-19,1036429.5969999386,1014618.1498726632,1072488.08386556,13044378.167363266,1224864.9299573642,904625.5448478346,1959318.2154144044,1154828.6823623334,964215.8106537006,1054517.683130978,958451.4264365612,1030957.1664003019,982781.5009172581
2023-12-20,1034329.1714158168,1012496.274794311,1069852.4131705046,12694402.440072248,1199747.2708800118,904625.5448478346,1959318.2154144044,1154828.6823623334,964215.8106537006,1054517.683130978,956509.8650280229,1028873.84657064,982781.5009172581
2023-12-21,1035565.80404268,1013745.535883042,1071404.1731565818,12939907.561184306,1214535.377138235,904625.5448478346,1959318.2154144044,1154828.6823623334,964215.8106537006,1054517.683130978,957652.9658372148,1030100.4081270344,982781.5009172581
2023-12-22,1035340.696548432,1013518.129596618,1071121.702199119,12886552.81676191,1211843.4592054964,904625.5448478346,1959318.2154144044,1154828.6823623334,964215.8106537006,1054517.683130978,957444.884186092,1029877.1338962701,982781.5009172581
2023-12-26,1035972.3743135296,1014156.258039464,1071914.3485022162,13010905.060017215,1219397.2934714677,904625.5448478346,1959318.2154144044,1154828.6823623334,964215.8106537006,1054517.683130978,958028.7854585847,1030503.6673111802,982781.5009172581
2023-12-27,1036166.5284508672,1014352.3948740608,1072157.978352268,13089086.8771674,1221719.0598158557,904625.5448478346,1959318.2154144044,1154828.6823623334,964215.8106537006,1054517.683130978,958208.2548876435,1030696.2402675296,982781.5009172581
2023-12-28,1036314.239097198,1014501.6139378668,1072343.3296567013,13002255.69113896,1223485.4378702282,904625.5448478346,1959318.2154144044,1154828.6823623334,964215.8106537006,1054517.683130978,958344.7935456728,1030842.7479661978,982781.5009172581
2023-12-29,1036314.239097198,1014501.6139378668,1072343.3296567013,12923378.300627427,1223485.4378702282,904625.5448478346,1959318.2154144044,1154828.6823623334,964215.8106537006,1054517.683130978,958344.7935456728,1030842.7479661978,982781.5009172581
2024-01-02,1035836.5379161568,1014019.0344841536,1071743.8973257577,12666453.00729766,1217772.9120388215,904625.5448478346,1959318.2154144044,1154828.6823623334,964215.8106537006,1054517.683130978,956583.9951112701,1030368.9371582171,982781.5009172581
2024-01-03,1036651.0204889636,1014759.2948241604,1072644.3848975464,12456042.884922031,1217772.9120388215,904625.5448478346,1959318.2154144044,1154828.6823623334,969070.591991144,1054517.683130978,955805.0371915431,1031180.6749971837,983297.6661489283
2024-01-04,1037135.3897427068,1015073.8945837345,1073345.1000656043,12493485.820366643,1217772.9120388215,899646.5459157462,1959318.2154144044,1154828.6823623334,978158.2936678987,1054517.683130978,954775.9519676106,1031665.3939908147,982958.3923168713
2024-01-05,1037504.3542340423,1015479.2638509204,1073660.940982794,12653456.809807995,1217772.9120388215,902421.9081149574,1959318.2154144044,1154828.6823623334,976901.242177799,1054517.683130978,956568.6402420783,1032032.010298863,985301.1756078431
2024-01-08,1044637.6362184284,1022365.9484640228,1081016.9425940446,13208479.566417756,1217772.9120388215,918411.3544738416,1959318.2154144044,1154828.6823623334,999507.2587565609,1054517.683130978,964888.8702330656,1039134.8887385433,996802.2107483731
2024-01-09,1045585.804821574,1023464.9701552388,1081753.2464493318,13284136.54951496,1217772.9120388215,927814.427486842,1959318.2154144044,1154828.6823623334,993448.7909720576,1054517.683130978,964930.2378571392,1040076.1189578183,998088.1621644639
2024-01-10,1045693.5160257374,1023814.2748492352,1081506.3202234134,13476864.593120309,1217772.9120388215,937590.3594037838,1951240.487109661,1154828.6823623334,985700.5239985612,1054517.683130978,964534.3221549602,1040187.2926360159,997589.6595522999
2024-01-11,1048530.6927098768,1026531.492886829,1084297.1493686214,13492874.679430367,1217772.9120388215,942214.0325388032,1913904.260092768,1154828.6823623334,1014344.4125585364,1054517.683130978,961925.9468042187,1043048.7366910195,997883.8331135351
2024-01-12,1045268.5520791135,1023590.8161007712,1080478.1010289828,13382733.85942474,1217772.9120388215,942214.0325388032,1872706.077955946,1154828.6823623334,1014200.1633255724,1054517.683130978,958632.6142848507,1039836.9476620908,994921.8705873735
2024-01-16,1044744.19242621,1023087.8140002874,1080103.0265198564,13600589.13123992,1217772.9120388215,942214.0325388032,1912192.6916118208,1154828.6823623334,991697.2043731954,1054517.683130978,960620.0572393126,1039305.7475846618,994921.8705873735
2024-01-17,1041308.3055142811,1019990.4051903444,1076107.836250235,13488265.025549438,1217772.9120388215,942214.0325388032,1874280.99517373,1154828.6823623334,989821.9643446588,1054517.683130978,958711.8831265809,1035889.7034684552,994921.8705873735
2024-01-18,1040402.687641681,1019188.671502316,1074941.1942153175,13634459.712447798,1217772.9120388215,942214.0325388032,1842369.1059462223,1154828.6823623334,1000084.2556884182,1054517.683130978,957105.6917230458,1034994.0937449224,994921.8705873735
2024-01-19,1039808.7029224136,1018647.0114887072,1074298.458546133,14012623.42870221,1217772.9120388215,942214.0325388032,1845064.640738133,1154828.6823623334,995220.9733742093,1054517.683130978,957241.3635655942,1034401.5231165203,994921.8705873735
2024-01-22,1038336.038846591,1017328.2760209726,1072517.5119665146,13993155.671572262,1217772.9120388215,942214.0325388032,1815587.4366568932,1154828.6823623334,1000908.5594796248,1054517.683130978,955757.7149023014,1032940.2473614076,994921.8705873735
2024-01-23,1040819.739102078,1019583.662887387,1075278.800282247,14056076.987426918,1217772.9120388215,942214.0325388032,1818543.8210944475,1154828.6823623334,1014262.0293453776,1054517.683130978,955906.5158471559,1035414.9333219063,994921.8705873735
2024-01-24,1055400.717142713,1032843.5277203012,1091340.4138936969,14368195.277058922,1217772.9120388215,942214.0325388032,1807152.9443000425,1154828.6823623334,1106762.892155005,1054517.683130978,955333.1894528624,1049949.2577978387,994921.8705873735
2024-01-25,1042251.8782793988,1020999.801865156,1075975.3768220504,14152611.30121477,1217772.9120388215,942214.0325388032,1647444.4683979244,1154828.6823623334,1106762.892155005,1054517.683130978,947294.7314588256,1036879.5433252313,994921.8705873735
2024-01-26,1042251.8782793988,1020999.801865156,1075975.3768220504,14099182.916292658,1217772.9120388215,942214.0325388032,1647444.4683979244,1154828.6823623334,1106762.892155005,1054517.683130978,947294.7314588256,1036879.5433252313,994921.8705873735
2024-01-29,1042251.8782793988,1020999.801865156,1075975.3768220504,14435715.72058417,1217772.9120388215,942214.0325388032,1647444.4683979244,1154828.6823623334,1106762.892155005,1054517.683130978,947294.7314588256,1036879.5433252313,994921.8705873735
2024-01-30,1042251.8782793988,1020999.801865156,1075975.3768220504,14444269.082667813,1217772.9120388215,942214.0325388032,1647444.4683979244,1154828.6823623334,1106762.892155005,1054517.683130978,947294.7314588256,1036879.5433252313,994921.8705873735
2024-01-31,1042251.8782793988,1020999.801865156,1075975.3768220504,14127865.878378838,1217772.9120388215,942214.0325388032,1647444.4683979244,1154828.6823623334,1106762.892155005,1054517.683130978,947294.7314588256,1036879.5433252313,994921.8705873735
2024-02-01,1041019.4246913366,1019744.937589113,1075018.3809900428,14401019.515172126,1217772.9120388215,942214.0325388032,1647444.4683979244,1154828.6823623334,1106762.892155005,1048890.2177673262,947294.7314588256,1035646.3077272582,994921.8705873735
2024-02-02,1036155.283047649,1014792.3473728164,1071241.3922868636,15019543.940620989,1217772.9120388215,942214.0325388032,1647444.4683979244,1154828.6823623334,1106762.892155005,1026680.2222844256,950259.5640726204,1030779.0797142255,994921.8705873735
2024-02-05,1036155.283047649,1014792.3473728164,1071241.3922868636,15368411.107743189,1217772.9120388215,942214.0325388032,1647444.4683979244,1154828.6823623334,1106762.892155005,1026680.2222844256,951567.8917396294,1030779.0797142255,994921.8705873735
2024-02-06,1036155.283047649,1014792.3473728164,1071241.3922868636,15235492.19414321,1217772.9120388215,942214.0325388032,1647444.4683979244,1154828.6823623334,1106762.892155005,1026680.2222844256,951990.591041333,1030779.0797142255,994921.8705873735
2024-02-07,1036155.283047649,1014792.3473728164,1071241.3922868636,15578389.86607919,1217772.9120388215,942214.0325388032,1647444.4683979244,1154828.6823623334,1106762.892155005,1026680.2222844256,953439.8081403776,1030779.0797142255,994921.8705873735
2024-02-08,1036155.283047649,1014792.3473728164,1071241.3922868636,15533762.662539665,1217772.9120388215,942214.0325388032,1647444.4683979244,1154828.6823623334,1106762.892155005,1026680.2222844256,953812.2008612102,1030779.0797142255,994921.8705873735
2024-02-09,1036155.283047649,1014792.3473728164,1071241.3922868636,15981754.249479365,1217772.9120388215,942214.0325388032,1647444.4683979244,1154828.6823623334,1106762.892155005,1026680.2222844256,956922.046721345,1030779.0797142255,994921.8705873735
2024-02-12,1036155.283047649,1014792.3473728164,1071241.3922868636,15910872.094066575,1217772.9120388215,942214.0325388032,1647444.4683979244,1154828.6823623334,1106762.892155005,1026680.2222844256,957266.8969681393,1030779.0797142255,994921.8705873735
2024-02-13,1036155.283047649,1014792.3473728164,1071241.3922868636,15796603.664075976,1217772.9120388215,942214.0325388032,1647444.4683979244,1154828.6823623334,1106762.892155005,1026680.2222844256,956866.4455779389,1030779.0797142255,994921.8705873735
2024-02-14,1036155.283047649,1014792.3473728164,1071241.3922868636,16187613.832897097,1217772.9120388215,942214.0325388032,1647444.4683979244,1154828.6823623334,1106762.892155005,1026680.2222844256,955383.7871022994,1030779.0797142255,994921.8705873735
2024-02-15,1036155.283047649,1014792.3473728164,1071241.3922868636,16169729.049579134,1217772.9120388215,942214.0325388032,1647444.4683979244,1154828.6823623334,1106762.892155005,1026680.2222844256,946466.6506329398,1030779.0797142255,994921.8705873735
2024-02-16,1036155.283047649,1014792.3473728164,1071241.3922868636,16112906.06160598,1217772.9120388215,942214.0325388032,1647444.4683979244,1154828.6823623334,1106762.892155005,1026680.2222844256,944446.120277798,1030779.0797142255,995815.7007070543
2024-02-20,1037553.4770287992,1016224.1282877288,1072336.9030288209,15553448.129883025,1217772.9120388215,942214.0325388032,1647444.4683979244,1154828.6823623334,1106762.892155005,1032979.8624224892,948069.454784148,1032170.3767112775,998794.452902083
2024-02-21,1038691.9466427672,1017383.3253635736,1073159.7465809053,15284557.253199833,1217772.9120388215,940127.4822615362,1647444.4683979244,1154828.6823623334,1106762.892155005,1039988.0775968056,949015.9404805669,1033302.7702005681,998308.4161299113
2024-02-22,1044817.993093548,1023727.1959175668,1078697.914809918,17008897.553677224,1217772.9120388215,962399.1651038956,1647444.4683979244,1154828.6823623334,1106762.892155005,1047535.3862460696,949278.0181618821,1039403.5114580377,997037.9959562154
2024-02-23,1044981.301312588,1023899.2640363624,1078876.404799326,16973077.183288306,1217772.9120388215,963923.616381466,1647444.4683979244,1154828.6823623334,1106762.892155005,1046898.5297057172,951800.8849641487,1039566.3504153833,999655.83324573
2024-02-26,1037837.3914418492,1016580.6781935846,1073246.9723122143,17075392.40811106,1217772.9120388215,962956.8635057756,1647444.4683979244,1154828.6823623334,1106762.892155005,1015581.7359234192,941745.4568770211,1032457.466613688,996080.3731063311
2024-02-27,1038378.1173172034,1017120.3542971446,1073523.9672751953,17055675.12754173,1217772.9120388215,958532.2670697824,1647444.4683979244,1154828.6823623334,1106762.892155005,1022002.0138364432,942902.9165522063,1032994.5491178675,996650.7953992647
2024-02-28,1035376.3989214562,1014042.0467777652,1071125.230002273,16906082.02332624,1217772.9120388215,957119.412206912,1647444.4683979244,1154828.6823623334,1106762.892155005,1009749.7727352608,939260.0356056582,1030007.3258571257,992887.3324960023
2024-02-29,1040313.9172875396,1019140.6429415472,1075437.583384903,17160952.596088693,1217772.9120388215,970504.684460944,1647444.4683979244,1154828.6823623334,1106762.892155005,1019943.6294802022,941431.4367697485,1034923.4413895435,995170.6564087064
2024-03-01,1040089.9808375168,1018930.5677690991,1075463.144375618,17676394.70416145,1217772.9120388215,976568.6840471436,1647444.4683979244,1154828.6823623334,1106762.892155005,1013474.507780833,939732.2435210163,1034701.9473188729,993404.7705035736
2024-03-04,1037089.2233370508,1015857.7271065232,1073111.9955936268,17896612.00679433,1217772.9120388215,976568.6840471436,1647444.4683979244,1154828.6823623334,1106762.892155005,999954.4292728568,942991.0910655411,1031715.9918966895,995169.3245317991
2024-03-05,1038171.2556758656,1016962.7649072964,1073959.7975448023,17851701.84624975,1217772.9120388215,976568.6840471436,1647444.4683979244,1154828.6823623334,1106762.892155005,1004688.5386959112,944566.8808776863,1032794.3481294682,997508.6228040147
2024-03-06,1035973.0215290736,1014717.7933477436,1072237.420928192,18195843.34635169,1217772.9120388215,976568.6840471436,1647444.4683979244,1154828.6823623334,1106762.892155005,995070.8215398724,946615.6585821253,1030603.5822823988,997508.6228040147
2024-03-07,1041131.0384585834,1019985.4766504258,1076278.8683601837,18868751.292511452,1217772.9120388215,976568.6840471436,1647444.4683979244,1154828.6823623334,1106762.892155005,1017638.1845236938,945586.3943815108,1035744.0753205342,997508.6228040147
2024-03-08,1042913.7976064734,1021806.1396541313,1077675.7089441842,18065732.632292513,1217772.9120388215,976568.6840471436,1647444.4683979244,1154828.6823623334,1106762.892155005,1025438.1148754128,947201.0204505592,1037520.7777070602,997508.6228040147
2024-03-11,1047327.6292061242,1026313.8152465302,1081134.0668029184,17796345.911884062,1217772.9120388215,976568.6840471436,1647444.4683979244,1154828.6823623334,1106762.892155005,1044749.5171488147,946015.6557819464,1041919.6137170196,997508.6228040147
2024-03-12,1047327.6292061242,1026313.8152465302,1081134.0668029184,18744862.5892965,1217772.9120388215,976568.6840471436,1647444.4683979244,1154828.6823623334,1106762.892155005,1044749.5171488147,946127.8557845503,1041919.6137170196,998673.0442280719
2024-03-13,1047327.6292061242,1026313.8152465302,1081134.0668029184,18501182.29594193,1217772.9120388215,976568.6840471436,1647444.4683979244,1154828.6823623334,1106762.892155005,1044749.5171488147,950059.5451420799,1041919.6137170196,999487.3117998416
2024-03-14,1047327.6292061242,1026313.8152465302,1081134.0668029184,18016359.71252413,1217772.9120388215,976568.6840471436,1647444.4683979244,1154828.6823623334,1106762.892155005,1044749.5171488147,950844.4464618112,1041919.6137170196,1001011.4577493528
2024-03-15,1047327.6292061242,1026313.8152465302,1081134.0668029184,17960873.357422136,1217772.9120388215,976568.6840471436,1647444.4683979244,1154828.6823623334,1106762.892155005,1044749.5171488147,950844.4464618112,1041919.6137170196,999173.5219480025
2024-03-18,1047327.6292061242,1026313.8152465302,1081134.0668029184,18246068.76444513,1217772.9120388215,976568.6840471436,1647444.4683979244,1154828.6823623334,1106762.892155005,1044749.5171488147,950844.4464618112,1041919.6137170196,991374.9313621168
2024-03-19,1047327.6292061242,1026313.8152465302,1081134.0668029184,18359316.6508573,1217772.9120388215,976568.6840471436,1647444.4683979244,1154828.6823623334,1106762.892155005,1044749.5171488147,951740.3149706048,1041919.6137170196,993297.073122171
2024-03-20,1047327.6292061242,1026313.8152465302,1081134.0668029184,18597341.93187363,1217772.9120388215,976568.6840471436,1647444.4683979244,1154828.6823623334,1106762.892155005,1044749.5171488147,950118.8587352847,1041919.6137170196,993172.7112410108
2024-03-21,1047327.6292061242,1026313.8152465302,1081134.0668029184,18706224.779677663,1217772.9120388215,976568.6840471436,1647444.4683979244,1154828.6823623334,1106762.892155005,1044749.5171488147,951199.8149526967,1041919.6137170196,994299.5383539128
2024-03-22,1047327.6292061242,1026313.8152465302,1081134.0668029184,19126176.06298314,1217772.9120388215,976568.6840471436,1647444.4683979244,1154828.6823623334,1106762.892155005,1044749.5171488147,948194.018474239,1041919.6137170196,991667.2788306095
2024-03-25,1047327.6292061242,1026313.8152465302,1081134.0668029184,19241416.243108656,1217772.9120388215,976568.6840471436,1647444.4683979244,1154828.6823623334,1106762.892155005,1044749.5171488147,948857.7504513714,1041919.6137170196,992943.7879374113
2024-03-26,1047327.6292061242,1026313.8152465302,1081134.0668029184,18937542.22527046,1217772.9120388215,976568.6840471436,1647444.4683979244,1154828.6823623334,1106762.892155005,1044749.5171488147,948288.8561074312,1041919.6137170196,991369.4513874914
2024-03-27,1047327.6292061242,1026313.8152465302,1081134.0668029184,18606190.76983311,1217772.9120388215,976568.6840471436,1647444.4683979244,1154828.6823623334,1106762.892155005,1044749.5171488147,948099.2100533164,1041919.6137170196,992236.5698690072
2024-03-28,1047327.6292061242,1026313.8152465302,1081134.0668029184,18552515.55815458,1217772.9120388215,976568.6840471436,1647444.4683979244,1154828.6823623334,1106762.892155005,1044749.5171488147,948042.2899460393,1041919.6137170196,992560.0124068668
2024-04-01,1047327.6292061242,1026313.8152465302,1081134.0668029184,18591543.530463293,1217772.9120388215,976568.6840471436,1647444.4683979244,1154828.6823623334,1106762.892155005,1044749.5171488147,943817.1081195821,1041919.6137170196,989949.1724609637
2024-04-02,1047327.6292061242,1026313.8152465302,1081134.0668029184,18358329.88958306,1217772.9120388215,976568.6840471436,1647444.4683979244,1154828.6823623334,1106762.892155005,1044749.5171488147,943817.1081195821,1041919.6137170196,989754.3055524778
2024-04-03,1047327.6292061242,1026313.8152465302,1081134.0668029184,18359932.767474648,1217772.9120388215,976568.6840471436,1647444.4683979244,1154828.6823623334,1106762.892155005,1044749.5171488147,943817.1081195821,1041919.6137170196,990951.3512014342
2024-04-04,1047327.6292061242,1026313.8152465302,1081134.0668029184,17900986.196801428,1217772.9120388215,976568.6840471436,1647444.4683979244,1154828.6823623334,1106762.892155005,1044749.5171488147,943817.1081195821,1041919.6137170196,991897.8491918269
2024-04-05,1048481.76799,1027469.0845285648,1082563.1763936908,18220834.794258688,1227431.2754263915,976568.6840471436,1647444.4683979244,1154828.6823623334,1106762.892155005,1044749.5171488147,944857.1816962869,1043067.7949164859,992990.9070892306
2024-04-08,1047504.5744273704,1026490.9337885672,1081353.168800232,18178072.961167622,1219253.670913201,976568.6840471436,1647444.4683979244,1154828.6823623334,1106762.892155005,1044749.5171488147,943976.5655884007,1042095.6455592976,992065.4298798628
2024-04-09,1045517.7509015888,1024502.1641360556,1078892.9893178898,17956543.288069185,1202627.0191906665,976568.6840471436,1647444.4683979244,1154828.6823623334,1106762.892155005,1044749.5171488147,942186.1027085365,1040119.0778788499,990183.7557034609
2024-04-10,1047399.5833701472,1026385.8398908552,1081223.1638745514,18142905.530814048,1218375.057528682,976568.6840471436,1647444.4683979244,1154828.6823623334,1106762.892155005,1044749.5171488147,943881.950949387,1041991.196458635,991965.9953007137
2024-04-11,1051394.4132027682,1030384.5827258232,1086169.752367254,18748494.21750496,1251805.6282139418,976568.6840471436,1647444.4683979244,1154828.6823623334,1106762.892155005,1044749.5171488147,947481.965965249,1045965.4052565403,995749.4053709192
2024-04-12,1048680.556299208,1027668.0675542318,1082809.3255424683,18304827.01579015,1229094.827292384,976568.6840471436,1647444.4683979244,1154828.6823623334,1106762.892155005,1044749.5171488147,945036.3234690558,1043265.5570942196,993179.1748559211
2024-04-15,1046240.3409368302,1025225.4619602696,1079787.734702056,17802405.109787475,1208673.98445871,976568.6840471436,1647444.4683979244,1154828.6823623334,1106762.892155005,1044749.5171488147,942837.2781243051,1040837.937954412,990868.1038560751
2024-04-16,1047819.5134194816,1026806.181268666,1081743.1412545177,17968410.08838844,1221889.225036519,976568.6840471436,1647444.4683979244,1154828.6823623334,1106762.892155005,1044749.5171488147,945796.458939272,1042408.9588581598,992824.9022203542
2024-04-17,1044044.6974015736,1023027.6677556064,1077068.984342056,17438952.817401092,1190299.8309952402,976568.6840471436,1647444.4683979244,1154828.6823623334,1106762.892155005,1044749.5171488147,941759.4231391413,1038653.6281789052,992157.3253652232
2024-04-18,1044754.9742510532,1023738.640333088,1077948.4829533806,17462941.30624241,1196243.7538699338,976568.6840471436,1647444.4683979244,1154828.6823623334,1106762.892155005,1044749.5171488147,942137.8523754315,1039360.2386285166,991443.0864585842
2024-04-19,1037388.402694667,1016201.9723069504,1069696.824749835,16041943.416588712,1160062.9119791633,960784.5371583092,1647444.4683979244,1154828.6823623334,1106762.892155005,1044749.5171488147,922475.8283576699,1032032.2595174292,970614.9875771237
2024-04-22,1039971.1915925684,1018828.547250335,1072405.2671164456,16485059.045790937,1173097.4453615418,970254.7902623962,1647444.4683979244,1141305.310844787,1113290.1669115764,1044749.5171488147,926568.1069476838,1034615.9690956174,971075.1185126748
2024-04-23,1055177.2667736548,1033499.7655109392,1089375.8067790335,17019714.968680117,1201862.4773764927,978668.7666400732,1647444.4683979244,1163896.205230922,1159760.947599264,1044749.5171488147,937836.0018655277,1049823.3744968406,983185.1098460992
2024-04-24,1042386.0095295648,1021172.753023124,1075248.8953091362,16779907.02545357,1174672.0547736008,967923.6450513562,1647444.4683979244,1159808.814332923,1114334.0411277676,1044749.5171488147,928655.2321391318,1037024.7009311776,973285.3829912054
2024-04-25,1026641.2817370202,1005023.5632061482,1058785.8653493868,17218438.77332191,1203932.031134634,932779.3102373596,1647444.4683979244,1045632.6833954196,1133765.4012898535,1044749.5171488147,914983.4057740148,1021383.119913383,959314.1484871203
2024-04-26,1032346.5085401228,1010793.6491357168,1065988.6376131712,18012341.39765486,1254461.0532203307,932779.3102373596,1649714.2393455848,1047651.0156895292,1126599.1037163325,1044749.5171488147,920737.2046348897,1027095.3445000239,961399.6610281192
