esquema,variante,k,train_ini,train_fin,oos_ini,activo,regimen,fallback,motivo_fallback,n_validos,calmar_is_argmax,ema_fast,ema_gap,rsi_window,rsi_lower,rsi_upper,bb_window,bb_k,m_sl,m_tp,max_hold
rolling,por_activo,0,2016-01-04,2016-06-30,2016-07-01,NVDA,Global,False,,73,2.852609047058388,7,66,14,28,71,10,1.6498742753297067,1.1944990962790236,3.756417991627071,24
rolling,por_activo,0,2016-01-04,2016-06-30,2016-07-01,NVDA,Tendencia,False,,83,3.969394915712647,19,87,9,25,79,20,2.1195741564531883,3.077047614447635,5.673467199725667,32
rolling,por_activo,0,2016-01-04,2016-06-30,2016-07-01,NVDA,Reversión,True,ningún trial cumple N_MIN,0,-1000000000.0,7,66,14,28,71,10,1.6498742753297067,1.1944990962790236,3.756417991627071,24
rolling,por_activo,0,2016-01-04,2016-06-30,2016-07-01,NVDA,Crisis,True,ningún trial cumple N_MIN,0,-1000000000.0,7,66,14,28,71,10,1.6498742753297067,1.1944990962790236,3.756417991627071,24
rolling,por_activo,0,2016-01-04,2016-06-30,2016-07-01,AMZN,Global,False,,42,9.612580390412528,11,16,21,38,62,10,1.8372558530687517,1.329281419770139,4.155744889020524,36
rolling,por_activo,0,2016-01-04,2016-06-30,2016-07-01,AMZN,Tendencia,False,,59,0.7438259189898406,6,86,7,40,76,38,1.7108506100771237,3.386861738479911,2.244663925267939,31
rolling,por_activo,0,2016-01-04,2016-06-30,2016-07-01,AMZN,Reversión,True,ningún trial cumple N_MIN,0,-1000000000.0,11,16,21,38,62,10,1.8372558530687517,1.329281419770139,4.155744889020524,36
rolling,por_activo,0,2016-01-04,2016-06-30,2016-07-01,AMZN,Crisis,True,ningún trial cumple N_MIN,0,-1000000000.0,11,16,21,38,62,10,1.8372558530687517,1.329281419770139,4.155744889020524,36
rolling,por_activo,0,2016-01-04,2016-06-30,2016-07-01,TSLA,Global,False,,36,1.695725533996961,14,60,26,28,79,18,2.001277207770957,1.0346189637274819,3.500595893563105,34
rolling,por_activo,0,2016-01-04,2016-06-30,2016-07-01,TSLA,Tendencia,False,,70,-0.6766222265044792,18,80,12,36,63,21,1.6354943750894195,2.8378466688779924,5.584237099040363,26
rolling,por_activo,0,2016-01-04,2016-06-30,2016-07-01,TSLA,Reversión,True,ningún trial cumple N_MIN,0,-1000000000.0,14,60,26,28,79,18,2.001277207770957,1.0346189637274819,3.500595893563105,34
rolling,por_activo,0,2016-01-04,2016-06-30,2016-07-01,TSLA,Crisis,True,ningún trial cumple N_MIN,0,-1000000000.0,14,60,26,28,79,18,2.001277207770957,1.0346189637274819,3.500595893563105,34
rolling,por_activo,0,2016-01-04,2016-06-30,2016-07-01,META,Global,False,,65,-0.012410186338166592,27,27,27,39,78,18,1.8101607779442597,2.1291820873902805,5.6030920160962765,26
rolling,por_activo,0,2016-01-04,2016-06-30,2016-07-01,META,Tendencia,False,,73,0.9168927374699083,16,78,8,22,77,40,1.5670087626059732,1.86915206775835,3.5738678773801067,30
rolling,por_activo,0,2016-01-04,2016-06-30,2016-07-01,META,Reversión,True,ningún trial cumple N_MIN,0,-1000000000.0,27,27,27,39,78,18,1.8101607779442597,2.1291820873902805,5.6030920160962765,26
rolling,por_activo,0,2016-01-04,2016-06-30,2016-07-01,META,Crisis,True,ningún trial cumple N_MIN,0,-1000000000.0,27,27,27,39,78,18,1.8101607779442597,2.1291820873902805,5.6030920160962765,26
rolling,por_activo,0,2016-01-04,2016-06-30,2016-07-01,NFLX,Global,False,,40,12.989580058577756,28,66,8,23,67,15,2.878622164052574,2.2294109163720996,1.1271136404860826,6
rolling,por_activo,0,2016-01-04,2016-06-30,2016-07-01,NFLX,Tendencia,False,,71,5.4643212171484405,28,36,8,27,79,27,1.6879898306823717,3.5948012165888326,1.3745872433036546,5
rolling,por_activo,0,2016-01-04,2016-06-30,2016-07-01,NFLX,Reversión,True,ningún trial cumple N_MIN,0,-1000000000.0,28,66,8,23,67,15,2.878622164052574,2.2294109163720996,1.1271136404860826,6
rolling,por_activo,0,2016-01-04,2016-06-30,2016-07-01,NFLX,Crisis,False,,62,2.744504729053698,28,83,9,35,67,15,2.137027869675106,3.1818887267820113,5.690713831561277,29
rolling,por_activo,0,2016-01-04,2016-06-30,2016-07-01,GOOGL,Global,False,,64,7.326675922235417,13,80,27,22,68,23,1.633833244086647,2.423878548651568,3.5488800696117795,16
rolling,por_activo,0,2016-01-04,2016-06-30,2016-07-01,GOOGL,Tendencia,False,,81,5.274111834969501,23,84,26,36,67,37,1.6141201511452286,1.9621307546524671,3.9742994460328385,26
rolling,por_activo,0,2016-01-04,2016-06-30,2016-07-01,GOOGL,Reversión,True,ningún trial cumple N_MIN,0,-1000000000.0,13,80,27,22,68,23,1.633833244086647,2.423878548651568,3.5488800696117795,16
rolling,por_activo,0,2016-01-04,2016-06-30,2016-07-01,GOOGL,Crisis,False,,50,5.415222562619507,21,23,12,21,73,16,1.6901945698585168,3.68612526491469,3.6146016953043762,29
rolling,por_activo,1,2016-02-01,2016-07-29,2016-08-01,NVDA,Global,True,sin trials válidos: θ global de la ventana 0,0,-1000000000.0,7,66,14,28,71,10,1.6498742753297067,1.1944990962790236,3.756417991627071,24
rolling,por_activo,1,2016-02-01,2016-07-29,2016-08-01,NVDA,Tendencia,False,,54,1.828959582623016,17,30,14,22,76,12,1.6076546821698803,1.0274505019032443,5.857228040513132,9
rolling,por_activo,1,2016-02-01,2016-07-29,2016-08-01,NVDA,Reversión,True,ningún trial cumple N_MIN,0,-1000000000.0,7,66,14,28,71,10,1.6498742753297067,1.1944990962790236,3.756417991627071,24
rolling,por_activo,1,2016-02-01,2016-07-29,2016-08-01,NVDA,Crisis,True,ningún trial cumple N_MIN,0,-1000000000.0,7,66,14,28,71,10,1.6498742753297067,1.1944990962790236,3.756417991627071,24
rolling,por_activo,1,2016-02-01,2016-07-29,2016-08-01,AMZN,Global,True,sin trials válidos: θ global de la ventana 0,0,-1000000000.0,11,16,21,38,62,10,1.8372558530687517,1.329281419770139,4.155744889020524,36
rolling,por_activo,1,2016-02-01,2016-07-29,2016-08-01,AMZN,Tendencia,True,ningún trial cumple N_MIN,0,-1000000000.0,11,16,21,38,62,10,1.8372558530687517,1.329281419770139,4.155744889020524,36
rolling,por_activo,1,2016-02-01,2016-07-29,2016-08-01,AMZN,Reversión,True,ningún trial cumple N_MIN,0,-1000000000.0,11,16,21,38,62,10,1.8372558530687517,1.329281419770139,4.155744889020524,36
rolling,por_activo,1,2016-02-01,2016-07-29,2016-08-01,AMZN,Crisis,True,ningún trial cumple N_MIN,0,-1000000000.0,11,16,21,38,62,10,1.8372558530687517,1.329281419770139,4.155744889020524,36
rolling,por_activo,1,2016-02-01,2016-07-29,2016-08-01,TSLA,Global,False,,56,-0.5863962027121207,22,14,24,32,71,12,1.63801537025408,3.0957962910298944,4.908291778149075,10
rolling,por_activo,1,2016-02-01,2016-07-29,2016-08-01,TSLA,Tendencia,False,,70,0.6808380862691182,25,81,25,35,72,19,1.7541610665858376,1.1479468576787744,2.6857388968067415,37
rolling,por_activo,1,2016-02-01,2016-07-29,2016-08-01,TSLA,Reversión,True,ningún trial cumple N_MIN,0,-1000000000.0,22,14,24,32,71,12,1.63801537025408,3.0957962910298944,4.908291778149075,10
rolling,por_activo,1,2016-02-01,2016-07-29,2016-08-01,TSLA,Crisis,True,ningún trial cumple N_MIN,0,-1000000000.0,22,14,24,32,71,12,1.63801537025408,3.0957962910298944,4.908291778149075,10
rolling,por_activo,1,2016-02-01,2016-07-29,2016-08-01,META,Global,False,,18,1.7238952680671844,12,95,9,24,62,17,1.518261201204751,1.3406844513830931,4.077874444806292,36
rolling,por_activo,1,2016-02-01,2016-07-29,2016-08-01,META,Tendencia,True,ningún trial cumple N_MIN,0,-1000000000.0,12,95,9,24,62,17,1.518261201204751,1.3406844513830931,4.077874444806292,36
rolling,por_activo,1,2016-02-01,2016-07-29,2016-08-01,META,Reversión,False,,65,2.1504467667935065,15,86,12,29,70,24,1.7646683308866222,1.3261913359082123,4.201211344282693,26
rolling,por_activo,1,2016-02-01,2016-07-29,2016-08-01,META,Crisis,True,ningún trial cumple N_MIN,0,-1000000000.0,12,95,9,24,62,17,1.518261201204751,1.3406844513830931,4.077874444806292,36
rolling,por_activo,1,2016-02-01,2016-07-29,2016-08-01,NFLX,Global,False,,59,2.658515718914293,28,18,22,22,74,16,1.5840586529184109,2.302014783903944,5.382556894228414,21
rolling,por_activo,1,2016-02-01,2016-07-29,2016-08-01,NFLX,Tendencia,True,ningún trial cumple N_MIN,0,-1000000000.0,28,18,22,22,74,16,1.5840586529184109,2.302014783903944,5.382556894228414,21
rolling,por_activo,1,2016-02-01,2016-07-29,2016-08-01,NFLX,Reversión,False,,32,11.035887880129236,12,14,7,29,63,18,2.958818269897672,3.9266709215072293,3.6927581368583295,38
rolling,por_activo,1,2016-02-01,2016-07-29,2016-08-01,NFLX,Crisis,False,,60,5.763351720784842,27,72,21,22,78,24,2.0458225244391515,3.731037322170317,5.2173744915222375,5
rolling,por_activo,1,2016-02-01,2016-07-29,2016-08-01,GOOGL,Global,False,,63,4.33934864294625,20,78,13,40,72,12,1.550633493278975,2.360520969035746,1.870634000639524,6
rolling,por_activo,1,2016-02-01,2016-07-29,2016-08-01,GOOGL,Tendencia,False,,5,0.21474349780376922,21,28,7,21,60,32,2.358759317088251,2.7122742125343193,4.361864449825729,18
rolling,por_activo,1,2016-02-01,2016-07-29,2016-08-01,GOOGL,Reversión,False,,51,-0.3237799102409339,28,74,14,22,60,14,1.687713369509343,1.5295346866337174,2.57854513434608,12
rolling,por_activo,1,2016-02-01,2016-07-29,2016-08-01,GOOGL,Crisis,False,,50,9.018100236324942,25,16,7,22,66,11,1.6448844140731318,3.003807707121192,4.9392688335758725,28
rolling,por_activo,2,2016-03-01,2016-08-31,2016-09-01,NVDA,Global,True,sin trials válidos: θ global de la ventana 0,0,-1000000000.0,7,66,14,28,71,10,1.6498742753297067,1.1944990962790236,3.756417991627071,24
rolling,por_activo,2,2016-03-01,2016-08-31,2016-09-01,NVDA,Tendencia,True,ningún trial cumple N_MIN,0,-1000000000.0,7,66,14,28,71,10,1.6498742753297067,1.1944990962790236,3.756417991627071,24
rolling,por_activo,2,2016-03-01,2016-08-31,2016-09-01,NVDA,Reversión,True,ningún trial cumple N_MIN,0,-1000000000.0,7,66,14,28,71,10,1.6498742753297067,1.1944990962790236,3.756417991627071,24
rolling,por_activo,2,2016-03-01,2016-08-31,2016-09-01,NVDA,Crisis,True,ningún trial cumple N_MIN,0,-1000000000.0,7,66,14,28,71,10,1.6498742753297067,1.1944990962790236,3.756417991627071,24
rolling,por_activo,2,2016-03-01,2016-08-31,2016-09-01,AMZN,Global,True,sin trials válidos: θ global de la ventana 0,0,-1000000000.0,11,16,21,38,62,10,1.8372558530687517,1.329281419770139,4.155744889020524,36
rolling,por_activo,2,2016-03-01,2016-08-31,2016-09-01,AMZN,Tendencia,True,ningún trial cumple N_MIN,0,-1000000000.0,11,16,21,38,62,10,1.8372558530687517,1.329281419770139,4.155744889020524,36
rolling,por_activo,2,2016-03-01,2016-08-31,2016-09-01,AMZN,Reversión,False,,28,7.158878602670343,16,33,24,33,69,10,1.8064096097632945,2.106443173909662,3.714144477364266,6
rolling,por_activo,2,2016-03-01,2016-08-31,2016-09-01,AMZN,Crisis,True,ningún trial cumple N_MIN,0,-1000000000.0,11,16,21,38,62,10,1.8372558530687517,1.329281419770139,4.155744889020524,36
rolling,por_activo,2,2016-03-01,2016-08-31,2016-09-01,TSLA,Global,False,,59,1.163312640041468,29,94,18,38,66,19,1.7519533648258845,1.3287599173030966,1.8844747048661394,36
rolling,por_activo,2,2016-03-01,2016-08-31,2016-09-01,TSLA,Tendencia,False,,57,0.46038919839982867,8,94,11,31,77,16,2.5227143728630312,1.2641918467230668,2.0935440239790237,34
rolling,por_activo,2,2016-03-01,2016-08-31,2016-09-01,TSLA,Reversión,False,,20,5.417779568850152,22,39,7,39,66,34,2.7288830314934396,3.3198124278773538,5.38573787034539,23
rolling,por_activo,2,2016-03-01,2016-08-31,2016-09-01,TSLA,Crisis,True,ningún trial cumple N_MIN,0,-1000000000.0,29,94,18,38,66,19,1.7519533648258845,1.3287599173030966,1.8844747048661394,36
rolling,por_activo,2,2016-03-01,2016-08-31,2016-09-01,META,Global,False,,65,3.9636437096892285,28,86,9,38,79,12,1.8534020489796093,1.3013696396165928,4.971984490692196,29
rolling,por_activo,2,2016-03-01,2016-08-31,2016-09-01,META,Tendencia,True,ningún trial cumple N_MIN,0,-1000000000.0,28,86,9,38,79,12,1.8534020489796093,1.3013696396165928,4.971984490692196,29
rolling,por_activo,2,2016-03-01,2016-08-31,2016-09-01,META,Reversión,False,,65,1.2362784732898444,29,48,8,29,79,39,1.6044147525949801,1.2576337474034045,3.312138966329348,39
rolling,por_activo,2,2016-03-01,2016-08-31,2016-09-01,META,Crisis,True,ningún trial cumple N_MIN,0,-1000000000.0,28,86,9,38,79,12,1.8534020489796093,1.3013696396165928,4.971984490692196,29
rolling,por_activo,2,2016-03-01,2016-08-31,2016-09-01,NFLX,Global,False,,69,1.7166305212402837,7,87,26,39,80,17,1.6182287087344904,2.2843905668185838,4.390926011781995,16
rolling,por_activo,2,2016-03-01,2016-08-31,2016-09-01,NFLX,Tendencia,True,ningún trial cumple N_MIN,0,-1000000000.0,7,87,26,39,80,17,1.6182287087344904,2.2843905668185838,4.390926011781995,16
rolling,por_activo,2,2016-03-01,2016-08-31,2016-09-01,NFLX,Reversión,False,,48,7.66990381747627,6,71,8,33,62,11,2.402877905626521,2.2651207906963813,1.5561949622151934,21
rolling,por_activo,2,2016-03-01,2016-08-31,2016-09-01,NFLX,Crisis,False,,55,3.996954315686693,29,80,20,39,78,20,2.0479370506905146,2.3233056100541343,4.085751743569109,5
rolling,por_activo,2,2016-03-01,2016-08-31,2016-09-01,GOOGL,Global,False,,62,1.593562681517814,25,30,26,22,67,11,1.9361045241720192,1.4855416077302965,5.4911671314079165,5
rolling,por_activo,2,2016-03-01,2016-08-31,2016-09-01,GOOGL,Tendencia,False,,26,0.6907541144425066,27,14,12,22,77,30,1.8065821748438948,1.0201651856413605,2.190001290885351,17
rolling,por_activo,2,2016-03-01,2016-08-31,2016-09-01,GOOGL,Reversión,False,,44,1.8153056718956182,21,49,25,26,72,13,1.7159712773844067,2.1700080358596,5.6479988022669225,37
rolling,por_activo,2,2016-03-01,2016-08-31,2016-09-01,GOOGL,Crisis,True,ningún trial cumple N_MIN,0,-1000000000.0,25,30,26,22,67,11,1.9361045241720192,1.4855416077302965,5.4911671314079165,5
rolling,por_activo,3,2016-04-01,2016-09-30,2016-10-03,NVDA,Global,True,sin trials válidos: θ global de la ventana 0,0,-1000000000.0,7,66,14,28,71,10,1.6498742753297067,1.1944990962790236,3.756417991627071,24
rolling,por_activo,3,2016-04-01,2016-09-30,2016-10-03,NVDA,Tendencia,True,ningún trial cumple N_MIN,0,-1000000000.0,7,66,14,28,71,10,1.6498742753297067,1.1944990962790236,3.756417991627071,24
rolling,por_activo,3,2016-04-01,2016-09-30,2016-10-03,NVDA,Reversión,False,,6,19.270288740063645,29,10,27,23,74,17,1.8918026049916203,2.697909286195592,1.7841592586143276,20
rolling,por_activo,3,2016-04-01,2016-09-30,2016-10-03,NVDA,Crisis,True,régimen con 12 días < 20,0,,7,66,14,28,71,10,1.6498742753297067,1.1944990962790236,3.756417991627071,24
rolling,por_activo,3,2016-04-01,2016-09-30,2016-10-03,AMZN,Global,True,sin trials válidos: θ global de la ventana 0,0,-1000000000.0,11,16,21,38,62,10,1.8372558530687517,1.329281419770139,4.155744889020524,36
rolling,por_activo,3,2016-04-01,2016-09-30,2016-10-03,AMZN,Tendencia,True,ningún trial cumple N_MIN,0,-1000000000.0,11,16,21,38,62,10,1.8372558530687517,1.329281419770139,4.155744889020524,36
rolling,por_activo,3,2016-04-01,2016-09-30,2016-10-03,AMZN,Reversión,False,,1,4.701236647605759,5,41,10,25,63,11,2.0333510480531025,1.5159993837153452,4.460706123953046,40
rolling,por_activo,3,2016-04-01,2016-09-30,2016-10-03,AMZN,Crisis,True,régimen con 12 días < 20,0,,11,16,21,38,62,10,1.8372558530687517,1.329281419770139,4.155744889020524,36
rolling,por_activo,3,2016-04-01,2016-09-30,2016-10-03,TSLA,Global,False,,72,-0.42293839606172096,27,30,27,34,61,22,1.6099281898235942,1.3007830093763963,1.9107989282139477,17
rolling,por_activo,3,2016-04-01,2016-09-30,2016-10-03,TSLA,Tendencia,False,,49,0.49611832095869524,8,86,28,22,61,12,1.8135881687054054,2.51817304751789,1.8904040680159118,27
rolling,por_activo,3,2016-04-01,2016-09-30,2016-10-03,TSLA,Reversión,False,,49,6.497997716398317,28,17,10,26,61,24,2.0433201350738095,3.3123056184005373,5.8768678579630835,37
rolling,por_activo,3,2016-04-01,2016-09-30,2016-10-03,TSLA,Crisis,True,régimen con 12 días < 20,0,,27,30,27,34,61,22,1.6099281898235942,1.3007830093763963,1.9107989282139477,17
rolling,por_activo,3,2016-04-01,2016-09-30,2016-10-03,META,Global,False,,19,9.711930307147574,6,46,7,40,70,37,1.915964727614647,1.0103351244604206,1.3171422531484278,12
rolling,por_activo,3,2016-04-01,2016-09-30,2016-10-03,META,Tendencia,True,ningún trial cumple N_MIN,0,-1000000000.0,6,46,7,40,70,37,1.915964727614647,1.0103351244604206,1.3171422531484278,12
rolling,por_activo,3,2016-04-01,2016-09-30,2016-10-03,META,Reversión,False,,49,2.3549684214964266,26,35,12,38,62,12,1.8001310941111943,1.2436612607312985,5.420092755366531,35
rolling,por_activo,3,2016-04-01,2016-09-30,2016-10-03,META,Crisis,True,régimen con 12 días < 20,0,,6,46,7,40,70,37,1.915964727614647,1.0103351244604206,1.3171422531484278,12
rolling,por_activo,3,2016-04-01,2016-09-30,2016-10-03,NFLX,Global,False,,46,6.404039624460772,14,15,9,39,63,31,1.623644410047792,3.891628333332174,1.8322061493542017,33
rolling,por_activo,3,2016-04-01,2016-09-30,2016-10-03,NFLX,Tendencia,True,ningún trial cumple N_MIN,0,-1000000000.0,14,15,9,39,63,31,1.623644410047792,3.891628333332174,1.8322061493542017,33
rolling,por_activo,3,2016-04-01,2016-09-30,2016-10-03,NFLX,Reversión,False,,56,9.754326525732335,12,95,9,26,73,12,1.7285964547256154,1.9217492013593434,2.122406552036945,36
rolling,por_activo,3,2016-04-01,2016-09-30,2016-10-03,NFLX,Crisis,True,régimen con 12 días < 20,0,,14,15,9,39,63,31,1.623644410047792,3.891628333332174,1.8322061493542017,33
rolling,por_activo,3,2016-04-01,2016-09-30,2016-10-03,GOOGL,Global,False,,61,4.504413878833327,28,20,26,34,61,14,1.9261270080676314,1.5463738336050021,3.860923159393582,23
rolling,por_activo,3,2016-04-01,2016-09-30,2016-10-03,GOOGL,Tendencia,True,ningún trial cumple N_MIN,0,-1000000000.0,28,20,26,34,61,14,1.9261270080676314,1.5463738336050021,3.860923159393582,23
rolling,por_activo,3,2016-04-01,2016-09-30,2016-10-03,GOOGL,Reversión,False,,70,13.757658596619912,29,55,15,23,73,26,1.6996066571028943,1.0301549337887537,5.852528021225052,23
rolling,por_activo,3,2016-04-01,2016-09-30,2016-10-03,GOOGL,Crisis,True,régimen con 12 días < 20,0,,28,20,26,34,61,14,1.9261270080676314,1.5463738336050021,3.860923159393582,23
rolling,por_activo,4,2016-05-02,2016-10-31,2016-11-01,NVDA,Global,True,sin trials válidos: θ global de la ventana 0,0,-1000000000.0,7,66,14,28,71,10,1.6498742753297067,1.1944990962790236,3.756417991627071,24
rolling,por_activo,4,2016-05-02,2016-10-31,2016-11-01,NVDA,Tendencia,True,régimen con 16 días < 20,0,,7,66,14,28,71,10,1.6498742753297067,1.1944990962790236,3.756417991627071,24
rolling,por_activo,4,2016-05-02,2016-10-31,2016-11-01,NVDA,Reversión,False,,57,31.651232378124682,19,29,27,39,78,12,1.6951533270299068,2.5782686815659046,2.608275415962955,24
rolling,por_activo,4,2016-05-02,2016-10-31,2016-11-01,NVDA,Crisis,True,régimen con 0 días < 20,0,,7,66,14,28,71,10,1.6498742753297067,1.1944990962790236,3.756417991627071,24
rolling,por_activo,4,2016-05-02,2016-10-31,2016-11-01,AMZN,Global,True,sin trials válidos: θ global de la ventana 0,0,-1000000000.0,11,16,21,38,62,10,1.8372558530687517,1.329281419770139,4.155744889020524,36
rolling,por_activo,4,2016-05-02,2016-10-31,2016-11-01,AMZN,Tendencia,True,régimen con 16 días < 20,0,,11,16,21,38,62,10,1.8372558530687517,1.329281419770139,4.155744889020524,36
rolling,por_activo,4,2016-05-02,2016-10-31,2016-11-01,AMZN,Reversión,False,,71,7.321227924049787,29,90,17,32,80,14,1.6131996209572608,1.3766487327682937,5.222960050962183,28
rolling,por_activo,4,2016-05-02,2016-10-31,2016-11-01,AMZN,Crisis,True,régimen con 0 días < 20,0,,11,16,21,38,62,10,1.8372558530687517,1.329281419770139,4.155744889020524,36
rolling,por_activo,4,2016-05-02,2016-10-31,2016-11-01,TSLA,Global,False,,59,4.121030814228991,24,24,20,38,63,24,1.6323645966177374,2.7699032434269286,3.3483380885261615,20
rolling,por_activo,4,2016-05-02,2016-10-31,2016-11-01,TSLA,Tendencia,True,régimen con 16 días < 20,0,,24,24,20,38,63,24,1.6323645966177374,2.7699032434269286,3.3483380885261615,20
rolling,por_activo,4,2016-05-02,2016-10-31,2016-11-01,TSLA,Reversión,False,,63,6.673461569457873,13,87,9,37,78,21,1.6246899158437318,2.6165226388057135,5.810210683254741,20
rolling,por_activo,4,2016-05-02,2016-10-31,2016-11-01,TSLA,Crisis,True,régimen con 0 días < 20,0,,24,24,20,38,63,24,1.6323645966177374,2.7699032434269286,3.3483380885261615,20
rolling,por_activo,4,2016-05-02,2016-10-31,2016-11-01,META,Global,True,sin trials válidos: θ global de la ventana 3,0,-1000000000.0,6,46,7,40,70,37,1.915964727614647,1.0103351244604206,1.3171422531484278,12
rolling,por_activo,4,2016-05-02,2016-10-31,2016-11-01,META,Tendencia,True,régimen con 16 días < 20,0,,6,46,7,40,70,37,1.915964727614647,1.0103351244604206,1.3171422531484278,12
rolling,por_activo,4,2016-05-02,2016-10-31,2016-11-01,META,Reversión,False,,56,5.57037140403468,15,93,22,40,62,13,1.6152923536545272,1.1709335548506985,5.342503172379312,16
rolling,por_activo,4,2016-05-02,2016-10-31,2016-11-01,META,Crisis,True,régimen con 0 días < 20,0,,6,46,7,40,70,37,1.915964727614647,1.0103351244604206,1.3171422531484278,12
rolling,por_activo,4,2016-05-02,2016-10-31,2016-11-01,NFLX,Global,True,sin trials válidos: θ global de la ventana 3,0,-1000000000.0,14,15,9,39,63,31,1.623644410047792,3.891628333332174,1.8322061493542017,33
rolling,por_activo,4,2016-05-02,2016-10-31,2016-11-01,NFLX,Tendencia,True,régimen con 16 días < 20,0,,14,15,9,39,63,31,1.623644410047792,3.891628333332174,1.8322061493542017,33
rolling,por_activo,4,2016-05-02,2016-10-31,2016-11-01,NFLX,Reversión,False,,67,14.685824351274068,28,53,9,21,63,21,1.690367262473294,2.064125792609934,2.879752916784014,33
rolling,por_activo,4,2016-05-02,2016-10-31,2016-11-01,NFLX,Crisis,True,régimen con 0 días < 20,0,,14,15,9,39,63,31,1.623644410047792,3.891628333332174,1.8322061493542017,33
rolling,por_activo,4,2016-05-02,2016-10-31,2016-11-01,GOOGL,Global,False,,6,0.07142079752257617,29,17,13,38,60,12,1.5926909500830566,3.1000483888613073,4.600307399196326,5
rolling,por_activo,4,2016-05-02,2016-10-31,2016-11-01,GOOGL,Tendencia,True,régimen con 16 días < 20,0,,29,17,13,38,60,12,1.5926909500830566,3.1000483888613073,4.600307399196326,5
rolling,por_activo,4,2016-05-02,2016-10-31,2016-11-01,GOOGL,Reversión,False,,47,8.536175149937652,10,20,8,38,72,26,1.5697168454047319,2.8267127193333663,1.6167880411217432,8
rolling,por_activo,4,2016-05-02,2016-10-31,2016-11-01,GOOGL,Crisis,True,régimen con 0 días < 20,0,,29,17,13,38,60,12,1.5926909500830566,3.1000483888613073,4.600307399196326,5
rolling,por_activo,5,2016-06-01,2016-11-30,2016-12-01,NVDA,Global,True,sin trials válidos: θ global de la ventana 0,0,-1000000000.0,7,66,14,28,71,10,1.6498742753297067,1.1944990962790236,3.756417991627071,24
rolling,por_activo,5,2016-06-01,2016-11-30,2016-12-01,NVDA,Tendencia,True,régimen con 0 días < 20,0,,7,66,14,28,71,10,1.6498742753297067,1.1944990962790236,3.756417991627071,24
rolling,por_activo,5,2016-06-01,2016-11-30,2016-12-01,NVDA,Reversión,False,,57,51.313868333120745,30,84,26,32,61,11,1.7360779248934786,2.0089647341677423,4.135014023898521,34
rolling,por_activo,5,2016-06-01,2016-11-30,2016-12-01,NVDA,Crisis,True,régimen con 0 días < 20,0,,7,66,14,28,71,10,1.6498742753297067,1.1944990962790236,3.756417991627071,24
rolling,por_activo,5,2016-06-01,2016-11-30,2016-12-01,AMZN,Global,False,,75,5.062597266601445,29,62,14,38,64,10,1.6518334374852015,2.463969727788374,5.2708737005564466,8
rolling,por_activo,5,2016-06-01,2016-11-30,2016-12-01,AMZN,Tendencia,True,régimen con 0 días < 20,0,,29,62,14,38,64,10,1.6518334374852015,2.463969727788374,5.2708737005564466,8
rolling,por_activo,5,2016-06-01,2016-11-30,2016-12-01,AMZN,Reversión,False,,66,6.394835796611833,23,92,8,25,68,33,1.740050055191778,2.1957573407370594,5.746192171269906,8
rolling,por_activo,5,2016-06-01,2016-11-30,2016-12-01,AMZN,Crisis,True,régimen con 0 días < 20,0,,29,62,14,38,64,10,1.6518334374852015,2.463969727788374,5.2708737005564466,8
rolling,por_activo,5,2016-06-01,2016-11-30,2016-12-01,TSLA,Global,False,,39,4.587427721744278,26,32,8,38,64,36,2.8339055177706456,1.1315126192733826,5.446481897521908,29
rolling,por_activo,5,2016-06-01,2016-11-30,2016-12-01,TSLA,Tendencia,True,régimen con 0 días < 20,0,,26,32,8,38,64,36,2.8339055177706456,1.1315126192733826,5.446481897521908,29
rolling,por_activo,5,2016-06-01,2016-11-30,2016-12-01,TSLA,Reversión,False,,73,14.050391771052386,20,16,11,30,63,25,1.6240408849685553,2.1742595841518684,3.2863725725927333,20
rolling,por_activo,5,2016-06-01,2016-11-30,2016-12-01,TSLA,Crisis,True,régimen con 0 días < 20,0,,26,32,8,38,64,36,2.8339055177706456,1.1315126192733826,5.446481897521908,29
rolling,por_activo,5,2016-06-01,2016-11-30,2016-12-01,META,Global,False,,68,6.860617895503184,24,84,10,25,69,39,2.0161312578276873,1.2080778258376395,1.904607022815216,10
rolling,por_activo,5,2016-06-01,2016-11-30,2016-12-01,META,Tendencia,True,régimen con 0 días < 20,0,,24,84,10,25,69,39,2.0161312578276873,1.2080778258376395,1.904607022815216,10
rolling,por_activo,5,2016-06-01,2016-11-30,2016-12-01,META,Reversión,False,,80,2.868750030846726,27,62,27,36,60,39,2.0190196671156033,1.9645957489358352,5.639829521593261,20
rolling,por_activo,5,2016-06-01,2016-11-30,2016-12-01,META,Crisis,True,régimen con 0 días < 20,0,,24,84,10,25,69,39,2.0161312578276873,1.2080778258376395,1.904607022815216,10
rolling,por_activo,5,2016-06-01,2016-11-30,2016-12-01,NFLX,Global,False,,32,4.902762294968504,14,40,24,26,80,12,1.6993024227638371,3.824195711043208,1.9093704254187513,32
rolling,por_activo,5,2016-06-01,2016-11-30,2016-12-01,NFLX,Tendencia,True,régimen con 0 días < 20,0,,14,40,24,26,80,12,1.6993024227638371,3.824195711043208,1.9093704254187513,32
rolling,por_activo,5,2016-06-01,2016-11-30,2016-12-01,NFLX,Reversión,False,,64,18.40225617410182,27,66,8,38,62,22,1.5848626887409902,3.538680304094691,5.693137172453863,10
rolling,por_activo,5,2016-06-01,2016-11-30,2016-12-01,NFLX,Crisis,True,régimen con 0 días < 20,0,,14,40,24,26,80,12,1.6993024227638371,3.824195711043208,1.9093704254187513,32
rolling,por_activo,5,2016-06-01,2016-11-30,2016-12-01,GOOGL,Global,False,,13,1.2609148418927434,26,30,7,25,64,18,2.5051979448081805,2.796187035155127,5.1334825517889175,5
rolling,por_activo,5,2016-06-01,2016-11-30,2016-12-01,GOOGL,Tendencia,True,régimen con 0 días < 20,0,,26,30,7,25,64,18,2.5051979448081805,2.796187035155127,5.1334825517889175,5
rolling,por_activo,5,2016-06-01,2016-11-30,2016-12-01,GOOGL,Reversión,False,,78,4.119849952803037,21,82,11,38,78,27,1.5506663322998095,3.6611202474130122,5.482373337984745,5
rolling,por_activo,5,2016-06-01,2016-11-30,2016-12-01,GOOGL,Crisis,True,régimen con 0 días < 20,0,,26,30,7,25,64,18,2.5051979448081805,2.796187035155127,5.1334825517889175,5
rolling,por_activo,6,2016-07-01,2016-12-30,2017-01-03,NVDA,Global,True,sin trials válidos: θ global de la ventana 0,0,-1000000000.0,7,66,14,28,71,10,1.6498742753297067,1.1944990962790236,3.756417991627071,24
rolling,por_activo,6,2016-07-01,2016-12-30,2017-01-03,NVDA,Tendencia,True,régimen con 0 días < 20,0,,7,66,14,28,71,10,1.6498742753297067,1.1944990962790236,3.756417991627071,24
rolling,por_activo,6,2016-07-01,2016-12-30,2017-01-03,NVDA,Reversión,True,ningún trial cumple N_MIN,0,-1000000000.0,7,66,14,28,71,10,1.6498742753297067,1.1944990962790236,3.756417991627071,24
rolling,por_activo,6,2016-07-01,2016-12-30,2017-01-03,NVDA,Crisis,True,régimen con 0 días < 20,0,,7,66,14,28,71,10,1.6498742753297067,1.1944990962790236,3.756417991627071,24
rolling,por_activo,6,2016-07-01,2016-12-30,2017-01-03,AMZN,Global,False,,32,2.9636885790507828,15,82,21,26,74,12,1.6142551613151706,1.4480688704944933,2.8597867243914594,28
rolling,por_activo,6,2016-07-01,2016-12-30,2017-01-03,AMZN,Tendencia,True,régimen con 0 días < 20,0,,15,82,21,26,74,12,1.6142551613151706,1.4480688704944933,2.8597867243914594,28
rolling,por_activo,6,2016-07-01,2016-12-30,2017-01-03,AMZN,Reversión,False,,61,6.93158038208888,17,87,28,33,78,13,1.8389913378459066,3.6567616041435125,3.731241636386515,8
rolling,por_activo,6,2016-07-01,2016-12-30,2017-01-03,AMZN,Crisis,True,régimen con 0 días < 20,0,,15,82,21,26,74,12,1.6142551613151706,1.4480688704944933,2.8597867243914594,28
rolling,por_activo,6,2016-07-01,2016-12-30,2017-01-03,TSLA,Global,False,,25,3.192838572838209,12,52,23,33,78,17,1.5402933711439937,1.3243835385262102,1.9147912679379657,35
rolling,por_activo,6,2016-07-01,2016-12-30,2017-01-03,TSLA,Tendencia,True,régimen con 0 días < 20,0,,12,52,23,33,78,17,1.5402933711439937,1.3243835385262102,1.9147912679379657,35
rolling,por_activo,6,2016-07-01,2016-12-30,2017-01-03,TSLA,Reversión,False,,64,2.089070317310083,29,71,26,25,78,12,1.90356769081144,2.6662208892422634,1.9842392041490033,36
rolling,por_activo,6,2016-07-01,2016-12-30,2017-01-03,TSLA,Crisis,True,régimen con 0 días < 20,0,,12,52,23,33,78,17,1.5402933711439937,1.3243835385262102,1.9147912679379657,35
rolling,por_activo,6,2016-07-01,2016-12-30,2017-01-03,META,Global,True,sin trials válidos: θ global de la ventana 5,0,-1000000000.0,24,84,10,25,69,39,2.0161312578276873,1.2080778258376395,1.904607022815216,10
rolling,por_activo,6,2016-07-01,2016-12-30,2017-01-03,META,Tendencia,True,régimen con 0 días < 20,0,,24,84,10,25,69,39,2.0161312578276873,1.2080778258376395,1.904607022815216,10
rolling,por_activo,6,2016-07-01,2016-12-30,2017-01-03,META,Reversión,False,,67,5.987565694942606,28,90,12,33,71,23,2.1260439493876127,1.0797732701547258,1.8413449338321002,25
rolling,por_activo,6,2016-07-01,2016-12-30,2017-01-03,META,Crisis,True,régimen con 0 días < 20,0,,24,84,10,25,69,39,2.0161312578276873,1.2080778258376395,1.904607022815216,10
rolling,por_activo,6,2016-07-01,2016-12-30,2017-01-03,NFLX,Global,False,,38,8.940020373637052,18,82,8,39,62,28,2.285390992083607,2.4802298878053195,5.323506089770027,6
rolling,por_activo,6,2016-07-01,2016-12-30,2017-01-03,NFLX,Tendencia,True,régimen con 0 días < 20,0,,18,82,8,39,62,28,2.285390992083607,2.4802298878053195,5.323506089770027,6
rolling,por_activo,6,2016-07-01,2016-12-30,2017-01-03,NFLX,Reversión,False,,36,14.90788134660004,11,72,8,39,62,36,2.661991787889746,2.5778240146424585,5.283576524578999,10
rolling,por_activo,6,2016-07-01,2016-12-30,2017-01-03,NFLX,Crisis,True,régimen con 0 días < 20,0,,18,82,8,39,62,28,2.285390992083607,2.4802298878053195,5.323506089770027,6
rolling,por_activo,6,2016-07-01,2016-12-30,2017-01-03,GOOGL,Global,False,,64,3.267321517594006,17,95,7,27,66,14,1.8624075553464599,1.1947294417646863,2.172147447671729,35
rolling,por_activo,6,2016-07-01,2016-12-30,2017-01-03,GOOGL,Tendencia,True,régimen con 0 días < 20,0,,17,95,7,27,66,14,1.8624075553464599,1.1947294417646863,2.172147447671729,35
rolling,por_activo,6,2016-07-01,2016-12-30,2017-01-03,GOOGL,Reversión,False,,66,9.869439227854249,5,98,10,34,69,24,1.569568683407621,2.1823762043655583,2.262020504035437,37
rolling,por_activo,6,2016-07-01,2016-12-30,2017-01-03,GOOGL,Crisis,True,régimen con 0 días < 20,0,,17,95,7,27,66,14,1.8624075553464599,1.1947294417646863,2.172147447671729,35
rolling,por_activo,7,2016-08-01,2017-01-31,2017-02-01,NVDA,Global,True,sin trials válidos: θ global de la ventana 0,0,-1000000000.0,7,66,14,28,71,10,1.6498742753297067,1.1944990962790236,3.756417991627071,24
rolling,por_activo,7,2016-08-01,2017-01-31,2017-02-01,NVDA,Tendencia,True,régimen con 0 días < 20,0,,7,66,14,28,71,10,1.6498742753297067,1.1944990962790236,3.756417991627071,24
rolling,por_activo,7,2016-08-01,2017-01-31,2017-02-01,NVDA,Reversión,True,ningún trial cumple N_MIN,0,-1000000000.0,7,66,14,28,71,10,1.6498742753297067,1.1944990962790236,3.756417991627071,24
rolling,por_activo,7,2016-08-01,2017-01-31,2017-02-01,NVDA,Crisis,True,régimen con 0 días < 20,0,,7,66,14,28,71,10,1.6498742753297067,1.1944990962790236,3.756417991627071,24
rolling,por_activo,7,2016-08-01,2017-01-31,2017-02-01,AMZN,Global,False,,42,2.8404120393872194,17,68,26,24,80,10,1.7125254257207112,2.992903749790776,5.742772801919397,8
rolling,por_activo,7,2016-08-01,2017-01-31,2017-02-01,AMZN,Tendencia,True,régimen con 0 días < 20,0,,17,68,26,24,80,10,1.7125254257207112,2.992903749790776,5.742772801919397,8
rolling,por_activo,7,2016-08-01,2017-01-31,2017-02-01,AMZN,Reversión,False,,81,5.701439915292083,26,95,15,28,61,11,1.9589649482331055,1.108529682257883,3.825213644542406,17
rolling,por_activo,7,2016-08-01,2017-01-31,2017-02-01,AMZN,Crisis,True,régimen con 0 días < 20,0,,17,68,26,24,80,10,1.7125254257207112,2.992903749790776,5.742772801919397,8
rolling,por_activo,7,2016-08-01,2017-01-31,2017-02-01,TSLA,Global,False,,73,1.852022822226095,20,87,12,30,70,10,1.8081103976118171,1.4044763142435905,1.308924901991441,22
rolling,por_activo,7,2016-08-01,2017-01-31,2017-02-01,TSLA,Tendencia,True,régimen con 0 días < 20,0,,20,87,12,30,70,10,1.8081103976118171,1.4044763142435905,1.308924901991441,22
rolling,por_activo,7,2016-08-01,2017-01-31,2017-02-01,TSLA,Reversión,False,,63,0.8180651866029759,8,80,15,32,63,23,1.636109416060206,2.2516347466076447,5.824360148512405,34
rolling,por_activo,7,2016-08-01,2017-01-31,2017-02-01,TSLA,Crisis,True,régimen con 0 días < 20,0,,20,87,12,30,70,10,1.8081103976118171,1.4044763142435905,1.308924901991441,22
rolling,por_activo,7,2016-08-01,2017-01-31,2017-02-01,META,Global,True,sin trials válidos: θ global de la ventana 5,0,-1000000000.0,24,84,10,25,69,39,2.0161312578276873,1.2080778258376395,1.904607022815216,10
rolling,por_activo,7,2016-08-01,2017-01-31,2017-02-01,META,Tendencia,True,régimen con 0 días < 20,0,,24,84,10,25,69,39,2.0161312578276873,1.2080778258376395,1.904607022815216,10
rolling,por_activo,7,2016-08-01,2017-01-31,2017-02-01,META,Reversión,False,,64,4.78550042829875,29,76,11,28,64,23,2.914860303693813,3.855878965173994,1.7307646505376517,9
rolling,por_activo,7,2016-08-01,2017-01-31,2017-02-01,META,Crisis,True,régimen con 0 días < 20,0,,24,84,10,25,69,39,2.0161312578276873,1.2080778258376395,1.904607022815216,10
rolling,por_activo,7,2016-08-01,2017-01-31,2017-02-01,NFLX,Global,True,sin trials válidos: θ global de la ventana 6,0,-1000000000.0,18,82,8,39,62,28,2.285390992083607,2.4802298878053195,5.323506089770027,6
rolling,por_activo,7,2016-08-01,2017-01-31,2017-02-01,NFLX,Tendencia,True,régimen con 0 días < 20,0,,18,82,8,39,62,28,2.285390992083607,2.4802298878053195,5.323506089770027,6
rolling,por_activo,7,2016-08-01,2017-01-31,2017-02-01,NFLX,Reversión,False,,58,14.028428836211953,6,86,8,31,60,20,1.6681794696516734,2.0450383326749,1.5590978377144604,8
rolling,por_activo,7,2016-08-01,2017-01-31,2017-02-01,NFLX,Crisis,True,régimen con 0 días < 20,0,,18,82,8,39,62,28,2.285390992083607,2.4802298878053195,5.323506089770027,6
rolling,por_activo,7,2016-08-01,2017-01-31,2017-02-01,GOOGL,Global,False,,38,7.326672374370669,23,21,12,23,76,12,1.5905768663402338,2.1671724313043956,3.4753704339283735,14
rolling,por_activo,7,2016-08-01,2017-01-31,2017-02-01,GOOGL,Tendencia,True,régimen con 0 días < 20,0,,23,21,12,23,76,12,1.5905768663402338,2.1671724313043956,3.4753704339283735,14
rolling,por_activo,7,2016-08-01,2017-01-31,2017-02-01,GOOGL,Reversión,False,,58,12.296413468606088,14,29,8,38,71,12,2.8277427122292216,1.7696946130059947,2.6310941201327385,38
rolling,por_activo,7,2016-08-01,2017-01-31,2017-02-01,GOOGL,Crisis,True,régimen con 0 días < 20,0,,23,21,12,23,76,12,1.5905768663402338,2.1671724313043956,3.4753704339283735,14
rolling,por_activo,8,2016-09-01,2017-02-28,2017-03-01,NVDA,Global,True,sin trials válidos: θ global de la ventana 0,0,-1000000000.0,7,66,14,28,71,10,1.6498742753297067,1.1944990962790236,3.756417991627071,24
rolling,por_activo,8,2016-09-01,2017-02-28,2017-03-01,NVDA,Tendencia,True,régimen con 0 días < 20,0,,7,66,14,28,71,10,1.6498742753297067,1.1944990962790236,3.756417991627071,24
rolling,por_activo,8,2016-09-01,2017-02-28,2017-03-01,NVDA,Reversión,False,,34,28.82411687247351,22,56,7,40,78,34,2.5214742701909945,3.807312055570258,5.694792820691676,10
rolling,por_activo,8,2016-09-01,2017-02-28,2017-03-01,NVDA,Crisis,True,régimen con 0 días < 20,0,,7,66,14,28,71,10,1.6498742753297067,1.1944990962790236,3.756417991627071,24
rolling,por_activo,8,2016-09-01,2017-02-28,2017-03-01,AMZN,Global,False,,47,2.6186139141987828,7,86,7,39,71,34,1.601808324206401,1.1258721370356954,1.709001122658664,11
rolling,por_activo,8,2016-09-01,2017-02-28,2017-03-01,AMZN,Tendencia,True,régimen con 0 días < 20,0,,7,86,7,39,71,34,1.601808324206401,1.1258721370356954,1.709001122658664,11
rolling,por_activo,8,2016-09-01,2017-02-28,2017-03-01,AMZN,Reversión,False,,74,6.796317523230753,30,69,7,38,75,14,2.831929039807891,1.3116429021476173,1.3089576281485304,38
rolling,por_activo,8,2016-09-01,2017-02-28,2017-03-01,AMZN,Crisis,True,régimen con 0 días < 20,0,,7,86,7,39,71,34,1.601808324206401,1.1258721370356954,1.709001122658664,11
rolling,por_activo,8,2016-09-01,2017-02-28,2017-03-01,TSLA,Global,True,sin trials válidos: θ global de la ventana 7,0,-1000000000.0,20,87,12,30,70,10,1.8081103976118171,1.4044763142435905,1.308924901991441,22
rolling,por_activo,8,2016-09-01,2017-02-28,2017-03-01,TSLA,Tendencia,True,régimen con 0 días < 20,0,,20,87,12,30,70,10,1.8081103976118171,1.4044763142435905,1.308924901991441,22
rolling,por_activo,8,2016-09-01,2017-02-28,2017-03-01,TSLA,Reversión,False,,65,3.5412881693360676,22,36,25,21,71,13,1.7274436385614278,1.3576593067248834,4.745460996369816,5
rolling,por_activo,8,2016-09-01,2017-02-28,2017-03-01,TSLA,Crisis,True,régimen con 0 días < 20,0,,20,87,12,30,70,10,1.8081103976118171,1.4044763142435905,1.308924901991441,22
rolling,por_activo,8,2016-09-01,2017-02-28,2017-03-01,META,Global,True,sin trials válidos: θ global de la ventana 5,0,-1000000000.0,24,84,10,25,69,39,2.0161312578276873,1.2080778258376395,1.904607022815216,10
rolling,por_activo,8,2016-09-01,2017-02-28,2017-03-01,META,Tendencia,True,régimen con 0 días < 20,0,,24,84,10,25,69,39,2.0161312578276873,1.2080778258376395,1.904607022815216,10
rolling,por_activo,8,2016-09-01,2017-02-28,2017-03-01,META,Reversión,False,,74,2.092939612156818,17,96,13,37,79,36,1.6775487160082632,1.338925495565045,1.4990926057765859,20
rolling,por_activo,8,2016-09-01,2017-02-28,2017-03-01,META,Crisis,True,régimen con 0 días < 20,0,,24,84,10,25,69,39,2.0161312578276873,1.2080778258376395,1.904607022815216,10
rolling,por_activo,8,2016-09-01,2017-02-28,2017-03-01,NFLX,Global,True,sin trials válidos: θ global de la ventana 6,0,-1000000000.0,18,82,8,39,62,28,2.285390992083607,2.4802298878053195,5.323506089770027,6
rolling,por_activo,8,2016-09-01,2017-02-28,2017-03-01,NFLX,Tendencia,True,régimen con 0 días < 20,0,,18,82,8,39,62,28,2.285390992083607,2.4802298878053195,5.323506089770027,6
rolling,por_activo,8,2016-09-01,2017-02-28,2017-03-01,NFLX,Reversión,False,,17,9.667308625239912,14,41,7,30,78,10,1.5731692810897948,2.1742100700540954,5.296418193134916,38
rolling,por_activo,8,2016-09-01,2017-02-28,2017-03-01,NFLX,Crisis,True,régimen con 0 días < 20,0,,18,82,8,39,62,28,2.285390992083607,2.4802298878053195,5.323506089770027,6
rolling,por_activo,8,2016-09-01,2017-02-28,2017-03-01,GOOGL,Global,False,,8,3.742113715709164,28,53,8,40,69,25,2.8159304507593035,1.6620056182799858,3.6903247690925984,17
rolling,por_activo,8,2016-09-01,2017-02-28,2017-03-01,GOOGL,Tendencia,True,régimen con 0 días < 20,0,,28,53,8,40,69,25,2.8159304507593035,1.6620056182799858,3.6903247690925984,17
rolling,por_activo,8,2016-09-01,2017-02-28,2017-03-01,GOOGL,Reversión,False,,74,11.471042001278606,28,18,8,37,63,24,2.295051412822322,2.6231343361837864,2.289929256787292,37
rolling,por_activo,8,2016-09-01,2017-02-28,2017-03-01,GOOGL,Crisis,True,régimen con 0 días < 20,0,,28,53,8,40,69,25,2.8159304507593035,1.6620056182799858,3.6903247690925984,17
rolling,por_activo,9,2016-10-03,2017-03-31,2017-04-03,NVDA,Global,False,,16,15.18366403825158,11,70,8,34,60,10,1.5759387614908298,1.1329370222748405,5.644842612348199,24
rolling,por_activo,9,2016-10-03,2017-03-31,2017-04-03,NVDA,Tendencia,True,régimen con 0 días < 20,0,,11,70,8,34,60,10,1.5759387614908298,1.1329370222748405,5.644842612348199,24
rolling,por_activo,9,2016-10-03,2017-03-31,2017-04-03,NVDA,Reversión,False,,39,9.867266177340687,8,88,10,38,66,12,1.7341953628616058,3.2468387777986756,2.647500445222578,25
rolling,por_activo,9,2016-10-03,2017-03-31,2017-04-03,NVDA,Crisis,True,régimen con 0 días < 20,0,,11,70,8,34,60,10,1.5759387614908298,1.1329370222748405,5.644842612348199,24
rolling,por_activo,9,2016-10-03,2017-03-31,2017-04-03,AMZN,Global,False,,65,15.186126974754801,21,92,27,28,64,13,1.6423190396351866,1.3732508619373844,1.2112322461176146,25
rolling,por_activo,9,2016-10-03,2017-03-31,2017-04-03,AMZN,Tendencia,True,régimen con 0 días < 20,0,,21,92,27,28,64,13,1.6423190396351866,1.3732508619373844,1.2112322461176146,25
rolling,por_activo,9,2016-10-03,2017-03-31,2017-04-03,AMZN,Reversión,False,,80,3.535181420573789,29,70,25,38,78,11,1.7710037997220343,1.336632374212504,4.614598546133741,37
rolling,por_activo,9,2016-10-03,2017-03-31,2017-04-03,AMZN,Crisis,True,régimen con 0 días < 20,0,,21,92,27,28,64,13,1.6423190396351866,1.3732508619373844,1.2112322461176146,25
rolling,por_activo,9,2016-10-03,2017-03-31,2017-04-03,TSLA,Global,False,,61,2.673367817574308,28,53,9,38,61,15,1.758107846161911,1.1454523798202216,5.595613477439392,28
rolling,por_activo,9,2016-10-03,2017-03-31,2017-04-03,TSLA,Tendencia,True,régimen con 0 días < 20,0,,28,53,9,38,61,15,1.758107846161911,1.1454523798202216,5.595613477439392,28
rolling,por_activo,9,2016-10-03,2017-03-31,2017-04-03,TSLA,Reversión,False,,54,16.40109386554845,16,16,22,40,60,12,1.8623892668584014,1.5716136629392228,2.309939576701839,34
rolling,por_activo,9,2016-10-03,2017-03-31,2017-04-03,TSLA,Crisis,True,régimen con 0 días < 20,0,,28,53,9,38,61,15,1.758107846161911,1.1454523798202216,5.595613477439392,28
rolling,por_activo,9,2016-10-03,2017-03-31,2017-04-03,META,Global,False,,60,-0.40669806432852645,27,81,12,23,79,40,1.9411243152742603,2.1737055134985948,1.0521539615824873,25
rolling,por_activo,9,2016-10-03,2017-03-31,2017-04-03,META,Tendencia,True,régimen con 0 días < 20,0,,27,81,12,23,79,40,1.9411243152742603,2.1737055134985948,1.0521539615824873,25
rolling,por_activo,9,2016-10-03,2017-03-31,2017-04-03,META,Reversión,False,,76,0.6531809159394968,24,77,14,23,66,36,1.967223032005541,2.296056078753189,1.8924359565544835,39
rolling,por_activo,9,2016-10-03,2017-03-31,2017-04-03,META,Crisis,True,régimen con 0 días < 20,0,,27,81,12,23,79,40,1.9411243152742603,2.1737055134985948,1.0521539615824873,25
rolling,por_activo,9,2016-10-03,2017-03-31,2017-04-03,NFLX,Global,True,sin trials válidos: θ global de la ventana 6,0,-1000000000.0,18,82,8,39,62,28,2.285390992083607,2.4802298878053195,5.323506089770027,6
rolling,por_activo,9,2016-10-03,2017-03-31,2017-04-03,NFLX,Tendencia,True,régimen con 0 días < 20,0,,18,82,8,39,62,28,2.285390992083607,2.4802298878053195,5.323506089770027,6
rolling,por_activo,9,2016-10-03,2017-03-31,2017-04-03,NFLX,Reversión,True,ningún trial cumple N_MIN,0,-1000000000.0,18,82,8,39,62,28,2.285390992083607,2.4802298878053195,5.323506089770027,6
rolling,por_activo,9,2016-10-03,2017-03-31,2017-04-03,NFLX,Crisis,True,régimen con 0 días < 20,0,,18,82,8,39,62,28,2.285390992083607,2.4802298878053195,5.323506089770027,6
rolling,por_activo,9,2016-10-03,2017-03-31,2017-04-03,GOOGL,Global,False,,53,16.939837947508284,22,81,12,21,78,12,1.8628575673054097,3.4031493537767337,1.7739810400676197,26
rolling,por_activo,9,2016-10-03,2017-03-31,2017-04-03,GOOGL,Tendencia,True,régimen con 0 días < 20,0,,22,81,12,21,78,12,1.8628575673054097,3.4031493537767337,1.7739810400676197,26
rolling,por_activo,9,2016-10-03,2017-03-31,2017-04-03,GOOGL,Reversión,False,,56,11.173471950770718,13,75,14,24,62,14,2.1555963789303614,1.7312546008306327,2.358445888493776,20
rolling,por_activo,9,2016-10-03,2017-03-31,2017-04-03,GOOGL,Crisis,True,régimen con 0 días < 20,0,,22,81,12,21,78,12,1.8628575673054097,3.4031493537767337,1.7739810400676197,26
rolling,por_activo,10,2016-11-01,2017-04-28,2017-05-01,NVDA,Global,True,sin trials válidos: θ global de la ventana 9,0,-1000000000.0,11,70,8,34,60,10,1.5759387614908298,1.1329370222748405,5.644842612348199,24
rolling,por_activo,10,2016-11-01,2017-04-28,2017-05-01,NVDA,Tendencia,True,régimen con 0 días < 20,0,,11,70,8,34,60,10,1.5759387614908298,1.1329370222748405,5.644842612348199,24
rolling,por_activo,10,2016-11-01,2017-04-28,2017-05-01,NVDA,Reversión,False,,43,18.683489648496543,29,96,12,35,61,38,1.8449633741283074,3.321211795095191,1.7317382600460889,9
rolling,por_activo,10,2016-11-01,2017-04-28,2017-05-01,NVDA,Crisis,True,régimen con 0 días < 20,0,,11,70,8,34,60,10,1.5759387614908298,1.1329370222748405,5.644842612348199,24
rolling,por_activo,10,2016-11-01,2017-04-28,2017-05-01,AMZN,Global,True,sin trials válidos: θ global de la ventana 9,0,-1000000000.0,21,92,27,28,64,13,1.6423190396351866,1.3732508619373844,1.2112322461176146,25
rolling,por_activo,10,2016-11-01,2017-04-28,2017-05-01,AMZN,Tendencia,True,régimen con 0 días < 20,0,,21,92,27,28,64,13,1.6423190396351866,1.3732508619373844,1.2112322461176146,25
rolling,por_activo,10,2016-11-01,2017-04-28,2017-05-01,AMZN,Reversión,False,,78,11.206440564063831,25,97,8,38,70,14,1.7918941607693908,3.6597155628582234,3.7694542357595777,6
rolling,por_activo,10,2016-11-01,2017-04-28,2017-05-01,AMZN,Crisis,True,régimen con 0 días < 20,0,,21,92,27,28,64,13,1.6423190396351866,1.3732508619373844,1.2112322461176146,25
rolling,por_activo,10,2016-11-01,2017-04-28,2017-05-01,TSLA,Global,True,sin trials válidos: θ global de la ventana 9,0,-1000000000.0,28,53,9,38,61,15,1.758107846161911,1.1454523798202216,5.595613477439392,28
rolling,por_activo,10,2016-11-01,2017-04-28,2017-05-01,TSLA,Tendencia,True,régimen con 0 días < 20,0,,28,53,9,38,61,15,1.758107846161911,1.1454523798202216,5.595613477439392,28
rolling,por_activo,10,2016-11-01,2017-04-28,2017-05-01,TSLA,Reversión,False,,61,6.439232982662433,9,64,17,36,67,15,1.594803365547451,1.1418257815336197,2.001505780310839,12
rolling,por_activo,10,2016-11-01,2017-04-28,2017-05-01,TSLA,Crisis,True,régimen con 0 días < 20,0,,28,53,9,38,61,15,1.758107846161911,1.1454523798202216,5.595613477439392,28
rolling,por_activo,10,2016-11-01,2017-04-28,2017-05-01,META,Global,False,,12,-1.1325245645355249,8,53,7,34,62,14,1.827925281609284,1.1348241551135758,5.485500868793131,22
rolling,por_activo,10,2016-11-01,2017-04-28,2017-05-01,META,Tendencia,True,régimen con 0 días < 20,0,,8,53,7,34,62,14,1.827925281609284,1.1348241551135758,5.485500868793131,22
rolling,por_activo,10,2016-11-01,2017-04-28,2017-05-01,META,Reversión,False,,71,7.343668240634917,19,92,26,35,63,15,1.8193617928279169,1.1951410238855935,1.665254568483089,22
rolling,por_activo,10,2016-11-01,2017-04-28,2017-05-01,META,Crisis,True,régimen con 0 días < 20,0,,8,53,7,34,62,14,1.827925281609284,1.1348241551135758,5.485500868793131,22
rolling,por_activo,10,2016-11-01,2017-04-28,2017-05-01,NFLX,Global,True,sin trials válidos: θ global de la ventana 6,0,-1000000000.0,18,82,8,39,62,28,2.285390992083607,2.4802298878053195,5.323506089770027,6
rolling,por_activo,10,2016-11-01,2017-04-28,2017-05-01,NFLX,Tendencia,True,régimen con 0 días < 20,0,,18,82,8,39,62,28,2.285390992083607,2.4802298878053195,5.323506089770027,6
rolling,por_activo,10,2016-11-01,2017-04-28,2017-05-01,NFLX,Reversión,False,,64,26.307115853976153,26,60,13,36,64,14,2.148186043058769,3.748123234415959,2.9361291251252304,20
rolling,por_activo,10,2016-11-01,2017-04-28,2017-05-01,NFLX,Crisis,True,régimen con 0 días < 20,0,,18,82,8,39,62,28,2.285390992083607,2.4802298878053195,5.323506089770027,6
rolling,por_activo,10,2016-11-01,2017-04-28,2017-05-01,GOOGL,Global,False,,66,16.17388169122583,28,34,26,39,66,13,1.97958333726649,2.7018690681871527,1.8507636636649214,27
rolling,por_activo,10,2016-11-01,2017-04-28,2017-05-01,GOOGL,Tendencia,True,régimen con 0 días < 20,0,,28,34,26,39,66,13,1.97958333726649,2.7018690681871527,1.8507636636649214,27
rolling,por_activo,10,2016-11-01,2017-04-28,2017-05-01,GOOGL,Reversión,False,,81,9.402685286369504,18,60,7,34,79,35,2.018852369769772,3.525777006474179,2.202598591264085,11
rolling,por_activo,10,2016-11-01,2017-04-28,2017-05-01,GOOGL,Crisis,True,régimen con 0 días < 20,0,,28,34,26,39,66,13,1.97958333726649,2.7018690681871527,1.8507636636649214,27
rolling,por_activo,11,2016-12-01,2017-05-31,2017-06-01,NVDA,Global,False,,18,3.575350871841112,15,38,9,40,74,22,1.6329370912503185,1.1447277725067915,1.8509845021406404,32
rolling,por_activo,11,2016-12-01,2017-05-31,2017-06-01,NVDA,Tendencia,True,régimen con 0 días < 20,0,,15,38,9,40,74,22,1.6329370912503185,1.1447277725067915,1.8509845021406404,32
rolling,por_activo,11,2016-12-01,2017-05-31,2017-06-01,NVDA,Reversión,False,,68,13.835000220346204,28,38,10,35,75,11,2.342252304055124,1.5797924598456938,1.6395480294235794,14
rolling,por_activo,11,2016-12-01,2017-05-31,2017-06-01,NVDA,Crisis,True,régimen con 0 días < 20,0,,15,38,9,40,74,22,1.6329370912503185,1.1447277725067915,1.8509845021406404,32
rolling,por_activo,11,2016-12-01,2017-05-31,2017-06-01,AMZN,Global,True,sin trials válidos: θ global de la ventana 9,0,-1000000000.0,21,92,27,28,64,13,1.6423190396351866,1.3732508619373844,1.2112322461176146,25
rolling,por_activo,11,2016-12-01,2017-05-31,2017-06-01,AMZN,Tendencia,True,régimen con 0 días < 20,0,,21,92,27,28,64,13,1.6423190396351866,1.3732508619373844,1.2112322461176146,25
rolling,por_activo,11,2016-12-01,2017-05-31,2017-06-01,AMZN,Reversión,False,,19,8.97174880671395,6,26,26,24,63,10,1.5588196802392607,1.5911973434537359,3.5632735826470583,38
rolling,por_activo,11,2016-12-01,2017-05-31,2017-06-01,AMZN,Crisis,True,régimen con 0 días < 20,0,,21,92,27,28,64,13,1.6423190396351866,1.3732508619373844,1.2112322461176146,25
rolling,por_activo,11,2016-12-01,2017-05-31,2017-06-01,TSLA,Global,True,sin trials válidos: θ global de la ventana 9,0,-1000000000.0,28,53,9,38,61,15,1.758107846161911,1.1454523798202216,5.595613477439392,28
rolling,por_activo,11,2016-12-01,2017-05-31,2017-06-01,TSLA,Tendencia,True,régimen con 0 días < 20,0,,28,53,9,38,61,15,1.758107846161911,1.1454523798202216,5.595613477439392,28
rolling,por_activo,11,2016-12-01,2017-05-31,2017-06-01,TSLA,Reversión,False,,65,4.4619841944759875,30,22,10,39,61,13,2.909384321176868,1.0487879956822932,5.886412234320655,29
rolling,por_activo,11,2016-12-01,2017-05-31,2017-06-01,TSLA,Crisis,True,régimen con 0 días < 20,0,,28,53,9,38,61,15,1.758107846161911,1.1454523798202216,5.595613477439392,28
rolling,por_activo,11,2016-12-01,2017-05-31,2017-06-01,META,Global,True,sin trials válidos: θ global de la ventana 10,0,-1000000000.0,8,53,7,34,62,14,1.827925281609284,1.1348241551135758,5.485500868793131,22
rolling,por_activo,11,2016-12-01,2017-05-31,2017-06-01,META,Tendencia,True,régimen con 0 días < 20,0,,8,53,7,34,62,14,1.827925281609284,1.1348241551135758,5.485500868793131,22
rolling,por_activo,11,2016-12-01,2017-05-31,2017-06-01,META,Reversión,False,,64,2.4504151995243033,28,83,27,39,73,11,1.8207644647845826,2.0281296571886545,5.743846667620669,18
rolling,por_activo,11,2016-12-01,2017-05-31,2017-06-01,META,Crisis,True,régimen con 0 días < 20,0,,8,53,7,34,62,14,1.827925281609284,1.1348241551135758,5.485500868793131,22
rolling,por_activo,11,2016-12-01,2017-05-31,2017-06-01,NFLX,Global,True,sin trials válidos: θ global de la ventana 6,0,-1000000000.0,18,82,8,39,62,28,2.285390992083607,2.4802298878053195,5.323506089770027,6
rolling,por_activo,11,2016-12-01,2017-05-31,2017-06-01,NFLX,Tendencia,True,régimen con 0 días < 20,0,,18,82,8,39,62,28,2.285390992083607,2.4802298878053195,5.323506089770027,6
rolling,por_activo,11,2016-12-01,2017-05-31,2017-06-01,NFLX,Reversión,False,,49,20.60209316496956,11,58,10,40,62,11,1.631286272918211,1.4087808029718034,2.0720278679144535,31
rolling,por_activo,11,2016-12-01,2017-05-31,2017-06-01,NFLX,Crisis,True,régimen con 0 días < 20,0,,18,82,8,39,62,28,2.285390992083607,2.4802298878053195,5.323506089770027,6
rolling,por_activo,11,2016-12-01,2017-05-31,2017-06-01,GOOGL,Global,False,,41,23.8442264776358,14,51,8,37,74,10,1.9631346114966055,3.1241175308024487,5.481465873118041,16
rolling,por_activo,11,2016-12-01,2017-05-31,2017-06-01,GOOGL,Tendencia,True,régimen con 0 días < 20,0,,14,51,8,37,74,10,1.9631346114966055,3.1241175308024487,5.481465873118041,16
rolling,por_activo,11,2016-12-01,2017-05-31,2017-06-01,GOOGL,Reversión,False,,56,37.44950302683806,30,79,9,39,80,29,2.119608029176621,2.205780804804876,5.716000940984901,8
rolling,por_activo,11,2016-12-01,2017-05-31,2017-06-01,GOOGL,Crisis,True,régimen con 0 días < 20,0,,14,51,8,37,74,10,1.9631346114966055,3.1241175308024487,5.481465873118041,16
rolling,por_activo,12,2017-01-03,2017-06-30,2017-07-03,NVDA,Global,False,,28,5.625214737600868,14,25,9,39,64,13,2.868825525757243,1.4964921397012845,5.054356749466938,19
rolling,por_activo,12,2017-01-03,2017-06-30,2017-07-03,NVDA,Tendencia,False,,38,21.2582255754012,30,92,13,39,78,20,2.5761232322892917,3.9186966831422154,4.538749736970134,8
rolling,por_activo,12,2017-01-03,2017-06-30,2017-07-03,NVDA,Reversión,True,ningún trial cumple N_MIN,0,-1000000000.0,14,25,9,39,64,13,2.868825525757243,1.4964921397012845,5.054356749466938,19
rolling,por_activo,12,2017-01-03,2017-06-30,2017-07-03,NVDA,Crisis,True,régimen con 0 días < 20,0,,14,25,9,39,64,13,2.868825525757243,1.4964921397012845,5.054356749466938,19
rolling,por_activo,12,2017-01-03,2017-06-30,2017-07-03,AMZN,Global,True,sin trials válidos: θ global de la ventana 9,0,-1000000000.0,21,92,27,28,64,13,1.6423190396351866,1.3732508619373844,1.2112322461176146,25
rolling,por_activo,12,2017-01-03,2017-06-30,2017-07-03,AMZN,Tendencia,False,,42,21.799726371695257,19,29,9,33,78,10,1.5420082832430706,1.152950206042143,5.386251829275713,17
rolling,por_activo,12,2017-01-03,2017-06-30,2017-07-03,AMZN,Reversión,False,,14,0.7050657589165358,18,68,20,22,74,10,1.6297463037187154,1.0424216303043514,4.41123818353924,14
rolling,por_activo,12,2017-01-03,2017-06-30,2017-07-03,AMZN,Crisis,True,régimen con 0 días < 20,0,,21,92,27,28,64,13,1.6423190396351866,1.3732508619373844,1.2112322461176146,25
rolling,por_activo,12,2017-01-03,2017-06-30,2017-07-03,TSLA,Global,True,sin trials válidos: θ global de la ventana 9,0,-1000000000.0,28,53,9,38,61,15,1.758107846161911,1.1454523798202216,5.595613477439392,28
rolling,por_activo,12,2017-01-03,2017-06-30,2017-07-03,TSLA,Tendencia,True,ningún trial cumple N_MIN,0,-1000000000.0,28,53,9,38,61,15,1.758107846161911,1.1454523798202216,5.595613477439392,28
rolling,por_activo,12,2017-01-03,2017-06-30,2017-07-03,TSLA,Reversión,True,ningún trial cumple N_MIN,0,-1000000000.0,28,53,9,38,61,15,1.758107846161911,1.1454523798202216,5.595613477439392,28
rolling,por_activo,12,2017-01-03,2017-06-30,2017-07-03,TSLA,Crisis,True,régimen con 0 días < 20,0,,28,53,9,38,61,15,1.758107846161911,1.1454523798202216,5.595613477439392,28
rolling,por_activo,12,2017-01-03,2017-06-30,2017-07-03,META,Global,False,,45,1.3949830434311608,12,62,12,39,61,13,1.6032214458409202,1.0555123921751968,3.9913916511162673,25
rolling,por_activo,12,2017-01-03,2017-06-30,2017-07-03,META,Tendencia,False,,50,28.73325829719018,8,25,7,39,78,26,1.6899898489506444,1.8478061564757366,5.346216548585958,39
rolling,por_activo,12,2017-01-03,2017-06-30,2017-07-03,META,Reversión,True,ningún trial cumple N_MIN,0,-1000000000.0,12,62,12,39,61,13,1.6032214458409202,1.0555123921751968,3.9913916511162673,25
rolling,por_activo,12,2017-01-03,2017-06-30,2017-07-03,META,Crisis,True,régimen con 0 días < 20,0,,12,62,12,39,61,13,1.6032214458409202,1.0555123921751968,3.9913916511162673,25
rolling,por_activo,12,2017-01-03,2017-06-30,2017-07-03,NFLX,Global,False,,39,5.590300880570031,26,84,8,38,72,27,2.7705180496431203,1.2180236219784226,5.741863106727871,30
rolling,por_activo,12,2017-01-03,2017-06-30,2017-07-03,NFLX,Tendencia,False,,64,30.32120820458803,29,47,26,35,78,15,1.8137980527309947,2.771068856392937,5.745629702726646,11
rolling,por_activo,12,2017-01-03,2017-06-30,2017-07-03,NFLX,Reversión,True,ningún trial cumple N_MIN,0,-1000000000.0,26,84,8,38,72,27,2.7705180496431203,1.2180236219784226,5.741863106727871,30
rolling,por_activo,12,2017-01-03,2017-06-30,2017-07-03,NFLX,Crisis,True,régimen con 0 días < 20,0,,26,84,8,38,72,27,2.7705180496431203,1.2180236219784226,5.741863106727871,30
rolling,por_activo,12,2017-01-03,2017-06-30,2017-07-03,GOOGL,Global,True,sin trials válidos: θ global de la ventana 11,0,-1000000000.0,14,51,8,37,74,10,1.9631346114966055,3.1241175308024487,5.481465873118041,16
rolling,por_activo,12,2017-01-03,2017-06-30,2017-07-03,GOOGL,Tendencia,False,,55,6.700268592486759,11,20,9,23,64,11,1.8278198877126184,1.6103737029758762,4.7946292350780535,10
rolling,por_activo,12,2017-01-03,2017-06-30,2017-07-03,GOOGL,Reversión,True,ningún trial cumple N_MIN,0,-1000000000.0,14,51,8,37,74,10,1.9631346114966055,3.1241175308024487,5.481465873118041,16
rolling,por_activo,12,2017-01-03,2017-06-30,2017-07-03,GOOGL,Crisis,True,régimen con 0 días < 20,0,,14,51,8,37,74,10,1.9631346114966055,3.1241175308024487,5.481465873118041,16
rolling,por_activo,13,2017-02-01,2017-07-31,2017-08-01,NVDA,Global,False,,36,8.330079652528184,24,95,10,39,74,16,2.623212639701496,1.7468520859859458,1.5517241129635155,18
rolling,por_activo,13,2017-02-01,2017-07-31,2017-08-01,NVDA,Tendencia,False,,55,23.273045692036295,10,32,25,26,64,16,2.10782583521223,3.8736693181142954,4.855505031545105,24
rolling,por_activo,13,2017-02-01,2017-07-31,2017-08-01,NVDA,Reversión,True,régimen con 10 días < 20,0,,24,95,10,39,74,16,2.623212639701496,1.7468520859859458,1.5517241129635155,18
rolling,por_activo,13,2017-02-01,2017-07-31,2017-08-01,NVDA,Crisis,True,régimen con 0 días < 20,0,,24,95,10,39,74,16,2.623212639701496,1.7468520859859458,1.5517241129635155,18
rolling,por_activo,13,2017-02-01,2017-07-31,2017-08-01,AMZN,Global,True,sin trials válidos: θ global de la ventana 9,0,-1000000000.0,21,92,27,28,64,13,1.6423190396351866,1.3732508619373844,1.2112322461176146,25
rolling,por_activo,13,2017-02-01,2017-07-31,2017-08-01,AMZN,Tendencia,False,,41,21.20160302697977,8,89,9,39,63,12,1.7967095428034776,3.9479549454931604,2.7763362882915605,27
rolling,por_activo,13,2017-02-01,2017-07-31,2017-08-01,AMZN,Reversión,True,régimen con 10 días < 20,0,,21,92,27,28,64,13,1.6423190396351866,1.3732508619373844,1.2112322461176146,25
rolling,por_activo,13,2017-02-01,2017-07-31,2017-08-01,AMZN,Crisis,True,régimen con 0 días < 20,0,,21,92,27,28,64,13,1.6423190396351866,1.3732508619373844,1.2112322461176146,25
rolling,por_activo,13,2017-02-01,2017-07-31,2017-08-01,TSLA,Global,False,,1,4.734277732728847,13,22,8,40,63,17,2.3074706041595685,1.5718544155512344,1.7203430373380315,32
rolling,por_activo,13,2017-02-01,2017-07-31,2017-08-01,TSLA,Tendencia,False,,73,18.27644092036482,30,61,7,34,76,13,1.6437855364388176,1.2943068270090146,5.904899410561243,36
rolling,por_activo,13,2017-02-01,2017-07-31,2017-08-01,TSLA,Reversión,True,régimen con 10 días < 20,0,,13,22,8,40,63,17,2.3074706041595685,1.5718544155512344,1.7203430373380315,32
rolling,por_activo,13,2017-02-01,2017-07-31,2017-08-01,TSLA,Crisis,True,régimen con 0 días < 20,0,,13,22,8,40,63,17,2.3074706041595685,1.5718544155512344,1.7203430373380315,32
rolling,por_activo,13,2017-02-01,2017-07-31,2017-08-01,META,Global,False,,23,2.8904654302589723,30,21,11,22,63,10,1.6378920623784703,1.1505304147822288,2.3978734999639038,20
rolling,por_activo,13,2017-02-01,2017-07-31,2017-08-01,META,Tendencia,False,,70,39.52423569580381,13,88,16,40,71,11,1.5950029202198015,1.6629501830915605,5.730635244720612,10
rolling,por_activo,13,2017-02-01,2017-07-31,2017-08-01,META,Reversión,True,régimen con 10 días < 20,0,,30,21,11,22,63,10,1.6378920623784703,1.1505304147822288,2.3978734999639038,20
rolling,por_activo,13,2017-02-01,2017-07-31,2017-08-01,META,Crisis,True,régimen con 0 días < 20,0,,30,21,11,22,63,10,1.6378920623784703,1.1505304147822288,2.3978734999639038,20
rolling,por_activo,13,2017-02-01,2017-07-31,2017-08-01,NFLX,Global,False,,1,0.4993291940226269,20,61,10,33,64,17,1.9202764485379196,1.0217898707073751,3.44692862355898,24
rolling,por_activo,13,2017-02-01,2017-07-31,2017-08-01,NFLX,Tendencia,False,,72,39.132480765243166,22,30,20,24,78,14,1.9114205889559632,2.356297071026503,4.1193327921778025,8
rolling,por_activo,13,2017-02-01,2017-07-31,2017-08-01,NFLX,Reversión,True,régimen con 10 días < 20,0,,20,61,10,33,64,17,1.9202764485379196,1.0217898707073751,3.44692862355898,24
rolling,por_activo,13,2017-02-01,2017-07-31,2017-08-01,NFLX,Crisis,True,régimen con 0 días < 20,0,,20,61,10,33,64,17,1.9202764485379196,1.0217898707073751,3.44692862355898,24
rolling,por_activo,13,2017-02-01,2017-07-31,2017-08-01,GOOGL,Global,False,,55,8.004204943963533,28,90,8,37,70,36,1.7486288873287497,1.3259765203440719,5.590123044659558,12
rolling,por_activo,13,2017-02-01,2017-07-31,2017-08-01,GOOGL,Tendencia,False,,50,9.071862907200364,15,92,15,40,77,11,1.6214944819682322,3.840096271048513,5.431443215393064,39
rolling,por_activo,13,2017-02-01,2017-07-31,2017-08-01,GOOGL,Reversión,True,régimen con 10 días < 20,0,,28,90,8,37,70,36,1.7486288873287497,1.3259765203440719,5.590123044659558,12
rolling,por_activo,13,2017-02-01,2017-07-31,2017-08-01,GOOGL,Crisis,True,régimen con 0 días < 20,0,,28,90,8,37,70,36,1.7486288873287497,1.3259765203440719,5.590123044659558,12
rolling,por_activo,14,2017-03-01,2017-08-31,2017-09-01,NVDA,Global,True,sin trials válidos: θ global de la ventana 13,0,-1000000000.0,24,95,10,39,74,16,2.623212639701496,1.7468520859859458,1.5517241129635155,18
rolling,por_activo,14,2017-03-01,2017-08-31,2017-09-01,NVDA,Tendencia,False,,64,15.48446873958137,26,83,8,34,79,27,2.5787281354033613,3.1547871961312266,4.761042704019007,15
rolling,por_activo,14,2017-03-01,2017-08-31,2017-09-01,NVDA,Reversión,True,ningún trial cumple N_MIN,0,-1000000000.0,24,95,10,39,74,16,2.623212639701496,1.7468520859859458,1.5517241129635155,18
rolling,por_activo,14,2017-03-01,2017-08-31,2017-09-01,NVDA,Crisis,True,régimen con 0 días < 20,0,,24,95,10,39,74,16,2.623212639701496,1.7468520859859458,1.5517241129635155,18
rolling,por_activo,14,2017-03-01,2017-08-31,2017-09-01,AMZN,Global,False,,59,11.398405842237704,28,48,14,36,80,12,1.6414402585430614,1.582296443917134,1.3128126419396833,6
rolling,por_activo,14,2017-03-01,2017-08-31,2017-09-01,AMZN,Tendencia,True,ningún trial cumple N_MIN,0,-1000000000.0,28,48,14,36,80,12,1.6414402585430614,1.582296443917134,1.3128126419396833,6
rolling,por_activo,14,2017-03-01,2017-08-31,2017-09-01,AMZN,Reversión,True,ningún trial cumple N_MIN,0,-1000000000.0,28,48,14,36,80,12,1.6414402585430614,1.582296443917134,1.3128126419396833,6
rolling,por_activo,14,2017-03-01,2017-08-31,2017-09-01,AMZN,Crisis,True,régimen con 0 días < 20,0,,28,48,14,36,80,12,1.6414402585430614,1.582296443917134,1.3128126419396833,6
rolling,por_activo,14,2017-03-01,2017-08-31,2017-09-01,TSLA,Global,False,,57,14.012691273656898,8,84,7,40,64,28,2.5048708784422984,1.171259677552607,2.315333199992462,28
rolling,por_activo,14,2017-03-01,2017-08-31,2017-09-01,TSLA,Tendencia,False,,61,11.669783445431683,9,95,28,35,71,10,1.7583472667557363,1.4514472386644586,5.563940303578797,30
rolling,por_activo,14,2017-03-01,2017-08-31,2017-09-01,TSLA,Reversión,True,ningún trial cumple N_MIN,0,-1000000000.0,8,84,7,40,64,28,2.5048708784422984,1.171259677552607,2.315333199992462,28
rolling,por_activo,14,2017-03-01,2017-08-31,2017-09-01,TSLA,Crisis,True,régimen con 0 días < 20,0,,8,84,7,40,64,28,2.5048708784422984,1.171259677552607,2.315333199992462,28
rolling,por_activo,14,2017-03-01,2017-08-31,2017-09-01,META,Global,True,sin trials válidos: θ global de la ventana 13,0,-1000000000.0,30,21,11,22,63,10,1.6378920623784703,1.1505304147822288,2.3978734999639038,20
rolling,por_activo,14,2017-03-01,2017-08-31,2017-09-01,META,Tendencia,False,,52,30.55915695027563,10,85,8,34,68,16,1.5287092793926496,1.1542348894774586,3.6106817253738726,13
rolling,por_activo,14,2017-03-01,2017-08-31,2017-09-01,META,Reversión,True,ningún trial cumple N_MIN,0,-1000000000.0,30,21,11,22,63,10,1.6378920623784703,1.1505304147822288,2.3978734999639038,20
rolling,por_activo,14,2017-03-01,2017-08-31,2017-09-01,META,Crisis,True,régimen con 0 días < 20,0,,30,21,11,22,63,10,1.6378920623784703,1.1505304147822288,2.3978734999639038,20
rolling,por_activo,14,2017-03-01,2017-08-31,2017-09-01,NFLX,Global,False,,47,31.080908900629517,22,65,26,21,78,22,1.596126630302865,2.7888270850973496,3.279063833440616,9
rolling,por_activo,14,2017-03-01,2017-08-31,2017-09-01,NFLX,Tendencia,False,,76,17.206079173117406,24,68,14,34,74,20,1.6028237761810253,3.834014743800637,1.3276960652610175,36
rolling,por_activo,14,2017-03-01,2017-08-31,2017-09-01,NFLX,Reversión,True,ningún trial cumple N_MIN,0,-1000000000.0,22,65,26,21,78,22,1.596126630302865,2.7888270850973496,3.279063833440616,9
rolling,por_activo,14,2017-03-01,2017-08-31,2017-09-01,NFLX,Crisis,True,régimen con 0 días < 20,0,,22,65,26,21,78,22,1.596126630302865,2.7888270850973496,3.279063833440616,9
rolling,por_activo,14,2017-03-01,2017-08-31,2017-09-01,GOOGL,Global,False,,50,1.5617989365821285,17,91,10,39,68,26,1.9142676444825615,1.6953581462369047,5.715338946156189,31
rolling,por_activo,14,2017-03-01,2017-08-31,2017-09-01,GOOGL,Tendencia,False,,50,6.567045700018405,23,16,20,27,79,26,1.7439257924657736,1.380457234851026,3.653692502371329,22
rolling,por_activo,14,2017-03-01,2017-08-31,2017-09-01,GOOGL,Reversión,True,ningún trial cumple N_MIN,0,-1000000000.0,17,91,10,39,68,26,1.9142676444825615,1.6953581462369047,5.715338946156189,31
rolling,por_activo,14,2017-03-01,2017-08-31,2017-09-01,GOOGL,Crisis,True,régimen con 0 días < 20,0,,17,91,10,39,68,26,1.9142676444825615,1.6953581462369047,5.715338946156189,31
rolling,por_activo,15,2017-04-03,2017-09-29,2017-10-02,NVDA,Global,True,sin trials válidos: θ global de la ventana 13,0,-1000000000.0,24,95,10,39,74,16,2.623212639701496,1.7468520859859458,1.5517241129635155,18
rolling,por_activo,15,2017-04-03,2017-09-29,2017-10-02,NVDA,Tendencia,False,,50,22.26104186957062,13,90,9,37,61,38,1.6505860853489107,1.2212299669099473,4.878764083366789,36
rolling,por_activo,15,2017-04-03,2017-09-29,2017-10-02,NVDA,Reversión,True,ningún trial cumple N_MIN,0,-1000000000.0,24,95,10,39,74,16,2.623212639701496,1.7468520859859458,1.5517241129635155,18
rolling,por_activo,15,2017-04-03,2017-09-29,2017-10-02,NVDA,Crisis,True,régimen con 0 días < 20,0,,24,95,10,39,74,16,2.623212639701496,1.7468520859859458,1.5517241129635155,18
rolling,por_activo,15,2017-04-03,2017-09-29,2017-10-02,AMZN,Global,False,,51,17.632263818846443,12,43,10,34,76,14,1.5602961961762456,2.9667875701166926,1.4284416499529566,5
rolling,por_activo,15,2017-04-03,2017-09-29,2017-10-02,AMZN,Tendencia,True,ningún trial cumple N_MIN,0,-1000000000.0,12,43,10,34,76,14,1.5602961961762456,2.9667875701166926,1.4284416499529566,5
rolling,por_activo,15,2017-04-03,2017-09-29,2017-10-02,AMZN,Reversión,True,ningún trial cumple N_MIN,0,-1000000000.0,12,43,10,34,76,14,1.5602961961762456,2.9667875701166926,1.4284416499529566,5
rolling,por_activo,15,2017-04-03,2017-09-29,2017-10-02,AMZN,Crisis,True,régimen con 0 días < 20,0,,12,43,10,34,76,14,1.5602961961762456,2.9667875701166926,1.4284416499529566,5
rolling,por_activo,15,2017-04-03,2017-09-29,2017-10-02,TSLA,Global,False,,40,5.217427765084739,24,18,16,39,69,14,1.5285633846434479,1.2511016279898204,5.503019340962327,38
rolling,por_activo,15,2017-04-03,2017-09-29,2017-10-02,TSLA,Tendencia,False,,58,6.7791831872932375,26,98,8,22,60,18,1.6220587848278334,2.6001558667366007,4.692177814123971,26
rolling,por_activo,15,2017-04-03,2017-09-29,2017-10-02,TSLA,Reversión,True,ningún trial cumple N_MIN,0,-1000000000.0,24,18,16,39,69,14,1.5285633846434479,1.2511016279898204,5.503019340962327,38
rolling,por_activo,15,2017-04-03,2017-09-29,2017-10-02,TSLA,Crisis,True,régimen con 0 días < 20,0,,24,18,16,39,69,14,1.5285633846434479,1.2511016279898204,5.503019340962327,38
rolling,por_activo,15,2017-04-03,2017-09-29,2017-10-02,META,Global,False,,56,30.78632435991433,28,36,16,32,62,13,1.6186406712527226,1.7087584271449576,3.7979387424674425,10
rolling,por_activo,15,2017-04-03,2017-09-29,2017-10-02,META,Tendencia,False,,71,31.222990320583843,20,50,24,20,61,11,1.672732178463266,2.550030946178474,3.360399595511073,39
rolling,por_activo,15,2017-04-03,2017-09-29,2017-10-02,META,Reversión,True,ningún trial cumple N_MIN,0,-1000000000.0,28,36,16,32,62,13,1.6186406712527226,1.7087584271449576,3.7979387424674425,10
rolling,por_activo,15,2017-04-03,2017-09-29,2017-10-02,META,Crisis,True,régimen con 0 días < 20,0,,28,36,16,32,62,13,1.6186406712527226,1.7087584271449576,3.7979387424674425,10
rolling,por_activo,15,2017-04-03,2017-09-29,2017-10-02,NFLX,Global,False,,60,5.062681686636193,24,38,8,37,62,28,2.264514643051597,1.181260838837654,1.959535085087655,38
rolling,por_activo,15,2017-04-03,2017-09-29,2017-10-02,NFLX,Tendencia,False,,66,42.6687318615234,27,71,18,36,80,22,1.5483119375296923,3.725063352908927,4.310879901381936,9
rolling,por_activo,15,2017-04-03,2017-09-29,2017-10-02,NFLX,Reversión,True,ningún trial cumple N_MIN,0,-1000000000.0,24,38,8,37,62,28,2.264514643051597,1.181260838837654,1.959535085087655,38
rolling,por_activo,15,2017-04-03,2017-09-29,2017-10-02,NFLX,Crisis,True,régimen con 0 días < 20,0,,24,38,8,37,62,28,2.264514643051597,1.181260838837654,1.959535085087655,38
rolling,por_activo,15,2017-04-03,2017-09-29,2017-10-02,GOOGL,Global,False,,47,5.390055038792941,28,78,9,30,63,10,1.6401513158083114,1.9392070147352056,2.324526326882277,24
rolling,por_activo,15,2017-04-03,2017-09-29,2017-10-02,GOOGL,Tendencia,False,,48,2.3097174404333694,19,43,15,23,79,11,1.8254358829605646,1.5553360123323277,4.65026689944383,38
rolling,por_activo,15,2017-04-03,2017-09-29,2017-10-02,GOOGL,Reversión,True,ningún trial cumple N_MIN,0,-1000000000.0,28,78,9,30,63,10,1.6401513158083114,1.9392070147352056,2.324526326882277,24
rolling,por_activo,15,2017-04-03,2017-09-29,2017-10-02,GOOGL,Crisis,True,régimen con 0 días < 20,0,,28,78,9,30,63,10,1.6401513158083114,1.9392070147352056,2.324526326882277,24
rolling,por_activo,16,2017-05-01,2017-10-31,2017-11-01,NVDA,Global,True,sin trials válidos: θ global de la ventana 13,0,-1000000000.0,24,95,10,39,74,16,2.623212639701496,1.7468520859859458,1.5517241129635155,18
rolling,por_activo,16,2017-05-01,2017-10-31,2017-11-01,NVDA,Tendencia,True,ningún trial cumple N_MIN,0,-1000000000.0,24,95,10,39,74,16,2.623212639701496,1.7468520859859458,1.5517241129635155,18
rolling,por_activo,16,2017-05-01,2017-10-31,2017-11-01,NVDA,Reversión,True,ningún trial cumple N_MIN,0,-1000000000.0,24,95,10,39,74,16,2.623212639701496,1.7468520859859458,1.5517241129635155,18
rolling,por_activo,16,2017-05-01,2017-10-31,2017-11-01,NVDA,Crisis,True,régimen con 0 días < 20,0,,24,95,10,39,74,16,2.623212639701496,1.7468520859859458,1.5517241129635155,18
rolling,por_activo,16,2017-05-01,2017-10-31,2017-11-01,AMZN,Global,False,,38,1.9201190984197365,13,21,8,35,67,24,1.858088821509416,1.1909868189017516,5.291051330089374,26
rolling,por_activo,16,2017-05-01,2017-10-31,2017-11-01,AMZN,Tendencia,False,,22,2.9755910487765607,16,97,9,39,64,15,2.184435054529308,1.0615695416925899,3.943085176953259,15
rolling,por_activo,16,2017-05-01,2017-10-31,2017-11-01,AMZN,Reversión,False,,48,9.225829891707548,22,16,23,22,62,17,1.6512925453001557,3.602166762807612,1.4492664498885763,35
rolling,por_activo,16,2017-05-01,2017-10-31,2017-11-01,AMZN,Crisis,True,régimen con 0 días < 20,0,,13,21,8,35,67,24,1.858088821509416,1.1909868189017516,5.291051330089374,26
rolling,por_activo,16,2017-05-01,2017-10-31,2017-11-01,TSLA,Global,False,,32,7.315568172584263,10,84,8,40,62,34,2.6250946224330685,3.6598184310027815,5.931111271733698,12
rolling,por_activo,16,2017-05-01,2017-10-31,2017-11-01,TSLA,Tendencia,False,,49,6.111135670653329,11,60,25,36,63,14,1.732804843092593,1.3018646117092045,3.4875337328889406,36
rolling,por_activo,16,2017-05-01,2017-10-31,2017-11-01,TSLA,Reversión,False,,42,8.743553738767597,9,74,7,37,61,31,1.7162988192053545,2.5558316343664997,4.162186063267261,36
rolling,por_activo,16,2017-05-01,2017-10-31,2017-11-01,TSLA,Crisis,True,régimen con 0 días < 20,0,,10,84,8,40,62,34,2.6250946224330685,3.6598184310027815,5.931111271733698,12
rolling,por_activo,16,2017-05-01,2017-10-31,2017-11-01,META,Global,True,sin trials válidos: θ global de la ventana 15,0,-1000000000.0,28,36,16,32,62,13,1.6186406712527226,1.7087584271449576,3.7979387424674425,10
rolling,por_activo,16,2017-05-01,2017-10-31,2017-11-01,META,Tendencia,False,,13,19.739624445692105,6,40,7,38,74,30,1.5777227137165397,1.5505594364992916,2.593487098315162,37
rolling,por_activo,16,2017-05-01,2017-10-31,2017-11-01,META,Reversión,False,,22,3.242100493441678,19,53,18,39,61,12,1.527895519129882,2.475349340497054,3.5059546317687453,15
rolling,por_activo,16,2017-05-01,2017-10-31,2017-11-01,META,Crisis,True,régimen con 0 días < 20,0,,28,36,16,32,62,13,1.6186406712527226,1.7087584271449576,3.7979387424674425,10
rolling,por_activo,16,2017-05-01,2017-10-31,2017-11-01,NFLX,Global,False,,51,1.0911711367747767,19,20,7,38,62,14,1.8484356986703494,2.2608257496684168,1.8353046613755346,26
rolling,por_activo,16,2017-05-01,2017-10-31,2017-11-01,NFLX,Tendencia,False,,54,2.112417711373135,28,18,7,39,72,12,2.321087741913367,2.1433988986115398,1.4091650392819688,30
rolling,por_activo,16,2017-05-01,2017-10-31,2017-11-01,NFLX,Reversión,False,,36,9.098731974970562,28,22,8,38,64,15,1.5775337389666306,3.7362741879731596,4.944626322744772,10
rolling,por_activo,16,2017-05-01,2017-10-31,2017-11-01,NFLX,Crisis,True,régimen con 0 días < 20,0,,19,20,7,38,62,14,1.8484356986703494,2.2608257496684168,1.8353046613755346,26
rolling,por_activo,16,2017-05-01,2017-10-31,2017-11-01,GOOGL,Global,False,,57,3.8735095415339496,26,16,14,39,61,12,1.6509337827981168,2.3076647407664588,2.35774157509801,24
rolling,por_activo,16,2017-05-01,2017-10-31,2017-11-01,GOOGL,Tendencia,False,,46,2.4849111455137205,22,55,9,38,77,37,2.341175362603682,1.0816709352932488,3.9507991696095504,28
rolling,por_activo,16,2017-05-01,2017-10-31,2017-11-01,GOOGL,Reversión,False,,50,0.49466679065464786,30,27,7,23,64,13,1.9425132373381906,3.6073962002547906,3.626751296715142,16
rolling,por_activo,16,2017-05-01,2017-10-31,2017-11-01,GOOGL,Crisis,True,régimen con 0 días < 20,0,,26,16,14,39,61,12,1.6509337827981168,2.3076647407664588,2.35774157509801,24
rolling,por_activo,17,2017-06-01,2017-11-30,2017-12-01,NVDA,Global,True,sin trials válidos: θ global de la ventana 13,0,-1000000000.0,24,95,10,39,74,16,2.623212639701496,1.7468520859859458,1.5517241129635155,18
rolling,por_activo,17,2017-06-01,2017-11-30,2017-12-01,NVDA,Tendencia,True,ningún trial cumple N_MIN,0,-1000000000.0,24,95,10,39,74,16,2.623212639701496,1.7468520859859458,1.5517241129635155,18
rolling,por_activo,17,2017-06-01,2017-11-30,2017-12-01,NVDA,Reversión,True,ningún trial cumple N_MIN,0,-1000000000.0,24,95,10,39,74,16,2.623212639701496,1.7468520859859458,1.5517241129635155,18
rolling,por_activo,17,2017-06-01,2017-11-30,2017-12-01,NVDA,Crisis,True,régimen con 0 días < 20,0,,24,95,10,39,74,16,2.623212639701496,1.7468520859859458,1.5517241129635155,18
rolling,por_activo,17,2017-06-01,2017-11-30,2017-12-01,AMZN,Global,False,,54,15.590753180495152,30,33,8,35,78,30,2.922460569990357,3.8505847417332957,3.232647556141675,5
rolling,por_activo,17,2017-06-01,2017-11-30,2017-12-01,AMZN,Tendencia,True,ningún trial cumple N_MIN,0,-1000000000.0,30,33,8,35,78,30,2.922460569990357,3.8505847417332957,3.232647556141675,5
rolling,por_activo,17,2017-06-01,2017-11-30,2017-12-01,AMZN,Reversión,False,,55,19.6163398849525,22,36,8,33,68,38,1.6896600538278848,3.566953724132508,1.2131129749828147,35
rolling,por_activo,17,2017-06-01,2017-11-30,2017-12-01,AMZN,Crisis,True,régimen con 0 días < 20,0,,30,33,8,35,78,30,2.922460569990357,3.8505847417332957,3.232647556141675,5
rolling,por_activo,17,2017-06-01,2017-11-30,2017-12-01,TSLA,Global,False,,56,2.9717869007543256,18,15,22,40,64,11,1.5433957798856661,2.252067312397309,4.762671756381327,31
rolling,por_activo,17,2017-06-01,2017-11-30,2017-12-01,TSLA,Tendencia,False,,25,-0.2899634647503997,9,31,15,24,76,11,1.632668102643803,3.5530296597789754,2.04301133261575,37
rolling,por_activo,17,2017-06-01,2017-11-30,2017-12-01,TSLA,Reversión,False,,47,6.601916091805002,7,32,23,38,64,12,1.5969427925945112,3.445316731266056,1.6546386221069833,37
rolling,por_activo,17,2017-06-01,2017-11-30,2017-12-01,TSLA,Crisis,True,régimen con 0 días < 20,0,,18,15,22,40,64,11,1.5433957798856661,2.252067312397309,4.762671756381327,31
rolling,por_activo,17,2017-06-01,2017-11-30,2017-12-01,META,Global,False,,1,2.0892877530351064,17,13,13,21,66,10,1.5373387380146641,2.706563242112705,1.2790509978728868,39
rolling,por_activo,17,2017-06-01,2017-11-30,2017-12-01,META,Tendencia,False,,48,1.7929223243654078,9,40,21,39,80,11,1.5676943655188509,1.0410624485529336,4.139571564933809,38
rolling,por_activo,17,2017-06-01,2017-11-30,2017-12-01,META,Reversión,True,ningún trial cumple N_MIN,0,-1000000000.0,17,13,13,21,66,10,1.5373387380146641,2.706563242112705,1.2790509978728868,39
rolling,por_activo,17,2017-06-01,2017-11-30,2017-12-01,META,Crisis,True,régimen con 0 días < 20,0,,17,13,13,21,66,10,1.5373387380146641,2.706563242112705,1.2790509978728868,39
rolling,por_activo,17,2017-06-01,2017-11-30,2017-12-01,NFLX,Global,False,,51,10.243323372692007,23,90,26,36,74,10,1.6687426144974202,2.5223620858375435,1.34711032646624,36
rolling,por_activo,17,2017-06-01,2017-11-30,2017-12-01,NFLX,Tendencia,False,,67,11.128882526024261,26,56,11,36,62,36,2.616491009218398,1.238449588334342,5.73186516668528,9
rolling,por_activo,17,2017-06-01,2017-11-30,2017-12-01,NFLX,Reversión,False,,28,3.9937525294950373,22,73,8,39,66,20,2.4359157212839784,2.3283113669899818,1.36495916041608,8
rolling,por_activo,17,2017-06-01,2017-11-30,2017-12-01,NFLX,Crisis,True,régimen con 0 días < 20,0,,23,90,26,36,74,10,1.6687426144974202,2.5223620858375435,1.34711032646624,36
rolling,por_activo,17,2017-06-01,2017-11-30,2017-12-01,GOOGL,Global,False,,35,7.128995897269567,28,56,16,34,74,11,1.7301055527227143,3.5308279917259076,2.2316011628073085,26
rolling,por_activo,17,2017-06-01,2017-11-30,2017-12-01,GOOGL,Tendencia,False,,42,1.2250357960531888,27,19,20,24,62,18,1.6651151799788124,1.0504939199497196,5.688847802679067,11
rolling,por_activo,17,2017-06-01,2017-11-30,2017-12-01,GOOGL,Reversión,False,,40,3.7740911379605833,22,40,10,34,60,14,2.2266697850803565,1.152761198653156,2.048647709194595,31
rolling,por_activo,17,2017-06-01,2017-11-30,2017-12-01,GOOGL,Crisis,True,régimen con 0 días < 20,0,,28,56,16,34,74,11,1.7301055527227143,3.5308279917259076,2.2316011628073085,26
rolling,por_activo,18,2017-07-03,2017-12-29,2018-01-02,NVDA,Global,False,,11,29.521183976489624,8,51,7,39,68,24,2.908440740370801,1.4033193796021468,4.9357440099075784,38
rolling,por_activo,18,2017-07-03,2017-12-29,2018-01-02,NVDA,Tendencia,False,,68,12.553291076044214,14,21,7,32,76,15,1.5685896579147214,1.2525864606664392,5.64262656246768,15
rolling,por_activo,18,2017-07-03,2017-12-29,2018-01-02,NVDA,Reversión,True,ningún trial cumple N_MIN,0,-1000000000.0,8,51,7,39,68,24,2.908440740370801,1.4033193796021468,4.9357440099075784,38
rolling,por_activo,18,2017-07-03,2017-12-29,2018-01-02,NVDA,Crisis,True,régimen con 0 días < 20,0,,8,51,7,39,68,24,2.908440740370801,1.4033193796021468,4.9357440099075784,38
rolling,por_activo,18,2017-07-03,2017-12-29,2018-01-02,AMZN,Global,True,sin trials válidos: θ global de la ventana 17,0,-1000000000.0,30,33,8,35,78,30,2.922460569990357,3.8505847417332957,3.232647556141675,5
rolling,por_activo,18,2017-07-03,2017-12-29,2018-01-02,AMZN,Tendencia,True,ningún trial cumple N_MIN,0,-1000000000.0,30,33,8,35,78,30,2.922460569990357,3.8505847417332957,3.232647556141675,5
rolling,por_activo,18,2017-07-03,2017-12-29,2018-01-02,AMZN,Reversión,False,,72,11.49596432784909,26,22,8,39,69,38,1.5994329212676663,3.6477792739938177,1.352131147953075,11
rolling,por_activo,18,2017-07-03,2017-12-29,2018-01-02,AMZN,Crisis,True,régimen con 0 días < 20,0,,30,33,8,35,78,30,2.922460569990357,3.8505847417332957,3.232647556141675,5
rolling,por_activo,18,2017-07-03,2017-12-29,2018-01-02,TSLA,Global,False,,43,3.9571793992592554,26,11,7,38,78,39,2.757937938376848,2.2599284363306684,4.095157332109422,22
rolling,por_activo,18,2017-07-03,2017-12-29,2018-01-02,TSLA,Tendencia,False,,58,4.932629789667886,10,50,26,40,68,30,1.6033858087575297,1.1771503820850553,5.477473621792377,14
rolling,por_activo,18,2017-07-03,2017-12-29,2018-01-02,TSLA,Reversión,False,,57,3.9132177296997956,29,16,14,30,64,10,1.5912816508978338,3.5592226584227595,1.5388052183293826,22
rolling,por_activo,18,2017-07-03,2017-12-29,2018-01-02,TSLA,Crisis,True,régimen con 0 días < 20,0,,26,11,7,38,78,39,2.757937938376848,2.2599284363306684,4.095157332109422,22
rolling,por_activo,18,2017-07-03,2017-12-29,2018-01-02,META,Global,False,,63,14.396179106399924,28,14,8,29,64,13,1.5531960485731633,1.1471748831307167,2.5076835833606563,32
rolling,por_activo,18,2017-07-03,2017-12-29,2018-01-02,META,Tendencia,False,,62,13.045332789921309,13,25,7,39,77,27,1.6879050315661306,1.8927987572928933,3.5977342144065663,16
rolling,por_activo,18,2017-07-03,2017-12-29,2018-01-02,META,Reversión,False,,1,4.036991868961336,20,79,18,21,69,12,1.5403359735367057,1.2552206719260024,1.8659254616657464,10
rolling,por_activo,18,2017-07-03,2017-12-29,2018-01-02,META,Crisis,True,régimen con 0 días < 20,0,,28,14,8,29,64,13,1.5531960485731633,1.1471748831307167,2.5076835833606563,32
rolling,por_activo,18,2017-07-03,2017-12-29,2018-01-02,NFLX,Global,False,,20,6.013997478112152,6,86,7,38,63,26,2.8108870293481814,2.3013740446506494,3.299797103383491,29
rolling,por_activo,18,2017-07-03,2017-12-29,2018-01-02,NFLX,Tendencia,False,,69,20.06636310783365,27,91,9,34,68,12,2.6606657324652194,1.0293177744848103,4.981449183621393,21
rolling,por_activo,18,2017-07-03,2017-12-29,2018-01-02,NFLX,Reversión,False,,25,5.434526401558977,15,26,12,33,63,12,1.6083473287670733,3.8338548428486336,5.796530828812045,14
rolling,por_activo,18,2017-07-03,2017-12-29,2018-01-02,NFLX,Crisis,True,régimen con 0 días < 20,0,,6,86,7,38,63,26,2.8108870293481814,2.3013740446506494,3.299797103383491,29
rolling,por_activo,18,2017-07-03,2017-12-29,2018-01-02,GOOGL,Global,False,,36,7.851107386791401,18,18,7,39,68,24,2.4775278405656103,2.08231140266863,2.272070886598563,38
rolling,por_activo,18,2017-07-03,2017-12-29,2018-01-02,GOOGL,Tendencia,False,,41,8.514842871931112,6,98,10,22,60,23,1.6454407254420247,1.1921391931296041,5.457292958450175,13
rolling,por_activo,18,2017-07-03,2017-12-29,2018-01-02,GOOGL,Reversión,False,,57,10.270841558554698,23,53,8,29,70,11,1.7332462772670056,3.8077660038727617,5.646031161792165,16
rolling,por_activo,18,2017-07-03,2017-12-29,2018-01-02,GOOGL,Crisis,True,régimen con 0 días < 20,0,,18,18,7,39,68,24,2.4775278405656103,2.08231140266863,2.272070886598563,38
rolling,por_activo,19,2017-08-01,2018-01-31,2018-02-01,NVDA,Global,True,sin trials válidos: θ global de la ventana 18,0,-1000000000.0,8,51,7,39,68,24,2.908440740370801,1.4033193796021468,4.9357440099075784,38
rolling,por_activo,19,2017-08-01,2018-01-31,2018-02-01,NVDA,Tendencia,False,,42,4.25906136311163,14,45,27,25,67,24,1.569945723196155,1.2236237694205971,1.4666893524763398,13
rolling,por_activo,19,2017-08-01,2018-01-31,2018-02-01,NVDA,Reversión,True,ningún trial cumple N_MIN,0,-1000000000.0,8,51,7,39,68,24,2.908440740370801,1.4033193796021468,4.9357440099075784,38
rolling,por_activo,19,2017-08-01,2018-01-31,2018-02-01,NVDA,Crisis,True,régimen con 0 días < 20,0,,8,51,7,39,68,24,2.908440740370801,1.4033193796021468,4.9357440099075784,38
rolling,por_activo,19,2017-08-01,2018-01-31,2018-02-01,AMZN,Global,True,sin trials válidos: θ global de la ventana 17,0,-1000000000.0,30,33,8,35,78,30,2.922460569990357,3.8505847417332957,3.232647556141675,5
rolling,por_activo,19,2017-08-01,2018-01-31,2018-02-01,AMZN,Tendencia,True,ningún trial cumple N_MIN,0,-1000000000.0,30,33,8,35,78,30,2.922460569990357,3.8505847417332957,3.232647556141675,5
rolling,por_activo,19,2017-08-01,2018-01-31,2018-02-01,AMZN,Reversión,False,,58,10.635268992772206,24,76,10,38,66,18,2.792063771582508,2.671559604091887,4.08797949314282,16
rolling,por_activo,19,2017-08-01,2018-01-31,2018-02-01,AMZN,Crisis,True,régimen con 0 días < 20,0,,30,33,8,35,78,30,2.922460569990357,3.8505847417332957,3.232647556141675,5
rolling,por_activo,19,2017-08-01,2018-01-31,2018-02-01,TSLA,Global,False,,46,1.194167167254487,10,89,20,28,71,13,1.5586316643704219,3.2451653827098244,1.510790292213343,12
rolling,por_activo,19,2017-08-01,2018-01-31,2018-02-01,TSLA,Tendencia,False,,54,8.951524204993337,27,94,23,38,66,26,1.8881247643345223,1.2086283976420686,3.343843875551852,12
rolling,por_activo,19,2017-08-01,2018-01-31,2018-02-01,TSLA,Reversión,False,,75,6.964188530983649,11,82,9,38,65,38,1.8796408783354022,1.0762843366599002,4.037413596418126,8
rolling,por_activo,19,2017-08-01,2018-01-31,2018-02-01,TSLA,Crisis,True,régimen con 0 días < 20,0,,10,89,20,28,71,13,1.5586316643704219,3.2451653827098244,1.510790292213343,12
rolling,por_activo,19,2017-08-01,2018-01-31,2018-02-01,META,Global,False,,49,11.457706841558394,20,22,15,40,62,13,1.5706889609654393,1.8061404272014767,1.9790971082823645,15
rolling,por_activo,19,2017-08-01,2018-01-31,2018-02-01,META,Tendencia,False,,2,-0.1834708703986267,15,19,22,20,71,18,1.669425768823069,1.0918676226268254,4.788824128444096,13
rolling,por_activo,19,2017-08-01,2018-01-31,2018-02-01,META,Reversión,False,,60,23.131716889952614,18,75,24,28,62,11,1.5497352538071203,1.2769144835458675,3.590585073355294,24
rolling,por_activo,19,2017-08-01,2018-01-31,2018-02-01,META,Crisis,True,régimen con 0 días < 20,0,,20,22,15,40,62,13,1.5706889609654393,1.8061404272014767,1.9790971082823645,15
rolling,por_activo,19,2017-08-01,2018-01-31,2018-02-01,NFLX,Global,False,,9,2.9935151130578848,19,47,15,26,71,12,1.5192109363415565,2.8063741323307294,5.6542379356421035,11
rolling,por_activo,19,2017-08-01,2018-01-31,2018-02-01,NFLX,Tendencia,False,,37,1.5070254517842294,30,78,8,40,69,30,1.5838413207088324,3.2304349914877935,1.2578033938484845,6
rolling,por_activo,19,2017-08-01,2018-01-31,2018-02-01,NFLX,Reversión,False,,60,4.825218108800556,10,32,20,23,60,14,1.6488960734261882,1.375015801833311,3.172051895249143,26
rolling,por_activo,19,2017-08-01,2018-01-31,2018-02-01,NFLX,Crisis,True,régimen con 0 días < 20,0,,19,47,15,26,71,12,1.5192109363415565,2.8063741323307294,5.6542379356421035,11
rolling,por_activo,19,2017-08-01,2018-01-31,2018-02-01,GOOGL,Global,False,,29,20.044821485510877,14,62,26,22,65,11,1.6361784672534165,3.3123237727973565,1.6886746956298457,9
rolling,por_activo,19,2017-08-01,2018-01-31,2018-02-01,GOOGL,Tendencia,True,ningún trial cumple N_MIN,0,-1000000000.0,14,62,26,22,65,11,1.6361784672534165,3.3123237727973565,1.6886746956298457,9
rolling,por_activo,19,2017-08-01,2018-01-31,2018-02-01,GOOGL,Reversión,True,ningún trial cumple N_MIN,0,-1000000000.0,14,62,26,22,65,11,1.6361784672534165,3.3123237727973565,1.6886746956298457,9
rolling,por_activo,19,2017-08-01,2018-01-31,2018-02-01,GOOGL,Crisis,True,régimen con 0 días < 20,0,,14,62,26,22,65,11,1.6361784672534165,3.3123237727973565,1.6886746956298457,9
rolling,por_activo,20,2017-09-01,2018-02-28,2018-03-01,NVDA,Global,False,,2,6.022912184309387,19,40,12,39,63,34,1.5549598015321469,1.1623823885529148,4.341860704255238,6
rolling,por_activo,20,2017-09-01,2018-02-28,2018-03-01,NVDA,Tendencia,False,,53,24.307821550787768,11,80,10,36,61,36,1.712484834967201,1.2502584937469992,1.2133047169101934,24
rolling,por_activo,20,2017-09-01,2018-02-28,2018-03-01,NVDA,Reversión,True,ningún trial cumple N_MIN,0,-1000000000.0,19,40,12,39,63,34,1.5549598015321469,1.1623823885529148,4.341860704255238,6
rolling,por_activo,20,2017-09-01,2018-02-28,2018-03-01,NVDA,Crisis,True,régimen con 0 días < 20,0,,19,40,12,39,63,34,1.5549598015321469,1.1623823885529148,4.341860704255238,6
rolling,por_activo,20,2017-09-01,2018-02-28,2018-03-01,AMZN,Global,True,sin trials válidos: θ global de la ventana 17,0,-1000000000.0,30,33,8,35,78,30,2.922460569990357,3.8505847417332957,3.232647556141675,5
rolling,por_activo,20,2017-09-01,2018-02-28,2018-03-01,AMZN,Tendencia,True,ningún trial cumple N_MIN,0,-1000000000.0,30,33,8,35,78,30,2.922460569990357,3.8505847417332957,3.232647556141675,5
rolling,por_activo,20,2017-09-01,2018-02-28,2018-03-01,AMZN,Reversión,False,,60,34.744805978132206,14,22,24,39,62,13,1.7179075746709336,2.375229844807951,3.1679012914196374,33
rolling,por_activo,20,2017-09-01,2018-02-28,2018-03-01,AMZN,Crisis,True,régimen con 0 días < 20,0,,30,33,8,35,78,30,2.922460569990357,3.8505847417332957,3.232647556141675,5
rolling,por_activo,20,2017-09-01,2018-02-28,2018-03-01,TSLA,Global,False,,72,1.9005259799715402,28,92,13,26,63,18,1.9260479504162045,1.1256697766778174,4.197639744753522,10
rolling,por_activo,20,2017-09-01,2018-02-28,2018-03-01,TSLA,Tendencia,False,,1,-0.20999477534883837,17,58,28,29,65,13,1.7086607367539481,1.1573622551933958,2.4435297247640166,36
rolling,por_activo,20,2017-09-01,2018-02-28,2018-03-01,TSLA,Reversión,False,,68,9.42770822373091,11,89,12,38,68,36,2.8952038508498408,3.6944482346053658,3.9852410389584607,5
rolling,por_activo,20,2017-09-01,2018-02-28,2018-03-01,TSLA,Crisis,True,régimen con 0 días < 20,0,,28,92,13,26,63,18,1.9260479504162045,1.1256697766778174,4.197639744753522,10
rolling,por_activo,20,2017-09-01,2018-02-28,2018-03-01,META,Global,False,,39,3.0614422697792807,6,66,22,23,66,10,1.5945240157245952,2.857426324097934,2.5659662121785853,38
rolling,por_activo,20,2017-09-01,2018-02-28,2018-03-01,META,Tendencia,False,,61,1.4847032920103884,20,89,27,20,74,15,1.6186195421850558,1.030419095463465,3.5378283689095156,13
rolling,por_activo,20,2017-09-01,2018-02-28,2018-03-01,META,Reversión,False,,60,36.50598416407631,23,20,7,38,68,34,2.681816548471633,3.776460068779507,4.030724710460696,36
rolling,por_activo,20,2017-09-01,2018-02-28,2018-03-01,META,Crisis,True,régimen con 0 días < 20,0,,6,66,22,23,66,10,1.5945240157245952,2.857426324097934,2.5659662121785853,38
rolling,por_activo,20,2017-09-01,2018-02-28,2018-03-01,NFLX,Global,True,sin trials válidos: θ global de la ventana 19,0,-1000000000.0,19,47,15,26,71,12,1.5192109363415565,2.8063741323307294,5.6542379356421035,11
rolling,por_activo,20,2017-09-01,2018-02-28,2018-03-01,NFLX,Tendencia,False,,7,-0.1780106429118361,28,58,24,31,77,40,1.5593845685696976,2.346083866870559,1.1359798453205374,9
rolling,por_activo,20,2017-09-01,2018-02-28,2018-03-01,NFLX,Reversión,True,ningún trial cumple N_MIN,0,-1000000000.0,19,47,15,26,71,12,1.5192109363415565,2.8063741323307294,5.6542379356421035,11
rolling,por_activo,20,2017-09-01,2018-02-28,2018-03-01,NFLX,Crisis,True,régimen con 0 días < 20,0,,19,47,15,26,71,12,1.5192109363415565,2.8063741323307294,5.6542379356421035,11
rolling,por_activo,20,2017-09-01,2018-02-28,2018-03-01,GOOGL,Global,False,,51,7.459810827850503,8,96,27,32,67,10,1.5754505128429406,2.060718488232104,3.4530140051895177,14
rolling,por_activo,20,2017-09-01,2018-02-28,2018-03-01,GOOGL,Tendencia,True,ningún trial cumple N_MIN,0,-1000000000.0,8,96,27,32,67,10,1.5754505128429406,2.060718488232104,3.4530140051895177,14
rolling,por_activo,20,2017-09-01,2018-02-28,2018-03-01,GOOGL,Reversión,False,,58,6.668373543884248,14,12,7,39,72,10,1.5549394856885366,1.8629109053721247,5.504806593335866,38
rolling,por_activo,20,2017-09-01,2018-02-28,2018-03-01,GOOGL,Crisis,True,régimen con 0 días < 20,0,,8,96,27,32,67,10,1.5754505128429406,2.060718488232104,3.4530140051895177,14
rolling,por_activo,21,2017-10-02,2018-03-29,2018-04-02,NVDA,Global,True,sin trials válidos: θ global de la ventana 20,0,-1000000000.0,19,40,12,39,63,34,1.5549598015321469,1.1623823885529148,4.341860704255238,6
rolling,por_activo,21,2017-10-02,2018-03-29,2018-04-02,NVDA,Tendencia,True,ningún trial cumple N_MIN,0,-1000000000.0,19,40,12,39,63,34,1.5549598015321469,1.1623823885529148,4.341860704255238,6
rolling,por_activo,21,2017-10-02,2018-03-29,2018-04-02,NVDA,Reversión,False,,5,8.190127112720573,7,19,7,38,75,35,2.6217617319886095,3.8004997198509733,1.3347847614665178,20
rolling,por_activo,21,2017-10-02,2018-03-29,2018-04-02,NVDA,Crisis,True,régimen con 0 días < 20,0,,19,40,12,39,63,34,1.5549598015321469,1.1623823885529148,4.341860704255238,6
rolling,por_activo,21,2017-10-02,2018-03-29,2018-04-02,AMZN,Global,True,sin trials válidos: θ global de la ventana 17,0,-1000000000.0,30,33,8,35,78,30,2.922460569990357,3.8505847417332957,3.232647556141675,5
rolling,por_activo,21,2017-10-02,2018-03-29,2018-04-02,AMZN,Tendencia,True,ningún trial cumple N_MIN,0,-1000000000.0,30,33,8,35,78,30,2.922460569990357,3.8505847417332957,3.232647556141675,5
rolling,por_activo,21,2017-10-02,2018-03-29,2018-04-02,AMZN,Reversión,False,,41,13.32349457323739,21,82,19,37,76,11,1.815382911971539,1.0461172483620116,4.305600229049232,23
rolling,por_activo,21,2017-10-02,2018-03-29,2018-04-02,AMZN,Crisis,True,régimen con 0 días < 20,0,,30,33,8,35,78,30,2.922460569990357,3.8505847417332957,3.232647556141675,5
rolling,por_activo,21,2017-10-02,2018-03-29,2018-04-02,TSLA,Global,False,,76,2.484170418525065,28,96,9,36,69,17,1.5985054423382148,1.3045866152551664,2.994444212522205,36
rolling,por_activo,21,2017-10-02,2018-03-29,2018-04-02,TSLA,Tendencia,True,ningún trial cumple N_MIN,0,-1000000000.0,28,96,9,36,69,17,1.5985054423382148,1.3045866152551664,2.994444212522205,36
rolling,por_activo,21,2017-10-02,2018-03-29,2018-04-02,TSLA,Reversión,False,,62,12.045697245303675,17,53,27,35,72,27,1.732138789914829,1.0346519436854733,2.2502716076855225,24
rolling,por_activo,21,2017-10-02,2018-03-29,2018-04-02,TSLA,Crisis,True,régimen con 0 días < 20,0,,28,96,9,36,69,17,1.5985054423382148,1.3045866152551664,2.994444212522205,36
rolling,por_activo,21,2017-10-02,2018-03-29,2018-04-02,META,Global,False,,34,12.130561280571165,10,42,9,28,61,10,1.9053224815124858,3.291827533311321,1.177097599614525,24
rolling,por_activo,21,2017-10-02,2018-03-29,2018-04-02,META,Tendencia,True,ningún trial cumple N_MIN,0,-1000000000.0,10,42,9,28,61,10,1.9053224815124858,3.291827533311321,1.177097599614525,24
rolling,por_activo,21,2017-10-02,2018-03-29,2018-04-02,META,Reversión,False,,55,7.152625204587587,6,53,24,37,72,11,1.5620415227481952,1.233734879920689,5.794985303556987,32
rolling,por_activo,21,2017-10-02,2018-03-29,2018-04-02,META,Crisis,True,régimen con 0 días < 20,0,,10,42,9,28,61,10,1.9053224815124858,3.291827533311321,1.177097599614525,24
rolling,por_activo,21,2017-10-02,2018-03-29,2018-04-02,NFLX,Global,True,sin trials válidos: θ global de la ventana 19,0,-1000000000.0,19,47,15,26,71,12,1.5192109363415565,2.8063741323307294,5.6542379356421035,11
rolling,por_activo,21,2017-10-02,2018-03-29,2018-04-02,NFLX,Tendencia,False,,54,3.7037930004320905,6,90,26,22,62,14,1.6467885185531195,1.2018668499188645,1.7318820593658906,13
rolling,por_activo,21,2017-10-02,2018-03-29,2018-04-02,NFLX,Reversión,True,ningún trial cumple N_MIN,0,-1000000000.0,19,47,15,26,71,12,1.5192109363415565,2.8063741323307294,5.6542379356421035,11
rolling,por_activo,21,2017-10-02,2018-03-29,2018-04-02,NFLX,Crisis,True,régimen con 0 días < 20,0,,19,47,15,26,71,12,1.5192109363415565,2.8063741323307294,5.6542379356421035,11
rolling,por_activo,21,2017-10-02,2018-03-29,2018-04-02,GOOGL,Global,False,,50,7.440467905805587,19,67,14,39,60,11,1.6852599034125628,2.4902684193663385,5.144232767474705,23
rolling,por_activo,21,2017-10-02,2018-03-29,2018-04-02,GOOGL,Tendencia,True,ningún trial cumple N_MIN,0,-1000000000.0,19,67,14,39,60,11,1.6852599034125628,2.4902684193663385,5.144232767474705,23
rolling,por_activo,21,2017-10-02,2018-03-29,2018-04-02,GOOGL,Reversión,False,,67,20.153552912833913,11,82,9,26,66,10,1.7476660549759093,1.1163954441423478,1.8667574795830288,27
rolling,por_activo,21,2017-10-02,2018-03-29,2018-04-02,GOOGL,Crisis,True,régimen con 0 días < 20,0,,19,67,14,39,60,11,1.6852599034125628,2.4902684193663385,5.144232767474705,23
rolling,por_activo,22,2017-11-01,2018-04-30,2018-05-01,NVDA,Global,False,,54,8.148344671092655,8,96,27,36,78,16,1.585511480655854,1.2532607777342595,5.820932228762619,30
rolling,por_activo,22,2017-11-01,2018-04-30,2018-05-01,NVDA,Tendencia,False,,36,20.14500583483527,28,27,24,24,69,34,1.6181230429553497,3.373369933375705,1.2712539520718975,6
rolling,por_activo,22,2017-11-01,2018-04-30,2018-05-01,NVDA,Reversión,False,,70,28.135270406372825,24,95,9,24,61,12,1.6183697268364308,2.565874163476975,1.1841303644916938,22
rolling,por_activo,22,2017-11-01,2018-04-30,2018-05-01,NVDA,Crisis,True,régimen con 12 días < 20,0,,8,96,27,36,78,16,1.585511480655854,1.2532607777342595,5.820932228762619,30
rolling,por_activo,22,2017-11-01,2018-04-30,2018-05-01,AMZN,Global,True,sin trials válidos: θ global de la ventana 17,0,-1000000000.0,30,33,8,35,78,30,2.922460569990357,3.8505847417332957,3.232647556141675,5
rolling,por_activo,22,2017-11-01,2018-04-30,2018-05-01,AMZN,Tendencia,True,ningún trial cumple N_MIN,0,-1000000000.0,30,33,8,35,78,30,2.922460569990357,3.8505847417332957,3.232647556141675,5
rolling,por_activo,22,2017-11-01,2018-04-30,2018-05-01,AMZN,Reversión,False,,57,5.290434485529836,30,90,11,38,61,14,1.590172456502079,1.6246132217853344,4.458194135118077,22
rolling,por_activo,22,2017-11-01,2018-04-30,2018-05-01,AMZN,Crisis,True,régimen con 12 días < 20,0,,30,33,8,35,78,30,2.922460569990357,3.8505847417332957,3.232647556141675,5
rolling,por_activo,22,2017-11-01,2018-04-30,2018-05-01,TSLA,Global,False,,64,14.340491598253053,27,94,18,23,60,18,2.151228916891789,1.090795099432188,5.772883920437637,10
rolling,por_activo,22,2017-11-01,2018-04-30,2018-05-01,TSLA,Tendencia,True,ningún trial cumple N_MIN,0,-1000000000.0,27,94,18,23,60,18,2.151228916891789,1.090795099432188,5.772883920437637,10
rolling,por_activo,22,2017-11-01,2018-04-30,2018-05-01,TSLA,Reversión,False,,68,10.80834279932223,14,96,25,30,61,23,1.6469495523906696,1.0366818323117186,3.212999502783556,31
rolling,por_activo,22,2017-11-01,2018-04-30,2018-05-01,TSLA,Crisis,True,régimen con 12 días < 20,0,,27,94,18,23,60,18,2.151228916891789,1.090795099432188,5.772883920437637,10
rolling,por_activo,22,2017-11-01,2018-04-30,2018-05-01,META,Global,False,,67,2.339118762263184,29,63,8,39,78,15,1.5696907349806368,1.910353718354336,3.1884555449055045,10
rolling,por_activo,22,2017-11-01,2018-04-30,2018-05-01,META,Tendencia,False,,32,4.325020763417236,6,70,8,38,78,21,2.859906773467916,1.2526676927583018,5.805628392153705,25
rolling,por_activo,22,2017-11-01,2018-04-30,2018-05-01,META,Reversión,False,,41,1.2792329502465642,11,78,23,23,68,24,1.6105315097627138,1.2389833500417704,1.2641607360056057,20
rolling,por_activo,22,2017-11-01,2018-04-30,2018-05-01,META,Crisis,True,régimen con 12 días < 20,0,,29,63,8,39,78,15,1.5696907349806368,1.910353718354336,3.1884555449055045,10
rolling,por_activo,22,2017-11-01,2018-04-30,2018-05-01,NFLX,Global,False,,49,6.6059882777347,11,73,28,21,76,11,1.6000778603481247,2.063474759179189,3.104633262067119,34
rolling,por_activo,22,2017-11-01,2018-04-30,2018-05-01,NFLX,Tendencia,False,,54,3.4270583118810114,28,72,8,22,80,28,1.6652515968212724,1.2468423411026508,5.5197588285178085,26
rolling,por_activo,22,2017-11-01,2018-04-30,2018-05-01,NFLX,Reversión,True,ningún trial cumple N_MIN,0,-1000000000.0,11,73,28,21,76,11,1.6000778603481247,2.063474759179189,3.104633262067119,34
rolling,por_activo,22,2017-11-01,2018-04-30,2018-05-01,NFLX,Crisis,True,régimen con 12 días < 20,0,,11,73,28,21,76,11,1.6000778603481247,2.063474759179189,3.104633262067119,34
rolling,por_activo,22,2017-11-01,2018-04-30,2018-05-01,GOOGL,Global,False,,67,11.679960548154945,29,93,8,33,78,34,1.8831913215416958,1.2966291513729276,2.1755544367894366,23
rolling,por_activo,22,2017-11-01,2018-04-30,2018-05-01,GOOGL,Tendencia,True,ningún trial cumple N_MIN,0,-1000000000.0,29,93,8,33,78,34,1.8831913215416958,1.2966291513729276,2.1755544367894366,23
rolling,por_activo,22,2017-11-01,2018-04-30,2018-05-01,GOOGL,Reversión,False,,78,9.887767353013365,28,87,14,32,65,12,1.6841005482668727,1.1778000285449797,4.017765795032837,34
rolling,por_activo,22,2017-11-01,2018-04-30,2018-05-01,GOOGL,Crisis,True,régimen con 12 días < 20,0,,29,93,8,33,78,34,1.8831913215416958,1.2966291513729276,2.1755544367894366,23
rolling,por_activo,23,2017-12-01,2018-05-31,2018-06-01,NVDA,Global,False,,67,13.310160281399263,10,56,8,29,61,11,1.7765051051377267,1.3483665054409713,4.739683927685145,11
rolling,por_activo,23,2017-12-01,2018-05-31,2018-06-01,NVDA,Tendencia,False,,38,4.319321880241329,12,42,22,28,78,11,1.8445685240208691,1.5877846131076412,2.7238633426147505,38
rolling,por_activo,23,2017-12-01,2018-05-31,2018-06-01,NVDA,Reversión,False,,6,5.198080777088594,10,25,24,37,69,12,1.647676732821156,1.3969010409341287,3.728952335890648,10
rolling,por_activo,23,2017-12-01,2018-05-31,2018-06-01,NVDA,Crisis,True,ningún trial cumple N_MIN,0,-1000000000.0,10,56,8,29,61,11,1.7765051051377267,1.3483665054409713,4.739683927685145,11
rolling,por_activo,23,2017-12-01,2018-05-31,2018-06-01,AMZN,Global,True,sin trials válidos: θ global de la ventana 17,0,-1000000000.0,30,33,8,35,78,30,2.922460569990357,3.8505847417332957,3.232647556141675,5
rolling,por_activo,23,2017-12-01,2018-05-31,2018-06-01,AMZN,Tendencia,True,ningún trial cumple N_MIN,0,-1000000000.0,30,33,8,35,78,30,2.922460569990357,3.8505847417332957,3.232647556141675,5
rolling,por_activo,23,2017-12-01,2018-05-31,2018-06-01,AMZN,Reversión,True,ningún trial cumple N_MIN,0,-1000000000.0,30,33,8,35,78,30,2.922460569990357,3.8505847417332957,3.232647556141675,5
rolling,por_activo,23,2017-12-01,2018-05-31,2018-06-01,AMZN,Crisis,True,ningún trial cumple N_MIN,0,-1000000000.0,30,33,8,35,78,30,2.922460569990357,3.8505847417332957,3.232647556141675,5
rolling,por_activo,23,2017-12-01,2018-05-31,2018-06-01,TSLA,Global,False,,28,11.367168360455091,11,91,15,32,62,25,1.583199785745906,1.2723774703580528,3.0461997580155042,11
rolling,por_activo,23,2017-12-01,2018-05-31,2018-06-01,TSLA,Tendencia,True,ningún trial cumple N_MIN,0,-1000000000.0,11,91,15,32,62,25,1.583199785745906,1.2723774703580528,3.0461997580155042,11
rolling,por_activo,23,2017-12-01,2018-05-31,2018-06-01,TSLA,Reversión,False,,74,7.337930813493322,22,20,8,28,78,17,2.182130094895796,1.0868667192730466,5.2009519219889775,10
rolling,por_activo,23,2017-12-01,2018-05-31,2018-06-01,TSLA,Crisis,True,ningún trial cumple N_MIN,0,-1000000000.0,11,91,15,32,62,25,1.583199785745906,1.2723774703580528,3.0461997580155042,11
rolling,por_activo,23,2017-12-01,2018-05-31,2018-06-01,META,Global,False,,53,2.4034650517315446,15,22,7,28,60,36,1.6511815467846267,1.7547962567851683,5.078133776459822,32
rolling,por_activo,23,2017-12-01,2018-05-31,2018-06-01,META,Tendencia,True,ningún trial cumple N_MIN,0,-1000000000.0,15,22,7,28,60,36,1.6511815467846267,1.7547962567851683,5.078133776459822,32
rolling,por_activo,23,2017-12-01,2018-05-31,2018-06-01,META,Reversión,False,,65,15.787786860326376,24,24,8,37,61,37,1.6045784457657786,2.618016367562295,4.904856128349394,10
rolling,por_activo,23,2017-12-01,2018-05-31,2018-06-01,META,Crisis,True,ningún trial cumple N_MIN,0,-1000000000.0,15,22,7,28,60,36,1.6511815467846267,1.7547962567851683,5.078133776459822,32
rolling,por_activo,23,2017-12-01,2018-05-31,2018-06-01,NFLX,Global,False,,15,0.7198312770285471,30,20,24,40,60,11,1.662172615110006,1.3488601639276465,5.348931330064774,14
rolling,por_activo,23,2017-12-01,2018-05-31,2018-06-01,NFLX,Tendencia,True,ningún trial cumple N_MIN,0,-1000000000.0,30,20,24,40,60,11,1.662172615110006,1.3488601639276465,5.348931330064774,14
rolling,por_activo,23,2017-12-01,2018-05-31,2018-06-01,NFLX,Reversión,True,ningún trial cumple N_MIN,0,-1000000000.0,30,20,24,40,60,11,1.662172615110006,1.3488601639276465,5.348931330064774,14
rolling,por_activo,23,2017-12-01,2018-05-31,2018-06-01,NFLX,Crisis,True,ningún trial cumple N_MIN,0,-1000000000.0,30,20,24,40,60,11,1.662172615110006,1.3488601639276465,5.348931330064774,14
rolling,por_activo,23,2017-12-01,2018-05-31,2018-06-01,GOOGL,Global,False,,74,11.955428764074792,27,78,26,34,74,18,1.6269722529301498,1.7141899498955753,2.2875224604564703,30
rolling,por_activo,23,2017-12-01,2018-05-31,2018-06-01,GOOGL,Tendencia,False,,49,3.071105753967142,25,87,7,38,78,33,1.6917418344335924,1.4727919633222495,3.018489526736917,39
rolling,por_activo,23,2017-12-01,2018-05-31,2018-06-01,GOOGL,Reversión,False,,52,6.471177047094896,10,41,8,38,73,20,2.1603649979177213,3.849532933349163,5.736277721718965,10
rolling,por_activo,23,2017-12-01,2018-05-31,2018-06-01,GOOGL,Crisis,True,ningún trial cumple N_MIN,0,-1000000000.0,27,78,26,34,74,18,1.6269722529301498,1.7141899498955753,2.2875224604564703,30
rolling,por_activo,24,2018-01-02,2018-06-29,2018-07-02,NVDA,Global,False,,56,19.64707273290215,28,85,8,39,60,11,2.543044870382773,1.2250316604981826,5.338368610987544,9
rolling,por_activo,24,2018-01-02,2018-06-29,2018-07-02,NVDA,Tendencia,False,,31,20.172638193087877,7,93,12,38,74,12,1.7928763962518883,3.584053189644404,1.0994567077847375,39
rolling,por_activo,24,2018-01-02,2018-06-29,2018-07-02,NVDA,Reversión,True,ningún trial cumple N_MIN,0,-1000000000.0,28,85,8,39,60,11,2.543044870382773,1.2250316604981826,5.338368610987544,9
rolling,por_activo,24,2018-01-02,2018-06-29,2018-07-02,NVDA,Crisis,False,,6,8.510068963358085,22,82,7,39,68,22,1.772151626769629,3.8283030825719897,2.551237607737471,6
rolling,por_activo,24,2018-01-02,2018-06-29,2018-07-02,AMZN,Global,True,sin trials válidos: θ global de la ventana 17,0,-1000000000.0,30,33,8,35,78,30,2.922460569990357,3.8505847417332957,3.232647556141675,5
rolling,por_activo,24,2018-01-02,2018-06-29,2018-07-02,AMZN,Tendencia,True,ningún trial cumple N_MIN,0,-1000000000.0,30,33,8,35,78,30,2.922460569990357,3.8505847417332957,3.232647556141675,5
rolling,por_activo,24,2018-01-02,2018-06-29,2018-07-02,AMZN,Reversión,True,ningún trial cumple N_MIN,0,-1000000000.0,30,33,8,35,78,30,2.922460569990357,3.8505847417332957,3.232647556141675,5
rolling,por_activo,24,2018-01-02,2018-06-29,2018-07-02,AMZN,Crisis,True,ningún trial cumple N_MIN,0,-1000000000.0,30,33,8,35,78,30,2.922460569990357,3.8505847417332957,3.232647556141675,5
rolling,por_activo,24,2018-01-02,2018-06-29,2018-07-02,TSLA,Global,False,,65,1.506586121782728,28,57,11,38,68,17,1.7376117890515435,2.3697190169660365,3.05429693935585,35
rolling,por_activo,24,2018-01-02,2018-06-29,2018-07-02,TSLA,Tendencia,True,ningún trial cumple N_MIN,0,-1000000000.0,28,57,11,38,68,17,1.7376117890515435,2.3697190169660365,3.05429693935585,35
rolling,por_activo,24,2018-01-02,2018-06-29,2018-07-02,TSLA,Reversión,False,,57,5.2389058726096005,15,41,7,38,76,14,2.0196890740143036,1.0970685920438883,1.910855744590902,30
rolling,por_activo,24,2018-01-02,2018-06-29,2018-07-02,TSLA,Crisis,False,,58,0.39860402263625416,28,93,26,21,77,19,1.6988821698535777,2.314299056969602,5.28701653973308,11
rolling,por_activo,24,2018-01-02,2018-06-29,2018-07-02,META,Global,False,,41,4.909257626457619,25,92,13,21,78,11,2.112153854369755,1.5155581083624963,1.232617370929597,22
rolling,por_activo,24,2018-01-02,2018-06-29,2018-07-02,META,Tendencia,True,ningún trial cumple N_MIN,0,-1000000000.0,25,92,13,21,78,11,2.112153854369755,1.5155581083624963,1.232617370929597,22
rolling,por_activo,24,2018-01-02,2018-06-29,2018-07-02,META,Reversión,False,,28,1.6420593701563118,5,73,8,39,80,19,2.7032790497824855,1.1608611321533722,5.1044624378739964,33
rolling,por_activo,24,2018-01-02,2018-06-29,2018-07-02,META,Crisis,False,,12,-0.9551199152518196,24,37,8,36,60,19,2.8492600119099274,3.7060886092563,1.085318171035187,35
rolling,por_activo,24,2018-01-02,2018-06-29,2018-07-02,NFLX,Global,True,sin trials válidos: θ global de la ventana 23,0,-1000000000.0,30,20,24,40,60,11,1.662172615110006,1.3488601639276465,5.348931330064774,14
rolling,por_activo,24,2018-01-02,2018-06-29,2018-07-02,NFLX,Tendencia,True,ningún trial cumple N_MIN,0,-1000000000.0,30,20,24,40,60,11,1.662172615110006,1.3488601639276465,5.348931330064774,14
rolling,por_activo,24,2018-01-02,2018-06-29,2018-07-02,NFLX,Reversión,True,ningún trial cumple N_MIN,0,-1000000000.0,30,20,24,40,60,11,1.662172615110006,1.3488601639276465,5.348931330064774,14
rolling,por_activo,24,2018-01-02,2018-06-29,2018-07-02,NFLX,Crisis,True,ningún trial cumple N_MIN,0,-1000000000.0,30,20,24,40,60,11,1.662172615110006,1.3488601639276465,5.348931330064774,14
rolling,por_activo,24,2018-01-02,2018-06-29,2018-07-02,GOOGL,Global,False,,62,11.300224028967236,16,73,19,37,79,18,1.8906698684954824,1.1462302115411147,1.8047731180455995,10
rolling,por_activo,24,2018-01-02,2018-06-29,2018-07-02,GOOGL,Tendencia,False,,30,2.6133556028534612,22,77,7,38,79,30,2.498748371395594,3.3483890295915826,3.938498976116332,15
rolling,por_activo,24,2018-01-02,2018-06-29,2018-07-02,GOOGL,Reversión,False,,48,4.711594151864274,17,58,14,39,62,35,1.7427526336432726,1.662495726489312,2.1637308724972315,18
rolling,por_activo,24,2018-01-02,2018-06-29,2018-07-02,GOOGL,Crisis,True,ningún trial cumple N_MIN,0,-1000000000.0,16,73,19,37,79,18,1.8906698684954824,1.1462302115411147,1.8047731180455995,10
rolling,por_activo,25,2018-02-01,2018-07-31,2018-08-01,NVDA,Global,False,,66,12.200177626310536,22,59,9,36,65,10,1.7691278274396687,1.809260876225688,5.439764258531285,35
rolling,por_activo,25,2018-02-01,2018-07-31,2018-08-01,NVDA,Tendencia,False,,70,3.140169444916206,14,56,27,39,78,11,1.5948388893467877,1.1855612127935642,2.7655003076339657,14
rolling,por_activo,25,2018-02-01,2018-07-31,2018-08-01,NVDA,Reversión,True,régimen con 14 días < 20,0,,22,59,9,36,65,10,1.7691278274396687,1.809260876225688,5.439764258531285,35
rolling,por_activo,25,2018-02-01,2018-07-31,2018-08-01,NVDA,Crisis,False,,45,11.477808084257571,26,70,8,37,62,23,2.4221679524087234,3.7248206921469156,1.977438698018452,34
rolling,por_activo,25,2018-02-01,2018-07-31,2018-08-01,AMZN,Global,False,,10,6.049788003408615,24,91,7,40,76,24,2.286872559907555,2.0233490354300296,1.2034438590931356,28
rolling,por_activo,25,2018-02-01,2018-07-31,2018-08-01,AMZN,Tendencia,False,,34,3.509005038848663,8,50,18,34,80,14,1.735390108087226,3.0559249288324137,4.746049058139963,22
rolling,por_activo,25,2018-02-01,2018-07-31,2018-08-01,AMZN,Reversión,True,régimen con 14 días < 20,0,,24,91,7,40,76,24,2.286872559907555,2.0233490354300296,1.2034438590931356,28
rolling,por_activo,25,2018-02-01,2018-07-31,2018-08-01,AMZN,Crisis,True,ningún trial cumple N_MIN,0,-1000000000.0,24,91,7,40,76,24,2.286872559907555,2.0233490354300296,1.2034438590931356,28
rolling,por_activo,25,2018-02-01,2018-07-31,2018-08-01,TSLA,Global,False,,18,0.12865170718993887,20,24,8,22,80,18,1.715584751284768,3.4874602550188536,1.9833149772073533,14
rolling,por_activo,25,2018-02-01,2018-07-31,2018-08-01,TSLA,Tendencia,True,ningún trial cumple N_MIN,0,-1000000000.0,20,24,8,22,80,18,1.715584751284768,3.4874602550188536,1.9833149772073533,14
rolling,por_activo,25,2018-02-01,2018-07-31,2018-08-01,TSLA,Reversión,True,régimen con 14 días < 20,0,,20,24,8,22,80,18,1.715584751284768,3.4874602550188536,1.9833149772073533,14
rolling,por_activo,25,2018-02-01,2018-07-31,2018-08-01,TSLA,Crisis,False,,39,-0.6270530436597297,18,98,21,38,75,15,1.7590277015149485,2.228805116251546,4.99850100108418,32
rolling,por_activo,25,2018-02-01,2018-07-31,2018-08-01,META,Global,False,,1,-1.9500041130520682,15,72,16,20,76,13,1.7897002502455357,1.1167863338765134,5.446071953420975,29
rolling,por_activo,25,2018-02-01,2018-07-31,2018-08-01,META,Tendencia,True,ningún trial cumple N_MIN,0,-1000000000.0,15,72,16,20,76,13,1.7897002502455357,1.1167863338765134,5.446071953420975,29
rolling,por_activo,25,2018-02-01,2018-07-31,2018-08-01,META,Reversión,True,régimen con 14 días < 20,0,,15,72,16,20,76,13,1.7897002502455357,1.1167863338765134,5.446071953420975,29
rolling,por_activo,25,2018-02-01,2018-07-31,2018-08-01,META,Crisis,True,ningún trial cumple N_MIN,0,-1000000000.0,15,72,16,20,76,13,1.7897002502455357,1.1167863338765134,5.446071953420975,29
rolling,por_activo,25,2018-02-01,2018-07-31,2018-08-01,NFLX,Global,True,sin trials válidos: θ global de la ventana 23,0,-1000000000.0,30,20,24,40,60,11,1.662172615110006,1.3488601639276465,5.348931330064774,14
rolling,por_activo,25,2018-02-01,2018-07-31,2018-08-01,NFLX,Tendencia,False,,40,1.701151362918923,30,18,14,28,65,16,1.9581374459723366,1.7688123274440608,4.414749065373374,13
rolling,por_activo,25,2018-02-01,2018-07-31,2018-08-01,NFLX,Reversión,True,régimen con 14 días < 20,0,,30,20,24,40,60,11,1.662172615110006,1.3488601639276465,5.348931330064774,14
rolling,por_activo,25,2018-02-01,2018-07-31,2018-08-01,NFLX,Crisis,True,ningún trial cumple N_MIN,0,-1000000000.0,30,20,24,40,60,11,1.662172615110006,1.3488601639276465,5.348931330064774,14
rolling,por_activo,25,2018-02-01,2018-07-31,2018-08-01,GOOGL,Global,False,,63,11.55361293021962,11,60,9,25,80,10,1.7685852921201093,3.751082295019901,5.7043427688618165,23
rolling,por_activo,25,2018-02-01,2018-07-31,2018-08-01,GOOGL,Tendencia,False,,54,7.25567610975832,16,83,9,39,61,18,2.504860206421048,1.6532905992726792,4.810279318941365,31
rolling,por_activo,25,2018-02-01,2018-07-31,2018-08-01,GOOGL,Reversión,True,régimen con 14 días < 20,0,,11,60,9,25,80,10,1.7685852921201093,3.751082295019901,5.7043427688618165,23
rolling,por_activo,25,2018-02-01,2018-07-31,2018-08-01,GOOGL,Crisis,False,,39,7.552187026698241,14,88,14,26,78,14,1.5523882843746417,1.232683559384471,2.11338580063203,7
rolling,por_activo,26,2018-03-01,2018-08-31,2018-09-04,NVDA,Global,False,,62,6.000629031813942,15,90,8,38,61,19,2.866195621842925,2.3382337463834713,2.820165859621926,11
rolling,por_activo,26,2018-03-01,2018-08-31,2018-09-04,NVDA,Tendencia,False,,78,15.005471039021206,28,15,10,21,62,10,1.754310480273332,3.62354704254394,1.12021052755916,12
rolling,por_activo,26,2018-03-01,2018-08-31,2018-09-04,NVDA,Reversión,True,régimen con 0 días < 20,0,,15,90,8,38,61,19,2.866195621842925,2.3382337463834713,2.820165859621926,11
rolling,por_activo,26,2018-03-01,2018-08-31,2018-09-04,NVDA,Crisis,False,,56,13.26179488595044,29,50,7,34,64,19,1.8936443789701767,1.2364917230413714,5.796968621140608,10
rolling,por_activo,26,2018-03-01,2018-08-31,2018-09-04,AMZN,Global,False,,39,5.1090234687196245,16,39,26,38,78,14,1.528354873026525,1.3775639760225729,1.0655725480543672,10
rolling,por_activo,26,2018-03-01,2018-08-31,2018-09-04,AMZN,Tendencia,False,,71,7.281566909710151,18,12,8,38,75,14,1.6854671796745615,1.3641097989273423,1.0917353455307388,18
rolling,por_activo,26,2018-03-01,2018-08-31,2018-09-04,AMZN,Reversión,True,régimen con 0 días < 20,0,,16,39,26,38,78,14,1.528354873026525,1.3775639760225729,1.0655725480543672,10
rolling,por_activo,26,2018-03-01,2018-08-31,2018-09-04,AMZN,Crisis,True,ningún trial cumple N_MIN,0,-1000000000.0,16,39,26,38,78,14,1.528354873026525,1.3775639760225729,1.0655725480543672,10
rolling,por_activo,26,2018-03-01,2018-08-31,2018-09-04,TSLA,Global,False,,53,2.4598376670216395,30,50,9,36,77,30,2.0556464462744346,2.2877386704080944,1.7287368360158033,16
rolling,por_activo,26,2018-03-01,2018-08-31,2018-09-04,TSLA,Tendencia,False,,42,8.771289751330784,25,95,8,21,66,12,2.2470391196517054,3.9448416995453752,3.499015977464907,25
rolling,por_activo,26,2018-03-01,2018-08-31,2018-09-04,TSLA,Reversión,True,régimen con 0 días < 20,0,,30,50,9,36,77,30,2.0556464462744346,2.2877386704080944,1.7287368360158033,16
rolling,por_activo,26,2018-03-01,2018-08-31,2018-09-04,TSLA,Crisis,False,,44,0.8531506535971426,5,95,7,38,61,23,2.704754758469326,2.043761350167743,1.5723237225961517,16
rolling,por_activo,26,2018-03-01,2018-08-31,2018-09-04,META,Global,False,,68,0.682846987396014,24,26,25,35,68,14,1.6076621010860959,1.091643980796439,5.7017230792914315,36
rolling,por_activo,26,2018-03-01,2018-08-31,2018-09-04,META,Tendencia,False,,61,2.95132301812312,15,69,16,32,62,13,1.7761507931015963,1.3343400739441422,1.2414490585207183,38
rolling,por_activo,26,2018-03-01,2018-08-31,2018-09-04,META,Reversión,True,régimen con 0 días < 20,0,,24,26,25,35,68,14,1.6076621010860959,1.091643980796439,5.7017230792914315,36
rolling,por_activo,26,2018-03-01,2018-08-31,2018-09-04,META,Crisis,True,ningún trial cumple N_MIN,0,-1000000000.0,24,26,25,35,68,14,1.6076621010860959,1.091643980796439,5.7017230792914315,36
rolling,por_activo,26,2018-03-01,2018-08-31,2018-09-04,NFLX,Global,True,sin trials válidos: θ global de la ventana 23,0,-1000000000.0,30,20,24,40,60,11,1.662172615110006,1.3488601639276465,5.348931330064774,14
rolling,por_activo,26,2018-03-01,2018-08-31,2018-09-04,NFLX,Tendencia,False,,74,5.311655581347464,23,90,10,34,77,13,2.3637630853297678,1.6810468123797149,3.0351796756228033,12
rolling,por_activo,26,2018-03-01,2018-08-31,2018-09-04,NFLX,Reversión,True,régimen con 0 días < 20,0,,30,20,24,40,60,11,1.662172615110006,1.3488601639276465,5.348931330064774,14
rolling,por_activo,26,2018-03-01,2018-08-31,2018-09-04,NFLX,Crisis,True,ningún trial cumple N_MIN,0,-1000000000.0,30,20,24,40,60,11,1.662172615110006,1.3488601639276465,5.348931330064774,14
rolling,por_activo,26,2018-03-01,2018-08-31,2018-09-04,GOOGL,Global,False,,59,9.82400398850597,22,12,27,39,72,10,1.8704157221601134,1.2226160736876577,4.829048152277318,10
rolling,por_activo,26,2018-03-01,2018-08-31,2018-09-04,GOOGL,Tendencia,False,,56,8.463723875544385,30,20,16,23,78,16,1.6582774891853171,3.7899393201954124,4.030387743682882,24
rolling,por_activo,26,2018-03-01,2018-08-31,2018-09-04,GOOGL,Reversión,True,régimen con 0 días < 20,0,,22,12,27,39,72,10,1.8704157221601134,1.2226160736876577,4.829048152277318,10
rolling,por_activo,26,2018-03-01,2018-08-31,2018-09-04,GOOGL,Crisis,True,ningún trial cumple N_MIN,0,-1000000000.0,22,12,27,39,72,10,1.8704157221601134,1.2226160736876577,4.829048152277318,10
rolling,por_activo,27,2018-04-02,2018-09-28,2018-10-01,NVDA,Global,False,,61,6.135919325561354,22,61,13,38,62,11,1.6321803241883766,3.340650048095736,1.8083949418210883,27
rolling,por_activo,27,2018-04-02,2018-09-28,2018-10-01,NVDA,Tendencia,False,,39,13.448710509888611,26,20,15,24,75,11,1.8275932964373895,2.504998630624137,2.646855061125585,22
rolling,por_activo,27,2018-04-02,2018-09-28,2018-10-01,NVDA,Reversión,True,régimen con 0 días < 20,0,,22,61,13,38,62,11,1.6321803241883766,3.340650048095736,1.8083949418210883,27
rolling,por_activo,27,2018-04-02,2018-09-28,2018-10-01,NVDA,Crisis,False,,52,3.2611814470288047,8,87,10,36,74,17,1.7133907233776564,3.9012398815803317,4.59109308442315,37
rolling,por_activo,27,2018-04-02,2018-09-28,2018-10-01,AMZN,Global,False,,30,16.358698190148356,12,22,12,23,79,13,1.5982320708363469,1.030601859782513,5.557614074210165,21
rolling,por_activo,27,2018-04-02,2018-09-28,2018-10-01,AMZN,Tendencia,True,ningún trial cumple N_MIN,0,-1000000000.0,12,22,12,23,79,13,1.5982320708363469,1.030601859782513,5.557614074210165,21
rolling,por_activo,27,2018-04-02,2018-09-28,2018-10-01,AMZN,Reversión,True,régimen con 0 días < 20,0,,12,22,12,23,79,13,1.5982320708363469,1.030601859782513,5.557614074210165,21
rolling,por_activo,27,2018-04-02,2018-09-28,2018-10-01,AMZN,Crisis,False,,31,8.329887154127961,16,16,26,40,67,12,1.5639468644755485,3.0961733105338833,1.7409514907198036,11
rolling,por_activo,27,2018-04-02,2018-09-28,2018-10-01,TSLA,Global,False,,58,1.915091836320538,19,42,8,31,60,15,1.700620866595394,2.8040399699190184,5.118750668506115,11
rolling,por_activo,27,2018-04-02,2018-09-28,2018-10-01,TSLA,Tendencia,False,,66,6.993589363825578,19,79,9,38,64,34,1.5633361676963853,3.5656354777517993,5.623777075029658,11
rolling,por_activo,27,2018-04-02,2018-09-28,2018-10-01,TSLA,Reversión,True,régimen con 0 días < 20,0,,19,42,8,31,60,15,1.700620866595394,2.8040399699190184,5.118750668506115,11
rolling,por_activo,27,2018-04-02,2018-09-28,2018-10-01,TSLA,Crisis,False,,58,0.6095139159974954,28,90,14,36,74,34,2.79367631472506,2.64375831017918,2.657438723928799,37
rolling,por_activo,27,2018-04-02,2018-09-28,2018-10-01,META,Global,True,sin trials válidos: θ global de la ventana 26,0,-1000000000.0,24,26,25,35,68,14,1.6076621010860959,1.091643980796439,5.7017230792914315,36
rolling,por_activo,27,2018-04-02,2018-09-28,2018-10-01,META,Tendencia,False,,27,2.686904242081878,8,95,12,21,75,12,1.592734832344292,1.275228275584772,4.4540060627037,23
rolling,por_activo,27,2018-04-02,2018-09-28,2018-10-01,META,Reversión,True,régimen con 0 días < 20,0,,24,26,25,35,68,14,1.6076621010860959,1.091643980796439,5.7017230792914315,36
rolling,por_activo,27,2018-04-02,2018-09-28,2018-10-01,META,Crisis,True,ningún trial cumple N_MIN,0,-1000000000.0,24,26,25,35,68,14,1.6076621010860959,1.091643980796439,5.7017230792914315,36
rolling,por_activo,27,2018-04-02,2018-09-28,2018-10-01,NFLX,Global,False,,40,8.188164746706462,26,30,8,35,62,16,1.6788302517689524,3.7141434509952016,3.4089018569111285,8
rolling,por_activo,27,2018-04-02,2018-09-28,2018-10-01,NFLX,Tendencia,False,,68,3.9436062899638338,29,25,23,23,66,11,1.6805378602886525,1.495707293847272,5.3655133016520535,36
rolling,por_activo,27,2018-04-02,2018-09-28,2018-10-01,NFLX,Reversión,True,régimen con 0 días < 20,0,,26,30,8,35,62,16,1.6788302517689524,3.7141434509952016,3.4089018569111285,8
rolling,por_activo,27,2018-04-02,2018-09-28,2018-10-01,NFLX,Crisis,False,,35,48.15139076630201,24,40,9,34,62,10,1.5810998898283004,2.831095824860074,1.7264108945988657,10
rolling,por_activo,27,2018-04-02,2018-09-28,2018-10-01,GOOGL,Global,True,sin trials válidos: θ global de la ventana 26,0,-1000000000.0,22,12,27,39,72,10,1.8704157221601134,1.2226160736876577,4.829048152277318,10
rolling,por_activo,27,2018-04-02,2018-09-28,2018-10-01,GOOGL,Tendencia,True,ningún trial cumple N_MIN,0,-1000000000.0,22,12,27,39,72,10,1.8704157221601134,1.2226160736876577,4.829048152277318,10
rolling,por_activo,27,2018-04-02,2018-09-28,2018-10-01,GOOGL,Reversión,True,régimen con 0 días < 20,0,,22,12,27,39,72,10,1.8704157221601134,1.2226160736876577,4.829048152277318,10
rolling,por_activo,27,2018-04-02,2018-09-28,2018-10-01,GOOGL,Crisis,False,,62,10.480424038330256,29,91,27,30,62,14,1.8334794525448057,3.8898831752376237,1.2824645044029428,6
rolling,por_activo,28,2018-05-01,2018-10-31,2018-11-01,NVDA,Global,False,,65,1.199203334120871,25,76,25,34,75,13,1.6983892721929366,2.509068833541139,1.9206643902651157,37
rolling,por_activo,28,2018-05-01,2018-10-31,2018-11-01,NVDA,Tendencia,False,,45,14.088043415183618,8,28,23,40,62,13,1.5484984919201887,2.7217350398570406,4.150931736427274,11
rolling,por_activo,28,2018-05-01,2018-10-31,2018-11-01,NVDA,Reversión,True,régimen con 0 días < 20,0,,25,76,25,34,75,13,1.6983892721929366,2.509068833541139,1.9206643902651157,37
rolling,por_activo,28,2018-05-01,2018-10-31,2018-11-01,NVDA,Crisis,False,,53,-0.6174040956407423,26,27,8,38,71,38,2.1744166319356455,2.310385723867762,4.223021530558343,20
rolling,por_activo,28,2018-05-01,2018-10-31,2018-11-01,AMZN,Global,False,,66,8.143123114273546,24,91,10,37,75,11,1.6826242009304835,1.498115252150867,2.1978285922508287,35
rolling,por_activo,28,2018-05-01,2018-10-31,2018-11-01,AMZN,Tendencia,True,ningún trial cumple N_MIN,0,-1000000000.0,24,91,10,37,75,11,1.6826242009304835,1.498115252150867,2.1978285922508287,35
rolling,por_activo,28,2018-05-01,2018-10-31,2018-11-01,AMZN,Reversión,True,régimen con 0 días < 20,0,,24,91,10,37,75,11,1.6826242009304835,1.498115252150867,2.1978285922508287,35
rolling,por_activo,28,2018-05-01,2018-10-31,2018-11-01,AMZN,Crisis,False,,58,4.608104555666114,30,90,22,38,74,15,1.5364488835056833,2.134171680412126,2.225559283983077,32
rolling,por_activo,28,2018-05-01,2018-10-31,2018-11-01,TSLA,Global,False,,61,7.514248026721834,27,28,27,37,62,18,1.612979624024281,3.1021697155323738,1.6129578456753957,10
rolling,por_activo,28,2018-05-01,2018-10-31,2018-11-01,TSLA,Tendencia,False,,72,6.364850957539382,19,24,9,36,62,12,1.6300897736537723,2.9612089580606824,3.7346424282641353,11
rolling,por_activo,28,2018-05-01,2018-10-31,2018-11-01,TSLA,Reversión,True,régimen con 0 días < 20,0,,27,28,27,37,62,18,1.612979624024281,3.1021697155323738,1.6129578456753957,10
rolling,por_activo,28,2018-05-01,2018-10-31,2018-11-01,TSLA,Crisis,False,,66,17.2537590213071,9,97,27,24,70,17,1.5842201814610848,1.2470272130651372,2.7894537513548414,7
rolling,por_activo,28,2018-05-01,2018-10-31,2018-11-01,META,Global,False,,34,12.474390057154553,15,94,17,32,62,11,1.5381443792242444,1.1930059924627612,5.3049651803463,8
rolling,por_activo,28,2018-05-01,2018-10-31,2018-11-01,META,Tendencia,False,,6,-0.29691732612633953,24,43,10,24,64,27,1.5792607104927667,1.0147865578305206,4.736818437698512,11
rolling,por_activo,28,2018-05-01,2018-10-31,2018-11-01,META,Reversión,True,régimen con 0 días < 20,0,,15,94,17,32,62,11,1.5381443792242444,1.1930059924627612,5.3049651803463,8
rolling,por_activo,28,2018-05-01,2018-10-31,2018-11-01,META,Crisis,True,ningún trial cumple N_MIN,0,-1000000000.0,15,94,17,32,62,11,1.5381443792242444,1.1930059924627612,5.3049651803463,8
rolling,por_activo,28,2018-05-01,2018-10-31,2018-11-01,NFLX,Global,False,,53,14.73904776537342,24,96,11,35,68,35,1.7321564047505937,1.6197016065784144,3.6452432082584747,6
rolling,por_activo,28,2018-05-01,2018-10-31,2018-11-01,NFLX,Tendencia,False,,51,2.8164466687071985,24,28,7,27,60,18,2.6203492381423947,1.6806754973831222,3.8092542423808124,40
rolling,por_activo,28,2018-05-01,2018-10-31,2018-11-01,NFLX,Reversión,True,régimen con 0 días < 20,0,,24,96,11,35,68,35,1.7321564047505937,1.6197016065784144,3.6452432082584747,6
rolling,por_activo,28,2018-05-01,2018-10-31,2018-11-01,NFLX,Crisis,True,ningún trial cumple N_MIN,0,-1000000000.0,24,96,11,35,68,35,1.7321564047505937,1.6197016065784144,3.6452432082584747,6
rolling,por_activo,28,2018-05-01,2018-10-31,2018-11-01,GOOGL,Global,False,,43,4.226037641102029,29,96,7,32,73,14,2.6881975957798465,1.1541486816995072,2.1338844820661143,37
rolling,por_activo,28,2018-05-01,2018-10-31,2018-11-01,GOOGL,Tendencia,True,ningún trial cumple N_MIN,0,-1000000000.0,29,96,7,32,73,14,2.6881975957798465,1.1541486816995072,2.1338844820661143,37
rolling,por_activo,28,2018-05-01,2018-10-31,2018-11-01,GOOGL,Reversión,True,régimen con 0 días < 20,0,,29,96,7,32,73,14,2.6881975957798465,1.1541486816995072,2.1338844820661143,37
rolling,por_activo,28,2018-05-01,2018-10-31,2018-11-01,GOOGL,Crisis,False,,65,5.47629764910493,11,24,10,36,70,11,1.6419727643984672,2.35252304683004,3.6595212234236882,12
rolling,por_activo,29,2018-06-01,2018-11-30,2018-12-03,NVDA,Global,False,,57,12.27340553995079,13,27,12,22,70,16,1.5387185723216676,2.5545153468188557,5.713508837653479,6
rolling,por_activo,29,2018-06-01,2018-11-30,2018-12-03,NVDA,Tendencia,True,ningún trial cumple N_MIN,0,-1000000000.0,13,27,12,22,70,16,1.5387185723216676,2.5545153468188557,5.713508837653479,6
rolling,por_activo,29,2018-06-01,2018-11-30,2018-12-03,NVDA,Reversión,True,ningún trial cumple N_MIN,0,-1000000000.0,13,27,12,22,70,16,1.5387185723216676,2.5545153468188557,5.713508837653479,6
rolling,por_activo,29,2018-06-01,2018-11-30,2018-12-03,NVDA,Crisis,False,,61,2.330195061896342,24,62,9,21,61,13,1.8889713331429163,1.7727841499200738,3.699363390905781,5
rolling,por_activo,29,2018-06-01,2018-11-30,2018-12-03,AMZN,Global,True,sin trials válidos: θ global de la ventana 28,0,-1000000000.0,24,91,10,37,75,11,1.6826242009304835,1.498115252150867,2.1978285922508287,35
rolling,por_activo,29,2018-06-01,2018-11-30,2018-12-03,AMZN,Tendencia,True,ningún trial cumple N_MIN,0,-1000000000.0,24,91,10,37,75,11,1.6826242009304835,1.498115252150867,2.1978285922508287,35
rolling,por_activo,29,2018-06-01,2018-11-30,2018-12-03,AMZN,Reversión,True,ningún trial cumple N_MIN,0,-1000000000.0,24,91,10,37,75,11,1.6826242009304835,1.498115252150867,2.1978285922508287,35
rolling,por_activo,29,2018-06-01,2018-11-30,2018-12-03,AMZN,Crisis,False,,73,24.38475867413916,29,92,26,30,63,39,1.8842239935696024,1.0901185169569234,1.3710110749143207,30
rolling,por_activo,29,2018-06-01,2018-11-30,2018-12-03,TSLA,Global,False,,64,3.457747576782763,18,67,16,23,60,11,1.5761720528055518,3.6549516650031686,3.74688712658665,27
rolling,por_activo,29,2018-06-01,2018-11-30,2018-12-03,TSLA,Tendencia,True,ningún trial cumple N_MIN,0,-1000000000.0,18,67,16,23,60,11,1.5761720528055518,3.6549516650031686,3.74688712658665,27
rolling,por_activo,29,2018-06-01,2018-11-30,2018-12-03,TSLA,Reversión,False,,35,-0.668274599888808,15,58,8,35,61,17,2.5131662855119896,1.3615674562606261,3.1427339579269136,35
rolling,por_activo,29,2018-06-01,2018-11-30,2018-12-03,TSLA,Crisis,False,,63,-0.18619506799384158,15,11,8,39,76,11,1.63501042245502,2.09859766405388,4.564647947124043,18
rolling,por_activo,29,2018-06-01,2018-11-30,2018-12-03,META,Global,True,sin trials válidos: θ global de la ventana 28,0,-1000000000.0,15,94,17,32,62,11,1.5381443792242444,1.1930059924627612,5.3049651803463,8
rolling,por_activo,29,2018-06-01,2018-11-30,2018-12-03,META,Tendencia,True,ningún trial cumple N_MIN,0,-1000000000.0,15,94,17,32,62,11,1.5381443792242444,1.1930059924627612,5.3049651803463,8
rolling,por_activo,29,2018-06-01,2018-11-30,2018-12-03,META,Reversión,True,ningún trial cumple N_MIN,0,-1000000000.0,15,94,17,32,62,11,1.5381443792242444,1.1930059924627612,5.3049651803463,8
rolling,por_activo,29,2018-06-01,2018-11-30,2018-12-03,META,Crisis,True,ningún trial cumple N_MIN,0,-1000000000.0,15,94,17,32,62,11,1.5381443792242444,1.1930059924627612,5.3049651803463,8
rolling,por_activo,29,2018-06-01,2018-11-30,2018-12-03,NFLX,Global,False,,45,2.523586968726817,8,89,10,37,75,20,1.6120546763792838,2.8866809355422114,3.593770242372651,8
rolling,por_activo,29,2018-06-01,2018-11-30,2018-12-03,NFLX,Tendencia,True,ningún trial cumple N_MIN,0,-1000000000.0,8,89,10,37,75,20,1.6120546763792838,2.8866809355422114,3.593770242372651,8
rolling,por_activo,29,2018-06-01,2018-11-30,2018-12-03,NFLX,Reversión,False,,61,2.0129996629877662,13,62,27,21,70,18,1.663742871472581,1.809808082120198,2.2974989491263846,35
rolling,por_activo,29,2018-06-01,2018-11-30,2018-12-03,NFLX,Crisis,False,,1,-0.6332064756274806,20,54,7,36,70,34,2.5947931286561565,3.7145806970628366,4.137622319869098,21
rolling,por_activo,29,2018-06-01,2018-11-30,2018-12-03,GOOGL,Global,False,,50,0.5216390678857183,22,94,27,34,62,12,1.8430098701414512,1.0790300459517885,5.50268734262208,38
rolling,por_activo,29,2018-06-01,2018-11-30,2018-12-03,GOOGL,Tendencia,True,ningún trial cumple N_MIN,0,-1000000000.0,22,94,27,34,62,12,1.8430098701414512,1.0790300459517885,5.50268734262208,38
rolling,por_activo,29,2018-06-01,2018-11-30,2018-12-03,GOOGL,Reversión,True,ningún trial cumple N_MIN,0,-1000000000.0,22,94,27,34,62,12,1.8430098701414512,1.0790300459517885,5.50268734262208,38
rolling,por_activo,29,2018-06-01,2018-11-30,2018-12-03,GOOGL,Crisis,False,,66,6.340979734222338,27,92,14,40,79,31,2.8951141741443305,1.0573181691710598,2.1522987260161113,6
rolling,por_activo,30,2018-07-02,2018-12-31,2019-01-02,NVDA,Global,True,sin trials válidos: θ global de la ventana 29,0,-1000000000.0,13,27,12,22,70,16,1.5387185723216676,2.5545153468188557,5.713508837653479,6
rolling,por_activo,30,2018-07-02,2018-12-31,2019-01-02,NVDA,Tendencia,True,ningún trial cumple N_MIN,0,-1000000000.0,13,27,12,22,70,16,1.5387185723216676,2.5545153468188557,5.713508837653479,6
rolling,por_activo,30,2018-07-02,2018-12-31,2019-01-02,NVDA,Reversión,False,,33,-0.19320313280002724,29,18,7,36,72,20,2.0413295062511088,3.3529644044943883,2.718819247449504,5
rolling,por_activo,30,2018-07-02,2018-12-31,2019-01-02,NVDA,Crisis,True,ningún trial cumple N_MIN,0,-1000000000.0,13,27,12,22,70,16,1.5387185723216676,2.5545153468188557,5.713508837653479,6
rolling,por_activo,30,2018-07-02,2018-12-31,2019-01-02,AMZN,Global,False,,51,7.721199674318922,26,38,26,40,78,13,1.7291422240837178,1.5158808294997903,4.7995627326606805,8
rolling,por_activo,30,2018-07-02,2018-12-31,2019-01-02,AMZN,Tendencia,True,ningún trial cumple N_MIN,0,-1000000000.0,26,38,26,40,78,13,1.7291422240837178,1.5158808294997903,4.7995627326606805,8
rolling,por_activo,30,2018-07-02,2018-12-31,2019-01-02,AMZN,Reversión,False,,71,1.4368413407522724,28,98,22,36,70,39,1.966775575496026,1.3464259610881952,5.444945069146906,24
rolling,por_activo,30,2018-07-02,2018-12-31,2019-01-02,AMZN,Crisis,True,ningún trial cumple N_MIN,0,-1000000000.0,26,38,26,40,78,13,1.7291422240837178,1.5158808294997903,4.7995627326606805,8
rolling,por_activo,30,2018-07-02,2018-12-31,2019-01-02,TSLA,Global,False,,60,2.5078490086362737,16,94,9,21,60,16,2.0536022855118645,1.9288561656290453,5.020479141917042,30
rolling,por_activo,30,2018-07-02,2018-12-31,2019-01-02,TSLA,Tendencia,False,,40,7.270595036228374,27,16,7,32,68,38,1.5994512765328062,3.6397282169014162,2.000102495913362,34
rolling,por_activo,30,2018-07-02,2018-12-31,2019-01-02,TSLA,Reversión,False,,63,0.30645729768384194,27,31,10,35,79,12,1.696957170444188,1.200619279255575,1.3707287402967092,7
rolling,por_activo,30,2018-07-02,2018-12-31,2019-01-02,TSLA,Crisis,False,,19,6.284257446896161,28,92,7,36,64,20,1.7698659561435295,1.199779783000666,4.976161254077136,10
rolling,por_activo,30,2018-07-02,2018-12-31,2019-01-02,META,Global,False,,49,16.056205225956145,14,45,9,35,72,11,1.6183455340762094,1.160311851573768,3.9968547978920514,10
rolling,por_activo,30,2018-07-02,2018-12-31,2019-01-02,META,Tendencia,False,,5,-0.7663199679185128,18,55,17,28,75,14,1.551578241740653,1.4090018342244548,3.1931499481591654,29
rolling,por_activo,30,2018-07-02,2018-12-31,2019-01-02,META,Reversión,True,ningún trial cumple N_MIN,0,-1000000000.0,14,45,9,35,72,11,1.6183455340762094,1.160311851573768,3.9968547978920514,10
rolling,por_activo,30,2018-07-02,2018-12-31,2019-01-02,META,Crisis,True,ningún trial cumple N_MIN,0,-1000000000.0,14,45,9,35,72,11,1.6183455340762094,1.160311851573768,3.9968547978920514,10
rolling,por_activo,30,2018-07-02,2018-12-31,2019-01-02,NFLX,Global,False,,34,4.6126011008529675,16,80,8,31,62,36,1.828571694948507,2.303251244221527,1.4379599362925792,32
rolling,por_activo,30,2018-07-02,2018-12-31,2019-01-02,NFLX,Tendencia,False,,60,3.7739993696535032,22,90,22,40,64,10,2.1767646582006197,1.0707601767890202,1.5732185747851757,34
rolling,por_activo,30,2018-07-02,2018-12-31,2019-01-02,NFLX,Reversión,False,,14,-0.6107042209958305,28,91,8,34,68,30,2.046873508943742,2.2693164388094944,5.349873579012815,6
rolling,por_activo,30,2018-07-02,2018-12-31,2019-01-02,NFLX,Crisis,True,ningún trial cumple N_MIN,0,-1000000000.0,16,80,8,31,62,36,1.828571694948507,2.303251244221527,1.4379599362925792,32
rolling,por_activo,30,2018-07-02,2018-12-31,2019-01-02,GOOGL,Global,False,,35,5.532358699415865,7,53,8,40,66,16,2.145363034595285,1.1795214165870065,5.613837880720993,34
rolling,por_activo,30,2018-07-02,2018-12-31,2019-01-02,GOOGL,Tendencia,True,ningún trial cumple N_MIN,0,-1000000000.0,7,53,8,40,66,16,2.145363034595285,1.1795214165870065,5.613837880720993,34
rolling,por_activo,30,2018-07-02,2018-12-31,2019-01-02,GOOGL,Reversión,False,,70,6.264532326866396,25,92,9,31,79,21,2.7759533907471776,1.226790003989608,2.35965130150627,15
rolling,por_activo,30,2018-07-02,2018-12-31,2019-01-02,GOOGL,Crisis,True,ningún trial cumple N_MIN,0,-1000000000.0,7,53,8,40,66,16,2.145363034595285,1.1795214165870065,5.613837880720993,34
rolling,por_activo,31,2018-08-01,2019-01-31,2019-02-01,NVDA,Global,False,,2,0.43320925819260686,29,44,22,23,73,10,1.7705790721255663,2.6503136544251586,4.195729770903485,25
rolling,por_activo,31,2018-08-01,2019-01-31,2019-02-01,NVDA,Tendencia,True,régimen con 19 días < 20,0,,29,44,22,23,73,10,1.7705790721255663,2.6503136544251586,4.195729770903485,25
rolling,por_activo,31,2018-08-01,2019-01-31,2019-02-01,NVDA,Reversión,False,,48,-0.012435583508729574,22,84,9,39,73,38,1.6134610591378318,1.0590947356898537,3.9366988996585395,33
rolling,por_activo,31,2018-08-01,2019-01-31,2019-02-01,NVDA,Crisis,False,,5,33.35256433636009,13,63,16,24,80,11,1.773392558677012,2.949660030087128,1.0914282787530036,20
rolling,por_activo,31,2018-08-01,2019-01-31,2019-02-01,AMZN,Global,False,,49,4.365140292948678,12,13,7,40,60,19,2.416976752329472,1.094590173129693,3.600156886307014,36
rolling,por_activo,31,2018-08-01,2019-01-31,2019-02-01,AMZN,Tendencia,True,régimen con 19 días < 20,0,,12,13,7,40,60,19,2.416976752329472,1.094590173129693,3.600156886307014,36
rolling,por_activo,31,2018-08-01,2019-01-31,2019-02-01,AMZN,Reversión,False,,62,3.7775391825902838,29,16,8,37,63,30,2.7751336700885005,1.524542039128936,2.1096849215245395,36
rolling,por_activo,31,2018-08-01,2019-01-31,2019-02-01,AMZN,Crisis,False,,4,6.941551637312155,7,14,7,26,60,10,2.1728916100967655,3.83844845558877,2.5256809472183788,40
rolling,por_activo,31,2018-08-01,2019-01-31,2019-02-01,TSLA,Global,False,,67,10.274433668894813,27,94,9,24,70,18,1.6179644362179142,3.6696270654124614,2.0057346788812604,25
rolling,por_activo,31,2018-08-01,2019-01-31,2019-02-01,TSLA,Tendencia,True,régimen con 19 días < 20,0,,27,94,9,24,70,18,1.6179644362179142,3.6696270654124614,2.0057346788812604,25
rolling,por_activo,31,2018-08-01,2019-01-31,2019-02-01,TSLA,Reversión,False,,34,0.5057487161140282,25,30,8,22,60,32,2.239992455903854,1.7171131909917208,2.3193505016742018,11
rolling,por_activo,31,2018-08-01,2019-01-31,2019-02-01,TSLA,Crisis,False,,30,6.288448535271494,25,57,17,21,62,28,1.8396587011102716,3.3201076524993813,4.7751175025132495,5
rolling,por_activo,31,2018-08-01,2019-01-31,2019-02-01,META,Global,True,sin trials válidos: θ global de la ventana 30,0,-1000000000.0,14,45,9,35,72,11,1.6183455340762094,1.160311851573768,3.9968547978920514,10
rolling,por_activo,31,2018-08-01,2019-01-31,2019-02-01,META,Tendencia,True,régimen con 19 días < 20,0,,14,45,9,35,72,11,1.6183455340762094,1.160311851573768,3.9968547978920514,10
rolling,por_activo,31,2018-08-01,2019-01-31,2019-02-01,META,Reversión,True,ningún trial cumple N_MIN,0,-1000000000.0,14,45,9,35,72,11,1.6183455340762094,1.160311851573768,3.9968547978920514,10
rolling,por_activo,31,2018-08-01,2019-01-31,2019-02-01,META,Crisis,True,ningún trial cumple N_MIN,0,-1000000000.0,14,45,9,35,72,11,1.6183455340762094,1.160311851573768,3.9968547978920514,10
rolling,por_activo,31,2018-08-01,2019-01-31,2019-02-01,NFLX,Global,False,,44,0.9854629638374252,28,45,9,36,74,27,2.8569909943084126,1.9081252820961294,4.974813499333119,30
rolling,por_activo,31,2018-08-01,2019-01-31,2019-02-01,NFLX,Tendencia,True,régimen con 19 días < 20,0,,28,45,9,36,74,27,2.8569909943084126,1.9081252820961294,4.974813499333119,30
rolling,por_activo,31,2018-08-01,2019-01-31,2019-02-01,NFLX,Reversión,False,,34,8.092713187061431,25,20,14,37,68,20,1.596324005423503,1.0435597696372347,2.231757931355289,39
rolling,por_activo,31,2018-08-01,2019-01-31,2019-02-01,NFLX,Crisis,False,,56,-0.6531250313567858,25,50,22,22,75,39,1.627574727428582,1.0358091708087382,5.066592859197073,37
rolling,por_activo,31,2018-08-01,2019-01-31,2019-02-01,GOOGL,Global,False,,59,4.640316457743428,26,92,10,35,62,25,1.7635287584035542,1.1379904131980734,4.886991561896754,13
rolling,por_activo,31,2018-08-01,2019-01-31,2019-02-01,GOOGL,Tendencia,True,régimen con 19 días < 20,0,,26,92,10,35,62,25,1.7635287584035542,1.1379904131980734,4.886991561896754,13
rolling,por_activo,31,2018-08-01,2019-01-31,2019-02-01,GOOGL,Reversión,False,,68,5.191330543028985,29,72,12,38,76,18,2.088113399815173,1.0844872596214905,4.502235884605129,5
rolling,por_activo,31,2018-08-01,2019-01-31,2019-02-01,GOOGL,Crisis,False,,1,1.3712202975135914,8,96,9,28,61,14,2.6923254150568345,2.8277696879479395,5.585229034459131,7
rolling,por_activo,32,2018-09-04,2019-02-28,2019-03-01,NVDA,Global,True,sin trials válidos: θ global de la ventana 31,0,-1000000000.0,29,44,22,23,73,10,1.7705790721255663,2.6503136544251586,4.195729770903485,25
rolling,por_activo,32,2018-09-04,2019-02-28,2019-03-01,NVDA,Tendencia,True,régimen con 0 días < 20,0,,29,44,22,23,73,10,1.7705790721255663,2.6503136544251586,4.195729770903485,25
rolling,por_activo,32,2018-09-04,2019-02-28,2019-03-01,NVDA,Reversión,False,,42,-0.5108920976600108,8,86,8,39,61,38,2.603812706206288,1.2294647142885256,5.735276302797242,38
rolling,por_activo,32,2018-09-04,2019-02-28,2019-03-01,NVDA,Crisis,False,,34,5.870664488285355,24,72,22,30,62,10,1.6810709575157814,1.0423160325212484,3.271330820829185,34
rolling,por_activo,32,2018-09-04,2019-02-28,2019-03-01,AMZN,Global,False,,55,8.017737751881572,22,44,22,25,70,14,1.7640345727859343,1.4809405557133373,3.5022594324385423,9
rolling,por_activo,32,2018-09-04,2019-02-28,2019-03-01,AMZN,Tendencia,True,régimen con 0 días < 20,0,,22,44,22,25,70,14,1.7640345727859343,1.4809405557133373,3.5022594324385423,9
rolling,por_activo,32,2018-09-04,2019-02-28,2019-03-01,AMZN,Reversión,False,,74,0.9160536865723861,28,82,25,39,73,23,1.535612844990141,2.4315028092620894,2.1067615079315036,16
rolling,por_activo,32,2018-09-04,2019-02-28,2019-03-01,AMZN,Crisis,False,,39,14.984580495066943,10,82,10,24,61,22,1.825432045634007,1.9969996984511575,4.399877738142122,13
rolling,por_activo,32,2018-09-04,2019-02-28,2019-03-01,TSLA,Global,False,,69,5.263205484292884,7,97,10,34,71,11,1.5433026870789237,1.8681694186632831,1.854602072029256,38
rolling,por_activo,32,2018-09-04,2019-02-28,2019-03-01,TSLA,Tendencia,True,régimen con 0 días < 20,0,,7,97,10,34,71,11,1.5433026870789237,1.8681694186632831,1.854602072029256,38
rolling,por_activo,32,2018-09-04,2019-02-28,2019-03-01,TSLA,Reversión,False,,46,0.9622621653815668,13,50,11,30,61,12,1.6254544625345464,1.6229797669995556,1.352390099400422,37
rolling,por_activo,32,2018-09-04,2019-02-28,2019-03-01,TSLA,Crisis,False,,70,6.4778938025928605,20,84,26,21,61,11,1.6122461052824217,3.016428529547484,3.162723322828966,16
rolling,por_activo,32,2018-09-04,2019-02-28,2019-03-01,META,Global,True,sin trials válidos: θ global de la ventana 30,0,-1000000000.0,14,45,9,35,72,11,1.6183455340762094,1.160311851573768,3.9968547978920514,10
rolling,por_activo,32,2018-09-04,2019-02-28,2019-03-01,META,Tendencia,True,régimen con 0 días < 20,0,,14,45,9,35,72,11,1.6183455340762094,1.160311851573768,3.9968547978920514,10
rolling,por_activo,32,2018-09-04,2019-02-28,2019-03-01,META,Reversión,True,ningún trial cumple N_MIN,0,-1000000000.0,14,45,9,35,72,11,1.6183455340762094,1.160311851573768,3.9968547978920514,10
rolling,por_activo,32,2018-09-04,2019-02-28,2019-03-01,META,Crisis,False,,52,3.1147209726429876,20,96,8,36,62,32,2.002747356900127,3.460137557759384,2.1596740856593373,14
rolling,por_activo,32,2018-09-04,2019-02-28,2019-03-01,NFLX,Global,False,,60,1.754389662657507,18,80,7,38,66,30,1.667121795763976,1.3465911393342336,2.0157533492834663,36
rolling,por_activo,32,2018-09-04,2019-02-28,2019-03-01,NFLX,Tendencia,True,régimen con 0 días < 20,0,,18,80,7,38,66,30,1.667121795763976,1.3465911393342336,2.0157533492834663,36
rolling,por_activo,32,2018-09-04,2019-02-28,2019-03-01,NFLX,Reversión,False,,9,5.270560703173712,7,75,7,38,60,38,2.29574140241679,2.444665258953208,1.4977256708913347,32
rolling,por_activo,32,2018-09-04,2019-02-28,2019-03-01,NFLX,Crisis,False,,54,-0.3545541179431492,23,76,26,39,76,36,1.6510901396181554,1.2303110870472747,2.130935994580276,18
rolling,por_activo,32,2018-09-04,2019-02-28,2019-03-01,GOOGL,Global,False,,52,9.80198848164975,26,71,10,30,60,32,2.2112888909005717,3.7419462635712604,1.487778740817634,6
rolling,por_activo,32,2018-09-04,2019-02-28,2019-03-01,GOOGL,Tendencia,True,régimen con 0 días < 20,0,,26,71,10,30,60,32,2.2112888909005717,3.7419462635712604,1.487778740817634,6
rolling,por_activo,32,2018-09-04,2019-02-28,2019-03-01,GOOGL,Reversión,False,,48,5.2164970600610125,15,19,12,21,72,15,1.6284146338073504,1.0742364635934127,4.107231799120218,33
rolling,por_activo,32,2018-09-04,2019-02-28,2019-03-01,GOOGL,Crisis,True,ningún trial cumple N_MIN,0,-1000000000.0,26,71,10,30,60,32,2.2112888909005717,3.7419462635712604,1.487778740817634,6
rolling,por_activo,33,2018-10-01,2019-03-29,2019-04-01,NVDA,Global,False,,66,1.098319690480798,27,54,11,40,62,25,1.8060155861305092,1.261601215997129,1.4151950212188324,23
rolling,por_activo,33,2018-10-01,2019-03-29,2019-04-01,NVDA,Tendencia,True,régimen con 0 días < 20,0,,27,54,11,40,62,25,1.8060155861305092,1.261601215997129,1.4151950212188324,23
rolling,por_activo,33,2018-10-01,2019-03-29,2019-04-01,NVDA,Reversión,True,ningún trial cumple N_MIN,0,-1000000000.0,27,54,11,40,62,25,1.8060155861305092,1.261601215997129,1.4151950212188324,23
rolling,por_activo,33,2018-10-01,2019-03-29,2019-04-01,NVDA,Crisis,False,,64,1.108085097093937,22,84,10,38,66,38,1.656707500481253,1.7488391895448432,1.7294590730734913,11
rolling,por_activo,33,2018-10-01,2019-03-29,2019-04-01,AMZN,Global,False,,69,4.768519711778117,25,95,10,34,65,16,2.88783618454563,2.048818997634428,4.483348301105467,9
rolling,por_activo,33,2018-10-01,2019-03-29,2019-04-01,AMZN,Tendencia,True,régimen con 0 días < 20,0,,25,95,10,34,65,16,2.88783618454563,2.048818997634428,4.483348301105467,9
rolling,por_activo,33,2018-10-01,2019-03-29,2019-04-01,AMZN,Reversión,False,,46,3.97024617573232,16,58,10,36,69,16,2.472972232685844,1.1213757840869223,1.9779296433788913,36
rolling,por_activo,33,2018-10-01,2019-03-29,2019-04-01,AMZN,Crisis,False,,66,8.182544135150357,25,87,23,38,62,15,1.6133913806354216,1.0893324763515375,5.594132807092135,14
rolling,por_activo,33,2018-10-01,2019-03-29,2019-04-01,TSLA,Global,False,,69,3.8165592555189822,21,90,11,33,63,11,1.732106828624168,2.8568973611258888,4.248463674600007,12
rolling,por_activo,33,2018-10-01,2019-03-29,2019-04-01,TSLA,Tendencia,True,régimen con 0 días < 20,0,,21,90,11,33,63,11,1.732106828624168,2.8568973611258888,4.248463674600007,12
rolling,por_activo,33,2018-10-01,2019-03-29,2019-04-01,TSLA,Reversión,False,,10,-0.16687056544055942,22,19,11,36,62,10,1.7782678393115927,1.4536966112906244,3.2973429677711503,14
rolling,por_activo,33,2018-10-01,2019-03-29,2019-04-01,TSLA,Crisis,False,,70,16.44869472527205,20,88,7,37,61,26,1.5758970589319299,1.0704938611046886,2.2232647855498913,20
rolling,por_activo,33,2018-10-01,2019-03-29,2019-04-01,META,Global,True,sin trials válidos: θ global de la ventana 30,0,-1000000000.0,14,45,9,35,72,11,1.6183455340762094,1.160311851573768,3.9968547978920514,10
rolling,por_activo,33,2018-10-01,2019-03-29,2019-04-01,META,Tendencia,True,régimen con 0 días < 20,0,,14,45,9,35,72,11,1.6183455340762094,1.160311851573768,3.9968547978920514,10
rolling,por_activo,33,2018-10-01,2019-03-29,2019-04-01,META,Reversión,True,ningún trial cumple N_MIN,0,-1000000000.0,14,45,9,35,72,11,1.6183455340762094,1.160311851573768,3.9968547978920514,10
rolling,por_activo,33,2018-10-01,2019-03-29,2019-04-01,META,Crisis,False,,60,13.788924085884176,26,26,22,34,62,15,1.5873796593768654,2.861653753235026,4.369230255319515,9
rolling,por_activo,33,2018-10-01,2019-03-29,2019-04-01,NFLX,Global,False,,49,0.23552711794171874,24,83,14,21,63,39,1.6859644190447407,1.0305028092018913,5.0678661133247545,5
rolling,por_activo,33,2018-10-01,2019-03-29,2019-04-01,NFLX,Tendencia,True,régimen con 0 días < 20,0,,24,83,14,21,63,39,1.6859644190447407,1.0305028092018913,5.0678661133247545,5
rolling,por_activo,33,2018-10-01,2019-03-29,2019-04-01,NFLX,Reversión,True,ningún trial cumple N_MIN,0,-1000000000.0,24,83,14,21,63,39,1.6859644190447407,1.0305028092018913,5.0678661133247545,5
rolling,por_activo,33,2018-10-01,2019-03-29,2019-04-01,NFLX,Crisis,False,,70,1.760305654550723,23,58,20,27,61,11,1.6571139325278321,2.7979960320085104,2.4636729719105723,9
rolling,por_activo,33,2018-10-01,2019-03-29,2019-04-01,GOOGL,Global,True,sin trials válidos: θ global de la ventana 32,0,-1000000000.0,26,71,10,30,60,32,2.2112888909005717,3.7419462635712604,1.487778740817634,6
rolling,por_activo,33,2018-10-01,2019-03-29,2019-04-01,GOOGL,Tendencia,True,régimen con 0 días < 20,0,,26,71,10,30,60,32,2.2112888909005717,3.7419462635712604,1.487778740817634,6
rolling,por_activo,33,2018-10-01,2019-03-29,2019-04-01,GOOGL,Reversión,True,ningún trial cumple N_MIN,0,-1000000000.0,26,71,10,30,60,32,2.2112888909005717,3.7419462635712604,1.487778740817634,6
rolling,por_activo,33,2018-10-01,2019-03-29,2019-04-01,GOOGL,Crisis,False,,57,6.481474035567674,26,77,9,34,62,14,2.115541453928506,2.894524342950434,1.3461441673031544,5
rolling,por_activo,34,2018-11-01,2019-04-30,2019-05-01,NVDA,Global,False,,51,2.146786342633302,28,68,10,24,62,38,2.2539216072117574,1.4377146115155053,1.6069388513740765,22
rolling,por_activo,34,2018-11-01,2019-04-30,2019-05-01,NVDA,Tendencia,True,régimen con 8 días < 20,0,,28,68,10,24,62,38,2.2539216072117574,1.4377146115155053,1.6069388513740765,22
rolling,por_activo,34,2018-11-01,2019-04-30,2019-05-01,NVDA,Reversión,True,régimen con 15 días < 20,0,,28,68,10,24,62,38,2.2539216072117574,1.4377146115155053,1.6069388513740765,22
rolling,por_activo,34,2018-11-01,2019-04-30,2019-05-01,NVDA,Crisis,False,,32,3.1570833243042977,18,56,20,36,76,24,1.7716387422918523,3.0435079351467733,1.2149804823376953,7
rolling,por_activo,34,2018-11-01,2019-04-30,2019-05-01,AMZN,Global,True,sin trials válidos: θ global de la ventana 33,0,-1000000000.0,25,95,10,34,65,16,2.88783618454563,2.048818997634428,4.483348301105467,9
rolling,por_activo,34,2018-11-01,2019-04-30,2019-05-01,AMZN,Tendencia,True,régimen con 8 días < 20,0,,25,95,10,34,65,16,2.88783618454563,2.048818997634428,4.483348301105467,9
rolling,por_activo,34,2018-11-01,2019-04-30,2019-05-01,AMZN,Reversión,True,régimen con 15 días < 20,0,,25,95,10,34,65,16,2.88783618454563,2.048818997634428,4.483348301105467,9
rolling,por_activo,34,2018-11-01,2019-04-30,2019-05-01,AMZN,Crisis,False,,68,12.398394765186966,24,79,21,38,75,13,1.655646905455222,1.5741178421853192,2.574112899567939,23
rolling,por_activo,34,2018-11-01,2019-04-30,2019-05-01,TSLA,Global,False,,38,19.78484438921629,8,16,22,36,68,12,1.6503182725113525,1.2364199705482959,2.6638669633894834,12
rolling,por_activo,34,2018-11-01,2019-04-30,2019-05-01,TSLA,Tendencia,True,régimen con 8 días < 20,0,,8,16,22,36,68,12,1.6503182725113525,1.2364199705482959,2.6638669633894834,12
rolling,por_activo,34,2018-11-01,2019-04-30,2019-05-01,TSLA,Reversión,True,régimen con 15 días < 20,0,,8,16,22,36,68,12,1.6503182725113525,1.2364199705482959,2.6638669633894834,12
rolling,por_activo,34,2018-11-01,2019-04-30,2019-05-01,TSLA,Crisis,False,,70,13.492387475120564,28,94,23,22,63,19,1.897794148852202,1.2245764498076344,2.3167303961367476,38
rolling,por_activo,34,2018-11-01,2019-04-30,2019-05-01,META,Global,False,,48,8.429301339885358,27,58,11,39,74,12,1.5717087856822456,3.4705324650912446,2.489334501938046,11
rolling,por_activo,34,2018-11-01,2019-04-30,2019-05-01,META,Tendencia,True,régimen con 8 días < 20,0,,27,58,11,39,74,12,1.5717087856822456,3.4705324650912446,2.489334501938046,11
rolling,por_activo,34,2018-11-01,2019-04-30,2019-05-01,META,Reversión,True,régimen con 15 días < 20,0,,27,58,11,39,74,12,1.5717087856822456,3.4705324650912446,2.489334501938046,11
rolling,por_activo,34,2018-11-01,2019-04-30,2019-05-01,META,Crisis,False,,63,4.58630185995617,10,62,27,32,77,11,1.645931539691571,3.7142025459903096,5.757970779993489,13
rolling,por_activo,34,2018-11-01,2019-04-30,2019-05-01,NFLX,Global,False,,8,0.2411316730253415,30,15,8,39,60,10,2.0636254842175514,1.1500882156169907,2.2153524308427577,16
rolling,por_activo,34,2018-11-01,2019-04-30,2019-05-01,NFLX,Tendencia,True,régimen con 8 días < 20,0,,30,15,8,39,60,10,2.0636254842175514,1.1500882156169907,2.2153524308427577,16
rolling,por_activo,34,2018-11-01,2019-04-30,2019-05-01,NFLX,Reversión,True,régimen con 15 días < 20,0,,30,15,8,39,60,10,2.0636254842175514,1.1500882156169907,2.2153524308427577,16
rolling,por_activo,34,2018-11-01,2019-04-30,2019-05-01,NFLX,Crisis,False,,27,0.8633788802378026,20,94,15,30,79,11,1.575535781201203,3.918534037179713,2.3728125412209984,23
rolling,por_activo,34,2018-11-01,2019-04-30,2019-05-01,GOOGL,Global,True,sin trials válidos: θ global de la ventana 32,0,-1000000000.0,26,71,10,30,60,32,2.2112888909005717,3.7419462635712604,1.487778740817634,6
rolling,por_activo,34,2018-11-01,2019-04-30,2019-05-01,GOOGL,Tendencia,True,régimen con 8 días < 20,0,,26,71,10,30,60,32,2.2112888909005717,3.7419462635712604,1.487778740817634,6
rolling,por_activo,34,2018-11-01,2019-04-30,2019-05-01,GOOGL,Reversión,True,régimen con 15 días < 20,0,,26,71,10,30,60,32,2.2112888909005717,3.7419462635712604,1.487778740817634,6
rolling,por_activo,34,2018-11-01,2019-04-30,2019-05-01,GOOGL,Crisis,False,,59,7.571956730487342,16,92,9,31,62,16,1.6189611659941359,3.7547790813669835,3.2307634782584085,6
rolling,por_activo,35,2018-12-03,2019-05-31,2019-06-03,NVDA,Global,False,,68,-0.3961067498963529,16,91,11,22,63,29,1.5898223989825397,1.3636425426884653,3.0167872241195233,38
rolling,por_activo,35,2018-12-03,2019-05-31,2019-06-03,NVDA,Tendencia,False,,13,-1.6261265387918746,25,64,10,32,68,24,1.7341313357688797,1.3301132540372673,4.741932003001379,6
rolling,por_activo,35,2018-12-03,2019-05-31,2019-06-03,NVDA,Reversión,True,régimen con 15 días < 20,0,,16,91,11,22,63,29,1.5898223989825397,1.3636425426884653,3.0167872241195233,38
rolling,por_activo,35,2018-12-03,2019-05-31,2019-06-03,NVDA,Crisis,False,,54,3.1251272362162896,27,90,7,39,72,26,2.3302641073201276,3.8156741744631772,1.9492451474917458,5
rolling,por_activo,35,2018-12-03,2019-05-31,2019-06-03,AMZN,Global,False,,54,6.449433092129153,26,92,8,32,62,35,2.7878916550705397,1.0954139124802653,1.94744615256363,32
rolling,por_activo,35,2018-12-03,2019-05-31,2019-06-03,AMZN,Tendencia,True,ningún trial cumple N_MIN,0,-1000000000.0,26,92,8,32,62,35,2.7878916550705397,1.0954139124802653,1.94744615256363,32
rolling,por_activo,35,2018-12-03,2019-05-31,2019-06-03,AMZN,Reversión,True,régimen con 15 días < 20,0,,26,92,8,32,62,35,2.7878916550705397,1.0954139124802653,1.94744615256363,32
rolling,por_activo,35,2018-12-03,2019-05-31,2019-06-03,AMZN,Crisis,False,,56,11.496772704770573,7,88,7,24,75,14,1.6631787712222557,1.323095479683794,2.3528421386635916,11
rolling,por_activo,35,2018-12-03,2019-05-31,2019-06-03,TSLA,Global,True,sin trials válidos: θ global de la ventana 34,0,-1000000000.0,8,16,22,36,68,12,1.6503182725113525,1.2364199705482959,2.6638669633894834,12
rolling,por_activo,35,2018-12-03,2019-05-31,2019-06-03,TSLA,Tendencia,True,ningún trial cumple N_MIN,0,-1000000000.0,8,16,22,36,68,12,1.6503182725113525,1.2364199705482959,2.6638669633894834,12
rolling,por_activo,35,2018-12-03,2019-05-31,2019-06-03,TSLA,Reversión,True,régimen con 15 días < 20,0,,8,16,22,36,68,12,1.6503182725113525,1.2364199705482959,2.6638669633894834,12
rolling,por_activo,35,2018-12-03,2019-05-31,2019-06-03,TSLA,Crisis,False,,44,8.941923462236913,12,85,26,29,75,25,1.5621476091151336,2.784169074932457,3.9964412070190805,15
rolling,por_activo,35,2018-12-03,2019-05-31,2019-06-03,META,Global,False,,64,6.096437896143035,29,74,15,39,76,12,1.5658738194097856,1.9453192207251817,1.9300384786881735,11
rolling,por_activo,35,2018-12-03,2019-05-31,2019-06-03,META,Tendencia,True,ningún trial cumple N_MIN,0,-1000000000.0,29,74,15,39,76,12,1.5658738194097856,1.9453192207251817,1.9300384786881735,11
rolling,por_activo,35,2018-12-03,2019-05-31,2019-06-03,META,Reversión,True,régimen con 15 días < 20,0,,29,74,15,39,76,12,1.5658738194097856,1.9453192207251817,1.9300384786881735,11
rolling,por_activo,35,2018-12-03,2019-05-31,2019-06-03,META,Crisis,False,,64,1.2853786749792608,29,85,8,37,61,25,2.6982258462735746,1.6706676524246342,4.561947711334341,38
rolling,por_activo,35,2018-12-03,2019-05-31,2019-06-03,NFLX,Global,False,,52,1.4043864135238184,30,28,26,38,79,17,1.5611252998735579,3.072506208347117,5.678673268651828,5
rolling,por_activo,35,2018-12-03,2019-05-31,2019-06-03,NFLX,Tendencia,True,ningún trial cumple N_MIN,0,-1000000000.0,30,28,26,38,79,17,1.5611252998735579,3.072506208347117,5.678673268651828,5
rolling,por_activo,35,2018-12-03,2019-05-31,2019-06-03,NFLX,Reversión,True,régimen con 15 días < 20,0,,30,28,26,38,79,17,1.5611252998735579,3.072506208347117,5.678673268651828,5
rolling,por_activo,35,2018-12-03,2019-05-31,2019-06-03,NFLX,Crisis,False,,55,-0.3200866208775176,24,36,12,33,62,16,1.6200498158607002,1.802956467683499,1.8976606814399097,7
rolling,por_activo,35,2018-12-03,2019-05-31,2019-06-03,GOOGL,Global,False,,24,8.906351009819112,15,18,9,26,61,10,1.5250512047629197,1.2296131969812891,2.482271947793077,6
rolling,por_activo,35,2018-12-03,2019-05-31,2019-06-03,GOOGL,Tendencia,True,ningún trial cumple N_MIN,0,-1000000000.0,15,18,9,26,61,10,1.5250512047629197,1.2296131969812891,2.482271947793077,6
rolling,por_activo,35,2018-12-03,2019-05-31,2019-06-03,GOOGL,Reversión,True,régimen con 15 días < 20,0,,15,18,9,26,61,10,1.5250512047629197,1.2296131969812891,2.482271947793077,6
rolling,por_activo,35,2018-12-03,2019-05-31,2019-06-03,GOOGL,Crisis,True,ningún trial cumple N_MIN,0,-1000000000.0,15,18,9,26,61,10,1.5250512047629197,1.2296131969812891,2.482271947793077,6
rolling,por_activo,36,2019-01-02,2019-06-28,2019-07-01,NVDA,Global,False,,58,-0.9099626059558951,24,38,26,38,66,30,1.6229969774308746,1.1820611267094492,4.3305895558572,13
rolling,por_activo,36,2019-01-02,2019-06-28,2019-07-01,NVDA,Tendencia,False,,2,-1.7404637881397953,23,92,10,24,79,20,1.673652508213977,3.2113646061557155,1.7316149890738104,28
rolling,por_activo,36,2019-01-02,2019-06-28,2019-07-01,NVDA,Reversión,True,régimen con 10 días < 20,0,,24,38,26,38,66,30,1.6229969774308746,1.1820611267094492,4.3305895558572,13
rolling,por_activo,36,2019-01-02,2019-06-28,2019-07-01,NVDA,Crisis,False,,63,0.5505651438924911,29,91,10,39,61,38,1.9155082195961208,3.180807048982107,4.908135528763888,7
rolling,por_activo,36,2019-01-02,2019-06-28,2019-07-01,AMZN,Global,False,,43,6.049642076924979,8,97,10,39,69,11,1.7429963533104766,2.315238064916542,1.9448156219395665,14
rolling,por_activo,36,2019-01-02,2019-06-28,2019-07-01,AMZN,Tendencia,False,,10,-0.9003694474286379,29,90,10,35,80,10,1.5655728274689256,1.015158917338418,5.325018237440772,5
rolling,por_activo,36,2019-01-02,2019-06-28,2019-07-01,AMZN,Reversión,True,régimen con 10 días < 20,0,,8,97,10,39,69,11,1.7429963533104766,2.315238064916542,1.9448156219395665,14
rolling,por_activo,36,2019-01-02,2019-06-28,2019-07-01,AMZN,Crisis,True,ningún trial cumple N_MIN,0,-1000000000.0,8,97,10,39,69,11,1.7429963533104766,2.315238064916542,1.9448156219395665,14
rolling,por_activo,36,2019-01-02,2019-06-28,2019-07-01,TSLA,Global,False,,62,14.149331938065256,29,40,7,37,61,12,2.7432998479914095,1.6853889111544142,4.044343093545737,9
rolling,por_activo,36,2019-01-02,2019-06-28,2019-07-01,TSLA,Tendencia,True,ningún trial cumple N_MIN,0,-1000000000.0,29,40,7,37,61,12,2.7432998479914095,1.6853889111544142,4.044343093545737,9
rolling,por_activo,36,2019-01-02,2019-06-28,2019-07-01,TSLA,Reversión,True,régimen con 10 días < 20,0,,29,40,7,37,61,12,2.7432998479914095,1.6853889111544142,4.044343093545737,9
rolling,por_activo,36,2019-01-02,2019-06-28,2019-07-01,TSLA,Crisis,False,,44,47.30570859039763,29,32,17,32,67,12,1.7008317063280038,3.2711899864822342,5.7328082127351365,32
rolling,por_activo,36,2019-01-02,2019-06-28,2019-07-01,META,Global,False,,56,9.639629794020214,11,50,24,39,77,11,1.5670657220818716,1.269671840874409,2.991620070049012,33
rolling,por_activo,36,2019-01-02,2019-06-28,2019-07-01,META,Tendencia,False,,1,-1.2052113147681813,26,11,8,36,66,38,2.2939483760016315,1.1045555562194604,2.794795538117871,37
rolling,por_activo,36,2019-01-02,2019-06-28,2019-07-01,META,Reversión,True,régimen con 10 días < 20,0,,11,50,24,39,77,11,1.5670657220818716,1.269671840874409,2.991620070049012,33
rolling,por_activo,36,2019-01-02,2019-06-28,2019-07-01,META,Crisis,False,,16,2.3103237162181993,8,64,24,34,62,12,1.6109383505489299,2.4381178008211437,4.054229612238518,8
rolling,por_activo,36,2019-01-02,2019-06-28,2019-07-01,NFLX,Global,False,,23,3.146237576543369,29,27,15,27,69,12,1.9630120938886422,1.2677177391329433,1.9644419146448537,34
rolling,por_activo,36,2019-01-02,2019-06-28,2019-07-01,NFLX,Tendencia,False,,63,9.165745532713498,14,30,28,26,74,25,1.6713442787172137,3.7237990737173097,1.330170901830633,18
rolling,por_activo,36,2019-01-02,2019-06-28,2019-07-01,NFLX,Reversión,True,régimen con 10 días < 20,0,,29,27,15,27,69,12,1.9630120938886422,1.2677177391329433,1.9644419146448537,34
rolling,por_activo,36,2019-01-02,2019-06-28,2019-07-01,NFLX,Crisis,False,,43,0.8574009254093102,26,88,7,40,80,33,2.404592466312006,1.6374011594332163,1.7230087853429792,38
rolling,por_activo,36,2019-01-02,2019-06-28,2019-07-01,GOOGL,Global,False,,49,0.8295284729865047,30,98,28,22,73,20,1.6513149569568173,1.0740166382944087,1.7300760235409332,24
rolling,por_activo,36,2019-01-02,2019-06-28,2019-07-01,GOOGL,Tendencia,False,,38,0.9815056178061884,14,81,12,37,74,10,1.5608388649964182,2.530087452029999,1.9664426035660254,8
rolling,por_activo,36,2019-01-02,2019-06-28,2019-07-01,GOOGL,Reversión,True,régimen con 10 días < 20,0,,30,98,28,22,73,20,1.6513149569568173,1.0740166382944087,1.7300760235409332,24
rolling,por_activo,36,2019-01-02,2019-06-28,2019-07-01,GOOGL,Crisis,False,,9,2.474750600172798,16,81,7,39,61,39,1.7196375317314287,3.344882694305337,2.7045356494627644,6
rolling,por_activo,37,2019-02-01,2019-07-31,2019-08-01,NVDA,Global,False,,50,0.8744663439482251,16,19,26,36,63,17,1.5697464330565216,3.2170304876060736,4.036134588855127,6
rolling,por_activo,37,2019-02-01,2019-07-31,2019-08-01,NVDA,Tendencia,False,,77,-1.1998716414075024,26,58,10,26,68,11,1.9206418442962163,1.1449654726837029,3.5899881885395146,5
rolling,por_activo,37,2019-02-01,2019-07-31,2019-08-01,NVDA,Reversión,True,régimen con 17 días < 20,0,,16,19,26,36,63,17,1.5697464330565216,3.2170304876060736,4.036134588855127,6
rolling,por_activo,37,2019-02-01,2019-07-31,2019-08-01,NVDA,Crisis,False,,51,1.5214130182925005,11,88,16,22,76,12,1.5777873489526726,1.2786396993772442,1.4343632610856067,29
rolling,por_activo,37,2019-02-01,2019-07-31,2019-08-01,AMZN,Global,True,sin trials válidos: θ global de la ventana 36,0,-1000000000.0,8,97,10,39,69,11,1.7429963533104766,2.315238064916542,1.9448156219395665,14
rolling,por_activo,37,2019-02-01,2019-07-31,2019-08-01,AMZN,Tendencia,True,ningún trial cumple N_MIN,0,-1000000000.0,8,97,10,39,69,11,1.7429963533104766,2.315238064916542,1.9448156219395665,14
rolling,por_activo,37,2019-02-01,2019-07-31,2019-08-01,AMZN,Reversión,True,régimen con 17 días < 20,0,,8,97,10,39,69,11,1.7429963533104766,2.315238064916542,1.9448156219395665,14
rolling,por_activo,37,2019-02-01,2019-07-31,2019-08-01,AMZN,Crisis,True,ningún trial cumple N_MIN,0,-1000000000.0,8,97,10,39,69,11,1.7429963533104766,2.315238064916542,1.9448156219395665,14
rolling,por_activo,37,2019-02-01,2019-07-31,2019-08-01,TSLA,Global,False,,62,2.3596975711643147,29,43,7,38,61,12,2.177841461084745,1.8635902701553082,3.26736153575541,8
rolling,por_activo,37,2019-02-01,2019-07-31,2019-08-01,TSLA,Tendencia,False,,22,-1.1796306863606534,26,70,27,20,77,18,1.5396381723206758,3.6532951355073786,5.606914257781781,6
rolling,por_activo,37,2019-02-01,2019-07-31,2019-08-01,TSLA,Reversión,True,régimen con 17 días < 20,0,,29,43,7,38,61,12,2.177841461084745,1.8635902701553082,3.26736153575541,8
rolling,por_activo,37,2019-02-01,2019-07-31,2019-08-01,TSLA,Crisis,True,ningún trial cumple N_MIN,0,-1000000000.0,29,43,7,38,61,12,2.177841461084745,1.8635902701553082,3.26736153575541,8
rolling,por_activo,37,2019-02-01,2019-07-31,2019-08-01,META,Global,False,,54,9.261892909349811,28,18,25,20,68,13,1.557487352840969,1.3424497789660437,2.7805500994668053,10
rolling,por_activo,37,2019-02-01,2019-07-31,2019-08-01,META,Tendencia,True,ningún trial cumple N_MIN,0,-1000000000.0,28,18,25,20,68,13,1.557487352840969,1.3424497789660437,2.7805500994668053,10
rolling,por_activo,37,2019-02-01,2019-07-31,2019-08-01,META,Reversión,True,régimen con 17 días < 20,0,,28,18,25,20,68,13,1.557487352840969,1.3424497789660437,2.7805500994668053,10
rolling,por_activo,37,2019-02-01,2019-07-31,2019-08-01,META,Crisis,True,ningún trial cumple N_MIN,0,-1000000000.0,28,18,25,20,68,13,1.557487352840969,1.3424497789660437,2.7805500994668053,10
rolling,por_activo,37,2019-02-01,2019-07-31,2019-08-01,NFLX,Global,False,,58,9.380609074825466,23,56,10,39,68,16,1.661025665091641,2.111671314256509,1.6242750872758906,19
rolling,por_activo,37,2019-02-01,2019-07-31,2019-08-01,NFLX,Tendencia,False,,50,10.66097813390167,11,72,18,40,76,26,1.6696825897227827,3.847580781328984,1.9695677771748878,24
rolling,por_activo,37,2019-02-01,2019-07-31,2019-08-01,NFLX,Reversión,True,régimen con 17 días < 20,0,,23,56,10,39,68,16,1.661025665091641,2.111671314256509,1.6242750872758906,19
rolling,por_activo,37,2019-02-01,2019-07-31,2019-08-01,NFLX,Crisis,True,ningún trial cumple N_MIN,0,-1000000000.0,23,56,10,39,68,16,1.661025665091641,2.111671314256509,1.6242750872758906,19
rolling,por_activo,37,2019-02-01,2019-07-31,2019-08-01,GOOGL,Global,False,,47,1.9319639196704506,30,95,14,39,63,12,2.020947738389888,3.38131047681281,1.3966110141751735,5
rolling,por_activo,37,2019-02-01,2019-07-31,2019-08-01,GOOGL,Tendencia,False,,55,1.646341191234201,28,44,12,34,64,26,1.6275383598292428,1.3335558211197713,1.8084760441354617,34
rolling,por_activo,37,2019-02-01,2019-07-31,2019-08-01,GOOGL,Reversión,True,régimen con 17 días < 20,0,,30,95,14,39,63,12,2.020947738389888,3.38131047681281,1.3966110141751735,5
rolling,por_activo,37,2019-02-01,2019-07-31,2019-08-01,GOOGL,Crisis,True,ningún trial cumple N_MIN,0,-1000000000.0,30,95,14,39,63,12,2.020947738389888,3.38131047681281,1.3966110141751735,5
rolling,por_activo,38,2019-03-01,2019-08-30,2019-09-03,NVDA,Global,False,,77,0.4646063175843786,14,90,9,34,62,22,2.7689085666096296,3.2409643061738014,5.680950437311845,34
rolling,por_activo,38,2019-03-01,2019-08-30,2019-09-03,NVDA,Tendencia,False,,60,3.7528199664099247,19,96,7,20,69,15,2.2006463767264934,2.5649683919310915,1.0928521192125231,21
rolling,por_activo,38,2019-03-01,2019-08-30,2019-09-03,NVDA,Reversión,False,,45,0.3105792620253424,6,39,8,35,61,11,2.846197030637651,3.0163149997576015,3.5931877368426886,33
rolling,por_activo,38,2019-03-01,2019-08-30,2019-09-03,NVDA,Crisis,False,,46,-0.020158845355564788,12,94,26,36,61,34,1.721493893807879,1.1827873836336034,1.5893757358166198,14
rolling,por_activo,38,2019-03-01,2019-08-30,2019-09-03,AMZN,Global,False,,65,10.30977294238352,25,65,8,20,77,19,2.1683351440520404,1.725049228094423,3.1462385609519443,5
rolling,por_activo,38,2019-03-01,2019-08-30,2019-09-03,AMZN,Tendencia,False,,53,-0.14754757494237547,24,58,8,39,72,25,2.8473113107107055,1.121193812511888,1.954149312660746,10
rolling,por_activo,38,2019-03-01,2019-08-30,2019-09-03,AMZN,Reversión,False,,72,8.382934116827071,11,94,18,38,74,26,1.7959025083943734,1.6016186539759572,5.7076939925770915,13
rolling,por_activo,38,2019-03-01,2019-08-30,2019-09-03,AMZN,Crisis,True,ningún trial cumple N_MIN,0,-1000000000.0,25,65,8,20,77,19,2.1683351440520404,1.725049228094423,3.1462385609519443,5
rolling,por_activo,38,2019-03-01,2019-08-30,2019-09-03,TSLA,Global,False,,55,1.2328842988993778,28,38,20,26,64,14,1.5761507062163853,1.4776304627113364,1.4387397575875758,26
rolling,por_activo,38,2019-03-01,2019-08-30,2019-09-03,TSLA,Tendencia,False,,43,-0.7163663741030754,12,88,7,20,62,11,2.908210163055216,1.9142630683494164,5.859733651402325,5
rolling,por_activo,38,2019-03-01,2019-08-30,2019-09-03,TSLA,Reversión,True,ningún trial cumple N_MIN,0,-1000000000.0,28,38,20,26,64,14,1.5761507062163853,1.4776304627113364,1.4387397575875758,26
rolling,por_activo,38,2019-03-01,2019-08-30,2019-09-03,TSLA,Crisis,True,ningún trial cumple N_MIN,0,-1000000000.0,28,38,20,26,64,14,1.5761507062163853,1.4776304627113364,1.4387397575875758,26
rolling,por_activo,38,2019-03-01,2019-08-30,2019-09-03,META,Global,False,,61,9.179296623501614,15,88,7,32,73,12,1.8622751225568241,1.741666133116858,5.780541515089968,27
rolling,por_activo,38,2019-03-01,2019-08-30,2019-09-03,META,Tendencia,True,ningún trial cumple N_MIN,0,-1000000000.0,15,88,7,32,73,12,1.8622751225568241,1.741666133116858,5.780541515089968,27
rolling,por_activo,38,2019-03-01,2019-08-30,2019-09-03,META,Reversión,False,,65,20.956593358415752,29,21,10,33,79,38,2.841872252633244,1.3519039230515348,1.119841301633655,16
rolling,por_activo,38,2019-03-01,2019-08-30,2019-09-03,META,Crisis,True,ningún trial cumple N_MIN,0,-1000000000.0,15,88,7,32,73,12,1.8622751225568241,1.741666133116858,5.780541515089968,27
rolling,por_activo,38,2019-03-01,2019-08-30,2019-09-03,NFLX,Global,False,,33,8.442872007866256,20,96,12,22,68,21,1.6185620261149762,3.515120368902158,1.8462066304719118,32
rolling,por_activo,38,2019-03-01,2019-08-30,2019-09-03,NFLX,Tendencia,False,,47,10.40709913608992,28,39,11,25,62,18,1.591492830384717,1.5913561868353148,3.198123268214539,8
rolling,por_activo,38,2019-03-01,2019-08-30,2019-09-03,NFLX,Reversión,False,,68,0.8038978101171537,28,82,8,36,76,38,1.7911337783584087,1.0719978071521115,3.5731935605114744,25
rolling,por_activo,38,2019-03-01,2019-08-30,2019-09-03,NFLX,Crisis,True,ningún trial cumple N_MIN,0,-1000000000.0,20,96,12,22,68,21,1.6185620261149762,3.515120368902158,1.8462066304719118,32
rolling,por_activo,38,2019-03-01,2019-08-30,2019-09-03,GOOGL,Global,True,sin trials válidos: θ global de la ventana 37,0,-1000000000.0,30,95,14,39,63,12,2.020947738389888,3.38131047681281,1.3966110141751735,5
rolling,por_activo,38,2019-03-01,2019-08-30,2019-09-03,GOOGL,Tendencia,False,,46,2.432044703935402,17,86,7,23,62,38,2.225101639351056,1.7583826393571111,1.136957959256604,23
rolling,por_activo,38,2019-03-01,2019-08-30,2019-09-03,GOOGL,Reversión,False,,49,10.480492500230618,28,59,9,32,61,32,2.1781104037808423,3.4634842020647247,4.491909032124115,5
rolling,por_activo,38,2019-03-01,2019-08-30,2019-09-03,GOOGL,Crisis,True,ningún trial cumple N_MIN,0,-1000000000.0,30,95,14,39,63,12,2.020947738389888,3.38131047681281,1.3966110141751735,5
rolling,por_activo,39,2019-04-01,2019-09-30,2019-10-01,NVDA,Global,False,,75,5.044782323048356,22,97,20,22,66,15,1.898218323337753,2.1745827200777423,1.4196930168690083,38
rolling,por_activo,39,2019-04-01,2019-09-30,2019-10-01,NVDA,Tendencia,False,,60,-0.4809224889480192,30,84,7,35,78,29,2.719097996160788,2.1363061331401685,3.0878495434971898,6
rolling,por_activo,39,2019-04-01,2019-09-30,2019-10-01,NVDA,Reversión,False,,53,12.075405124997197,22,96,28,34,62,10,2.116630485845579,1.8397434996286064,1.4131205534549842,31
rolling,por_activo,39,2019-04-01,2019-09-30,2019-10-01,NVDA,Crisis,True,régimen con 0 días < 20,0,,22,97,20,22,66,15,1.898218323337753,2.1745827200777423,1.4196930168690083,38
rolling,por_activo,39,2019-04-01,2019-09-30,2019-10-01,AMZN,Global,False,,74,5.892652937860972,11,84,19,38,80,19,1.5784509923690708,1.8189907632662712,5.892612804661078,33
rolling,por_activo,39,2019-04-01,2019-09-30,2019-10-01,AMZN,Tendencia,True,ningún trial cumple N_MIN,0,-1000000000.0,11,84,19,38,80,19,1.5784509923690708,1.8189907632662712,5.892612804661078,33
rolling,por_activo,39,2019-04-01,2019-09-30,2019-10-01,AMZN,Reversión,False,,82,8.703205478070185,29,83,20,39,61,23,1.6990229422857366,1.1240431426948294,5.848640760598594,37
rolling,por_activo,39,2019-04-01,2019-09-30,2019-10-01,AMZN,Crisis,True,régimen con 0 días < 20,0,,11,84,19,38,80,19,1.5784509923690708,1.8189907632662712,5.892612804661078,33
rolling,por_activo,39,2019-04-01,2019-09-30,2019-10-01,TSLA,Global,False,,52,-0.029245650095560384,6,96,8,23,61,36,2.8754132789021263,1.3908421603749757,1.2481889227839253,36
rolling,por_activo,39,2019-04-01,2019-09-30,2019-10-01,TSLA,Tendencia,False,,55,2.422845966351083,24,70,8,24,62,26,1.8835478994546153,1.839116078715184,1.7348793730340986,6
rolling,por_activo,39,2019-04-01,2019-09-30,2019-10-01,TSLA,Reversión,False,,66,9.410463883991213,26,78,9,31,64,14,2.2721143161284436,2.4917255875855204,1.2179696258652006,37
rolling,por_activo,39,2019-04-01,2019-09-30,2019-10-01,TSLA,Crisis,True,régimen con 0 días < 20,0,,6,96,8,23,61,36,2.8754132789021263,1.3908421603749757,1.2481889227839253,36
rolling,por_activo,39,2019-04-01,2019-09-30,2019-10-01,META,Global,False,,71,5.663520215468179,29,38,25,40,68,18,1.6154613925732335,1.1562617495243672,3.6476038315636288,33
rolling,por_activo,39,2019-04-01,2019-09-30,2019-10-01,META,Tendencia,True,ningún trial cumple N_MIN,0,-1000000000.0,29,38,25,40,68,18,1.6154613925732335,1.1562617495243672,3.6476038315636288,33
rolling,por_activo,39,2019-04-01,2019-09-30,2019-10-01,META,Reversión,False,,77,4.654460752985473,8,75,10,31,68,12,1.7032455469101686,1.8389937669792678,5.612586875218815,28
rolling,por_activo,39,2019-04-01,2019-09-30,2019-10-01,META,Crisis,True,régimen con 0 días < 20,0,,29,38,25,40,68,18,1.6154613925732335,1.1562617495243672,3.6476038315636288,33
rolling,por_activo,39,2019-04-01,2019-09-30,2019-10-01,NFLX,Global,False,,52,10.515410152618118,30,58,26,26,62,18,1.586922733208525,3.407053468666103,4.9094613337346775,10
rolling,por_activo,39,2019-04-01,2019-09-30,2019-10-01,NFLX,Tendencia,False,,39,4.335659254605223,30,12,9,40,74,24,1.6400915351312284,3.8732338389317995,4.921541020570128,16
rolling,por_activo,39,2019-04-01,2019-09-30,2019-10-01,NFLX,Reversión,False,,55,8.485108306475809,19,34,7,28,77,14,1.672823122302893,2.2387022061437105,1.2903658048388544,34
rolling,por_activo,39,2019-04-01,2019-09-30,2019-10-01,NFLX,Crisis,True,régimen con 0 días < 20,0,,30,58,26,26,62,18,1.586922733208525,3.407053468666103,4.9094613337346775,10
rolling,por_activo,39,2019-04-01,2019-09-30,2019-10-01,GOOGL,Global,False,,61,0.38151548483144093,29,19,13,37,77,11,1.6148194078855447,1.100069488206082,3.825402725499651,6
rolling,por_activo,39,2019-04-01,2019-09-30,2019-10-01,GOOGL,Tendencia,False,,44,1.3197427714260523,11,79,8,29,64,24,2.7477787756199934,1.7716880144096103,1.9986310252376858,6
rolling,por_activo,39,2019-04-01,2019-09-30,2019-10-01,GOOGL,Reversión,False,,55,8.609366983673326,29,80,9,28,62,16,1.621327980615689,3.5117232476866542,1.7218930670173767,10
rolling,por_activo,39,2019-04-01,2019-09-30,2019-10-01,GOOGL,Crisis,True,régimen con 0 días < 20,0,,29,19,13,37,77,11,1.6148194078855447,1.100069488206082,3.825402725499651,6
rolling,por_activo,40,2019-05-01,2019-10-31,2019-11-01,NVDA,Global,False,,55,0.38181317786161584,22,76,26,26,63,16,1.6415573067961096,3.0455901307385966,1.7477471491448502,36
rolling,por_activo,40,2019-05-01,2019-10-31,2019-11-01,NVDA,Tendencia,False,,60,-0.5791976474825522,14,84,11,39,64,20,2.741365042437126,3.6368270166872283,5.286497388093564,6
rolling,por_activo,40,2019-05-01,2019-10-31,2019-11-01,NVDA,Reversión,False,,40,2.5128924714898537,16,89,10,28,62,12,2.921955280080719,3.0107661622136748,5.718880100794121,14
rolling,por_activo,40,2019-05-01,2019-10-31,2019-11-01,NVDA,Crisis,True,régimen con 0 días < 20,0,,22,76,26,26,63,16,1.6415573067961096,3.0455901307385966,1.7477471491448502,36
rolling,por_activo,40,2019-05-01,2019-10-31,2019-11-01,AMZN,Global,False,,78,7.05885191773912,20,30,19,38,73,20,1.7731182179307383,1.0748970752035465,5.745109695180755,24
rolling,por_activo,40,2019-05-01,2019-10-31,2019-11-01,AMZN,Tendencia,True,ningún trial cumple N_MIN,0,-1000000000.0,20,30,19,38,73,20,1.7731182179307383,1.0748970752035465,5.745109695180755,24
rolling,por_activo,40,2019-05-01,2019-10-31,2019-11-01,AMZN,Reversión,False,,83,10.51474483839799,28,93,25,39,79,23,1.7980231546399277,1.3582288422024527,5.716455776789628,38
rolling,por_activo,40,2019-05-01,2019-10-31,2019-11-01,AMZN,Crisis,True,régimen con 0 días < 20,0,,20,30,19,38,73,20,1.7731182179307383,1.0748970752035465,5.745109695180755,24
rolling,por_activo,40,2019-05-01,2019-10-31,2019-11-01,TSLA,Global,False,,32,3.4618205082120426,12,20,10,40,60,14,2.8106129347729016,2.2145978932019483,2.057547944972021,8
rolling,por_activo,40,2019-05-01,2019-10-31,2019-11-01,TSLA,Tendencia,False,,43,-1.6330722302494012,13,87,8,21,61,13,2.2352514610032888,1.0517606291402322,5.119928210547645,5
rolling,por_activo,40,2019-05-01,2019-10-31,2019-11-01,TSLA,Reversión,False,,62,13.385316692852088,10,75,9,38,67,14,2.905809237113303,1.5081992329150313,5.424068545293812,13
rolling,por_activo,40,2019-05-01,2019-10-31,2019-11-01,TSLA,Crisis,True,régimen con 0 días < 20,0,,12,20,10,40,60,14,2.8106129347729016,2.2145978932019483,2.057547944972021,8
rolling,por_activo,40,2019-05-01,2019-10-31,2019-11-01,META,Global,False,,65,5.3194765356204865,11,50,8,27,79,20,1.672775889320556,1.3949661092996215,4.208560304486772,23
rolling,por_activo,40,2019-05-01,2019-10-31,2019-11-01,META,Tendencia,True,ningún trial cumple N_MIN,0,-1000000000.0,11,50,8,27,79,20,1.672775889320556,1.3949661092996215,4.208560304486772,23
rolling,por_activo,40,2019-05-01,2019-10-31,2019-11-01,META,Reversión,False,,47,16.067001920454448,27,79,7,22,74,12,2.821880630023295,3.943724062421958,1.1768691277099423,10
rolling,por_activo,40,2019-05-01,2019-10-31,2019-11-01,META,Crisis,True,régimen con 0 días < 20,0,,11,50,8,27,79,20,1.672775889320556,1.3949661092996215,4.208560304486772,23
rolling,por_activo,40,2019-05-01,2019-10-31,2019-11-01,NFLX,Global,False,,49,4.5460456229879185,17,26,22,34,61,17,1.6487672163129679,3.68446385691083,3.899871789564892,39
rolling,por_activo,40,2019-05-01,2019-10-31,2019-11-01,NFLX,Tendencia,True,ningún trial cumple N_MIN,0,-1000000000.0,17,26,22,34,61,17,1.6487672163129679,3.68446385691083,3.899871789564892,39
rolling,por_activo,40,2019-05-01,2019-10-31,2019-11-01,NFLX,Reversión,False,,79,10.143220522124459,15,62,27,21,76,16,1.588149971779209,3.2956661492667934,1.1481339166800426,38
rolling,por_activo,40,2019-05-01,2019-10-31,2019-11-01,NFLX,Crisis,True,régimen con 0 días < 20,0,,17,26,22,34,61,17,1.6487672163129679,3.68446385691083,3.899871789564892,39
rolling,por_activo,40,2019-05-01,2019-10-31,2019-11-01,GOOGL,Global,False,,60,5.470628491181609,28,30,9,36,74,14,1.6317140669075598,3.4570877020903006,4.584430999302143,6
rolling,por_activo,40,2019-05-01,2019-10-31,2019-11-01,GOOGL,Tendencia,False,,35,2.4328433801938507,12,68,9,28,68,12,1.7737982920562765,2.74292757798401,1.6620825035446822,6
rolling,por_activo,40,2019-05-01,2019-10-31,2019-11-01,GOOGL,Reversión,False,,60,5.271021161584832,13,78,27,30,78,10,1.6117705734570245,1.6516297318802788,4.248026170300013,22
rolling,por_activo,40,2019-05-01,2019-10-31,2019-11-01,GOOGL,Crisis,True,régimen con 0 días < 20,0,,28,30,9,36,74,14,1.6317140669075598,3.4570877020903006,4.584430999302143,6
rolling,por_activo,41,2019-06-03,2019-11-29,2019-12-02,NVDA,Global,False,,60,8.835398230748497,22,68,25,22,67,13,1.673754497638738,2.831191090060732,1.524527491940215,30
rolling,por_activo,41,2019-06-03,2019-11-29,2019-12-02,NVDA,Tendencia,False,,55,16.404701251864594,26,93,8,23,62,32,1.8542412490708367,1.2422151745715428,1.7674916841814654,34
rolling,por_activo,41,2019-06-03,2019-11-29,2019-12-02,NVDA,Reversión,False,,61,11.369065857305513,28,67,8,24,77,16,1.7450353959255378,1.3461126124866263,3.9870473126675576,27
rolling,por_activo,41,2019-06-03,2019-11-29,2019-12-02,NVDA,Crisis,True,régimen con 0 días < 20,0,,22,68,25,22,67,13,1.673754497638738,2.831191090060732,1.524527491940215,30
rolling,por_activo,41,2019-06-03,2019-11-29,2019-12-02,AMZN,Global,False,,37,11.719337323656962,28,84,12,21,75,26,1.6002337178489934,1.1528852220826868,5.40456907843394,22
rolling,por_activo,41,2019-06-03,2019-11-29,2019-12-02,AMZN,Tendencia,True,ningún trial cumple N_MIN,0,-1000000000.0,28,84,12,21,75,26,1.6002337178489934,1.1528852220826868,5.40456907843394,22
rolling,por_activo,41,2019-06-03,2019-11-29,2019-12-02,AMZN,Reversión,False,,86,10.600682757353956,14,97,22,39,65,17,1.7685572320653937,1.6758289689988946,1.7116478399852142,30
rolling,por_activo,41,2019-06-03,2019-11-29,2019-12-02,AMZN,Crisis,True,régimen con 0 días < 20,0,,28,84,12,21,75,26,1.6002337178489934,1.1528852220826868,5.40456907843394,22
rolling,por_activo,41,2019-06-03,2019-11-29,2019-12-02,TSLA,Global,False,,55,1.688839093146205,28,60,8,22,64,31,2.7893081618550166,3.3899648487610827,1.1950042114834967,7
rolling,por_activo,41,2019-06-03,2019-11-29,2019-12-02,TSLA,Tendencia,True,ningún trial cumple N_MIN,0,-1000000000.0,28,60,8,22,64,31,2.7893081618550166,3.3899648487610827,1.1950042114834967,7
rolling,por_activo,41,2019-06-03,2019-11-29,2019-12-02,TSLA,Reversión,False,,58,11.962990728231405,10,88,7,26,68,40,2.839956577604384,3.7484141754449443,1.1566892483492857,9
rolling,por_activo,41,2019-06-03,2019-11-29,2019-12-02,TSLA,Crisis,True,régimen con 0 días < 20,0,,28,60,8,22,64,31,2.7893081618550166,3.3899648487610827,1.1950042114834967,7
rolling,por_activo,41,2019-06-03,2019-11-29,2019-12-02,META,Global,False,,61,13.500300246221524,22,84,12,37,60,31,1.744542923915842,3.633883438547343,2.413248808778468,5
rolling,por_activo,41,2019-06-03,2019-11-29,2019-12-02,META,Tendencia,True,ningún trial cumple N_MIN,0,-1000000000.0,22,84,12,37,60,31,1.744542923915842,3.633883438547343,2.413248808778468,5
rolling,por_activo,41,2019-06-03,2019-11-29,2019-12-02,META,Reversión,False,,79,26.594880214449343,28,88,13,33,61,40,1.7822878043441812,1.2532776017407765,1.109426356680127,32
rolling,por_activo,41,2019-06-03,2019-11-29,2019-12-02,META,Crisis,True,régimen con 0 días < 20,0,,22,84,12,37,60,31,1.744542923915842,3.633883438547343,2.413248808778468,5
rolling,por_activo,41,2019-06-03,2019-11-29,2019-12-02,NFLX,Global,False,,57,6.950048734519277,27,94,20,29,66,16,1.8646356874653267,3.0583579002071852,1.153301944452171,36
rolling,por_activo,41,2019-06-03,2019-11-29,2019-12-02,NFLX,Tendencia,True,ningún trial cumple N_MIN,0,-1000000000.0,27,94,20,29,66,16,1.8646356874653267,3.0583579002071852,1.153301944452171,36
rolling,por_activo,41,2019-06-03,2019-11-29,2019-12-02,NFLX,Reversión,False,,68,19.260250330357927,9,40,14,39,64,20,1.5760359316399577,1.2829816068588233,2.3932036904103646,5
rolling,por_activo,41,2019-06-03,2019-11-29,2019-12-02,NFLX,Crisis,True,régimen con 0 días < 20,0,,27,94,20,29,66,16,1.8646356874653267,3.0583579002071852,1.153301944452171,36
rolling,por_activo,41,2019-06-03,2019-11-29,2019-12-02,GOOGL,Global,True,sin trials válidos: θ global de la ventana 40,0,-1000000000.0,28,30,9,36,74,14,1.6317140669075598,3.4570877020903006,4.584430999302143,6
rolling,por_activo,41,2019-06-03,2019-11-29,2019-12-02,GOOGL,Tendencia,True,ningún trial cumple N_MIN,0,-1000000000.0,28,30,9,36,74,14,1.6317140669075598,3.4570877020903006,4.584430999302143,6
rolling,por_activo,41,2019-06-03,2019-11-29,2019-12-02,GOOGL,Reversión,False,,47,20.933701366443255,30,39,21,35,76,15,1.642192557408667,3.634428087754351,2.724913019705279,39
rolling,por_activo,41,2019-06-03,2019-11-29,2019-12-02,GOOGL,Crisis,True,régimen con 0 días < 20,0,,28,30,9,36,74,14,1.6317140669075598,3.4570877020903006,4.584430999302143,6
rolling,por_activo,42,2019-07-01,2019-12-31,2020-01-02,NVDA,Global,True,sin trials válidos: θ global de la ventana 41,0,-1000000000.0,22,68,25,22,67,13,1.673754497638738,2.831191090060732,1.524527491940215,30
rolling,por_activo,42,2019-07-01,2019-12-31,2020-01-02,NVDA,Tendencia,False,,19,6.861820473922831,24,48,7,36,60,10,2.197915530992895,1.517617814774762,1.300441899247805,6
rolling,por_activo,42,2019-07-01,2019-12-31,2020-01-02,NVDA,Reversión,False,,53,8.49956013474609,28,20,26,22,78,12,1.6197347792979908,1.1817202833799223,5.742460624247725,30
rolling,por_activo,42,2019-07-01,2019-12-31,2020-01-02,NVDA,Crisis,True,régimen con 0 días < 20,0,,22,68,25,22,67,13,1.673754497638738,2.831191090060732,1.524527491940215,30
rolling,por_activo,42,2019-07-01,2019-12-31,2020-01-02,AMZN,Global,False,,51,4.006710825229783,27,14,14,38,60,15,1.970437275590513,3.6670545999627757,2.500238678561418,19
rolling,por_activo,42,2019-07-01,2019-12-31,2020-01-02,AMZN,Tendencia,True,ningún trial cumple N_MIN,0,-1000000000.0,27,14,14,38,60,15,1.970437275590513,3.6670545999627757,2.500238678561418,19
rolling,por_activo,42,2019-07-01,2019-12-31,2020-01-02,AMZN,Reversión,False,,69,4.989614982185361,28,73,23,35,70,25,1.5895545786320577,1.3114339876774537,4.210980367077863,34
rolling,por_activo,42,2019-07-01,2019-12-31,2020-01-02,AMZN,Crisis,True,régimen con 0 días < 20,0,,27,14,14,38,60,15,1.970437275590513,3.6670545999627757,2.500238678561418,19
rolling,por_activo,42,2019-07-01,2019-12-31,2020-01-02,TSLA,Global,False,,53,1.7562106560325903,29,94,26,38,61,10,1.5920207791718055,2.342082994461438,5.531930017513297,28
rolling,por_activo,42,2019-07-01,2019-12-31,2020-01-02,TSLA,Tendencia,True,ningún trial cumple N_MIN,0,-1000000000.0,29,94,26,38,61,10,1.5920207791718055,2.342082994461438,5.531930017513297,28
rolling,por_activo,42,2019-07-01,2019-12-31,2020-01-02,TSLA,Reversión,False,,68,9.790223725014952,28,86,17,28,79,22,1.8441638839331234,3.411643342354636,5.750957556259981,6
rolling,por_activo,42,2019-07-01,2019-12-31,2020-01-02,TSLA,Crisis,True,régimen con 0 días < 20,0,,29,94,26,38,61,10,1.5920207791718055,2.342082994461438,5.531930017513297,28
rolling,por_activo,42,2019-07-01,2019-12-31,2020-01-02,META,Global,False,,17,1.1311194412242447,11,74,28,21,78,19,1.5623623369272779,1.9385174930342628,4.177943719888944,34
rolling,por_activo,42,2019-07-01,2019-12-31,2020-01-02,META,Tendencia,True,ningún trial cumple N_MIN,0,-1000000000.0,11,74,28,21,78,19,1.5623623369272779,1.9385174930342628,4.177943719888944,34
rolling,por_activo,42,2019-07-01,2019-12-31,2020-01-02,META,Reversión,False,,71,15.98417739826301,16,86,14,38,65,12,2.9299191921616257,1.9550963934325942,1.0896912864211892,14
rolling,por_activo,42,2019-07-01,2019-12-31,2020-01-02,META,Crisis,True,régimen con 0 días < 20,0,,11,74,28,21,78,19,1.5623623369272779,1.9385174930342628,4.177943719888944,34
rolling,por_activo,42,2019-07-01,2019-12-31,2020-01-02,NFLX,Global,False,,66,8.411011404934994,11,91,27,23,78,14,1.684412757878857,3.1428797760146248,1.3543554510278548,37
rolling,por_activo,42,2019-07-01,2019-12-31,2020-01-02,NFLX,Tendencia,False,,59,3.5124287413345803,28,96,14,39,66,38,2.0281093891510436,1.0445898126543953,2.2812869126007955,26
rolling,por_activo,42,2019-07-01,2019-12-31,2020-01-02,NFLX,Reversión,False,,55,0.5555332465625152,24,15,26,22,63,12,1.9066478205250208,1.4050964342008716,4.289008069244591,34
rolling,por_activo,42,2019-07-01,2019-12-31,2020-01-02,NFLX,Crisis,True,régimen con 0 días < 20,0,,11,91,27,23,78,14,1.684412757878857,3.1428797760146248,1.3543554510278548,37
rolling,por_activo,42,2019-07-01,2019-12-31,2020-01-02,GOOGL,Global,False,,4,14.373861548392853,29,56,20,37,70,17,1.5321865634000678,1.9169578752274692,3.573941742592099,19
rolling,por_activo,42,2019-07-01,2019-12-31,2020-01-02,GOOGL,Tendencia,True,ningún trial cumple N_MIN,0,-1000000000.0,29,56,20,37,70,17,1.5321865634000678,1.9169578752274692,3.573941742592099,19
rolling,por_activo,42,2019-07-01,2019-12-31,2020-01-02,GOOGL,Reversión,False,,42,15.291245233037998,28,50,8,28,62,17,2.62580098450617,3.22595758218055,1.4838137935381734,28
rolling,por_activo,42,2019-07-01,2019-12-31,2020-01-02,GOOGL,Crisis,True,régimen con 0 días < 20,0,,29,56,20,37,70,17,1.5321865634000678,1.9169578752274692,3.573941742592099,19
rolling,por_activo,43,2019-08-01,2020-01-31,2020-02-03,NVDA,Global,True,sin trials válidos: θ global de la ventana 41,0,-1000000000.0,22,68,25,22,67,13,1.673754497638738,2.831191090060732,1.524527491940215,30
rolling,por_activo,43,2019-08-01,2020-01-31,2020-02-03,NVDA,Tendencia,True,ningún trial cumple N_MIN,0,-1000000000.0,22,68,25,22,67,13,1.673754497638738,2.831191090060732,1.524527491940215,30
rolling,por_activo,43,2019-08-01,2020-01-31,2020-02-03,NVDA,Reversión,False,,57,7.085723182604731,27,60,26,24,63,16,1.6149117883463078,3.291281078847299,1.3548620345514468,30
rolling,por_activo,43,2019-08-01,2020-01-31,2020-02-03,NVDA,Crisis,True,régimen con 0 días < 20,0,,22,68,25,22,67,13,1.673754497638738,2.831191090060732,1.524527491940215,30
rolling,por_activo,43,2019-08-01,2020-01-31,2020-02-03,AMZN,Global,False,,45,5.258376499544352,22,29,8,30,64,27,2.512019496349456,3.3909223363386425,2.5195845840355635,35
rolling,por_activo,43,2019-08-01,2020-01-31,2020-02-03,AMZN,Tendencia,True,ningún trial cumple N_MIN,0,-1000000000.0,22,29,8,30,64,27,2.512019496349456,3.3909223363386425,2.5195845840355635,35
rolling,por_activo,43,2019-08-01,2020-01-31,2020-02-03,AMZN,Reversión,False,,59,7.315356817957497,18,88,22,40,74,11,1.9541501082676676,1.5527396855417377,4.0905312882834455,24
rolling,por_activo,43,2019-08-01,2020-01-31,2020-02-03,AMZN,Crisis,True,régimen con 0 días < 20,0,,22,29,8,30,64,27,2.512019496349456,3.3909223363386425,2.5195845840355635,35
rolling,por_activo,43,2019-08-01,2020-01-31,2020-02-03,TSLA,Global,True,sin trials válidos: θ global de la ventana 42,0,-1000000000.0,29,94,26,38,61,10,1.5920207791718055,2.342082994461438,5.531930017513297,28
rolling,por_activo,43,2019-08-01,2020-01-31,2020-02-03,TSLA,Tendencia,True,ningún trial cumple N_MIN,0,-1000000000.0,29,94,26,38,61,10,1.5920207791718055,2.342082994461438,5.531930017513297,28
rolling,por_activo,43,2019-08-01,2020-01-31,2020-02-03,TSLA,Reversión,False,,10,0.8060082887476848,16,49,20,37,74,10,1.6351949251193652,1.7712894383475615,1.9258830114985557,7
rolling,por_activo,43,2019-08-01,2020-01-31,2020-02-03,TSLA,Crisis,True,régimen con 0 días < 20,0,,29,94,26,38,61,10,1.5920207791718055,2.342082994461438,5.531930017513297,28
rolling,por_activo,43,2019-08-01,2020-01-31,2020-02-03,META,Global,False,,56,4.297023420128418,22,81,14,37,70,13,2.2247689563716935,1.257488827986737,5.7764366328144945,5
rolling,por_activo,43,2019-08-01,2020-01-31,2020-02-03,META,Tendencia,True,ningún trial cumple N_MIN,0,-1000000000.0,22,81,14,37,70,13,2.2247689563716935,1.257488827986737,5.7764366328144945,5
rolling,por_activo,43,2019-08-01,2020-01-31,2020-02-03,META,Reversión,False,,43,14.13044215282393,25,67,24,21,64,36,1.6453490527757237,3.6748283612460084,1.1539490236487961,17
rolling,por_activo,43,2019-08-01,2020-01-31,2020-02-03,META,Crisis,True,régimen con 0 días < 20,0,,22,81,14,37,70,13,2.2247689563716935,1.257488827986737,5.7764366328144945,5
rolling,por_activo,43,2019-08-01,2020-01-31,2020-02-03,NFLX,Global,False,,70,5.838473374853694,8,94,25,21,76,13,1.6714587325832748,1.497129124811941,2.410585190233917,11
rolling,por_activo,43,2019-08-01,2020-01-31,2020-02-03,NFLX,Tendencia,False,,40,2.0201858001437314,30,94,8,31,79,11,1.633736794743284,1.833025024577294,5.359059717060046,15
rolling,por_activo,43,2019-08-01,2020-01-31,2020-02-03,NFLX,Reversión,False,,44,3.83971280707963,6,45,15,31,79,14,1.6293123384655155,1.9417302794603637,4.355689862179168,19
rolling,por_activo,43,2019-08-01,2020-01-31,2020-02-03,NFLX,Crisis,True,régimen con 0 días < 20,0,,8,94,25,21,76,13,1.6714587325832748,1.497129124811941,2.410585190233917,11
rolling,por_activo,43,2019-08-01,2020-01-31,2020-02-03,GOOGL,Global,True,sin trials válidos: θ global de la ventana 42,0,-1000000000.0,29,56,20,37,70,17,1.5321865634000678,1.9169578752274692,3.573941742592099,19
rolling,por_activo,43,2019-08-01,2020-01-31,2020-02-03,GOOGL,Tendencia,True,ningún trial cumple N_MIN,0,-1000000000.0,29,56,20,37,70,17,1.5321865634000678,1.9169578752274692,3.573941742592099,19
rolling,por_activo,43,2019-08-01,2020-01-31,2020-02-03,GOOGL,Reversión,False,,3,7.636123918834633,18,61,7,39,76,27,2.0239891215728174,3.439015966046302,5.774465880074513,12
rolling,por_activo,43,2019-08-01,2020-01-31,2020-02-03,GOOGL,Crisis,True,régimen con 0 días < 20,0,,29,56,20,37,70,17,1.5321865634000678,1.9169578752274692,3.573941742592099,19
rolling,por_activo,44,2019-09-03,2020-02-28,2020-03-02,NVDA,Global,True,sin trials válidos: θ global de la ventana 41,0,-1000000000.0,22,68,25,22,67,13,1.673754497638738,2.831191090060732,1.524527491940215,30
rolling,por_activo,44,2019-09-03,2020-02-28,2020-03-02,NVDA,Tendencia,True,ningún trial cumple N_MIN,0,-1000000000.0,22,68,25,22,67,13,1.673754497638738,2.831191090060732,1.524527491940215,30
rolling,por_activo,44,2019-09-03,2020-02-28,2020-03-02,NVDA,Reversión,True,ningún trial cumple N_MIN,0,-1000000000.0,22,68,25,22,67,13,1.673754497638738,2.831191090060732,1.524527491940215,30
rolling,por_activo,44,2019-09-03,2020-02-28,2020-03-02,NVDA,Crisis,True,régimen con 0 días < 20,0,,22,68,25,22,67,13,1.673754497638738,2.831191090060732,1.524527491940215,30
rolling,por_activo,44,2019-09-03,2020-02-28,2020-03-02,AMZN,Global,False,,56,55.547670247863664,18,55,9,37,69,18,1.6000486518582298,1.1076236992432236,2.0034650458852195,11
rolling,por_activo,44,2019-09-03,2020-02-28,2020-03-02,AMZN,Tendencia,False,,65,25.239543260349272,25,84,18,20,75,14,2.2466018511473833,1.2735293066946338,2.009254806331604,33
rolling,por_activo,44,2019-09-03,2020-02-28,2020-03-02,AMZN,Reversión,False,,32,18.383904082345406,21,98,8,21,61,39,1.5667301764279942,2.1098153890447113,2.539900614269309,12
rolling,por_activo,44,2019-09-03,2020-02-28,2020-03-02,AMZN,Crisis,True,régimen con 0 días < 20,0,,18,55,9,37,69,18,1.6000486518582298,1.1076236992432236,2.0034650458852195,11
rolling,por_activo,44,2019-09-03,2020-02-28,2020-03-02,TSLA,Global,True,sin trials válidos: θ global de la ventana 42,0,-1000000000.0,29,94,26,38,61,10,1.5920207791718055,2.342082994461438,5.531930017513297,28
rolling,por_activo,44,2019-09-03,2020-02-28,2020-03-02,TSLA,Tendencia,True,ningún trial cumple N_MIN,0,-1000000000.0,29,94,26,38,61,10,1.5920207791718055,2.342082994461438,5.531930017513297,28
rolling,por_activo,44,2019-09-03,2020-02-28,2020-03-02,TSLA,Reversión,False,,36,10.401916514147526,28,23,8,25,62,11,2.112430390254155,1.1869175476607325,4.106314345468045,38
rolling,por_activo,44,2019-09-03,2020-02-28,2020-03-02,TSLA,Crisis,True,régimen con 0 días < 20,0,,29,94,26,38,61,10,1.5920207791718055,2.342082994461438,5.531930017513297,28
rolling,por_activo,44,2019-09-03,2020-02-28,2020-03-02,META,Global,False,,61,7.459647415357734,17,46,12,28,77,13,1.7963800676669563,1.5814539700313015,2.015803575080304,39
rolling,por_activo,44,2019-09-03,2020-02-28,2020-03-02,META,Tendencia,False,,16,1.9799833310019748,8,94,12,28,78,11,2.083209260711012,3.3824908364793997,5.735731536216395,36
rolling,por_activo,44,2019-09-03,2020-02-28,2020-03-02,META,Reversión,False,,51,0.5111090216655422,14,77,26,36,62,18,1.6494710523628295,3.0586871990077307,2.4225035307150975,36
rolling,por_activo,44,2019-09-03,2020-02-28,2020-03-02,META,Crisis,True,régimen con 0 días < 20,0,,17,46,12,28,77,13,1.7963800676669563,1.5814539700313015,2.015803575080304,39
rolling,por_activo,44,2019-09-03,2020-02-28,2020-03-02,NFLX,Global,False,,61,41.50523476868619,18,13,7,37,76,13,1.605240417735439,1.458112685683851,2.3680167031730197,7
rolling,por_activo,44,2019-09-03,2020-02-28,2020-03-02,NFLX,Tendencia,False,,67,22.332872908429103,20,69,20,38,61,14,1.612511336240733,1.0800671471966987,5.445600618985758,36
rolling,por_activo,44,2019-09-03,2020-02-28,2020-03-02,NFLX,Reversión,False,,69,3.568428720379976,12,94,12,36,77,10,1.7104571335443517,1.3627908108028601,4.5779767259796325,5
rolling,por_activo,44,2019-09-03,2020-02-28,2020-03-02,NFLX,Crisis,True,régimen con 0 días < 20,0,,18,13,7,37,76,13,1.605240417735439,1.458112685683851,2.3680167031730197,7
rolling,por_activo,44,2019-09-03,2020-02-28,2020-03-02,GOOGL,Global,True,sin trials válidos: θ global de la ventana 42,0,-1000000000.0,29,56,20,37,70,17,1.5321865634000678,1.9169578752274692,3.573941742592099,19
rolling,por_activo,44,2019-09-03,2020-02-28,2020-03-02,GOOGL,Tendencia,True,ningún trial cumple N_MIN,0,-1000000000.0,29,56,20,37,70,17,1.5321865634000678,1.9169578752274692,3.573941742592099,19
rolling,por_activo,44,2019-09-03,2020-02-28,2020-03-02,GOOGL,Reversión,True,ningún trial cumple N_MIN,0,-1000000000.0,29,56,20,37,70,17,1.5321865634000678,1.9169578752274692,3.573941742592099,19
rolling,por_activo,44,2019-09-03,2020-02-28,2020-03-02,GOOGL,Crisis,True,régimen con 0 días < 20,0,,29,56,20,37,70,17,1.5321865634000678,1.9169578752274692,3.573941742592099,19
rolling,por_activo,45,2019-10-01,2020-03-31,2020-04-01,NVDA,Global,False,,35,3.7696753877647113,11,70,26,36,66,10,1.5298060406227667,1.192901329979677,5.984475992447843,26
rolling,por_activo,45,2019-10-01,2020-03-31,2020-04-01,NVDA,Tendencia,False,,72,10.137320670056235,27,94,16,37,64,15,1.9746273158396068,1.1459664348861167,5.79544536386161,8
rolling,por_activo,45,2019-10-01,2020-03-31,2020-04-01,NVDA,Reversión,True,ningún trial cumple N_MIN,0,-1000000000.0,11,70,26,36,66,10,1.5298060406227667,1.192901329979677,5.984475992447843,26
rolling,por_activo,45,2019-10-01,2020-03-31,2020-04-01,NVDA,Crisis,True,régimen con 5 días < 20,0,,11,70,26,36,66,10,1.5298060406227667,1.192901329979677,5.984475992447843,26
rolling,por_activo,45,2019-10-01,2020-03-31,2020-04-01,AMZN,Global,False,,68,24.811082414357696,23,51,27,34,78,16,1.96213730147037,2.0292505403446266,2.3303390312476386,36
rolling,por_activo,45,2019-10-01,2020-03-31,2020-04-01,AMZN,Tendencia,False,,65,40.54095420619357,18,32,17,31,61,14,2.2756353416104833,1.3665358840975494,2.5181317795613345,7
rolling,por_activo,45,2019-10-01,2020-03-31,2020-04-01,AMZN,Reversión,True,ningún trial cumple N_MIN,0,-1000000000.0,23,51,27,34,78,16,1.96213730147037,2.0292505403446266,2.3303390312476386,36
rolling,por_activo,45,2019-10-01,2020-03-31,2020-04-01,AMZN,Crisis,True,régimen con 5 días < 20,0,,23,51,27,34,78,16,1.96213730147037,2.0292505403446266,2.3303390312476386,36
rolling,por_activo,45,2019-10-01,2020-03-31,2020-04-01,TSLA,Global,False,,59,2.411929347425382,23,78,8,24,76,14,1.632364823608983,1.217130206630396,2.343722320285039,30
rolling,por_activo,45,2019-10-01,2020-03-31,2020-04-01,TSLA,Tendencia,False,,58,0.7777383599228032,26,22,7,30,76,14,2.5872430680486938,1.0534205981556939,2.117359924720761,30
rolling,por_activo,45,2019-10-01,2020-03-31,2020-04-01,TSLA,Reversión,True,ningún trial cumple N_MIN,0,-1000000000.0,23,78,8,24,76,14,1.632364823608983,1.217130206630396,2.343722320285039,30
rolling,por_activo,45,2019-10-01,2020-03-31,2020-04-01,TSLA,Crisis,True,régimen con 5 días < 20,0,,23,78,8,24,76,14,1.632364823608983,1.217130206630396,2.343722320285039,30
rolling,por_activo,45,2019-10-01,2020-03-31,2020-04-01,META,Global,False,,64,0.9974565992677543,24,92,7,40,64,25,1.619649684044036,1.4431611502762507,1.9701654881880433,6
rolling,por_activo,45,2019-10-01,2020-03-31,2020-04-01,META,Tendencia,False,,77,5.187878925381325,14,70,27,23,80,21,1.6232450196807053,1.9323945860042,2.2192907751228805,12
rolling,por_activo,45,2019-10-01,2020-03-31,2020-04-01,META,Reversión,True,ningún trial cumple N_MIN,0,-1000000000.0,24,92,7,40,64,25,1.619649684044036,1.4431611502762507,1.9701654881880433,6
rolling,por_activo,45,2019-10-01,2020-03-31,2020-04-01,META,Crisis,True,régimen con 5 días < 20,0,,24,92,7,40,64,25,1.619649684044036,1.4431611502762507,1.9701654881880433,6
rolling,por_activo,45,2019-10-01,2020-03-31,2020-04-01,NFLX,Global,False,,52,6.259830258663678,28,94,10,33,78,34,2.024942267942154,1.0900448173649495,5.364648987759887,7
rolling,por_activo,45,2019-10-01,2020-03-31,2020-04-01,NFLX,Tendencia,False,,76,10.93812011726711,25,58,10,23,62,37,2.9181114451388126,1.055592348924192,2.406574856281022,26
rolling,por_activo,45,2019-10-01,2020-03-31,2020-04-01,NFLX,Reversión,False,,49,-1.0769153498532615,28,59,7,40,61,15,2.4278839422919987,1.3581876528897545,5.600749312923472,5
rolling,por_activo,45,2019-10-01,2020-03-31,2020-04-01,NFLX,Crisis,True,régimen con 5 días < 20,0,,28,94,10,33,78,34,2.024942267942154,1.0900448173649495,5.364648987759887,7
rolling,por_activo,45,2019-10-01,2020-03-31,2020-04-01,GOOGL,Global,False,,58,1.7609466259756845,12,92,8,32,64,38,1.7805508068601412,2.2792043790672682,1.341855318846946,36
rolling,por_activo,45,2019-10-01,2020-03-31,2020-04-01,GOOGL,Tendencia,False,,76,5.02849592566366,27,88,19,36,65,36,2.108176116654919,2.179122033411603,1.4610648359227332,20
rolling,por_activo,45,2019-10-01,2020-03-31,2020-04-01,GOOGL,Reversión,True,ningún trial cumple N_MIN,0,-1000000000.0,12,92,8,32,64,38,1.7805508068601412,2.2792043790672682,1.341855318846946,36
rolling,por_activo,45,2019-10-01,2020-03-31,2020-04-01,GOOGL,Crisis,True,régimen con 5 días < 20,0,,12,92,8,32,64,38,1.7805508068601412,2.2792043790672682,1.341855318846946,36
rolling,por_activo,46,2019-11-01,2020-04-30,2020-05-01,NVDA,Global,False,,34,9.243385954025308,20,64,8,24,76,10,1.9823597801974746,1.0985504763533127,3.9648185979886916,30
rolling,por_activo,46,2019-11-01,2020-04-30,2020-05-01,NVDA,Tendencia,False,,61,6.687660608591205,10,91,7,21,79,10,1.782472489531533,3.238274271756297,4.918449420832211,22
rolling,por_activo,46,2019-11-01,2020-04-30,2020-05-01,NVDA,Reversión,True,régimen con 0 días < 20,0,,20,64,8,24,76,10,1.9823597801974746,1.0985504763533127,3.9648185979886916,30
rolling,por_activo,46,2019-11-01,2020-04-30,2020-05-01,NVDA,Crisis,True,ningún trial cumple N_MIN,0,-1000000000.0,20,64,8,24,76,10,1.9823597801974746,1.0985504763533127,3.9648185979886916,30
rolling,por_activo,46,2019-11-01,2020-04-30,2020-05-01,AMZN,Global,False,,66,8.617116336665633,28,88,8,23,61,15,1.8097850494532366,1.1118653303194208,2.8123534723282324,35
rolling,por_activo,46,2019-11-01,2020-04-30,2020-05-01,AMZN,Tendencia,False,,79,5.824695861092784,27,80,7,36,63,25,1.6567955724126924,2.787006284468042,5.82938769140414,25
rolling,por_activo,46,2019-11-01,2020-04-30,2020-05-01,AMZN,Reversión,True,régimen con 0 días < 20,0,,28,88,8,23,61,15,1.8097850494532366,1.1118653303194208,2.8123534723282324,35
rolling,por_activo,46,2019-11-01,2020-04-30,2020-05-01,AMZN,Crisis,True,ningún trial cumple N_MIN,0,-1000000000.0,28,88,8,23,61,15,1.8097850494532366,1.1118653303194208,2.8123534723282324,35
rolling,por_activo,46,2019-11-01,2020-04-30,2020-05-01,TSLA,Global,False,,42,3.0686248665162323,28,30,12,23,62,11,1.8317684423192944,3.7151404132213726,2.15088950265139,9
rolling,por_activo,46,2019-11-01,2020-04-30,2020-05-01,TSLA,Tendencia,False,,72,6.584018255672198,27,86,10,25,64,11,1.7340142401589085,1.560754647927879,4.445615874005635,32
rolling,por_activo,46,2019-11-01,2020-04-30,2020-05-01,TSLA,Reversión,True,régimen con 0 días < 20,0,,28,30,12,23,62,11,1.8317684423192944,3.7151404132213726,2.15088950265139,9
rolling,por_activo,46,2019-11-01,2020-04-30,2020-05-01,TSLA,Crisis,True,ningún trial cumple N_MIN,0,-1000000000.0,28,30,12,23,62,11,1.8317684423192944,3.7151404132213726,2.15088950265139,9
rolling,por_activo,46,2019-11-01,2020-04-30,2020-05-01,META,Global,False,,52,1.7322451511458823,16,63,8,39,67,19,2.68378322130354,1.2958150582672894,4.78572265695042,7
rolling,por_activo,46,2019-11-01,2020-04-30,2020-05-01,META,Tendencia,False,,57,5.440404791140271,8,42,8,34,79,19,2.4663491214081423,2.1215758955251625,4.249203869639912,11
rolling,por_activo,46,2019-11-01,2020-04-30,2020-05-01,META,Reversión,True,régimen con 0 días < 20,0,,16,63,8,39,67,19,2.68378322130354,1.2958150582672894,4.78572265695042,7
rolling,por_activo,46,2019-11-01,2020-04-30,2020-05-01,META,Crisis,False,,1,-1.1040634286242264,10,82,16,24,78,11,1.6557687524995734,2.719439039773983,3.574875605842075,5
rolling,por_activo,46,2019-11-01,2020-04-30,2020-05-01,NFLX,Global,False,,60,7.147036990363587,18,68,8,36,76,38,2.227565249531658,1.0896903427253708,5.525673074424317,36
rolling,por_activo,46,2019-11-01,2020-04-30,2020-05-01,NFLX,Tendencia,False,,68,6.151956924561309,11,93,13,38,71,16,2.3469214715747158,1.0826301945656118,5.379615861638111,36
rolling,por_activo,46,2019-11-01,2020-04-30,2020-05-01,NFLX,Reversión,True,régimen con 0 días < 20,0,,18,68,8,36,76,38,2.227565249531658,1.0896903427253708,5.525673074424317,36
rolling,por_activo,46,2019-11-01,2020-04-30,2020-05-01,NFLX,Crisis,True,ningún trial cumple N_MIN,0,-1000000000.0,18,68,8,36,76,38,2.227565249531658,1.0896903427253708,5.525673074424317,36
rolling,por_activo,46,2019-11-01,2020-04-30,2020-05-01,GOOGL,Global,False,,69,3.47490537683769,21,90,19,38,76,12,1.5536307527178812,1.1673208663613523,3.3241415094363918,16
rolling,por_activo,46,2019-11-01,2020-04-30,2020-05-01,GOOGL,Tendencia,False,,69,3.711875660769579,8,66,7,40,80,16,2.8699721963241767,1.0981146769809067,3.3026285960085824,18
rolling,por_activo,46,2019-11-01,2020-04-30,2020-05-01,GOOGL,Reversión,True,régimen con 0 días < 20,0,,21,90,19,38,76,12,1.5536307527178812,1.1673208663613523,3.3241415094363918,16
rolling,por_activo,46,2019-11-01,2020-04-30,2020-05-01,GOOGL,Crisis,True,ningún trial cumple N_MIN,0,-1000000000.0,21,90,19,38,76,12,1.5536307527178812,1.1673208663613523,3.3241415094363918,16
rolling,por_activo,47,2019-12-02,2020-05-29,2020-06-01,NVDA,Global,True,sin trials válidos: θ global de la ventana 46,0,-1000000000.0,20,64,8,24,76,10,1.9823597801974746,1.0985504763533127,3.9648185979886916,30
rolling,por_activo,47,2019-12-02,2020-05-29,2020-06-01,NVDA,Tendencia,False,,69,10.501727497848865,22,89,22,40,74,15,2.157236284556601,1.168591352240998,3.3035641910984674,18
rolling,por_activo,47,2019-12-02,2020-05-29,2020-06-01,NVDA,Reversión,True,régimen con 0 días < 20,0,,20,64,8,24,76,10,1.9823597801974746,1.0985504763533127,3.9648185979886916,30
rolling,por_activo,47,2019-12-02,2020-05-29,2020-06-01,NVDA,Crisis,True,ningún trial cumple N_MIN,0,-1000000000.0,20,64,8,24,76,10,1.9823597801974746,1.0985504763533127,3.9648185979886916,30
rolling,por_activo,47,2019-12-02,2020-05-29,2020-06-01,AMZN,Global,False,,72,3.5577548668126204,24,86,9,39,78,13,1.6262793497636068,1.2031710020832356,3.0215881739456667,18
rolling,por_activo,47,2019-12-02,2020-05-29,2020-06-01,AMZN,Tendencia,False,,71,5.5922194064253175,28,94,26,39,79,19,1.6015066600915817,3.759999069062479,5.787143889491995,32
rolling,por_activo,47,2019-12-02,2020-05-29,2020-06-01,AMZN,Reversión,True,régimen con 0 días < 20,0,,24,86,9,39,78,13,1.6262793497636068,1.2031710020832356,3.0215881739456667,18
rolling,por_activo,47,2019-12-02,2020-05-29,2020-06-01,AMZN,Crisis,True,ningún trial cumple N_MIN,0,-1000000000.0,24,86,9,39,78,13,1.6262793497636068,1.2031710020832356,3.0215881739456667,18
rolling,por_activo,47,2019-12-02,2020-05-29,2020-06-01,TSLA,Global,False,,43,0.7694545221847945,17,67,15,26,62,12,1.684815609110759,1.4233304675558716,2.0029917532586334,22
rolling,por_activo,47,2019-12-02,2020-05-29,2020-06-01,TSLA,Tendencia,False,,67,6.461122290393164,28,27,9,36,63,17,2.106933427249173,1.4286669969074652,4.805909722086776,34
rolling,por_activo,47,2019-12-02,2020-05-29,2020-06-01,TSLA,Reversión,True,régimen con 0 días < 20,0,,17,67,15,26,62,12,1.684815609110759,1.4233304675558716,2.0029917532586334,22
rolling,por_activo,47,2019-12-02,2020-05-29,2020-06-01,TSLA,Crisis,True,ningún trial cumple N_MIN,0,-1000000000.0,17,67,15,26,62,12,1.684815609110759,1.4233304675558716,2.0029917532586334,22
rolling,por_activo,47,2019-12-02,2020-05-29,2020-06-01,META,Global,False,,49,4.326137252802229,14,74,26,23,63,17,2.118806215024939,1.2738161857945114,2.3431408118112564,11
rolling,por_activo,47,2019-12-02,2020-05-29,2020-06-01,META,Tendencia,False,,79,4.635149022052133,24,36,16,22,72,11,1.593550958612522,2.1418256674012293,2.066152138585487,13
rolling,por_activo,47,2019-12-02,2020-05-29,2020-06-01,META,Reversión,True,régimen con 0 días < 20,0,,14,74,26,23,63,17,2.118806215024939,1.2738161857945114,2.3431408118112564,11
rolling,por_activo,47,2019-12-02,2020-05-29,2020-06-01,META,Crisis,False,,50,-1.7213393392207939,28,82,11,38,60,37,2.0281610080998194,1.863030995284131,4.506139859297298,29
rolling,por_activo,47,2019-12-02,2020-05-29,2020-06-01,NFLX,Global,False,,63,6.550291002116763,16,41,22,33,62,11,1.8275461272153268,1.4360658186148583,5.8645750208908805,39
rolling,por_activo,47,2019-12-02,2020-05-29,2020-06-01,NFLX,Tendencia,False,,73,7.532955228014059,17,50,24,40,70,12,1.6735675178151947,1.401944608595135,5.84768884701229,27
rolling,por_activo,47,2019-12-02,2020-05-29,2020-06-01,NFLX,Reversión,True,régimen con 0 días < 20,0,,16,41,22,33,62,11,1.8275461272153268,1.4360658186148583,5.8645750208908805,39
rolling,por_activo,47,2019-12-02,2020-05-29,2020-06-01,NFLX,Crisis,True,ningún trial cumple N_MIN,0,-1000000000.0,16,41,22,33,62,11,1.8275461272153268,1.4360658186148583,5.8645750208908805,39
rolling,por_activo,47,2019-12-02,2020-05-29,2020-06-01,GOOGL,Global,False,,70,-0.10997565646522836,27,79,21,23,69,10,1.5590870288276075,2.3253013472155257,4.571202260548953,10
rolling,por_activo,47,2019-12-02,2020-05-29,2020-06-01,GOOGL,Tendencia,False,,71,4.942153898841492,24,18,18,34,66,13,2.075367798449352,1.096954532736337,3.2510064227238225,33
rolling,por_activo,47,2019-12-02,2020-05-29,2020-06-01,GOOGL,Reversión,True,régimen con 0 días < 20,0,,27,79,21,23,69,10,1.5590870288276075,2.3253013472155257,4.571202260548953,10
rolling,por_activo,47,2019-12-02,2020-05-29,2020-06-01,GOOGL,Crisis,True,ningún trial cumple N_MIN,0,-1000000000.0,27,79,21,23,69,10,1.5590870288276075,2.3253013472155257,4.571202260548953,10
rolling,por_activo,48,2020-01-02,2020-06-30,2020-07-01,NVDA,Global,False,,39,1.0991298385650228,18,87,8,39,78,17,2.873561888626978,1.3498720692238746,1.8808911433589786,11
rolling,por_activo,48,2020-01-02,2020-06-30,2020-07-01,NVDA,Tendencia,False,,59,8.442229553010808,13,84,20,21,79,16,1.8120765127863412,1.4506266053957337,4.765783079796651,22
rolling,por_activo,48,2020-01-02,2020-06-30,2020-07-01,NVDA,Reversión,True,régimen con 0 días < 20,0,,18,87,8,39,78,17,2.873561888626978,1.3498720692238746,1.8808911433589786,11
rolling,por_activo,48,2020-01-02,2020-06-30,2020-07-01,NVDA,Crisis,True,ningún trial cumple N_MIN,0,-1000000000.0,18,87,8,39,78,17,2.873561888626978,1.3498720692238746,1.8808911433589786,11
rolling,por_activo,48,2020-01-02,2020-06-30,2020-07-01,AMZN,Global,False,,50,4.653028317703908,27,56,8,35,61,12,1.5304009422122988,1.3320770263922803,5.59682677047804,33
rolling,por_activo,48,2020-01-02,2020-06-30,2020-07-01,AMZN,Tendencia,False,,62,6.126477063930402,24,55,13,25,77,20,1.7219124671595276,2.0367528502242855,2.4267480092334752,37
rolling,por_activo,48,2020-01-02,2020-06-30,2020-07-01,AMZN,Reversión,True,régimen con 0 días < 20,0,,27,56,8,35,61,12,1.5304009422122988,1.3320770263922803,5.59682677047804,33
rolling,por_activo,48,2020-01-02,2020-06-30,2020-07-01,AMZN,Crisis,True,ningún trial cumple N_MIN,0,-1000000000.0,27,56,8,35,61,12,1.5304009422122988,1.3320770263922803,5.59682677047804,33
rolling,por_activo,48,2020-01-02,2020-06-30,2020-07-01,TSLA,Global,False,,44,0.24775014208951848,27,25,26,25,62,11,1.8093077071653385,1.7317925485544554,1.872139715701071,7
rolling,por_activo,48,2020-01-02,2020-06-30,2020-07-01,TSLA,Tendencia,False,,58,9.94825703351965,28,96,16,40,76,37,1.8162078220711582,1.3393139584815765,5.325502293085574,20
rolling,por_activo,48,2020-01-02,2020-06-30,2020-07-01,TSLA,Reversión,True,régimen con 0 días < 20,0,,27,25,26,25,62,11,1.8093077071653385,1.7317925485544554,1.872139715701071,7
rolling,por_activo,48,2020-01-02,2020-06-30,2020-07-01,TSLA,Crisis,True,ningún trial cumple N_MIN,0,-1000000000.0,27,25,26,25,62,11,1.8093077071653385,1.7317925485544554,1.872139715701071,7
rolling,por_activo,48,2020-01-02,2020-06-30,2020-07-01,META,Global,False,,56,-1.1619347713867791,26,86,7,37,76,11,1.5855079843678797,3.77437455451304,5.606764694920502,34
rolling,por_activo,48,2020-01-02,2020-06-30,2020-07-01,META,Tendencia,False,,31,-0.6609513331006726,18,28,8,39,77,30,2.4515606859984063,3.0352589434620096,3.2621710374994572,7
rolling,por_activo,48,2020-01-02,2020-06-30,2020-07-01,META,Reversión,True,régimen con 0 días < 20,0,,26,86,7,37,76,11,1.5855079843678797,3.77437455451304,5.606764694920502,34
rolling,por_activo,48,2020-01-02,2020-06-30,2020-07-01,META,Crisis,False,,11,-0.9179572630606538,28,38,24,31,78,18,1.7176110659068184,3.695471930335585,5.75921330316902,6
rolling,por_activo,48,2020-01-02,2020-06-30,2020-07-01,NFLX,Global,False,,59,5.925235177687464,23,26,14,37,68,11,1.8488883755094068,1.2828690395295799,5.699458358282765,38
rolling,por_activo,48,2020-01-02,2020-06-30,2020-07-01,NFLX,Tendencia,False,,52,4.59374258877801,6,96,8,31,80,11,1.8260105753008082,3.6496124315546568,5.84869999147338,30
rolling,por_activo,48,2020-01-02,2020-06-30,2020-07-01,NFLX,Reversión,True,régimen con 0 días < 20,0,,23,26,14,37,68,11,1.8488883755094068,1.2828690395295799,5.699458358282765,38
rolling,por_activo,48,2020-01-02,2020-06-30,2020-07-01,NFLX,Crisis,True,ningún trial cumple N_MIN,0,-1000000000.0,23,26,14,37,68,11,1.8488883755094068,1.2828690395295799,5.699458358282765,38
rolling,por_activo,48,2020-01-02,2020-06-30,2020-07-01,GOOGL,Global,False,,75,-0.3339980218331556,20,93,12,28,66,11,1.7716486250220078,1.2219081524398354,3.4158353899866354,10
rolling,por_activo,48,2020-01-02,2020-06-30,2020-07-01,GOOGL,Tendencia,False,,72,2.4504860249057168,18,96,11,25,72,22,2.0261313616745147,1.0777779573730746,3.2221873085879342,10
rolling,por_activo,48,2020-01-02,2020-06-30,2020-07-01,GOOGL,Reversión,True,régimen con 0 días < 20,0,,20,93,12,28,66,11,1.7716486250220078,1.2219081524398354,3.4158353899866354,10
rolling,por_activo,48,2020-01-02,2020-06-30,2020-07-01,GOOGL,Crisis,False,,48,-0.054116067519893764,19,34,11,20,67,13,1.5882065428975314,3.1637064310807927,5.303863973324612,10
rolling,por_activo,49,2020-02-03,2020-07-31,2020-08-03,NVDA,Global,True,sin trials válidos: θ global de la ventana 48,0,-1000000000.0,18,87,8,39,78,17,2.873561888626978,1.3498720692238746,1.8808911433589786,11
rolling,por_activo,49,2020-02-03,2020-07-31,2020-08-03,NVDA,Tendencia,False,,1,1.7870161433986227,21,81,14,40,77,12,1.8134746494806429,1.3673455627382909,4.0564666467192225,34
rolling,por_activo,49,2020-02-03,2020-07-31,2020-08-03,NVDA,Reversión,True,régimen con 0 días < 20,0,,18,87,8,39,78,17,2.873561888626978,1.3498720692238746,1.8808911433589786,11
rolling,por_activo,49,2020-02-03,2020-07-31,2020-08-03,NVDA,Crisis,True,ningún trial cumple N_MIN,0,-1000000000.0,18,87,8,39,78,17,2.873561888626978,1.3498720692238746,1.8808911433589786,11
rolling,por_activo,49,2020-02-03,2020-07-31,2020-08-03,AMZN,Global,False,,40,2.8143831762964835,29,30,26,28,70,11,1.5754830002818292,2.4829894573793774,2.8605372387289068,13
rolling,por_activo,49,2020-02-03,2020-07-31,2020-08-03,AMZN,Tendencia,False,,45,2.07616192687719,29,42,13,39,78,12,2.875492113501522,3.1967728841861964,2.8042574030852676,36
rolling,por_activo,49,2020-02-03,2020-07-31,2020-08-03,AMZN,Reversión,True,régimen con 0 días < 20,0,,29,30,26,28,70,11,1.5754830002818292,2.4829894573793774,2.8605372387289068,13
rolling,por_activo,49,2020-02-03,2020-07-31,2020-08-03,AMZN,Crisis,True,ningún trial cumple N_MIN,0,-1000000000.0,29,30,26,28,70,11,1.5754830002818292,2.4829894573793774,2.8605372387289068,13
rolling,por_activo,49,2020-02-03,2020-07-31,2020-08-03,TSLA,Global,False,,47,2.6942416585616997,28,58,8,23,60,15,1.623560066639465,1.1543572919120544,1.6470324214550787,30
rolling,por_activo,49,2020-02-03,2020-07-31,2020-08-03,TSLA,Tendencia,False,,43,1.3393720646973903,29,45,28,34,80,11,1.6687534081906938,2.9630100539600606,2.541484546599973,7
rolling,por_activo,49,2020-02-03,2020-07-31,2020-08-03,TSLA,Reversión,True,régimen con 0 días < 20,0,,28,58,8,23,60,15,1.623560066639465,1.1543572919120544,1.6470324214550787,30
rolling,por_activo,49,2020-02-03,2020-07-31,2020-08-03,TSLA,Crisis,True,ningún trial cumple N_MIN,0,-1000000000.0,28,58,8,23,60,15,1.623560066639465,1.1543572919120544,1.6470324214550787,30
rolling,por_activo,49,2020-02-03,2020-07-31,2020-08-03,META,Global,False,,68,7.087356142530047,6,63,27,33,64,15,1.8596213741238665,1.1090050830864744,4.332386991622234,7
rolling,por_activo,49,2020-02-03,2020-07-31,2020-08-03,META,Tendencia,False,,63,2.589322882555705,12,93,9,40,68,19,2.8464970741672264,2.1786266013168003,2.2655170240724223,10
rolling,por_activo,49,2020-02-03,2020-07-31,2020-08-03,META,Reversión,True,régimen con 0 días < 20,0,,6,63,27,33,64,15,1.8596213741238665,1.1090050830864744,4.332386991622234,7
rolling,por_activo,49,2020-02-03,2020-07-31,2020-08-03,META,Crisis,False,,63,9.178445072785019,19,64,8,39,75,12,2.295632790795878,1.0884270929198776,5.914872362619515,7
rolling,por_activo,49,2020-02-03,2020-07-31,2020-08-03,NFLX,Global,False,,38,2.6097253994580876,14,93,8,39,62,20,1.7852881858624725,1.625452924845828,5.271403507901166,40
rolling,por_activo,49,2020-02-03,2020-07-31,2020-08-03,NFLX,Tendencia,False,,64,0.9772385272911188,11,97,24,32,80,18,1.7278673610241995,1.2262041636312315,3.6961129467137184,18
rolling,por_activo,49,2020-02-03,2020-07-31,2020-08-03,NFLX,Reversión,True,régimen con 0 días < 20,0,,14,93,8,39,62,20,1.7852881858624725,1.625452924845828,5.271403507901166,40
rolling,por_activo,49,2020-02-03,2020-07-31,2020-08-03,NFLX,Crisis,False,,11,12.028597899999308,6,46,20,22,80,12,1.5398238951040875,1.944236297284029,1.6881862349561276,11
rolling,por_activo,49,2020-02-03,2020-07-31,2020-08-03,GOOGL,Global,False,,67,5.586260393037827,14,30,10,22,67,16,1.732035444735173,1.3423214688764185,3.453341661952955,6
rolling,por_activo,49,2020-02-03,2020-07-31,2020-08-03,GOOGL,Tendencia,False,,73,1.5501232411008077,28,26,27,27,64,36,2.080796015588721,1.6236763572919233,1.4131025887699176,26
rolling,por_activo,49,2020-02-03,2020-07-31,2020-08-03,GOOGL,Reversión,True,régimen con 0 días < 20,0,,14,30,10,22,67,16,1.732035444735173,1.3423214688764185,3.453341661952955,6
rolling,por_activo,49,2020-02-03,2020-07-31,2020-08-03,GOOGL,Crisis,False,,49,-0.22904575430862642,26,84,11,27,61,15,1.6749767994622808,3.752304470739023,5.069905759929154,21
rolling,por_activo,50,2020-03-02,2020-08-31,2020-09-01,NVDA,Global,True,sin trials válidos: θ global de la ventana 48,0,-1000000000.0,18,87,8,39,78,17,2.873561888626978,1.3498720692238746,1.8808911433589786,11
rolling,por_activo,50,2020-03-02,2020-08-31,2020-09-01,NVDA,Tendencia,True,régimen con 12 días < 20,0,,18,87,8,39,78,17,2.873561888626978,1.3498720692238746,1.8808911433589786,11
rolling,por_activo,50,2020-03-02,2020-08-31,2020-09-01,NVDA,Reversión,True,régimen con 0 días < 20,0,,18,87,8,39,78,17,2.873561888626978,1.3498720692238746,1.8808911433589786,11
rolling,por_activo,50,2020-03-02,2020-08-31,2020-09-01,NVDA,Crisis,True,ningún trial cumple N_MIN,0,-1000000000.0,18,87,8,39,78,17,2.873561888626978,1.3498720692238746,1.8808911433589786,11
rolling,por_activo,50,2020-03-02,2020-08-31,2020-09-01,AMZN,Global,True,sin trials válidos: θ global de la ventana 49,0,-1000000000.0,29,30,26,28,70,11,1.5754830002818292,2.4829894573793774,2.8605372387289068,13
rolling,por_activo,50,2020-03-02,2020-08-31,2020-09-01,AMZN,Tendencia,True,régimen con 12 días < 20,0,,29,30,26,28,70,11,1.5754830002818292,2.4829894573793774,2.8605372387289068,13
rolling,por_activo,50,2020-03-02,2020-08-31,2020-09-01,AMZN,Reversión,True,régimen con 0 días < 20,0,,29,30,26,28,70,11,1.5754830002818292,2.4829894573793774,2.8605372387289068,13
rolling,por_activo,50,2020-03-02,2020-08-31,2020-09-01,AMZN,Crisis,True,ningún trial cumple N_MIN,0,-1000000000.0,29,30,26,28,70,11,1.5754830002818292,2.4829894573793774,2.8605372387289068,13
rolling,por_activo,50,2020-03-02,2020-08-31,2020-09-01,TSLA,Global,False,,53,6.046202359999958,28,50,8,20,76,22,1.6324310260952708,1.1257094620712578,4.222300455743067,38
rolling,por_activo,50,2020-03-02,2020-08-31,2020-09-01,TSLA,Tendencia,True,régimen con 12 días < 20,0,,28,50,8,20,76,22,1.6324310260952708,1.1257094620712578,4.222300455743067,38
rolling,por_activo,50,2020-03-02,2020-08-31,2020-09-01,TSLA,Reversión,True,régimen con 0 días < 20,0,,28,50,8,20,76,22,1.6324310260952708,1.1257094620712578,4.222300455743067,38
rolling,por_activo,50,2020-03-02,2020-08-31,2020-09-01,TSLA,Crisis,False,,53,48.48787882174086,30,92,28,39,74,10,1.6475765498049992,1.4109816695808792,2.6834348426397536,5
rolling,por_activo,50,2020-03-02,2020-08-31,2020-09-01,META,Global,False,,60,2.2326383375692123,26,66,24,40,76,14,1.7396601938450442,2.849601065199878,5.814681649226472,11
rolling,por_activo,50,2020-03-02,2020-08-31,2020-09-01,META,Tendencia,True,régimen con 12 días < 20,0,,26,66,24,40,76,14,1.7396601938450442,2.849601065199878,5.814681649226472,11
rolling,por_activo,50,2020-03-02,2020-08-31,2020-09-01,META,Reversión,True,régimen con 0 días < 20,0,,26,66,24,40,76,14,1.7396601938450442,2.849601065199878,5.814681649226472,11
rolling,por_activo,50,2020-03-02,2020-08-31,2020-09-01,META,Crisis,False,,57,6.064260434023326,17,94,27,24,62,14,2.1830058053824803,1.0607717871609008,1.777984611545576,26
rolling,por_activo,50,2020-03-02,2020-08-31,2020-09-01,NFLX,Global,False,,47,7.359258026735004,27,84,26,24,61,14,1.5780888874965628,1.0855275198372718,5.688432456852386,35
rolling,por_activo,50,2020-03-02,2020-08-31,2020-09-01,NFLX,Tendencia,True,régimen con 12 días < 20,0,,27,84,26,24,61,14,1.5780888874965628,1.0855275198372718,5.688432456852386,35
rolling,por_activo,50,2020-03-02,2020-08-31,2020-09-01,NFLX,Reversión,True,régimen con 0 días < 20,0,,27,84,26,24,61,14,1.5780888874965628,1.0855275198372718,5.688432456852386,35
rolling,por_activo,50,2020-03-02,2020-08-31,2020-09-01,NFLX,Crisis,False,,1,17.320625446300262,29,25,9,39,67,16,2.362471075962939,1.4099796870188874,1.6444507946967684,37
rolling,por_activo,50,2020-03-02,2020-08-31,2020-09-01,GOOGL,Global,True,sin trials válidos: θ global de la ventana 49,0,-1000000000.0,14,30,10,22,67,16,1.732035444735173,1.3423214688764185,3.453341661952955,6
rolling,por_activo,50,2020-03-02,2020-08-31,2020-09-01,GOOGL,Tendencia,True,régimen con 12 días < 20,0,,14,30,10,22,67,16,1.732035444735173,1.3423214688764185,3.453341661952955,6
rolling,por_activo,50,2020-03-02,2020-08-31,2020-09-01,GOOGL,Reversión,True,régimen con 0 días < 20,0,,14,30,10,22,67,16,1.732035444735173,1.3423214688764185,3.453341661952955,6
rolling,por_activo,50,2020-03-02,2020-08-31,2020-09-01,GOOGL,Crisis,False,,53,1.1299919195163042,22,16,26,22,74,22,1.6368538304115008,2.2308885601972674,3.2289971015295422,30
rolling,por_activo,51,2020-04-01,2020-09-30,2020-10-01,NVDA,Global,True,sin trials válidos: θ global de la ventana 48,0,-1000000000.0,18,87,8,39,78,17,2.873561888626978,1.3498720692238746,1.8808911433589786,11
rolling,por_activo,51,2020-04-01,2020-09-30,2020-10-01,NVDA,Tendencia,True,régimen con 0 días < 20,0,,18,87,8,39,78,17,2.873561888626978,1.3498720692238746,1.8808911433589786,11
rolling,por_activo,51,2020-04-01,2020-09-30,2020-10-01,NVDA,Reversión,True,régimen con 0 días < 20,0,,18,87,8,39,78,17,2.873561888626978,1.3498720692238746,1.8808911433589786,11
rolling,por_activo,51,2020-04-01,2020-09-30,2020-10-01,NVDA,Crisis,True,ningún trial cumple N_MIN,0,-1000000000.0,18,87,8,39,78,17,2.873561888626978,1.3498720692238746,1.8808911433589786,11
rolling,por_activo,51,2020-04-01,2020-09-30,2020-10-01,AMZN,Global,True,sin trials válidos: θ global de la ventana 49,0,-1000000000.0,29,30,26,28,70,11,1.5754830002818292,2.4829894573793774,2.8605372387289068,13
rolling,por_activo,51,2020-04-01,2020-09-30,2020-10-01,AMZN,Tendencia,True,régimen con 0 días < 20,0,,29,30,26,28,70,11,1.5754830002818292,2.4829894573793774,2.8605372387289068,13
rolling,por_activo,51,2020-04-01,2020-09-30,2020-10-01,AMZN,Reversión,True,régimen con 0 días < 20,0,,29,30,26,28,70,11,1.5754830002818292,2.4829894573793774,2.8605372387289068,13
rolling,por_activo,51,2020-04-01,2020-09-30,2020-10-01,AMZN,Crisis,False,,33,-1.3506211524422764,25,20,24,24,70,10,1.5934537777753024,3.5466500890014343,4.041957576089532,10
rolling,por_activo,51,2020-04-01,2020-09-30,2020-10-01,TSLA,Global,False,,6,33.751796539749016,13,53,22,20,61,10,1.7815987923053835,3.5849038778400097,4.285600609220521,8
rolling,por_activo,51,2020-04-01,2020-09-30,2020-10-01,TSLA,Tendencia,True,régimen con 0 días < 20,0,,13,53,22,20,61,10,1.7815987923053835,3.5849038778400097,4.285600609220521,8
rolling,por_activo,51,2020-04-01,2020-09-30,2020-10-01,TSLA,Reversión,True,régimen con 0 días < 20,0,,13,53,22,20,61,10,1.7815987923053835,3.5849038778400097,4.285600609220521,8
rolling,por_activo,51,2020-04-01,2020-09-30,2020-10-01,TSLA,Crisis,False,,25,4.245624934139033,10,36,16,23,67,14,1.90136462461934,1.4064084810128406,1.8283785196172504,39
rolling,por_activo,51,2020-04-01,2020-09-30,2020-10-01,META,Global,False,,56,2.0070223712298985,24,92,8,38,79,14,2.013778925740609,2.012558447052281,1.1389707525438846,32
rolling,por_activo,51,2020-04-01,2020-09-30,2020-10-01,META,Tendencia,True,régimen con 0 días < 20,0,,24,92,8,38,79,14,2.013778925740609,2.012558447052281,1.1389707525438846,32
rolling,por_activo,51,2020-04-01,2020-09-30,2020-10-01,META,Reversión,True,régimen con 0 días < 20,0,,24,92,8,38,79,14,2.013778925740609,2.012558447052281,1.1389707525438846,32
rolling,por_activo,51,2020-04-01,2020-09-30,2020-10-01,META,Crisis,False,,69,8.587469043914092,11,82,21,21,62,16,2.0216355084697732,1.2170755142195155,3.9441149300268776,35
rolling,por_activo,51,2020-04-01,2020-09-30,2020-10-01,NFLX,Global,True,sin trials válidos: θ global de la ventana 50,0,-1000000000.0,27,84,26,24,61,14,1.5780888874965628,1.0855275198372718,5.688432456852386,35
rolling,por_activo,51,2020-04-01,2020-09-30,2020-10-01,NFLX,Tendencia,True,régimen con 0 días < 20,0,,27,84,26,24,61,14,1.5780888874965628,1.0855275198372718,5.688432456852386,35
rolling,por_activo,51,2020-04-01,2020-09-30,2020-10-01,NFLX,Reversión,True,régimen con 0 días < 20,0,,27,84,26,24,61,14,1.5780888874965628,1.0855275198372718,5.688432456852386,35
rolling,por_activo,51,2020-04-01,2020-09-30,2020-10-01,NFLX,Crisis,False,,47,21.487453021077915,13,77,21,22,62,10,1.9455098222230647,1.4242538106511267,2.6158289746660803,29
rolling,por_activo,51,2020-04-01,2020-09-30,2020-10-01,GOOGL,Global,False,,56,1.9248560369473005,10,43,26,28,62,12,1.567560854752911,1.0427838056472556,3.9277027553555666,26
rolling,por_activo,51,2020-04-01,2020-09-30,2020-10-01,GOOGL,Tendencia,True,régimen con 0 días < 20,0,,10,43,26,28,62,12,1.567560854752911,1.0427838056472556,3.9277027553555666,26
rolling,por_activo,51,2020-04-01,2020-09-30,2020-10-01,GOOGL,Reversión,True,régimen con 0 días < 20,0,,10,43,26,28,62,12,1.567560854752911,1.0427838056472556,3.9277027553555666,26
rolling,por_activo,51,2020-04-01,2020-09-30,2020-10-01,GOOGL,Crisis,False,,64,5.7868490006854305,27,15,8,38,72,19,2.585808499213801,3.8061414032973824,4.452531525542832,29
rolling,por_activo,52,2020-05-01,2020-10-30,2020-11-02,NVDA,Global,True,sin trials válidos: θ global de la ventana 48,0,-1000000000.0,18,87,8,39,78,17,2.873561888626978,1.3498720692238746,1.8808911433589786,11
rolling,por_activo,52,2020-05-01,2020-10-30,2020-11-02,NVDA,Tendencia,True,régimen con 0 días < 20,0,,18,87,8,39,78,17,2.873561888626978,1.3498720692238746,1.8808911433589786,11
rolling,por_activo,52,2020-05-01,2020-10-30,2020-11-02,NVDA,Reversión,True,régimen con 0 días < 20,0,,18,87,8,39,78,17,2.873561888626978,1.3498720692238746,1.8808911433589786,11
rolling,por_activo,52,2020-05-01,2020-10-30,2020-11-02,NVDA,Crisis,True,ningún trial cumple N_MIN,0,-1000000000.0,18,87,8,39,78,17,2.873561888626978,1.3498720692238746,1.8808911433589786,11
rolling,por_activo,52,2020-05-01,2020-10-30,2020-11-02,AMZN,Global,True,sin trials válidos: θ global de la ventana 49,0,-1000000000.0,29,30,26,28,70,11,1.5754830002818292,2.4829894573793774,2.8605372387289068,13
rolling,por_activo,52,2020-05-01,2020-10-30,2020-11-02,AMZN,Tendencia,True,régimen con 0 días < 20,0,,29,30,26,28,70,11,1.5754830002818292,2.4829894573793774,2.8605372387289068,13
rolling,por_activo,52,2020-05-01,2020-10-30,2020-11-02,AMZN,Reversión,True,régimen con 0 días < 20,0,,29,30,26,28,70,11,1.5754830002818292,2.4829894573793774,2.8605372387289068,13
rolling,por_activo,52,2020-05-01,2020-10-30,2020-11-02,AMZN,Crisis,False,,36,21.573496428897897,6,76,28,40,78,10,1.6508421400184385,1.2330029934766085,1.263024650306487,29
rolling,por_activo,52,2020-05-01,2020-10-30,2020-11-02,TSLA,Global,True,sin trials válidos: θ global de la ventana 51,0,-1000000000.0,13,53,22,20,61,10,1.7815987923053835,3.5849038778400097,4.285600609220521,8
rolling,por_activo,52,2020-05-01,2020-10-30,2020-11-02,TSLA,Tendencia,True,régimen con 0 días < 20,0,,13,53,22,20,61,10,1.7815987923053835,3.5849038778400097,4.285600609220521,8
rolling,por_activo,52,2020-05-01,2020-10-30,2020-11-02,TSLA,Reversión,True,régimen con 0 días < 20,0,,13,53,22,20,61,10,1.7815987923053835,3.5849038778400097,4.285600609220521,8
rolling,por_activo,52,2020-05-01,2020-10-30,2020-11-02,TSLA,Crisis,True,ningún trial cumple N_MIN,0,-1000000000.0,13,53,22,20,61,10,1.7815987923053835,3.5849038778400097,4.285600609220521,8
rolling,por_activo,52,2020-05-01,2020-10-30,2020-11-02,META,Global,False,,5,8.235201558497833,27,66,16,33,72,12,1.6077699868245394,1.7280537084718772,5.07827978019052,35
rolling,por_activo,52,2020-05-01,2020-10-30,2020-11-02,META,Tendencia,True,régimen con 0 días < 20,0,,27,66,16,33,72,12,1.6077699868245394,1.7280537084718772,5.07827978019052,35
rolling,por_activo,52,2020-05-01,2020-10-30,2020-11-02,META,Reversión,True,régimen con 0 días < 20,0,,27,66,16,33,72,12,1.6077699868245394,1.7280537084718772,5.07827978019052,35
rolling,por_activo,52,2020-05-01,2020-10-30,2020-11-02,META,Crisis,False,,63,22.27652338090641,13,33,26,21,61,16,1.6530761620308023,2.719359218011421,4.924797280069047,38
rolling,por_activo,52,2020-05-01,2020-10-30,2020-11-02,NFLX,Global,True,sin trials válidos: θ global de la ventana 50,0,-1000000000.0,27,84,26,24,61,14,1.5780888874965628,1.0855275198372718,5.688432456852386,35
rolling,por_activo,52,2020-05-01,2020-10-30,2020-11-02,NFLX,Tendencia,True,régimen con 0 días < 20,0,,27,84,26,24,61,14,1.5780888874965628,1.0855275198372718,5.688432456852386,35
rolling,por_activo,52,2020-05-01,2020-10-30,2020-11-02,NFLX,Reversión,True,régimen con 0 días < 20,0,,27,84,26,24,61,14,1.5780888874965628,1.0855275198372718,5.688432456852386,35
rolling,por_activo,52,2020-05-01,2020-10-30,2020-11-02,NFLX,Crisis,False,,76,21.130413176047448,8,89,16,21,75,11,1.623809838209164,3.7099019097999126,3.209468587489148,38
rolling,por_activo,52,2020-05-01,2020-10-30,2020-11-02,GOOGL,Global,False,,1,3.287059774272811,20,68,8,39,72,26,2.2365732502493696,1.8091947503040549,4.966744990349883,14
rolling,por_activo,52,2020-05-01,2020-10-30,2020-11-02,GOOGL,Tendencia,True,régimen con 0 días < 20,0,,20,68,8,39,72,26,2.2365732502493696,1.8091947503040549,4.966744990349883,14
rolling,por_activo,52,2020-05-01,2020-10-30,2020-11-02,GOOGL,Reversión,True,régimen con 0 días < 20,0,,20,68,8,39,72,26,2.2365732502493696,1.8091947503040549,4.966744990349883,14
rolling,por_activo,52,2020-05-01,2020-10-30,2020-11-02,GOOGL,Crisis,False,,66,14.822538164535505,28,15,23,39,68,20,1.7922918129334138,2.1772659747695364,5.878295163022248,34
rolling,por_activo,53,2020-06-01,2020-11-30,2020-12-01,NVDA,Global,True,sin trials válidos: θ global de la ventana 48,0,-1000000000.0,18,87,8,39,78,17,2.873561888626978,1.3498720692238746,1.8808911433589786,11
rolling,por_activo,53,2020-06-01,2020-11-30,2020-12-01,NVDA,Tendencia,True,régimen con 0 días < 20,0,,18,87,8,39,78,17,2.873561888626978,1.3498720692238746,1.8808911433589786,11
rolling,por_activo,53,2020-06-01,2020-11-30,2020-12-01,NVDA,Reversión,True,régimen con 0 días < 20,0,,18,87,8,39,78,17,2.873561888626978,1.3498720692238746,1.8808911433589786,11
rolling,por_activo,53,2020-06-01,2020-11-30,2020-12-01,NVDA,Crisis,True,ningún trial cumple N_MIN,0,-1000000000.0,18,87,8,39,78,17,2.873561888626978,1.3498720692238746,1.8808911433589786,11
rolling,por_activo,53,2020-06-01,2020-11-30,2020-12-01,AMZN,Global,True,sin trials válidos: θ global de la ventana 49,0,-1000000000.0,29,30,26,28,70,11,1.5754830002818292,2.4829894573793774,2.8605372387289068,13
rolling,por_activo,53,2020-06-01,2020-11-30,2020-12-01,AMZN,Tendencia,True,régimen con 0 días < 20,0,,29,30,26,28,70,11,1.5754830002818292,2.4829894573793774,2.8605372387289068,13
rolling,por_activo,53,2020-06-01,2020-11-30,2020-12-01,AMZN,Reversión,True,régimen con 0 días < 20,0,,29,30,26,28,70,11,1.5754830002818292,2.4829894573793774,2.8605372387289068,13
rolling,por_activo,53,2020-06-01,2020-11-30,2020-12-01,AMZN,Crisis,False,,69,1.8448477917990338,19,30,9,36,67,12,1.9738891274451171,1.1607185979610746,5.52039387130639,5
rolling,por_activo,53,2020-06-01,2020-11-30,2020-12-01,TSLA,Global,True,sin trials válidos: θ global de la ventana 51,0,-1000000000.0,13,53,22,20,61,10,1.7815987923053835,3.5849038778400097,4.285600609220521,8
rolling,por_activo,53,2020-06-01,2020-11-30,2020-12-01,TSLA,Tendencia,True,régimen con 0 días < 20,0,,13,53,22,20,61,10,1.7815987923053835,3.5849038778400097,4.285600609220521,8
rolling,por_activo,53,2020-06-01,2020-11-30,2020-12-01,TSLA,Reversión,True,régimen con 0 días < 20,0,,13,53,22,20,61,10,1.7815987923053835,3.5849038778400097,4.285600609220521,8
rolling,por_activo,53,2020-06-01,2020-11-30,2020-12-01,TSLA,Crisis,False,,66,35.891986215928924,7,55,7,39,70,19,2.746479316617038,1.7933783529068945,2.2830473302244623,34
rolling,por_activo,53,2020-06-01,2020-11-30,2020-12-01,META,Global,True,sin trials válidos: θ global de la ventana 52,0,-1000000000.0,27,66,16,33,72,12,1.6077699868245394,1.7280537084718772,5.07827978019052,35
rolling,por_activo,53,2020-06-01,2020-11-30,2020-12-01,META,Tendencia,True,régimen con 0 días < 20,0,,27,66,16,33,72,12,1.6077699868245394,1.7280537084718772,5.07827978019052,35
rolling,por_activo,53,2020-06-01,2020-11-30,2020-12-01,META,Reversión,True,régimen con 0 días < 20,0,,27,66,16,33,72,12,1.6077699868245394,1.7280537084718772,5.07827978019052,35
rolling,por_activo,53,2020-06-01,2020-11-30,2020-12-01,META,Crisis,False,,61,19.295560084479362,7,42,10,37,66,13,1.8698278262939252,1.432369452351093,3.3326447358445814,26
rolling,por_activo,53,2020-06-01,2020-11-30,2020-12-01,NFLX,Global,False,,43,26.470712049579696,15,26,8,38,60,11,1.645284091270943,3.3422344565358126,3.6928430285550284,33
rolling,por_activo,53,2020-06-01,2020-11-30,2020-12-01,NFLX,Tendencia,True,régimen con 0 días < 20,0,,15,26,8,38,60,11,1.645284091270943,3.3422344565358126,3.6928430285550284,33
rolling,por_activo,53,2020-06-01,2020-11-30,2020-12-01,NFLX,Reversión,True,régimen con 0 días < 20,0,,15,26,8,38,60,11,1.645284091270943,3.3422344565358126,3.6928430285550284,33
rolling,por_activo,53,2020-06-01,2020-11-30,2020-12-01,NFLX,Crisis,False,,54,13.877513496524754,24,21,8,39,74,24,1.63702277575617,2.938618825328845,3.5339395795514643,24
rolling,por_activo,53,2020-06-01,2020-11-30,2020-12-01,GOOGL,Global,False,,54,6.466058188538263,29,40,7,40,79,11,2.4630649152312065,1.1738401246006822,2.9956640813678015,32
rolling,por_activo,53,2020-06-01,2020-11-30,2020-12-01,GOOGL,Tendencia,True,régimen con 0 días < 20,0,,29,40,7,40,79,11,2.4630649152312065,1.1738401246006822,2.9956640813678015,32
rolling,por_activo,53,2020-06-01,2020-11-30,2020-12-01,GOOGL,Reversión,True,régimen con 0 días < 20,0,,29,40,7,40,79,11,2.4630649152312065,1.1738401246006822,2.9956640813678015,32
rolling,por_activo,53,2020-06-01,2020-11-30,2020-12-01,GOOGL,Crisis,False,,70,6.758606416840956,7,25,8,28,63,13,1.5587398295561323,1.171491028773581,2.652118236024962,33
rolling,por_activo,54,2020-07-01,2020-12-31,2021-01-04,NVDA,Global,True,sin trials válidos: θ global de la ventana 48,0,-1000000000.0,18,87,8,39,78,17,2.873561888626978,1.3498720692238746,1.8808911433589786,11
rolling,por_activo,54,2020-07-01,2020-12-31,2021-01-04,NVDA,Tendencia,True,régimen con 0 días < 20,0,,18,87,8,39,78,17,2.873561888626978,1.3498720692238746,1.8808911433589786,11
rolling,por_activo,54,2020-07-01,2020-12-31,2021-01-04,NVDA,Reversión,True,régimen con 0 días < 20,0,,18,87,8,39,78,17,2.873561888626978,1.3498720692238746,1.8808911433589786,11
rolling,por_activo,54,2020-07-01,2020-12-31,2021-01-04,NVDA,Crisis,False,,59,6.192583393828476,6,78,23,32,60,11,1.6746613838311017,1.2624239483024402,2.7970077696914704,32
rolling,por_activo,54,2020-07-01,2020-12-31,2021-01-04,AMZN,Global,True,sin trials válidos: θ global de la ventana 49,0,-1000000000.0,29,30,26,28,70,11,1.5754830002818292,2.4829894573793774,2.8605372387289068,13
rolling,por_activo,54,2020-07-01,2020-12-31,2021-01-04,AMZN,Tendencia,True,régimen con 0 días < 20,0,,29,30,26,28,70,11,1.5754830002818292,2.4829894573793774,2.8605372387289068,13
rolling,por_activo,54,2020-07-01,2020-12-31,2021-01-04,AMZN,Reversión,True,régimen con 0 días < 20,0,,29,30,26,28,70,11,1.5754830002818292,2.4829894573793774,2.8605372387289068,13
rolling,por_activo,54,2020-07-01,2020-12-31,2021-01-04,AMZN,Crisis,False,,66,5.460275312685492,26,38,7,38,61,37,1.7394149826390977,2.102056713527317,2.5854932309446044,28
rolling,por_activo,54,2020-07-01,2020-12-31,2021-01-04,TSLA,Global,True,sin trials válidos: θ global de la ventana 51,0,-1000000000.0,13,53,22,20,61,10,1.7815987923053835,3.5849038778400097,4.285600609220521,8
rolling,por_activo,54,2020-07-01,2020-12-31,2021-01-04,TSLA,Tendencia,True,régimen con 0 días < 20,0,,13,53,22,20,61,10,1.7815987923053835,3.5849038778400097,4.285600609220521,8
rolling,por_activo,54,2020-07-01,2020-12-31,2021-01-04,TSLA,Reversión,True,régimen con 0 días < 20,0,,13,53,22,20,61,10,1.7815987923053835,3.5849038778400097,4.285600609220521,8
rolling,por_activo,54,2020-07-01,2020-12-31,2021-01-04,TSLA,Crisis,False,,63,87.35208407121145,23,21,25,21,72,13,1.9025465215522048,3.644642914921563,2.778946499121279,8
rolling,por_activo,54,2020-07-01,2020-12-31,2021-01-04,META,Global,True,sin trials válidos: θ global de la ventana 52,0,-1000000000.0,27,66,16,33,72,12,1.6077699868245394,1.7280537084718772,5.07827978019052,35
rolling,por_activo,54,2020-07-01,2020-12-31,2021-01-04,META,Tendencia,True,régimen con 0 días < 20,0,,27,66,16,33,72,12,1.6077699868245394,1.7280537084718772,5.07827978019052,35
rolling,por_activo,54,2020-07-01,2020-12-31,2021-01-04,META,Reversión,True,régimen con 0 días < 20,0,,27,66,16,33,72,12,1.6077699868245394,1.7280537084718772,5.07827978019052,35
rolling,por_activo,54,2020-07-01,2020-12-31,2021-01-04,META,Crisis,False,,42,10.722546391145688,29,65,8,36,75,14,2.86585174557022,3.0153207849949886,5.306615729797907,12
rolling,por_activo,54,2020-07-01,2020-12-31,2021-01-04,NFLX,Global,False,,22,8.952536384410028,7,51,24,21,63,12,1.6503640480596173,2.467233163302489,2.5913322207519625,24
rolling,por_activo,54,2020-07-01,2020-12-31,2021-01-04,NFLX,Tendencia,True,régimen con 0 días < 20,0,,7,51,24,21,63,12,1.6503640480596173,2.467233163302489,2.5913322207519625,24
rolling,por_activo,54,2020-07-01,2020-12-31,2021-01-04,NFLX,Reversión,True,régimen con 0 días < 20,0,,7,51,24,21,63,12,1.6503640480596173,2.467233163302489,2.5913322207519625,24
rolling,por_activo,54,2020-07-01,2020-12-31,2021-01-04,NFLX,Crisis,False,,51,10.28293496339683,22,90,26,38,68,12,1.5949688200253036,3.40168502233368,4.739450218406558,17
rolling,por_activo,54,2020-07-01,2020-12-31,2021-01-04,GOOGL,Global,False,,48,16.166986754099423,12,87,12,21,77,14,1.5949004340298139,1.2868703962041121,2.702509058602777,38
rolling,por_activo,54,2020-07-01,2020-12-31,2021-01-04,GOOGL,Tendencia,True,régimen con 0 días < 20,0,,12,87,12,21,77,14,1.5949004340298139,1.2868703962041121,2.702509058602777,38
rolling,por_activo,54,2020-07-01,2020-12-31,2021-01-04,GOOGL,Reversión,True,régimen con 0 días < 20,0,,12,87,12,21,77,14,1.5949004340298139,1.2868703962041121,2.702509058602777,38
rolling,por_activo,54,2020-07-01,2020-12-31,2021-01-04,GOOGL,Crisis,False,,67,7.167888126796189,29,29,26,21,71,13,1.6099886377862989,2.7406385745002764,4.998263166659882,15
rolling,por_activo,55,2020-08-03,2021-01-29,2021-02-01,NVDA,Global,True,sin trials válidos: θ global de la ventana 48,0,-1000000000.0,18,87,8,39,78,17,2.873561888626978,1.3498720692238746,1.8808911433589786,11
rolling,por_activo,55,2020-08-03,2021-01-29,2021-02-01,NVDA,Tendencia,True,régimen con 15 días < 20,0,,18,87,8,39,78,17,2.873561888626978,1.3498720692238746,1.8808911433589786,11
rolling,por_activo,55,2020-08-03,2021-01-29,2021-02-01,NVDA,Reversión,True,régimen con 0 días < 20,0,,18,87,8,39,78,17,2.873561888626978,1.3498720692238746,1.8808911433589786,11
rolling,por_activo,55,2020-08-03,2021-01-29,2021-02-01,NVDA,Crisis,False,,65,8.300512457732692,21,92,25,27,68,12,1.675241717265632,1.294572342351583,2.1669593617063745,37
rolling,por_activo,55,2020-08-03,2021-01-29,2021-02-01,AMZN,Global,False,,24,9.348507247858445,7,98,26,36,71,10,1.5190328558148603,2.094610777530194,1.080193093045566,38
rolling,por_activo,55,2020-08-03,2021-01-29,2021-02-01,AMZN,Tendencia,True,régimen con 15 días < 20,0,,7,98,26,36,71,10,1.5190328558148603,2.094610777530194,1.080193093045566,38
rolling,por_activo,55,2020-08-03,2021-01-29,2021-02-01,AMZN,Reversión,True,régimen con 0 días < 20,0,,7,98,26,36,71,10,1.5190328558148603,2.094610777530194,1.080193093045566,38
rolling,por_activo,55,2020-08-03,2021-01-29,2021-02-01,AMZN,Crisis,False,,58,12.961331245312651,28,16,22,22,78,16,1.643501999416443,3.5234308638725507,4.215057074619417,25
rolling,por_activo,55,2020-08-03,2021-01-29,2021-02-01,TSLA,Global,True,sin trials válidos: θ global de la ventana 51,0,-1000000000.0,13,53,22,20,61,10,1.7815987923053835,3.5849038778400097,4.285600609220521,8
rolling,por_activo,55,2020-08-03,2021-01-29,2021-02-01,TSLA,Tendencia,True,régimen con 15 días < 20,0,,13,53,22,20,61,10,1.7815987923053835,3.5849038778400097,4.285600609220521,8
rolling,por_activo,55,2020-08-03,2021-01-29,2021-02-01,TSLA,Reversión,True,régimen con 0 días < 20,0,,13,53,22,20,61,10,1.7815987923053835,3.5849038778400097,4.285600609220521,8
rolling,por_activo,55,2020-08-03,2021-01-29,2021-02-01,TSLA,Crisis,False,,68,91.51526148253433,26,16,18,25,76,13,1.9204384004796686,1.6540729508243546,2.759874910350851,12
rolling,por_activo,55,2020-08-03,2021-01-29,2021-02-01,META,Global,False,,13,0.9806331342765471,14,94,7,40,78,36,2.875588877305683,1.9323476773497616,2.375875303482043,12
rolling,por_activo,55,2020-08-03,2021-01-29,2021-02-01,META,Tendencia,True,régimen con 15 días < 20,0,,14,94,7,40,78,36,2.875588877305683,1.9323476773497616,2.375875303482043,12
rolling,por_activo,55,2020-08-03,2021-01-29,2021-02-01,META,Reversión,True,régimen con 0 días < 20,0,,14,94,7,40,78,36,2.875588877305683,1.9323476773497616,2.375875303482043,12
rolling,por_activo,55,2020-08-03,2021-01-29,2021-02-01,META,Crisis,True,ningún trial cumple N_MIN,0,-1000000000.0,14,94,7,40,78,36,2.875588877305683,1.9323476773497616,2.375875303482043,12
rolling,por_activo,55,2020-08-03,2021-01-29,2021-02-01,NFLX,Global,False,,9,4.8761549733834855,15,21,8,35,61,38,1.7329736073425392,3.3206171816465004,4.867371763861094,7
rolling,por_activo,55,2020-08-03,2021-01-29,2021-02-01,NFLX,Tendencia,True,régimen con 15 días < 20,0,,15,21,8,35,61,38,1.7329736073425392,3.3206171816465004,4.867371763861094,7
rolling,por_activo,55,2020-08-03,2021-01-29,2021-02-01,NFLX,Reversión,True,régimen con 0 días < 20,0,,15,21,8,35,61,38,1.7329736073425392,3.3206171816465004,4.867371763861094,7
rolling,por_activo,55,2020-08-03,2021-01-29,2021-02-01,NFLX,Crisis,False,,69,8.44044815163538,6,95,8,39,68,17,2.2404774171093664,3.4850990616028543,1.106797164554406,33
rolling,por_activo,55,2020-08-03,2021-01-29,2021-02-01,GOOGL,Global,False,,30,4.30490735676981,9,68,7,39,78,15,2.02548693356774,2.245272462638236,5.005955713830665,7
rolling,por_activo,55,2020-08-03,2021-01-29,2021-02-01,GOOGL,Tendencia,True,régimen con 15 días < 20,0,,9,68,7,39,78,15,2.02548693356774,2.245272462638236,5.005955713830665,7
rolling,por_activo,55,2020-08-03,2021-01-29,2021-02-01,GOOGL,Reversión,True,régimen con 0 días < 20,0,,9,68,7,39,78,15,2.02548693356774,2.245272462638236,5.005955713830665,7
rolling,por_activo,55,2020-08-03,2021-01-29,2021-02-01,GOOGL,Crisis,False,,65,18.54233802226503,29,27,8,29,73,18,1.6315277354946984,1.53330295301005,5.7517029217263,38
rolling,por_activo,56,2020-09-01,2021-02-26,2021-03-01,NVDA,Global,False,,52,17.117922776838842,28,54,15,22,69,10,1.5401619208747404,1.3393870476864116,1.3385303736404974,14
rolling,por_activo,56,2020-09-01,2021-02-26,2021-03-01,NVDA,Tendencia,True,ningún trial cumple N_MIN,0,-1000000000.0,28,54,15,22,69,10,1.5401619208747404,1.3393870476864116,1.3385303736404974,14
rolling,por_activo,56,2020-09-01,2021-02-26,2021-03-01,NVDA,Reversión,True,régimen con 0 días < 20,0,,28,54,15,22,69,10,1.5401619208747404,1.3393870476864116,1.3385303736404974,14
rolling,por_activo,56,2020-09-01,2021-02-26,2021-03-01,NVDA,Crisis,False,,45,12.591095706560221,13,66,8,38,66,37,1.8344448382216154,3.259273139665118,2.6986513972588324,39
rolling,por_activo,56,2020-09-01,2021-02-26,2021-03-01,AMZN,Global,False,,36,11.134867030829769,15,30,17,26,73,11,1.7008643473422511,2.0246540236864727,1.1881670231507122,36
rolling,por_activo,56,2020-09-01,2021-02-26,2021-03-01,AMZN,Tendencia,True,ningún trial cumple N_MIN,0,-1000000000.0,15,30,17,26,73,11,1.7008643473422511,2.0246540236864727,1.1881670231507122,36
rolling,por_activo,56,2020-09-01,2021-02-26,2021-03-01,AMZN,Reversión,True,régimen con 0 días < 20,0,,15,30,17,26,73,11,1.7008643473422511,2.0246540236864727,1.1881670231507122,36
rolling,por_activo,56,2020-09-01,2021-02-26,2021-03-01,AMZN,Crisis,False,,53,24.144200879441755,8,56,24,40,76,10,1.6808093224331342,3.4550430451578737,1.1728868221433026,28
rolling,por_activo,56,2020-09-01,2021-02-26,2021-03-01,TSLA,Global,True,sin trials válidos: θ global de la ventana 51,0,-1000000000.0,13,53,22,20,61,10,1.7815987923053835,3.5849038778400097,4.285600609220521,8
rolling,por_activo,56,2020-09-01,2021-02-26,2021-03-01,TSLA,Tendencia,True,ningún trial cumple N_MIN,0,-1000000000.0,13,53,22,20,61,10,1.7815987923053835,3.5849038778400097,4.285600609220521,8
rolling,por_activo,56,2020-09-01,2021-02-26,2021-03-01,TSLA,Reversión,True,régimen con 0 días < 20,0,,13,53,22,20,61,10,1.7815987923053835,3.5849038778400097,4.285600609220521,8
rolling,por_activo,56,2020-09-01,2021-02-26,2021-03-01,TSLA,Crisis,False,,12,15.521581977254531,28,36,7,30,78,14,1.600790917437146,1.2818062911919619,1.9081910222329261,35
rolling,por_activo,56,2020-09-01,2021-02-26,2021-03-01,META,Global,True,sin trials válidos: θ global de la ventana 55,0,-1000000000.0,14,94,7,40,78,36,2.875588877305683,1.9323476773497616,2.375875303482043,12
rolling,por_activo,56,2020-09-01,2021-02-26,2021-03-01,META,Tendencia,False,,37,4.807836429181664,29,60,7,26,69,14,1.7650869533625446,1.0735144395400487,3.846183779910037,24
rolling,por_activo,56,2020-09-01,2021-02-26,2021-03-01,META,Reversión,True,régimen con 0 días < 20,0,,14,94,7,40,78,36,2.875588877305683,1.9323476773497616,2.375875303482043,12
rolling,por_activo,56,2020-09-01,2021-02-26,2021-03-01,META,Crisis,False,,14,-0.14078220097237115,25,89,20,32,68,10,1.6905993152118997,2.7089363087579112,4.402804622259183,32
rolling,por_activo,56,2020-09-01,2021-02-26,2021-03-01,NFLX,Global,False,,37,5.156117333454481,28,30,8,38,80,12,2.2608465863789426,1.2006108715008448,4.988642834534451,9
rolling,por_activo,56,2020-09-01,2021-02-26,2021-03-01,NFLX,Tendencia,True,ningún trial cumple N_MIN,0,-1000000000.0,28,30,8,38,80,12,2.2608465863789426,1.2006108715008448,4.988642834534451,9
rolling,por_activo,56,2020-09-01,2021-02-26,2021-03-01,NFLX,Reversión,True,régimen con 0 días < 20,0,,28,30,8,38,80,12,2.2608465863789426,1.2006108715008448,4.988642834534451,9
rolling,por_activo,56,2020-09-01,2021-02-26,2021-03-01,NFLX,Crisis,False,,69,6.155421150685933,22,19,7,38,73,12,1.860099535016534,3.100826511295417,1.8102432682956817,30
rolling,por_activo,56,2020-09-01,2021-02-26,2021-03-01,GOOGL,Global,True,sin trials válidos: θ global de la ventana 55,0,-1000000000.0,9,68,7,39,78,15,2.02548693356774,2.245272462638236,5.005955713830665,7
rolling,por_activo,56,2020-09-01,2021-02-26,2021-03-01,GOOGL,Tendencia,True,ningún trial cumple N_MIN,0,-1000000000.0,9,68,7,39,78,15,2.02548693356774,2.245272462638236,5.005955713830665,7
rolling,por_activo,56,2020-09-01,2021-02-26,2021-03-01,GOOGL,Reversión,True,régimen con 0 días < 20,0,,9,68,7,39,78,15,2.02548693356774,2.245272462638236,5.005955713830665,7
rolling,por_activo,56,2020-09-01,2021-02-26,2021-03-01,GOOGL,Crisis,False,,56,5.137429784230695,10,52,20,27,61,12,1.5664762557649208,3.7990408123439554,5.256377312828869,23
rolling,por_activo,57,2020-10-01,2021-03-31,2021-04-01,NVDA,Global,False,,2,1.3220670357229114,17,20,14,27,72,13,1.5386915703331467,3.5024365842134864,1.6812486023496818,40
rolling,por_activo,57,2020-10-01,2021-03-31,2021-04-01,NVDA,Tendencia,False,,60,5.219253068362476,22,86,9,28,62,11,2.0065093659451367,1.1522652076802107,5.870070676357495,32
rolling,por_activo,57,2020-10-01,2021-03-31,2021-04-01,NVDA,Reversión,True,régimen con 17 días < 20,0,,17,20,14,27,72,13,1.5386915703331467,3.5024365842134864,1.6812486023496818,40
rolling,por_activo,57,2020-10-01,2021-03-31,2021-04-01,NVDA,Crisis,False,,14,3.5544661023558883,7,92,8,24,78,18,1.6345404391426295,1.9282614508882996,3.7471337439509798,20
rolling,por_activo,57,2020-10-01,2021-03-31,2021-04-01,AMZN,Global,False,,23,3.8431961677131206,14,90,7,36,75,15,1.5300656183924304,1.9373630311850012,1.7701912658535848,22
rolling,por_activo,57,2020-10-01,2021-03-31,2021-04-01,AMZN,Tendencia,False,,32,2.0927935360809484,12,19,8,39,60,21,2.477246647648757,3.5339915595804356,2.732939378791996,23
rolling,por_activo,57,2020-10-01,2021-03-31,2021-04-01,AMZN,Reversión,True,régimen con 17 días < 20,0,,14,90,7,36,75,15,1.5300656183924304,1.9373630311850012,1.7701912658535848,22
rolling,por_activo,57,2020-10-01,2021-03-31,2021-04-01,AMZN,Crisis,True,ningún trial cumple N_MIN,0,-1000000000.0,14,90,7,36,75,15,1.5300656183924304,1.9373630311850012,1.7701912658535848,22
rolling,por_activo,57,2020-10-01,2021-03-31,2021-04-01,TSLA,Global,False,,55,1.6743568157710917,18,82,8,36,77,36,1.703887824818018,1.7110078575565146,2.0933295243672783,33
rolling,por_activo,57,2020-10-01,2021-03-31,2021-04-01,TSLA,Tendencia,False,,74,53.24872534541534,26,38,12,21,77,11,1.8487142102633918,2.0745487951680524,1.6760073822324364,20
rolling,por_activo,57,2020-10-01,2021-03-31,2021-04-01,TSLA,Reversión,True,régimen con 17 días < 20,0,,18,82,8,36,77,36,1.703887824818018,1.7110078575565146,2.0933295243672783,33
rolling,por_activo,57,2020-10-01,2021-03-31,2021-04-01,TSLA,Crisis,True,ningún trial cumple N_MIN,0,-1000000000.0,18,82,8,36,77,36,1.703887824818018,1.7110078575565146,2.0933295243672783,33
rolling,por_activo,57,2020-10-01,2021-03-31,2021-04-01,META,Global,False,,58,3.421136246791069,22,70,8,21,72,14,1.5514460628242785,1.4361991878262135,3.362758150805975,8
rolling,por_activo,57,2020-10-01,2021-03-31,2021-04-01,META,Tendencia,False,,48,2.697928774209412,16,64,13,23,62,11,1.911778571209659,1.3320051107905055,4.710650228774489,23
rolling,por_activo,57,2020-10-01,2021-03-31,2021-04-01,META,Reversión,True,régimen con 17 días < 20,0,,22,70,8,21,72,14,1.5514460628242785,1.4361991878262135,3.362758150805975,8
rolling,por_activo,57,2020-10-01,2021-03-31,2021-04-01,META,Crisis,True,ningún trial cumple N_MIN,0,-1000000000.0,22,70,8,21,72,14,1.5514460628242785,1.4361991878262135,3.362758150805975,8
rolling,por_activo,57,2020-10-01,2021-03-31,2021-04-01,NFLX,Global,False,,58,10.95696125290153,7,21,14,38,69,10,1.6867418959332245,1.5499631722663438,1.2675853906924246,34
rolling,por_activo,57,2020-10-01,2021-03-31,2021-04-01,NFLX,Tendencia,False,,53,6.096388493288862,16,47,12,32,69,20,1.7130684724170628,1.4386583069999523,4.990790331471474,10
rolling,por_activo,57,2020-10-01,2021-03-31,2021-04-01,NFLX,Reversión,True,régimen con 17 días < 20,0,,7,21,14,38,69,10,1.6867418959332245,1.5499631722663438,1.2675853906924246,34
rolling,por_activo,57,2020-10-01,2021-03-31,2021-04-01,NFLX,Crisis,True,ningún trial cumple N_MIN,0,-1000000000.0,7,21,14,38,69,10,1.6867418959332245,1.5499631722663438,1.2675853906924246,34
rolling,por_activo,57,2020-10-01,2021-03-31,2021-04-01,GOOGL,Global,False,,11,17.750451247172226,18,22,22,28,68,12,1.5498745743586921,1.9443463753877492,5.603851896381762,10
rolling,por_activo,57,2020-10-01,2021-03-31,2021-04-01,GOOGL,Tendencia,True,ningún trial cumple N_MIN,0,-1000000000.0,18,22,22,28,68,12,1.5498745743586921,1.9443463753877492,5.603851896381762,10
rolling,por_activo,57,2020-10-01,2021-03-31,2021-04-01,GOOGL,Reversión,True,régimen con 17 días < 20,0,,18,22,22,28,68,12,1.5498745743586921,1.9443463753877492,5.603851896381762,10
rolling,por_activo,57,2020-10-01,2021-03-31,2021-04-01,GOOGL,Crisis,False,,43,7.408602549553129,10,34,9,28,77,13,1.5534356348879375,3.463530171948033,5.773183995489626,24
rolling,por_activo,58,2020-11-02,2021-04-30,2021-05-03,NVDA,Global,False,,49,9.713280698246141,28,43,24,20,71,25,1.8092292807546408,1.1079791045814187,3.0902640876815357,23
rolling,por_activo,58,2020-11-02,2021-04-30,2021-05-03,NVDA,Tendencia,False,,66,12.953156783803674,22,96,10,37,77,34,1.661334846324704,2.0813734766558114,4.650870145160386,35
rolling,por_activo,58,2020-11-02,2021-04-30,2021-05-03,NVDA,Reversión,True,ningún trial cumple N_MIN,0,-1000000000.0,28,43,24,20,71,25,1.8092292807546408,1.1079791045814187,3.0902640876815357,23
rolling,por_activo,58,2020-11-02,2021-04-30,2021-05-03,NVDA,Crisis,True,ningún trial cumple N_MIN,0,-1000000000.0,28,43,24,20,71,25,1.8092292807546408,1.1079791045814187,3.0902640876815357,23
rolling,por_activo,58,2020-11-02,2021-04-30,2021-05-03,AMZN,Global,True,sin trials válidos: θ global de la ventana 57,0,-1000000000.0,14,90,7,36,75,15,1.5300656183924304,1.9373630311850012,1.7701912658535848,22
rolling,por_activo,58,2020-11-02,2021-04-30,2021-05-03,AMZN,Tendencia,False,,50,2.434780062185148,26,75,8,21,62,17,1.669176481251259,2.261740009972544,1.8738803162627664,5
rolling,por_activo,58,2020-11-02,2021-04-30,2021-05-03,AMZN,Reversión,False,,1,-1.568286996773347,10,18,20,30,72,10,1.710982560144432,3.449360213433949,4.192311577916919,37
rolling,por_activo,58,2020-11-02,2021-04-30,2021-05-03,AMZN,Crisis,True,ningún trial cumple N_MIN,0,-1000000000.0,14,90,7,36,75,15,1.5300656183924304,1.9373630311850012,1.7701912658535848,22
rolling,por_activo,58,2020-11-02,2021-04-30,2021-05-03,TSLA,Global,False,,52,1.751922706419897,24,34,23,38,63,36,1.5544235644849906,1.4969377635183287,1.9503263277232195,24
rolling,por_activo,58,2020-11-02,2021-04-30,2021-05-03,TSLA,Tendencia,False,,44,2.140861690443469,29,99,27,35,76,30,2.005481112267891,2.376919638709485,2.236718541302024,9
rolling,por_activo,58,2020-11-02,2021-04-30,2021-05-03,TSLA,Reversión,True,ningún trial cumple N_MIN,0,-1000000000.0,24,34,23,38,63,36,1.5544235644849906,1.4969377635183287,1.9503263277232195,24
rolling,por_activo,58,2020-11-02,2021-04-30,2021-05-03,TSLA,Crisis,True,ningún trial cumple N_MIN,0,-1000000000.0,24,34,23,38,63,36,1.5544235644849906,1.4969377635183287,1.9503263277232195,24
rolling,por_activo,58,2020-11-02,2021-04-30,2021-05-03,META,Global,False,,33,5.190066322782731,28,90,25,24,78,28,1.5870891978440342,1.0388038091963572,3.8453174614098162,6
rolling,por_activo,58,2020-11-02,2021-04-30,2021-05-03,META,Tendencia,False,,63,8.767694321458146,29,96,12,34,76,23,2.143472711664187,1.2699915358417786,1.8926108038621872,11
rolling,por_activo,58,2020-11-02,2021-04-30,2021-05-03,META,Reversión,True,ningún trial cumple N_MIN,0,-1000000000.0,28,90,25,24,78,28,1.5870891978440342,1.0388038091963572,3.8453174614098162,6
rolling,por_activo,58,2020-11-02,2021-04-30,2021-05-03,META,Crisis,True,ningún trial cumple N_MIN,0,-1000000000.0,28,90,25,24,78,28,1.5870891978440342,1.0388038091963572,3.8453174614098162,6
rolling,por_activo,58,2020-11-02,2021-04-30,2021-05-03,NFLX,Global,False,,51,6.793368391242613,29,58,8,38,72,37,2.2944238382500313,1.2437786913049416,5.591333081475028,27
rolling,por_activo,58,2020-11-02,2021-04-30,2021-05-03,NFLX,Tendencia,False,,31,10.333211891691242,16,45,7,33,76,36,1.5453968987435522,2.2812143753353924,1.722057026363478,36
rolling,por_activo,58,2020-11-02,2021-04-30,2021-05-03,NFLX,Reversión,False,,67,6.107840490473712,21,28,21,38,78,14,1.583198077269544,1.5950515135448586,1.6879929423344529,23
rolling,por_activo,58,2020-11-02,2021-04-30,2021-05-03,NFLX,Crisis,True,ningún trial cumple N_MIN,0,-1000000000.0,29,58,8,38,72,37,2.2944238382500313,1.2437786913049416,5.591333081475028,27
rolling,por_activo,58,2020-11-02,2021-04-30,2021-05-03,GOOGL,Global,True,sin trials válidos: θ global de la ventana 57,0,-1000000000.0,18,22,22,28,68,12,1.5498745743586921,1.9443463753877492,5.603851896381762,10
rolling,por_activo,58,2020-11-02,2021-04-30,2021-05-03,GOOGL,Tendencia,True,ningún trial cumple N_MIN,0,-1000000000.0,18,22,22,28,68,12,1.5498745743586921,1.9443463753877492,5.603851896381762,10
rolling,por_activo,58,2020-11-02,2021-04-30,2021-05-03,GOOGL,Reversión,True,ningún trial cumple N_MIN,0,-1000000000.0,18,22,22,28,68,12,1.5498745743586921,1.9443463753877492,5.603851896381762,10
rolling,por_activo,58,2020-11-02,2021-04-30,2021-05-03,GOOGL,Crisis,True,ningún trial cumple N_MIN,0,-1000000000.0,18,22,22,28,68,12,1.5498745743586921,1.9443463753877492,5.603851896381762,10
rolling,por_activo,59,2020-12-01,2021-05-28,2021-06-01,NVDA,Global,False,,65,5.939552782890592,28,30,14,39,61,29,1.6860452260443382,1.6501974959141248,2.1380233147746033,40
rolling,por_activo,59,2020-12-01,2021-05-28,2021-06-01,NVDA,Tendencia,False,,49,0.7664334389690322,11,92,21,40,76,18,1.6806494919441057,1.7622246475286993,2.568329240878691,11
rolling,por_activo,59,2020-12-01,2021-05-28,2021-06-01,NVDA,Reversión,False,,54,-0.4459313948840291,22,50,10,23,66,15,1.586116363721989,1.4782565737218434,1.8001569331279894,11
rolling,por_activo,59,2020-12-01,2021-05-28,2021-06-01,NVDA,Crisis,True,ningún trial cumple N_MIN,0,-1000000000.0,28,30,14,39,61,29,1.6860452260443382,1.6501974959141248,2.1380233147746033,40
rolling,por_activo,59,2020-12-01,2021-05-28,2021-06-01,AMZN,Global,False,,55,3.7945265347520016,18,97,10,29,78,10,1.6793197270145286,1.8572506556648327,3.0111301906512846,31
rolling,por_activo,59,2020-12-01,2021-05-28,2021-06-01,AMZN,Tendencia,False,,38,0.40656587106493486,12,90,26,36,77,18,1.6343900362044725,1.0892390468760902,5.496429637130932,8
rolling,por_activo,59,2020-12-01,2021-05-28,2021-06-01,AMZN,Reversión,False,,63,0.175614218033408,21,69,9,21,75,25,1.7046942522083155,1.2000042897659802,4.0874687005158075,5
rolling,por_activo,59,2020-12-01,2021-05-28,2021-06-01,AMZN,Crisis,True,ningún trial cumple N_MIN,0,-1000000000.0,18,97,10,29,78,10,1.6793197270145286,1.8572506556648327,3.0111301906512846,31
rolling,por_activo,59,2020-12-01,2021-05-28,2021-06-01,TSLA,Global,False,,63,1.6609028638868726,28,78,13,40,79,37,1.7057870092639138,1.496850766494895,2.107816509554009,36
rolling,por_activo,59,2020-12-01,2021-05-28,2021-06-01,TSLA,Tendencia,False,,75,8.255823317768565,26,36,8,26,75,33,1.6669684650853307,2.2420196741813174,2.150132808346271,37
rolling,por_activo,59,2020-12-01,2021-05-28,2021-06-01,TSLA,Reversión,False,,11,0.8279843433522469,27,81,16,40,68,14,1.7891888137716465,1.174329733564233,1.1633545741251377,24
rolling,por_activo,59,2020-12-01,2021-05-28,2021-06-01,TSLA,Crisis,True,ningún trial cumple N_MIN,0,-1000000000.0,28,78,13,40,79,37,1.7057870092639138,1.496850766494895,2.107816509554009,36
rolling,por_activo,59,2020-12-01,2021-05-28,2021-06-01,META,Global,False,,56,5.388301231810912,26,55,26,26,78,12,1.5843042347047152,1.6847674987468342,2.944797687769828,22
rolling,por_activo,59,2020-12-01,2021-05-28,2021-06-01,META,Tendencia,False,,54,7.689511889372785,26,50,8,26,60,36,2.8851115638992137,1.171314498642768,1.9790860581951677,36
rolling,por_activo,59,2020-12-01,2021-05-28,2021-06-01,META,Reversión,True,ningún trial cumple N_MIN,0,-1000000000.0,26,55,26,26,78,12,1.5843042347047152,1.6847674987468342,2.944797687769828,22
rolling,por_activo,59,2020-12-01,2021-05-28,2021-06-01,META,Crisis,True,ningún trial cumple N_MIN,0,-1000000000.0,26,55,26,26,78,12,1.5843042347047152,1.6847674987468342,2.944797687769828,22
rolling,por_activo,59,2020-12-01,2021-05-28,2021-06-01,NFLX,Global,False,,55,3.3839851903255385,29,80,10,38,75,12,1.6054122522124437,1.1058105664889397,5.614014023273983,22
rolling,por_activo,59,2020-12-01,2021-05-28,2021-06-01,NFLX,Tendencia,False,,58,6.793175925235248,29,91,11,24,61,24,1.5863555798958677,1.483755069429662,5.4612155832870695,10
rolling,por_activo,59,2020-12-01,2021-05-28,2021-06-01,NFLX,Reversión,True,ningún trial cumple N_MIN,0,-1000000000.0,29,80,10,38,75,12,1.6054122522124437,1.1058105664889397,5.614014023273983,22
rolling,por_activo,59,2020-12-01,2021-05-28,2021-06-01,NFLX,Crisis,True,ningún trial cumple N_MIN,0,-1000000000.0,29,80,10,38,75,12,1.6054122522124437,1.1058105664889397,5.614014023273983,22
rolling,por_activo,59,2020-12-01,2021-05-28,2021-06-01,GOOGL,Global,True,sin trials válidos: θ global de la ventana 57,0,-1000000000.0,18,22,22,28,68,12,1.5498745743586921,1.9443463753877492,5.603851896381762,10
rolling,por_activo,59,2020-12-01,2021-05-28,2021-06-01,GOOGL,Tendencia,True,ningún trial cumple N_MIN,0,-1000000000.0,18,22,22,28,68,12,1.5498745743586921,1.9443463753877492,5.603851896381762,10
rolling,por_activo,59,2020-12-01,2021-05-28,2021-06-01,GOOGL,Reversión,True,ningún trial cumple N_MIN,0,-1000000000.0,18,22,22,28,68,12,1.5498745743586921,1.9443463753877492,5.603851896381762,10
rolling,por_activo,59,2020-12-01,2021-05-28,2021-06-01,GOOGL,Crisis,True,ningún trial cumple N_MIN,0,-1000000000.0,18,22,22,28,68,12,1.5498745743586921,1.9443463753877492,5.603851896381762,10
rolling,por_activo,60,2021-01-04,2021-06-30,2021-07-01,NVDA,Global,False,,39,4.918642689093208,30,44,8,36,80,38,2.7583557681882476,1.7764573125107042,3.3575834992457967,37
rolling,por_activo,60,2021-01-04,2021-06-30,2021-07-01,NVDA,Tendencia,False,,51,13.345869544572333,8,72,8,40,74,23,1.924651560538555,1.8645264871303413,2.0992593377159077,10
rolling,por_activo,60,2021-01-04,2021-06-30,2021-07-01,NVDA,Reversión,False,,38,-0.5487737935523644,18,82,9,39,76,16,2.101023606516077,1.7364867223831482,1.789873450471891,25
rolling,por_activo,60,2021-01-04,2021-06-30,2021-07-01,NVDA,Crisis,True,régimen con 0 días < 20,0,,30,44,8,36,80,38,2.7583557681882476,1.7764573125107042,3.3575834992457967,37
rolling,por_activo,60,2021-01-04,2021-06-30,2021-07-01,AMZN,Global,False,,66,1.0852077484698284,20,29,10,39,72,12,1.8906641378861715,1.3537706000323324,5.65611034899921,33
rolling,por_activo,60,2021-01-04,2021-06-30,2021-07-01,AMZN,Tendencia,True,ningún trial cumple N_MIN,0,-1000000000.0,20,29,10,39,72,12,1.8906641378861715,1.3537706000323324,5.65611034899921,33
rolling,por_activo,60,2021-01-04,2021-06-30,2021-07-01,AMZN,Reversión,False,,75,1.5531722754938417,28,49,16,21,64,11,1.8144791123720534,1.0722700134190817,5.310433488996752,8
rolling,por_activo,60,2021-01-04,2021-06-30,2021-07-01,AMZN,Crisis,True,régimen con 0 días < 20,0,,20,29,10,39,72,12,1.8906641378861715,1.3537706000323324,5.65611034899921,33
rolling,por_activo,60,2021-01-04,2021-06-30,2021-07-01,TSLA,Global,False,,64,1.0892875964663333,29,94,24,29,73,35,1.575469619253406,1.2914164798331793,5.588614038729818,26
rolling,por_activo,60,2021-01-04,2021-06-30,2021-07-01,TSLA,Tendencia,False,,78,2.122037451768878,22,42,7,22,64,24,1.8847302878860566,1.388681614432862,5.771094143896711,5
rolling,por_activo,60,2021-01-04,2021-06-30,2021-07-01,TSLA,Reversión,False,,48,2.1624224405712114,29,86,9,39,70,15,2.003759878691395,2.4833897158506257,3.56367761946109,16
rolling,por_activo,60,2021-01-04,2021-06-30,2021-07-01,TSLA,Crisis,True,régimen con 0 días < 20,0,,29,94,24,29,73,35,1.575469619253406,1.2914164798331793,5.588614038729818,26
rolling,por_activo,60,2021-01-04,2021-06-30,2021-07-01,META,Global,True,sin trials válidos: θ global de la ventana 59,0,-1000000000.0,26,55,26,26,78,12,1.5843042347047152,1.6847674987468342,2.944797687769828,22
rolling,por_activo,60,2021-01-04,2021-06-30,2021-07-01,META,Tendencia,False,,71,2.2716337289259676,27,65,14,21,75,11,1.5929194488926495,1.3542095489466925,3.943901340504266,26
rolling,por_activo,60,2021-01-04,2021-06-30,2021-07-01,META,Reversión,True,ningún trial cumple N_MIN,0,-1000000000.0,26,55,26,26,78,12,1.5843042347047152,1.6847674987468342,2.944797687769828,22
rolling,por_activo,60,2021-01-04,2021-06-30,2021-07-01,META,Crisis,True,régimen con 0 días < 20,0,,26,55,26,26,78,12,1.5843042347047152,1.6847674987468342,2.944797687769828,22
rolling,por_activo,60,2021-01-04,2021-06-30,2021-07-01,NFLX,Global,False,,68,12.224098598465869,17,25,17,28,76,14,1.674791865992579,2.5571682508488522,1.6279749852986831,24
rolling,por_activo,60,2021-01-04,2021-06-30,2021-07-01,NFLX,Tendencia,False,,51,7.6374903871717965,13,32,26,30,64,13,1.8435418306371192,2.190474238683028,1.7099509690717065,20
rolling,por_activo,60,2021-01-04,2021-06-30,2021-07-01,NFLX,Reversión,False,,64,5.697389927950253,7,67,23,32,63,13,1.6226826116073834,3.5096653505265882,1.8625785726884343,23
rolling,por_activo,60,2021-01-04,2021-06-30,2021-07-01,NFLX,Crisis,True,régimen con 0 días < 20,0,,17,25,17,28,76,14,1.674791865992579,2.5571682508488522,1.6279749852986831,24
rolling,por_activo,60,2021-01-04,2021-06-30,2021-07-01,GOOGL,Global,True,sin trials válidos: θ global de la ventana 57,0,-1000000000.0,18,22,22,28,68,12,1.5498745743586921,1.9443463753877492,5.603851896381762,10
rolling,por_activo,60,2021-01-04,2021-06-30,2021-07-01,GOOGL,Tendencia,True,ningún trial cumple N_MIN,0,-1000000000.0,18,22,22,28,68,12,1.5498745743586921,1.9443463753877492,5.603851896381762,10
rolling,por_activo,60,2021-01-04,2021-06-30,2021-07-01,GOOGL,Reversión,True,ningún trial cumple N_MIN,0,-1000000000.0,18,22,22,28,68,12,1.5498745743586921,1.9443463753877492,5.603851896381762,10
rolling,por_activo,60,2021-01-04,2021-06-30,2021-07-01,GOOGL,Crisis,True,régimen con 0 días < 20,0,,18,22,22,28,68,12,1.5498745743586921,1.9443463753877492,5.603851896381762,10
rolling,por_activo,61,2021-02-01,2021-07-30,2021-08-02,NVDA,Global,False,,59,13.819388660710814,22,80,9,31,69,27,1.763585193578028,1.1177184678439425,5.09770995271652,32
rolling,por_activo,61,2021-02-01,2021-07-30,2021-08-02,NVDA,Tendencia,False,,70,4.683446085695191,29,84,16,37,63,12,1.6182008084545632,1.4722182001198436,3.7869439086794996,26
rolling,por_activo,61,2021-02-01,2021-07-30,2021-08-02,NVDA,Reversión,False,,49,0.6413011080910138,19,65,12,30,62,12,1.6863498683881208,2.7551261940748764,3.2974124025811418,31
rolling,por_activo,61,2021-02-01,2021-07-30,2021-08-02,NVDA,Crisis,True,régimen con 0 días < 20,0,,22,80,9,31,69,27,1.763585193578028,1.1177184678439425,5.09770995271652,32
rolling,por_activo,61,2021-02-01,2021-07-30,2021-08-02,AMZN,Global,False,,48,-0.459723948823079,26,51,11,22,61,18,1.5881731128178673,1.40412709632061,4.761418190184464,28
rolling,por_activo,61,2021-02-01,2021-07-30,2021-08-02,AMZN,Tendencia,False,,35,1.5652803405450626,28,94,24,24,80,39,1.9783124432816193,1.038044361041313,4.891268697011991,27
rolling,por_activo,61,2021-02-01,2021-07-30,2021-08-02,AMZN,Reversión,False,,67,0.8537521744228415,15,17,27,39,79,25,1.6218591921627588,1.3383521508960312,3.2464586162165165,26
rolling,por_activo,61,2021-02-01,2021-07-30,2021-08-02,AMZN,Crisis,True,régimen con 0 días < 20,0,,26,51,11,22,61,18,1.5881731128178673,1.40412709632061,4.761418190184464,28
rolling,por_activo,61,2021-02-01,2021-07-30,2021-08-02,TSLA,Global,False,,65,1.830834640165167,13,81,11,33,69,22,1.9929054974371483,1.6435417633506895,5.200915138950013,5
rolling,por_activo,61,2021-02-01,2021-07-30,2021-08-02,TSLA,Tendencia,False,,53,2.11886290209596,26,24,7,22,68,38,1.6045340655178282,2.6126565220778732,2.152310466754595,19
rolling,por_activo,61,2021-02-01,2021-07-30,2021-08-02,TSLA,Reversión,False,,63,14.023316260010281,7,93,22,31,77,12,1.7622244887317833,1.867030377483627,2.1037596036431268,6
rolling,por_activo,61,2021-02-01,2021-07-30,2021-08-02,TSLA,Crisis,True,régimen con 0 días < 20,0,,13,81,11,33,69,22,1.9929054974371483,1.6435417633506895,5.200915138950013,5
rolling,por_activo,61,2021-02-01,2021-07-30,2021-08-02,META,Global,True,sin trials válidos: θ global de la ventana 59,0,-1000000000.0,26,55,26,26,78,12,1.5843042347047152,1.6847674987468342,2.944797687769828,22
rolling,por_activo,61,2021-02-01,2021-07-30,2021-08-02,META,Tendencia,False,,37,2.7319237528594256,10,67,8,39,60,34,2.8975097704866473,1.6969122534410659,4.061238675974342,14
rolling,por_activo,61,2021-02-01,2021-07-30,2021-08-02,META,Reversión,True,ningún trial cumple N_MIN,0,-1000000000.0,26,55,26,26,78,12,1.5843042347047152,1.6847674987468342,2.944797687769828,22
rolling,por_activo,61,2021-02-01,2021-07-30,2021-08-02,META,Crisis,True,régimen con 0 días < 20,0,,26,55,26,26,78,12,1.5843042347047152,1.6847674987468342,2.944797687769828,22
rolling,por_activo,61,2021-02-01,2021-07-30,2021-08-02,NFLX,Global,False,,61,-0.2878278929751942,6,79,9,40,69,15,1.6594165836233976,3.216810223516712,2.9310329805286535,6
rolling,por_activo,61,2021-02-01,2021-07-30,2021-08-02,NFLX,Tendencia,False,,58,2.587377791360345,14,52,26,22,70,14,1.7684291772069232,2.105111229925619,1.7668093401851088,9
rolling,por_activo,61,2021-02-01,2021-07-30,2021-08-02,NFLX,Reversión,False,,65,3.1656173392200153,22,94,9,23,72,11,1.6384769183634145,2.362239457258317,1.8525348159961483,32
rolling,por_activo,61,2021-02-01,2021-07-30,2021-08-02,NFLX,Crisis,True,régimen con 0 días < 20,0,,6,79,9,40,69,15,1.6594165836233976,3.216810223516712,2.9310329805286535,6
rolling,por_activo,61,2021-02-01,2021-07-30,2021-08-02,GOOGL,Global,True,sin trials válidos: θ global de la ventana 57,0,-1000000000.0,18,22,22,28,68,12,1.5498745743586921,1.9443463753877492,5.603851896381762,10
rolling,por_activo,61,2021-02-01,2021-07-30,2021-08-02,GOOGL,Tendencia,True,ningún trial cumple N_MIN,0,-1000000000.0,18,22,22,28,68,12,1.5498745743586921,1.9443463753877492,5.603851896381762,10
rolling,por_activo,61,2021-02-01,2021-07-30,2021-08-02,GOOGL,Reversión,True,ningún trial cumple N_MIN,0,-1000000000.0,18,22,22,28,68,12,1.5498745743586921,1.9443463753877492,5.603851896381762,10
rolling,por_activo,61,2021-02-01,2021-07-30,2021-08-02,GOOGL,Crisis,True,régimen con 0 días < 20,0,,18,22,22,28,68,12,1.5498745743586921,1.9443463753877492,5.603851896381762,10
rolling,por_activo,62,2021-03-01,2021-08-31,2021-09-01,NVDA,Global,False,,42,8.017728470061256,8,32,8,38,77,34,1.5832594851374262,1.5390080886407156,5.2254368729950125,17
rolling,por_activo,62,2021-03-01,2021-08-31,2021-09-01,NVDA,Tendencia,False,,62,15.57430621306743,28,65,21,38,77,13,2.1109397769344245,3.293689278474094,3.7461491132780464,36
rolling,por_activo,62,2021-03-01,2021-08-31,2021-09-01,NVDA,Reversión,False,,35,1.5953187565906544,12,39,10,36,62,27,1.7134035052280954,1.0884249529392096,3.191378832381937,10
rolling,por_activo,62,2021-03-01,2021-08-31,2021-09-01,NVDA,Crisis,True,régimen con 0 días < 20,0,,8,32,8,38,77,34,1.5832594851374262,1.5390080886407156,5.2254368729950125,17
rolling,por_activo,62,2021-03-01,2021-08-31,2021-09-01,AMZN,Global,False,,56,1.5561368831496947,23,80,18,34,69,24,1.9988915224185484,3.245762086839621,5.646350477703033,7
rolling,por_activo,62,2021-03-01,2021-08-31,2021-09-01,AMZN,Tendencia,False,,60,8.126504433626193,29,94,9,20,78,38,2.0629272303539548,1.1833327935258078,4.1843397770899,24
rolling,por_activo,62,2021-03-01,2021-08-31,2021-09-01,AMZN,Reversión,False,,55,6.5288144732541715,29,92,26,34,76,12,1.8093426690992835,1.0571428003319165,2.107363822200118,18
rolling,por_activo,62,2021-03-01,2021-08-31,2021-09-01,AMZN,Crisis,True,régimen con 0 días < 20,0,,23,80,18,34,69,24,1.9988915224185484,3.245762086839621,5.646350477703033,7
rolling,por_activo,62,2021-03-01,2021-08-31,2021-09-01,TSLA,Global,False,,65,1.9343434779229265,25,77,11,24,66,23,1.8496441517766382,1.1556699290304735,5.432925983387247,35
rolling,por_activo,62,2021-03-01,2021-08-31,2021-09-01,TSLA,Tendencia,False,,48,0.8507973643342036,11,93,8,24,66,38,1.9747707605585727,1.0767439110330848,2.2321386001167185,6
rolling,por_activo,62,2021-03-01,2021-08-31,2021-09-01,TSLA,Reversión,False,,33,3.7738304187879943,8,96,8,38,71,26,1.7108209811973119,1.1564573671414207,5.46159489243021,22
rolling,por_activo,62,2021-03-01,2021-08-31,2021-09-01,TSLA,Crisis,True,régimen con 0 días < 20,0,,25,77,11,24,66,23,1.8496441517766382,1.1556699290304735,5.432925983387247,35
rolling,por_activo,62,2021-03-01,2021-08-31,2021-09-01,META,Global,True,sin trials válidos: θ global de la ventana 59,0,-1000000000.0,26,55,26,26,78,12,1.5843042347047152,1.6847674987468342,2.944797687769828,22
rolling,por_activo,62,2021-03-01,2021-08-31,2021-09-01,META,Tendencia,False,,40,5.865163315890524,24,84,15,22,60,10,1.654191585911167,1.0301218948159843,5.367213081242639,22
rolling,por_activo,62,2021-03-01,2021-08-31,2021-09-01,META,Reversión,False,,53,6.406779099946206,28,20,25,38,75,11,1.6264386491662504,3.8186431847438196,4.253698209834246,7
rolling,por_activo,62,2021-03-01,2021-08-31,2021-09-01,META,Crisis,True,régimen con 0 días < 20,0,,26,55,26,26,78,12,1.5843042347047152,1.6847674987468342,2.944797687769828,22
rolling,por_activo,62,2021-03-01,2021-08-31,2021-09-01,NFLX,Global,False,,63,2.0799935620194914,16,63,9,40,70,13,1.7562434576267625,3.4644391374270995,3.796560727154266,26
rolling,por_activo,62,2021-03-01,2021-08-31,2021-09-01,NFLX,Tendencia,False,,46,2.692067899571614,22,18,8,39,70,26,2.920145193282122,3.544346731847054,1.1005304517461796,8
rolling,por_activo,62,2021-03-01,2021-08-31,2021-09-01,NFLX,Reversión,False,,77,0.2399357326714284,28,23,24,22,73,12,1.7114785427280799,1.450125935128408,1.8506417185536823,8
rolling,por_activo,62,2021-03-01,2021-08-31,2021-09-01,NFLX,Crisis,True,régimen con 0 días < 20,0,,16,63,9,40,70,13,1.7562434576267625,3.4644391374270995,3.796560727154266,26
rolling,por_activo,62,2021-03-01,2021-08-31,2021-09-01,GOOGL,Global,True,sin trials válidos: θ global de la ventana 57,0,-1000000000.0,18,22,22,28,68,12,1.5498745743586921,1.9443463753877492,5.603851896381762,10
rolling,por_activo,62,2021-03-01,2021-08-31,2021-09-01,GOOGL,Tendencia,True,ningún trial cumple N_MIN,0,-1000000000.0,18,22,22,28,68,12,1.5498745743586921,1.9443463753877492,5.603851896381762,10
rolling,por_activo,62,2021-03-01,2021-08-31,2021-09-01,GOOGL,Reversión,True,ningún trial cumple N_MIN,0,-1000000000.0,18,22,22,28,68,12,1.5498745743586921,1.9443463753877492,5.603851896381762,10
rolling,por_activo,62,2021-03-01,2021-08-31,2021-09-01,GOOGL,Crisis,True,régimen con 0 días < 20,0,,18,22,22,28,68,12,1.5498745743586921,1.9443463753877492,5.603851896381762,10
rolling,por_activo,63,2021-04-01,2021-09-30,2021-10-01,NVDA,Global,False,,55,4.381143826324833,26,59,20,38,61,20,1.7827510336087005,2.712628042602521,2.663120822163869,18
rolling,por_activo,63,2021-04-01,2021-09-30,2021-10-01,NVDA,Tendencia,False,,73,48.50175796670577,27,86,15,20,65,15,1.5828976522125355,2.702481122594805,5.8013253753851615,14
rolling,por_activo,63,2021-04-01,2021-09-30,2021-10-01,NVDA,Reversión,False,,48,5.1444032576972925,20,97,8,37,75,10,2.831017573990178,1.27204897787202,5.861884929765936,38
rolling,por_activo,63,2021-04-01,2021-09-30,2021-10-01,NVDA,Crisis,True,régimen con 0 días < 20,0,,26,59,20,38,61,20,1.7827510336087005,2.712628042602521,2.663120822163869,18
rolling,por_activo,63,2021-04-01,2021-09-30,2021-10-01,AMZN,Global,False,,62,2.516067713916608,23,87,24,21,67,13,1.9411403280270694,2.6773587127541654,1.960279545626558,28
rolling,por_activo,63,2021-04-01,2021-09-30,2021-10-01,AMZN,Tendencia,False,,33,4.273404047526359,14,16,27,32,68,16,2.2656093693442227,3.8375170897426854,2.666760544915259,36
rolling,por_activo,63,2021-04-01,2021-09-30,2021-10-01,AMZN,Reversión,False,,54,-1.9458805583204684,7,36,22,34,62,14,1.5985560671950612,3.950875178779735,5.056309635161002,20
rolling,por_activo,63,2021-04-01,2021-09-30,2021-10-01,AMZN,Crisis,True,régimen con 0 días < 20,0,,23,87,24,21,67,13,1.9411403280270694,2.6773587127541654,1.960279545626558,28
rolling,por_activo,63,2021-04-01,2021-09-30,2021-10-01,TSLA,Global,False,,19,8.107172324449854,28,26,10,21,66,14,1.6022671149473502,2.3914633882040084,4.0233380549837205,5
rolling,por_activo,63,2021-04-01,2021-09-30,2021-10-01,TSLA,Tendencia,True,ningún trial cumple N_MIN,0,-1000000000.0,28,26,10,21,66,14,1.6022671149473502,2.3914633882040084,4.0233380549837205,5
rolling,por_activo,63,2021-04-01,2021-09-30,2021-10-01,TSLA,Reversión,False,,63,4.229652040366608,14,95,14,38,79,13,1.904878911413745,1.6618543106964165,1.34335928538589,23
rolling,por_activo,63,2021-04-01,2021-09-30,2021-10-01,TSLA,Crisis,True,régimen con 0 días < 20,0,,28,26,10,21,66,14,1.6022671149473502,2.3914633882040084,4.0233380549837205,5
rolling,por_activo,63,2021-04-01,2021-09-30,2021-10-01,META,Global,True,sin trials válidos: θ global de la ventana 59,0,-1000000000.0,26,55,26,26,78,12,1.5843042347047152,1.6847674987468342,2.944797687769828,22
rolling,por_activo,63,2021-04-01,2021-09-30,2021-10-01,META,Tendencia,False,,55,7.361550215610358,14,88,7,39,64,11,2.887274493932603,1.3927591732384692,5.16357293569775,8
rolling,por_activo,63,2021-04-01,2021-09-30,2021-10-01,META,Reversión,True,ningún trial cumple N_MIN,0,-1000000000.0,26,55,26,26,78,12,1.5843042347047152,1.6847674987468342,2.944797687769828,22
rolling,por_activo,63,2021-04-01,2021-09-30,2021-10-01,META,Crisis,True,régimen con 0 días < 20,0,,26,55,26,26,78,12,1.5843042347047152,1.6847674987468342,2.944797687769828,22
rolling,por_activo,63,2021-04-01,2021-09-30,2021-10-01,NFLX,Global,False,,39,2.6582173954313197,16,68,28,26,70,12,1.5872081172014265,2.425618196965174,5.014342927725673,32
rolling,por_activo,63,2021-04-01,2021-09-30,2021-10-01,NFLX,Tendencia,True,ningún trial cumple N_MIN,0,-1000000000.0,16,68,28,26,70,12,1.5872081172014265,2.425618196965174,5.014342927725673,32
rolling,por_activo,63,2021-04-01,2021-09-30,2021-10-01,NFLX,Reversión,False,,67,2.7722452032855505,29,24,26,38,62,21,1.788308196779528,2.5147644217545673,5.3308086097975,29
rolling,por_activo,63,2021-04-01,2021-09-30,2021-10-01,NFLX,Crisis,True,régimen con 0 días < 20,0,,16,68,28,26,70,12,1.5872081172014265,2.425618196965174,5.014342927725673,32
rolling,por_activo,63,2021-04-01,2021-09-30,2021-10-01,GOOGL,Global,True,sin trials válidos: θ global de la ventana 57,0,-1000000000.0,18,22,22,28,68,12,1.5498745743586921,1.9443463753877492,5.603851896381762,10
rolling,por_activo,63,2021-04-01,2021-09-30,2021-10-01,GOOGL,Tendencia,True,ningún trial cumple N_MIN,0,-1000000000.0,18,22,22,28,68,12,1.5498745743586921,1.9443463753877492,5.603851896381762,10
rolling,por_activo,63,2021-04-01,2021-09-30,2021-10-01,GOOGL,Reversión,True,ningún trial cumple N_MIN,0,-1000000000.0,18,22,22,28,68,12,1.5498745743586921,1.9443463753877492,5.603851896381762,10
rolling,por_activo,63,2021-04-01,2021-09-30,2021-10-01,GOOGL,Crisis,True,régimen con 0 días < 20,0,,18,22,22,28,68,12,1.5498745743586921,1.9443463753877492,5.603851896381762,10
rolling,por_activo,64,2021-05-03,2021-10-29,2021-11-01,NVDA,Global,False,,38,12.141024601956836,20,38,23,34,80,17,1.5281995259191459,3.843513107389362,2.3851631712731542,18
rolling,por_activo,64,2021-05-03,2021-10-29,2021-11-01,NVDA,Tendencia,False,,71,15.929995671481562,29,92,8,34,76,16,1.612514031682475,2.3339692757045203,5.400776076223935,14
rolling,por_activo,64,2021-05-03,2021-10-29,2021-11-01,NVDA,Reversión,False,,64,0.6573844547995537,6,94,17,21,79,13,1.8482937900308918,1.2582701540208754,3.6449578005706655,37
rolling,por_activo,64,2021-05-03,2021-10-29,2021-11-01,NVDA,Crisis,True,régimen con 0 días < 20,0,,20,38,23,34,80,17,1.5281995259191459,3.843513107389362,2.3851631712731542,18
rolling,por_activo,64,2021-05-03,2021-10-29,2021-11-01,AMZN,Global,False,,54,5.923303741506359,10,26,26,21,62,16,1.9864781271809693,3.571047295983443,5.645788683054702,26
rolling,por_activo,64,2021-05-03,2021-10-29,2021-11-01,AMZN,Tendencia,False,,60,3.819087508534036,11,34,26,30,79,15,2.267958765811197,3.8511234317811986,2.1143539607570134,38
rolling,por_activo,64,2021-05-03,2021-10-29,2021-11-01,AMZN,Reversión,False,,27,13.787895456296173,23,78,10,39,66,12,1.7477544829826113,2.395680650369487,1.273994298214753,6
rolling,por_activo,64,2021-05-03,2021-10-29,2021-11-01,AMZN,Crisis,True,régimen con 0 días < 20,0,,10,26,26,21,62,16,1.9864781271809693,3.571047295983443,5.645788683054702,26
rolling,por_activo,64,2021-05-03,2021-10-29,2021-11-01,TSLA,Global,True,sin trials válidos: θ global de la ventana 63,0,-1000000000.0,28,26,10,21,66,14,1.6022671149473502,2.3914633882040084,4.0233380549837205,5
rolling,por_activo,64,2021-05-03,2021-10-29,2021-11-01,TSLA,Tendencia,True,ningún trial cumple N_MIN,0,-1000000000.0,28,26,10,21,66,14,1.6022671149473502,2.3914633882040084,4.0233380549837205,5
rolling,por_activo,64,2021-05-03,2021-10-29,2021-11-01,TSLA,Reversión,False,,26,3.2128243093815785,18,20,28,37,79,10,1.623918786486464,3.814562783230009,1.7873913033830366,17
rolling,por_activo,64,2021-05-03,2021-10-29,2021-11-01,TSLA,Crisis,True,régimen con 0 días < 20,0,,28,26,10,21,66,14,1.6022671149473502,2.3914633882040084,4.0233380549837205,5
rolling,por_activo,64,2021-05-03,2021-10-29,2021-11-01,META,Global,False,,1,3.2505910349013534,18,86,12,36,60,10,1.5321632142588408,1.7990458022470768,5.1941246873264335,18
rolling,por_activo,64,2021-05-03,2021-10-29,2021-11-01,META,Tendencia,False,,64,4.977155042632135,29,49,10,28,73,10,1.7489081819171175,2.9302109407007815,2.4036729178669316,37
rolling,por_activo,64,2021-05-03,2021-10-29,2021-11-01,META,Reversión,True,ningún trial cumple N_MIN,0,-1000000000.0,18,86,12,36,60,10,1.5321632142588408,1.7990458022470768,5.1941246873264335,18
rolling,por_activo,64,2021-05-03,2021-10-29,2021-11-01,META,Crisis,True,régimen con 0 días < 20,0,,18,86,12,36,60,10,1.5321632142588408,1.7990458022470768,5.1941246873264335,18
rolling,por_activo,64,2021-05-03,2021-10-29,2021-11-01,NFLX,Global,False,,27,2.799236761909431,19,78,12,39,79,11,1.521790160799613,1.1453070854267386,4.651939780242622,19
rolling,por_activo,64,2021-05-03,2021-10-29,2021-11-01,NFLX,Tendencia,True,ningún trial cumple N_MIN,0,-1000000000.0,19,78,12,39,79,11,1.521790160799613,1.1453070854267386,4.651939780242622,19
rolling,por_activo,64,2021-05-03,2021-10-29,2021-11-01,NFLX,Reversión,False,,56,-0.172188907975162,28,86,8,38,71,26,1.8064320971341137,2.5912406118164464,1.9035462178170515,15
rolling,por_activo,64,2021-05-03,2021-10-29,2021-11-01,NFLX,Crisis,True,régimen con 0 días < 20,0,,19,78,12,39,79,11,1.521790160799613,1.1453070854267386,4.651939780242622,19
rolling,por_activo,64,2021-05-03,2021-10-29,2021-11-01,GOOGL,Global,False,,48,0.9443080296505253,20,63,13,22,78,10,1.553134092379858,1.6872521373885387,2.739651378190735,28
rolling,por_activo,64,2021-05-03,2021-10-29,2021-11-01,GOOGL,Tendencia,False,,59,3.1782686705977605,23,30,10,33,79,10,1.5183569011777527,2.2811850897361454,5.361689457984806,38
rolling,por_activo,64,2021-05-03,2021-10-29,2021-11-01,GOOGL,Reversión,True,ningún trial cumple N_MIN,0,-1000000000.0,20,63,13,22,78,10,1.553134092379858,1.6872521373885387,2.739651378190735,28
rolling,por_activo,64,2021-05-03,2021-10-29,2021-11-01,GOOGL,Crisis,True,régimen con 0 días < 20,0,,20,63,13,22,78,10,1.553134092379858,1.6872521373885387,2.739651378190735,28
rolling,por_activo,65,2021-06-01,2021-11-30,2021-12-01,NVDA,Global,False,,44,8.21854035511163,18,68,12,40,74,14,1.7208688017029905,1.6039165340093575,3.3269026423458916,8
rolling,por_activo,65,2021-06-01,2021-11-30,2021-12-01,NVDA,Tendencia,False,,1,0.23560601080737048,6,22,9,37,66,16,2.471099352387288,2.5468324732104657,1.8879207136727463,33
rolling,por_activo,65,2021-06-01,2021-11-30,2021-12-01,NVDA,Reversión,True,ningún trial cumple N_MIN,0,-1000000000.0,18,68,12,40,74,14,1.7208688017029905,1.6039165340093575,3.3269026423458916,8
rolling,por_activo,65,2021-06-01,2021-11-30,2021-12-01,NVDA,Crisis,True,régimen con 0 días < 20,0,,18,68,12,40,74,14,1.7208688017029905,1.6039165340093575,3.3269026423458916,8
rolling,por_activo,65,2021-06-01,2021-11-30,2021-12-01,AMZN,Global,False,,43,-0.996071214014915,19,28,15,21,61,10,1.5740504410354401,1.1331783961483686,5.49879570537863,24
rolling,por_activo,65,2021-06-01,2021-11-30,2021-12-01,AMZN,Tendencia,False,,68,8.305833284295062,29,93,17,35,72,16,2.5536812757743066,3.801053151515227,5.640789533322723,11
rolling,por_activo,65,2021-06-01,2021-11-30,2021-12-01,AMZN,Reversión,True,ningún trial cumple N_MIN,0,-1000000000.0,19,28,15,21,61,10,1.5740504410354401,1.1331783961483686,5.49879570537863,24
rolling,por_activo,65,2021-06-01,2021-11-30,2021-12-01,AMZN,Crisis,True,régimen con 0 días < 20,0,,19,28,15,21,61,10,1.5740504410354401,1.1331783961483686,5.49879570537863,24
rolling,por_activo,65,2021-06-01,2021-11-30,2021-12-01,TSLA,Global,False,,17,7.80294697395143,28,58,26,29,76,10,1.5372652787833765,2.036321467016557,2.456900526927825,14
rolling,por_activo,65,2021-06-01,2021-11-30,2021-12-01,TSLA,Tendencia,True,ningún trial cumple N_MIN,0,-1000000000.0,28,58,26,29,76,10,1.5372652787833765,2.036321467016557,2.456900526927825,14
rolling,por_activo,65,2021-06-01,2021-11-30,2021-12-01,TSLA,Reversión,True,ningún trial cumple N_MIN,0,-1000000000.0,28,58,26,29,76,10,1.5372652787833765,2.036321467016557,2.456900526927825,14
rolling,por_activo,65,2021-06-01,2021-11-30,2021-12-01,TSLA,Crisis,True,régimen con 0 días < 20,0,,28,58,26,29,76,10,1.5372652787833765,2.036321467016557,2.456900526927825,14
rolling,por_activo,65,2021-06-01,2021-11-30,2021-12-01,META,Global,True,sin trials válidos: θ global de la ventana 64,0,-1000000000.0,18,86,12,36,60,10,1.5321632142588408,1.7990458022470768,5.1941246873264335,18
rolling,por_activo,65,2021-06-01,2021-11-30,2021-12-01,META,Tendencia,False,,71,15.255380485541217,6,60,24,22,79,10,1.9565826093942378,1.6598074430112701,4.128894984387532,17
rolling,por_activo,65,2021-06-01,2021-11-30,2021-12-01,META,Reversión,True,ningún trial cumple N_MIN,0,-1000000000.0,18,86,12,36,60,10,1.5321632142588408,1.7990458022470768,5.1941246873264335,18
rolling,por_activo,65,2021-06-01,2021-11-30,2021-12-01,META,Crisis,True,régimen con 0 días < 20,0,,18,86,12,36,60,10,1.5321632142588408,1.7990458022470768,5.1941246873264335,18
rolling,por_activo,65,2021-06-01,2021-11-30,2021-12-01,NFLX,Global,False,,37,3.881830924023182,28,46,7,38,70,38,2.113047090778454,1.2638588990554307,1.264155444163399,6
rolling,por_activo,65,2021-06-01,2021-11-30,2021-12-01,NFLX,Tendencia,False,,35,23.191923806778384,14,89,7,40,64,36,2.0869702440060545,3.655147737514704,5.335540637033677,9
rolling,por_activo,65,2021-06-01,2021-11-30,2021-12-01,NFLX,Reversión,True,ningún trial cumple N_MIN,0,-1000000000.0,28,46,7,38,70,38,2.113047090778454,1.2638588990554307,1.264155444163399,6
rolling,por_activo,65,2021-06-01,2021-11-30,2021-12-01,NFLX,Crisis,True,régimen con 0 días < 20,0,,28,46,7,38,70,38,2.113047090778454,1.2638588990554307,1.264155444163399,6
rolling,por_activo,65,2021-06-01,2021-11-30,2021-12-01,GOOGL,Global,True,sin trials válidos: θ global de la ventana 64,0,-1000000000.0,20,63,13,22,78,10,1.553134092379858,1.6872521373885387,2.739651378190735,28
rolling,por_activo,65,2021-06-01,2021-11-30,2021-12-01,GOOGL,Tendencia,False,,53,3.1110191700433125,10,78,11,29,62,23,1.6032276454790153,1.0799792931535939,5.568300799350828,38
rolling,por_activo,65,2021-06-01,2021-11-30,2021-12-01,GOOGL,Reversión,True,ningún trial cumple N_MIN,0,-1000000000.0,20,63,13,22,78,10,1.553134092379858,1.6872521373885387,2.739651378190735,28
rolling,por_activo,65,2021-06-01,2021-11-30,2021-12-01,GOOGL,Crisis,True,régimen con 0 días < 20,0,,20,63,13,22,78,10,1.553134092379858,1.6872521373885387,2.739651378190735,28
rolling,por_activo,66,2021-07-01,2021-12-31,2022-01-03,NVDA,Global,False,,6,6.077363492900784,10,99,12,40,72,16,2.5758831530910995,1.451711837678048,5.091167645626128,31
rolling,por_activo,66,2021-07-01,2021-12-31,2022-01-03,NVDA,Tendencia,False,,76,15.283529354075911,13,53,20,39,67,18,1.7449761267996067,1.5996780913518465,4.64596926721432,38
rolling,por_activo,66,2021-07-01,2021-12-31,2022-01-03,NVDA,Reversión,True,régimen con 10 días < 20,0,,10,99,12,40,72,16,2.5758831530910995,1.451711837678048,5.091167645626128,31
rolling,por_activo,66,2021-07-01,2021-12-31,2022-01-03,NVDA,Crisis,True,régimen con 0 días < 20,0,,10,99,12,40,72,16,2.5758831530910995,1.451711837678048,5.091167645626128,31
rolling,por_activo,66,2021-07-01,2021-12-31,2022-01-03,AMZN,Global,False,,59,3.2845451887086012,28,100,8,38,71,29,1.6522755826599869,3.7438588244985285,3.540530066979655,10
rolling,por_activo,66,2021-07-01,2021-12-31,2022-01-03,AMZN,Tendencia,False,,59,4.408528046746918,8,33,8,34,74,18,1.851612089400334,3.515620209972968,5.28283125246883,38
rolling,por_activo,66,2021-07-01,2021-12-31,2022-01-03,AMZN,Reversión,True,régimen con 10 días < 20,0,,28,100,8,38,71,29,1.6522755826599869,3.7438588244985285,3.540530066979655,10
rolling,por_activo,66,2021-07-01,2021-12-31,2022-01-03,AMZN,Crisis,True,régimen con 0 días < 20,0,,28,100,8,38,71,29,1.6522755826599869,3.7438588244985285,3.540530066979655,10
rolling,por_activo,66,2021-07-01,2021-12-31,2022-01-03,TSLA,Global,False,,16,6.382665261409621,12,22,26,26,75,10,1.5758553269322593,1.4211616719682323,2.9431490549476207,30
rolling,por_activo,66,2021-07-01,2021-12-31,2022-01-03,TSLA,Tendencia,False,,3,3.3203532792015324,18,43,7,32,63,34,1.6825400359229916,1.973408224700561,3.7203427262639943,29
rolling,por_activo,66,2021-07-01,2021-12-31,2022-01-03,TSLA,Reversión,True,régimen con 10 días < 20,0,,12,22,26,26,75,10,1.5758553269322593,1.4211616719682323,2.9431490549476207,30
rolling,por_activo,66,2021-07-01,2021-12-31,2022-01-03,TSLA,Crisis,True,régimen con 0 días < 20,0,,12,22,26,26,75,10,1.5758553269322593,1.4211616719682323,2.9431490549476207,30
rolling,por_activo,66,2021-07-01,2021-12-31,2022-01-03,META,Global,False,,63,7.4891864709702185,24,93,9,20,61,11,1.794117436004275,3.0158679695618984,1.4266238087212724,12
rolling,por_activo,66,2021-07-01,2021-12-31,2022-01-03,META,Tendencia,False,,45,3.053357077365787,27,43,18,23,62,35,1.5908449159861957,1.5320446800049243,4.700162401330957,11
rolling,por_activo,66,2021-07-01,2021-12-31,2022-01-03,META,Reversión,True,régimen con 10 días < 20,0,,24,93,9,20,61,11,1.794117436004275,3.0158679695618984,1.4266238087212724,12
rolling,por_activo,66,2021-07-01,2021-12-31,2022-01-03,META,Crisis,True,régimen con 0 días < 20,0,,24,93,9,20,61,11,1.794117436004275,3.0158679695618984,1.4266238087212724,12
rolling,por_activo,66,2021-07-01,2021-12-31,2022-01-03,NFLX,Global,False,,67,2.136018470213649,29,91,7,40,69,39,1.8569643186571168,1.3530318591030066,1.163571046652036,6
rolling,por_activo,66,2021-07-01,2021-12-31,2022-01-03,NFLX,Tendencia,False,,56,4.3745433449341755,18,24,12,23,79,11,1.8926779171669723,3.6617987549226965,2.375462255918374,33
rolling,por_activo,66,2021-07-01,2021-12-31,2022-01-03,NFLX,Reversión,True,régimen con 10 días < 20,0,,29,91,7,40,69,39,1.8569643186571168,1.3530318591030066,1.163571046652036,6
rolling,por_activo,66,2021-07-01,2021-12-31,2022-01-03,NFLX,Crisis,True,régimen con 0 días < 20,0,,29,91,7,40,69,39,1.8569643186571168,1.3530318591030066,1.163571046652036,6
rolling,por_activo,66,2021-07-01,2021-12-31,2022-01-03,GOOGL,Global,False,,50,3.997650142187215,17,30,24,26,65,23,1.61771201198074,1.0324480621994987,5.327053351957713,23
rolling,por_activo,66,2021-07-01,2021-12-31,2022-01-03,GOOGL,Tendencia,False,,73,6.2745830221235215,6,68,26,34,68,16,1.5933484076951394,3.431633920414554,1.778026540447371,15
rolling,por_activo,66,2021-07-01,2021-12-31,2022-01-03,GOOGL,Reversión,True,régimen con 10 días < 20,0,,17,30,24,26,65,23,1.61771201198074,1.0324480621994987,5.327053351957713,23
rolling,por_activo,66,2021-07-01,2021-12-31,2022-01-03,GOOGL,Crisis,True,régimen con 0 días < 20,0,,17,30,24,26,65,23,1.61771201198074,1.0324480621994987,5.327053351957713,23
rolling,por_activo,67,2021-08-02,2022-01-31,2022-02-01,NVDA,Global,False,,52,3.9117628157196402,9,88,8,38,64,34,1.8204662607708646,3.7520322121220175,1.6291058074878144,10
rolling,por_activo,67,2021-08-02,2022-01-31,2022-02-01,NVDA,Tendencia,False,,72,9.795201921564555,28,25,24,38,64,27,1.9075748571023832,1.3917979934271063,5.191859861737068,14
rolling,por_activo,67,2021-08-02,2022-01-31,2022-02-01,NVDA,Reversión,True,régimen con 18 días < 20,0,,9,88,8,38,64,34,1.8204662607708646,3.7520322121220175,1.6291058074878144,10
rolling,por_activo,67,2021-08-02,2022-01-31,2022-02-01,NVDA,Crisis,True,régimen con 0 días < 20,0,,9,88,8,38,64,34,1.8204662607708646,3.7520322121220175,1.6291058074878144,10
rolling,por_activo,67,2021-08-02,2022-01-31,2022-02-01,AMZN,Global,False,,57,6.806018886197654,10,80,23,32,78,20,1.606604140049882,3.6339015575061655,1.3701538718361936,36
rolling,por_activo,67,2021-08-02,2022-01-31,2022-02-01,AMZN,Tendencia,False,,70,7.572809524748762,30,82,11,30,62,25,2.726548235064656,2.8309736251115853,5.502875966858414,10
rolling,por_activo,67,2021-08-02,2022-01-31,2022-02-01,AMZN,Reversión,True,régimen con 18 días < 20,0,,10,80,23,32,78,20,1.606604140049882,3.6339015575061655,1.3701538718361936,36
rolling,por_activo,67,2021-08-02,2022-01-31,2022-02-01,AMZN,Crisis,True,régimen con 0 días < 20,0,,10,80,23,32,78,20,1.606604140049882,3.6339015575061655,1.3701538718361936,36
rolling,por_activo,67,2021-08-02,2022-01-31,2022-02-01,TSLA,Global,True,sin trials válidos: θ global de la ventana 66,0,-1000000000.0,12,22,26,26,75,10,1.5758553269322593,1.4211616719682323,2.9431490549476207,30
rolling,por_activo,67,2021-08-02,2022-01-31,2022-02-01,TSLA,Tendencia,False,,50,8.870930255991107,8,91,28,39,70,11,1.6624545208113848,1.1444773108675577,3.4028005977625058,36
rolling,por_activo,67,2021-08-02,2022-01-31,2022-02-01,TSLA,Reversión,True,régimen con 18 días < 20,0,,12,22,26,26,75,10,1.5758553269322593,1.4211616719682323,2.9431490549476207,30
rolling,por_activo,67,2021-08-02,2022-01-31,2022-02-01,TSLA,Crisis,True,régimen con 0 días < 20,0,,12,22,26,26,75,10,1.5758553269322593,1.4211616719682323,2.9431490549476207,30
rolling,por_activo,67,2021-08-02,2022-01-31,2022-02-01,META,Global,False,,52,9.921005769697755,26,76,24,27,65,11,1.7867379900075209,2.742911471316037,4.359155813700147,13
rolling,por_activo,67,2021-08-02,2022-01-31,2022-02-01,META,Tendencia,False,,57,5.901539122426572,6,38,24,38,69,11,1.780277142985823,1.607847600124836,2.368208041737722,11
rolling,por_activo,67,2021-08-02,2022-01-31,2022-02-01,META,Reversión,True,régimen con 18 días < 20,0,,26,76,24,27,65,11,1.7867379900075209,2.742911471316037,4.359155813700147,13
rolling,por_activo,67,2021-08-02,2022-01-31,2022-02-01,META,Crisis,True,régimen con 0 días < 20,0,,26,76,24,27,65,11,1.7867379900075209,2.742911471316037,4.359155813700147,13
rolling,por_activo,67,2021-08-02,2022-01-31,2022-02-01,NFLX,Global,True,sin trials válidos: θ global de la ventana 66,0,-1000000000.0,29,91,7,40,69,39,1.8569643186571168,1.3530318591030066,1.163571046652036,6
rolling,por_activo,67,2021-08-02,2022-01-31,2022-02-01,NFLX,Tendencia,False,,46,3.1376308795390195,24,48,28,24,73,12,1.5235825573495334,2.7816217217329657,5.2033584881611565,16
rolling,por_activo,67,2021-08-02,2022-01-31,2022-02-01,NFLX,Reversión,True,régimen con 18 días < 20,0,,29,91,7,40,69,39,1.8569643186571168,1.3530318591030066,1.163571046652036,6
rolling,por_activo,67,2021-08-02,2022-01-31,2022-02-01,NFLX,Crisis,True,régimen con 0 días < 20,0,,29,91,7,40,69,39,1.8569643186571168,1.3530318591030066,1.163571046652036,6
rolling,por_activo,67,2021-08-02,2022-01-31,2022-02-01,GOOGL,Global,False,,12,-0.9778989287228645,16,30,20,28,76,11,1.7592883781963695,1.5368059943412802,3.4627948404700915,25
rolling,por_activo,67,2021-08-02,2022-01-31,2022-02-01,GOOGL,Tendencia,False,,67,6.893256403941065,9,24,8,39,75,10,1.5914515858505196,3.8795350334928034,1.9382970273419124,13
rolling,por_activo,67,2021-08-02,2022-01-31,2022-02-01,GOOGL,Reversión,True,régimen con 18 días < 20,0,,16,30,20,28,76,11,1.7592883781963695,1.5368059943412802,3.4627948404700915,25
rolling,por_activo,67,2021-08-02,2022-01-31,2022-02-01,GOOGL,Crisis,True,régimen con 0 días < 20,0,,16,30,20,28,76,11,1.7592883781963695,1.5368059943412802,3.4627948404700915,25
rolling,por_activo,68,2021-09-01,2022-02-28,2022-03-01,NVDA,Global,False,,77,5.865808397115199,18,85,9,34,63,16,1.7827132618594808,1.3616166496499549,4.409675473964523,14
rolling,por_activo,68,2021-09-01,2022-02-28,2022-03-01,NVDA,Tendencia,False,,60,26.37803966080179,20,57,18,32,77,22,1.612117636540354,3.517328208964524,1.68932878593034,33
rolling,por_activo,68,2021-09-01,2022-02-28,2022-03-01,NVDA,Reversión,False,,37,0.23109563536376782,28,48,26,24,74,27,1.6118392999402267,2.760529478106319,4.9018018260833855,5
rolling,por_activo,68,2021-09-01,2022-02-28,2022-03-01,NVDA,Crisis,True,régimen con 12 días < 20,0,,18,85,9,34,63,16,1.7827132618594808,1.3616166496499549,4.409675473964523,14
rolling,por_activo,68,2021-09-01,2022-02-28,2022-03-01,AMZN,Global,False,,40,3.4687296400102925,26,44,10,32,60,18,1.83797134967554,2.591114149174059,5.729747876939745,19
rolling,por_activo,68,2021-09-01,2022-02-28,2022-03-01,AMZN,Tendencia,False,,45,1.1029666346653424,13,19,7,32,66,35,2.746409266997774,3.5972297272031533,5.755560955785072,5
rolling,por_activo,68,2021-09-01,2022-02-28,2022-03-01,AMZN,Reversión,True,ningún trial cumple N_MIN,0,-1000000000.0,26,44,10,32,60,18,1.83797134967554,2.591114149174059,5.729747876939745,19
rolling,por_activo,68,2021-09-01,2022-02-28,2022-03-01,AMZN,Crisis,True,régimen con 12 días < 20,0,,26,44,10,32,60,18,1.83797134967554,2.591114149174059,5.729747876939745,19
rolling,por_activo,68,2021-09-01,2022-02-28,2022-03-01,TSLA,Global,True,sin trials válidos: θ global de la ventana 66,0,-1000000000.0,12,22,26,26,75,10,1.5758553269322593,1.4211616719682323,2.9431490549476207,30
rolling,por_activo,68,2021-09-01,2022-02-28,2022-03-01,TSLA,Tendencia,False,,25,11.151431245377944,28,37,28,33,65,11,1.644464687034846,1.587886693757658,1.099138047817864,38
rolling,por_activo,68,2021-09-01,2022-02-28,2022-03-01,TSLA,Reversión,True,ningún trial cumple N_MIN,0,-1000000000.0,12,22,26,26,75,10,1.5758553269322593,1.4211616719682323,2.9431490549476207,30
rolling,por_activo,68,2021-09-01,2022-02-28,2022-03-01,TSLA,Crisis,True,régimen con 12 días < 20,0,,12,22,26,26,75,10,1.5758553269322593,1.4211616719682323,2.9431490549476207,30
rolling,por_activo,68,2021-09-01,2022-02-28,2022-03-01,META,Global,False,,47,7.845621199372665,14,43,15,24,77,11,1.7703133235565707,1.3000665779392835,3.9586700970750877,36
rolling,por_activo,68,2021-09-01,2022-02-28,2022-03-01,META,Tendencia,False,,82,6.67023897174661,22,79,8,32,62,15,1.5790008376831732,1.3168770414170612,5.81515288889172,27
rolling,por_activo,68,2021-09-01,2022-02-28,2022-03-01,META,Reversión,True,ningún trial cumple N_MIN,0,-1000000000.0,14,43,15,24,77,11,1.7703133235565707,1.3000665779392835,3.9586700970750877,36
rolling,por_activo,68,2021-09-01,2022-02-28,2022-03-01,META,Crisis,True,régimen con 12 días < 20,0,,14,43,15,24,77,11,1.7703133235565707,1.3000665779392835,3.9586700970750877,36
rolling,por_activo,68,2021-09-01,2022-02-28,2022-03-01,NFLX,Global,True,sin trials válidos: θ global de la ventana 66,0,-1000000000.0,29,91,7,40,69,39,1.8569643186571168,1.3530318591030066,1.163571046652036,6
rolling,por_activo,68,2021-09-01,2022-02-28,2022-03-01,NFLX,Tendencia,False,,51,1.063629705509105,24,96,11,38,80,10,2.09771398475807,1.9533469026256474,1.5995549440229264,11
rolling,por_activo,68,2021-09-01,2022-02-28,2022-03-01,NFLX,Reversión,True,ningún trial cumple N_MIN,0,-1000000000.0,29,91,7,40,69,39,1.8569643186571168,1.3530318591030066,1.163571046652036,6
rolling,por_activo,68,2021-09-01,2022-02-28,2022-03-01,NFLX,Crisis,True,régimen con 12 días < 20,0,,29,91,7,40,69,39,1.8569643186571168,1.3530318591030066,1.163571046652036,6
rolling,por_activo,68,2021-09-01,2022-02-28,2022-03-01,GOOGL,Global,False,,76,13.149292408771672,21,54,8,29,61,23,1.6425118852912863,2.0006855636860856,4.390924712444445,5
rolling,por_activo,68,2021-09-01,2022-02-28,2022-03-01,GOOGL,Tendencia,False,,72,3.67974272770701,14,96,20,30,73,17,1.7585253373513696,1.4123602460741478,5.637626754647856,37
rolling,por_activo,68,2021-09-01,2022-02-28,2022-03-01,GOOGL,Reversión,False,,39,4.875517528550034,30,80,12,38,66,21,1.6380391442230686,2.6619111482179396,5.144936951891687,34
rolling,por_activo,68,2021-09-01,2022-02-28,2022-03-01,GOOGL,Crisis,True,régimen con 12 días < 20,0,,21,54,8,29,61,23,1.6425118852912863,2.0006855636860856,4.390924712444445,5
rolling,por_activo,69,2021-10-01,2022-03-31,2022-04-01,NVDA,Global,False,,44,7.035905733789667,27,45,9,30,60,22,1.9797339027783996,1.3953211902652713,5.4604922743361,13
rolling,por_activo,69,2021-10-01,2022-03-31,2022-04-01,NVDA,Tendencia,False,,45,55.67054784233558,20,32,11,37,80,20,1.7597923202879706,3.348967412612185,1.7308942557400813,35
rolling,por_activo,69,2021-10-01,2022-03-31,2022-04-01,NVDA,Reversión,False,,54,0.47711205870614554,25,54,14,26,68,18,1.7456694194161417,1.0643381900383369,4.72122439320926,12
rolling,por_activo,69,2021-10-01,2022-03-31,2022-04-01,NVDA,Crisis,False,,33,0.7821919466238649,12,91,20,34,64,11,1.5942153169552282,1.4113742184563296,4.210051282292222,9
rolling,por_activo,69,2021-10-01,2022-03-31,2022-04-01,AMZN,Global,False,,45,2.0877600959428944,12,44,9,38,60,37,1.9851514862178201,1.1104501321716935,5.752165234111696,10
rolling,por_activo,69,2021-10-01,2022-03-31,2022-04-01,AMZN,Tendencia,False,,65,2.5207088518068055,28,98,15,39,72,19,1.7997298028183224,1.1417069413834704,4.77743554686612,36
rolling,por_activo,69,2021-10-01,2022-03-31,2022-04-01,AMZN,Reversión,True,ningún trial cumple N_MIN,0,-1000000000.0,12,44,9,38,60,37,1.9851514862178201,1.1104501321716935,5.752165234111696,10
rolling,por_activo,69,2021-10-01,2022-03-31,2022-04-01,AMZN,Crisis,False,,20,4.444319662154276,20,16,28,36,80,16,1.5457215776102604,1.1091193055331514,3.245888701669525,28
rolling,por_activo,69,2021-10-01,2022-03-31,2022-04-01,TSLA,Global,False,,61,1.5737863049263738,21,89,26,40,61,12,1.6648891053997685,1.1155330395094085,3.8636030057436908,14
rolling,por_activo,69,2021-10-01,2022-03-31,2022-04-01,TSLA,Tendencia,False,,31,10.319248763518328,20,72,7,39,78,30,1.675992689140391,1.529672541507852,3.210612777192373,8
rolling,por_activo,69,2021-10-01,2022-03-31,2022-04-01,TSLA,Reversión,True,ningún trial cumple N_MIN,0,-1000000000.0,21,89,26,40,61,12,1.6648891053997685,1.1155330395094085,3.8636030057436908,14
rolling,por_activo,69,2021-10-01,2022-03-31,2022-04-01,TSLA,Crisis,False,,18,-1.9746241248659628,25,80,16,22,62,20,1.5820368752825948,1.1377517791341218,3.188850173936534,7
rolling,por_activo,69,2021-10-01,2022-03-31,2022-04-01,META,Global,False,,20,11.401177073084687,15,94,20,24,66,12,1.8315347071043546,1.0877085816459524,3.3143522608779534,30
rolling,por_activo,69,2021-10-01,2022-03-31,2022-04-01,META,Tendencia,False,,70,15.725638079457008,26,63,7,22,62,26,1.9210355786792976,3.8005665002214717,3.828012655226846,25
rolling,por_activo,69,2021-10-01,2022-03-31,2022-04-01,META,Reversión,True,ningún trial cumple N_MIN,0,-1000000000.0,15,94,20,24,66,12,1.8315347071043546,1.0877085816459524,3.3143522608779534,30
rolling,por_activo,69,2021-10-01,2022-03-31,2022-04-01,META,Crisis,True,ningún trial cumple N_MIN,0,-1000000000.0,15,94,20,24,66,12,1.8315347071043546,1.0877085816459524,3.3143522608779534,30
rolling,por_activo,69,2021-10-01,2022-03-31,2022-04-01,NFLX,Global,True,sin trials válidos: θ global de la ventana 66,0,-1000000000.0,29,91,7,40,69,39,1.8569643186571168,1.3530318591030066,1.163571046652036,6
rolling,por_activo,69,2021-10-01,2022-03-31,2022-04-01,NFLX,Tendencia,False,,54,-0.8382800850371444,29,56,27,22,70,10,1.6706618236575008,1.2407740624691752,3.856905649419459,26
rolling,por_activo,69,2021-10-01,2022-03-31,2022-04-01,NFLX,Reversión,True,ningún trial cumple N_MIN,0,-1000000000.0,29,91,7,40,69,39,1.8569643186571168,1.3530318591030066,1.163571046652036,6
rolling,por_activo,69,2021-10-01,2022-03-31,2022-04-01,NFLX,Crisis,True,ningún trial cumple N_MIN,0,-1000000000.0,29,91,7,40,69,39,1.8569643186571168,1.3530318591030066,1.163571046652036,6
rolling,por_activo,69,2021-10-01,2022-03-31,2022-04-01,GOOGL,Global,False,,52,13.611700332653124,8,74,26,32,64,25,1.5938252122220806,3.769799137378535,1.682194383778481,7
rolling,por_activo,69,2021-10-01,2022-03-31,2022-04-01,GOOGL,Tendencia,False,,32,15.642432074868859,29,81,7,38,62,26,2.5944590154610423,1.6574312528778454,4.357409910914105,10
rolling,por_activo,69,2021-10-01,2022-03-31,2022-04-01,GOOGL,Reversión,False,,1,2.995445503818594,25,88,7,31,65,13,2.2349958244045314,2.2482197546021854,1.8809296241997144,27
rolling,por_activo,69,2021-10-01,2022-03-31,2022-04-01,GOOGL,Crisis,True,ningún trial cumple N_MIN,0,-1000000000.0,8,74,26,32,64,25,1.5938252122220806,3.769799137378535,1.682194383778481,7
rolling,por_activo,70,2021-11-01,2022-04-29,2022-05-02,NVDA,Global,False,,62,6.0062143809339155,17,98,21,23,70,24,1.6906453614063444,1.8747783770200064,1.6457938163058805,20
rolling,por_activo,70,2021-11-01,2022-04-29,2022-05-02,NVDA,Tendencia,True,ningún trial cumple N_MIN,0,-1000000000.0,17,98,21,23,70,24,1.6906453614063444,1.8747783770200064,1.6457938163058805,20
rolling,por_activo,70,2021-11-01,2022-04-29,2022-05-02,NVDA,Reversión,True,ningún trial cumple N_MIN,0,-1000000000.0,17,98,21,23,70,24,1.6906453614063444,1.8747783770200064,1.6457938163058805,20
rolling,por_activo,70,2021-11-01,2022-04-29,2022-05-02,NVDA,Crisis,False,,63,7.3357618454008975,28,38,21,38,75,20,1.55575827530552,1.1496893948573947,3.1702836489836415,37
rolling,por_activo,70,2021-11-01,2022-04-29,2022-05-02,AMZN,Global,False,,33,9.513986994372228,23,52,9,40,73,22,2.1353500247913413,3.7096241838363464,1.3023776701025191,5
rolling,por_activo,70,2021-11-01,2022-04-29,2022-05-02,AMZN,Tendencia,False,,20,-0.9931068774829458,22,71,14,22,64,14,1.6062281350984013,1.1094187979083108,1.5377356898042298,16
rolling,por_activo,70,2021-11-01,2022-04-29,2022-05-02,AMZN,Reversión,True,ningún trial cumple N_MIN,0,-1000000000.0,23,52,9,40,73,22,2.1353500247913413,3.7096241838363464,1.3023776701025191,5
rolling,por_activo,70,2021-11-01,2022-04-29,2022-05-02,AMZN,Crisis,False,,55,1.7811837135663708,6,32,26,21,76,12,1.638628088937462,1.1006452323401952,3.069812258806456,30
rolling,por_activo,70,2021-11-01,2022-04-29,2022-05-02,TSLA,Global,False,,33,2.000452300663912,29,35,19,26,62,22,1.7118784409858818,1.4259310747276195,1.221156149040639,38
rolling,por_activo,70,2021-11-01,2022-04-29,2022-05-02,TSLA,Tendencia,True,ningún trial cumple N_MIN,0,-1000000000.0,29,35,19,26,62,22,1.7118784409858818,1.4259310747276195,1.221156149040639,38
rolling,por_activo,70,2021-11-01,2022-04-29,2022-05-02,TSLA,Reversión,True,ningún trial cumple N_MIN,0,-1000000000.0,29,35,19,26,62,22,1.7118784409858818,1.4259310747276195,1.221156149040639,38
rolling,por_activo,70,2021-11-01,2022-04-29,2022-05-02,TSLA,Crisis,False,,31,-0.10252941451721444,28,33,26,36,77,34,1.7436780034226431,1.041710807843144,2.381884144631424,16
rolling,por_activo,70,2021-11-01,2022-04-29,2022-05-02,META,Global,False,,30,10.206313636366732,28,71,8,38,63,12,2.9196333625888258,1.2550383813841264,5.365760264151418,19
rolling,por_activo,70,2021-11-01,2022-04-29,2022-05-02,META,Tendencia,False,,2,1.053479798211528,21,18,22,39,62,24,1.5112769253814622,2.928924426919417,5.306217691861905,5
rolling,por_activo,70,2021-11-01,2022-04-29,2022-05-02,META,Reversión,True,ningún trial cumple N_MIN,0,-1000000000.0,28,71,8,38,63,12,2.9196333625888258,1.2550383813841264,5.365760264151418,19
rolling,por_activo,70,2021-11-01,2022-04-29,2022-05-02,META,Crisis,True,ningún trial cumple N_MIN,0,-1000000000.0,28,71,8,38,63,12,2.9196333625888258,1.2550383813841264,5.365760264151418,19
rolling,por_activo,70,2021-11-01,2022-04-29,2022-05-02,NFLX,Global,True,sin trials válidos: θ global de la ventana 66,0,-1000000000.0,29,91,7,40,69,39,1.8569643186571168,1.3530318591030066,1.163571046652036,6
rolling,por_activo,70,2021-11-01,2022-04-29,2022-05-02,NFLX,Tendencia,False,,1,-0.5156692595025893,9,50,7,39,62,34,2.7847135957334794,2.188219599253571,4.972906912781857,14
rolling,por_activo,70,2021-11-01,2022-04-29,2022-05-02,NFLX,Reversión,True,ningún trial cumple N_MIN,0,-1000000000.0,29,91,7,40,69,39,1.8569643186571168,1.3530318591030066,1.163571046652036,6
rolling,por_activo,70,2021-11-01,2022-04-29,2022-05-02,NFLX,Crisis,True,ningún trial cumple N_MIN,0,-1000000000.0,29,91,7,40,69,39,1.8569643186571168,1.3530318591030066,1.163571046652036,6
rolling,por_activo,70,2021-11-01,2022-04-29,2022-05-02,GOOGL,Global,False,,72,24.951350205594277,28,94,13,39,80,12,1.7280963705296921,1.4253748124278944,1.7109869929925667,38
rolling,por_activo,70,2021-11-01,2022-04-29,2022-05-02,GOOGL,Tendencia,True,ningún trial cumple N_MIN,0,-1000000000.0,28,94,13,39,80,12,1.7280963705296921,1.4253748124278944,1.7109869929925667,38
rolling,por_activo,70,2021-11-01,2022-04-29,2022-05-02,GOOGL,Reversión,False,,45,10.600225414134737,28,73,18,40,60,31,1.990978599846303,1.7884522731437895,4.434700395858669,40
rolling,por_activo,70,2021-11-01,2022-04-29,2022-05-02,GOOGL,Crisis,False,,28,-1.6631650455770834,16,27,7,38,78,14,1.7262549510924532,1.386339822575934,1.2581344944719852,38
rolling,por_activo,71,2021-12-01,2022-05-31,2022-06-01,NVDA,Global,False,,69,6.673002656650369,21,68,7,21,65,20,1.673365870421033,1.9587628785761229,1.32753670840494,14
rolling,por_activo,71,2021-12-01,2022-05-31,2022-06-01,NVDA,Tendencia,True,ningún trial cumple N_MIN,0,-1000000000.0,21,68,7,21,65,20,1.673365870421033,1.9587628785761229,1.32753670840494,14
rolling,por_activo,71,2021-12-01,2022-05-31,2022-06-01,NVDA,Reversión,False,,34,1.4396245361528557,27,49,14,21,80,10,1.6619489296309014,1.8815450075650357,1.8254880835419605,40
rolling,por_activo,71,2021-12-01,2022-05-31,2022-06-01,NVDA,Crisis,False,,48,4.673580348613384,29,36,25,23,61,19,1.5580915615025888,1.3016195962812234,5.830670579938014,22
rolling,por_activo,71,2021-12-01,2022-05-31,2022-06-01,AMZN,Global,True,sin trials válidos: θ global de la ventana 70,0,-1000000000.0,23,52,9,40,73,22,2.1353500247913413,3.7096241838363464,1.3023776701025191,5
rolling,por_activo,71,2021-12-01,2022-05-31,2022-06-01,AMZN,Tendencia,True,ningún trial cumple N_MIN,0,-1000000000.0,23,52,9,40,73,22,2.1353500247913413,3.7096241838363464,1.3023776701025191,5
rolling,por_activo,71,2021-12-01,2022-05-31,2022-06-01,AMZN,Reversión,True,ningún trial cumple N_MIN,0,-1000000000.0,23,52,9,40,73,22,2.1353500247913413,3.7096241838363464,1.3023776701025191,5
rolling,por_activo,71,2021-12-01,2022-05-31,2022-06-01,AMZN,Crisis,False,,50,3.6210116504984726,17,93,10,39,78,14,1.7523086649754143,1.7865098389785186,2.907154219347592,39
rolling,por_activo,71,2021-12-01,2022-05-31,2022-06-01,TSLA,Global,False,,66,1.0207205507821653,29,77,13,39,65,33,1.7052801248111624,1.5062480561801306,4.301006828427524,36
rolling,por_activo,71,2021-12-01,2022-05-31,2022-06-01,TSLA,Tendencia,True,ningún trial cumple N_MIN,0,-1000000000.0,29,77,13,39,65,33,1.7052801248111624,1.5062480561801306,4.301006828427524,36
rolling,por_activo,71,2021-12-01,2022-05-31,2022-06-01,TSLA,Reversión,False,,8,-1.8571420347152299,25,89,11,21,76,10,1.706460945873519,1.3302420720612762,3.312054983296813,23
rolling,por_activo,71,2021-12-01,2022-05-31,2022-06-01,TSLA,Crisis,False,,72,-0.6844627887915742,28,40,25,37,61,16,1.620069839873048,2.7698777931731673,4.105893113262571,30
rolling,por_activo,71,2021-12-01,2022-05-31,2022-06-01,META,Global,True,sin trials válidos: θ global de la ventana 70,0,-1000000000.0,28,71,8,38,63,12,2.9196333625888258,1.2550383813841264,5.365760264151418,19
rolling,por_activo,71,2021-12-01,2022-05-31,2022-06-01,META,Tendencia,True,ningún trial cumple N_MIN,0,-1000000000.0,28,71,8,38,63,12,2.9196333625888258,1.2550383813841264,5.365760264151418,19
rolling,por_activo,71,2021-12-01,2022-05-31,2022-06-01,META,Reversión,True,ningún trial cumple N_MIN,0,-1000000000.0,28,71,8,38,63,12,2.9196333625888258,1.2550383813841264,5.365760264151418,19
rolling,por_activo,71,2021-12-01,2022-05-31,2022-06-01,META,Crisis,False,,20,5.308270552491258,9,31,8,34,62,18,2.4086791166784587,3.2454526789698557,2.9591937816133416,10
rolling,por_activo,71,2021-12-01,2022-05-31,2022-06-01,NFLX,Global,True,sin trials válidos: θ global de la ventana 66,0,-1000000000.0,29,91,7,40,69,39,1.8569643186571168,1.3530318591030066,1.163571046652036,6
rolling,por_activo,71,2021-12-01,2022-05-31,2022-06-01,NFLX,Tendencia,False,,8,-0.864695976857279,14,86,15,40,63,18,2.7927402262304115,1.186780173513355,1.7154438837786639,22
rolling,por_activo,71,2021-12-01,2022-05-31,2022-06-01,NFLX,Reversión,True,ningún trial cumple N_MIN,0,-1000000000.0,29,91,7,40,69,39,1.8569643186571168,1.3530318591030066,1.163571046652036,6
rolling,por_activo,71,2021-12-01,2022-05-31,2022-06-01,NFLX,Crisis,True,ningún trial cumple N_MIN,0,-1000000000.0,29,91,7,40,69,39,1.8569643186571168,1.3530318591030066,1.163571046652036,6
rolling,por_activo,71,2021-12-01,2022-05-31,2022-06-01,GOOGL,Global,False,,43,10.425288077592533,10,85,10,31,61,15,1.8325757880654177,1.5064380060451694,1.9085771702415246,35
rolling,por_activo,71,2021-12-01,2022-05-31,2022-06-01,GOOGL,Tendencia,True,ningún trial cumple N_MIN,0,-1000000000.0,10,85,10,31,61,15,1.8325757880654177,1.5064380060451694,1.9085771702415246,35
rolling,por_activo,71,2021-12-01,2022-05-31,2022-06-01,GOOGL,Reversión,True,ningún trial cumple N_MIN,0,-1000000000.0,10,85,10,31,61,15,1.8325757880654177,1.5064380060451694,1.9085771702415246,35
rolling,por_activo,71,2021-12-01,2022-05-31,2022-06-01,GOOGL,Crisis,False,,15,0.6063405566978525,17,24,7,30,63,19,2.899032806386768,3.944995857986922,5.29974487719566,26
rolling,por_activo,72,2022-01-03,2022-06-30,2022-07-01,NVDA,Global,False,,57,12.393371146601204,22,82,8,27,60,15,2.490088078702085,1.2072818464204504,2.707555736478284,33
rolling,por_activo,72,2022-01-03,2022-06-30,2022-07-01,NVDA,Tendencia,True,régimen con 0 días < 20,0,,22,82,8,27,60,15,2.490088078702085,1.2072818464204504,2.707555736478284,33
rolling,por_activo,72,2022-01-03,2022-06-30,2022-07-01,NVDA,Reversión,False,,29,-0.9175856085679276,23,38,9,40,65,12,2.5304957749502814,1.16559866676152,2.2078430116235177,35
rolling,por_activo,72,2022-01-03,2022-06-30,2022-07-01,NVDA,Crisis,False,,72,7.5289244973347245,29,93,11,32,79,18,1.748413829696688,1.9038704750688424,2.5521783543825736,18
rolling,por_activo,72,2022-01-03,2022-06-30,2022-07-01,AMZN,Global,False,,38,7.9563738267759465,24,74,8,38,61,39,2.6203269208490365,1.114209416440955,5.030555769959398,10
rolling,por_activo,72,2022-01-03,2022-06-30,2022-07-01,AMZN,Tendencia,True,régimen con 0 días < 20,0,,24,74,8,38,61,39,2.6203269208490365,1.114209416440955,5.030555769959398,10
rolling,por_activo,72,2022-01-03,2022-06-30,2022-07-01,AMZN,Reversión,True,ningún trial cumple N_MIN,0,-1000000000.0,24,74,8,38,61,39,2.6203269208490365,1.114209416440955,5.030555769959398,10
rolling,por_activo,72,2022-01-03,2022-06-30,2022-07-01,AMZN,Crisis,False,,56,5.759670589219632,10,77,26,22,78,11,2.0043526896571064,1.765208058698477,2.1995548394847755,34
rolling,por_activo,72,2022-01-03,2022-06-30,2022-07-01,TSLA,Global,False,,1,-1.6235493332504545,17,92,9,36,77,16,1.9026424401249078,1.5227667798946984,2.112379792162646,19
rolling,por_activo,72,2022-01-03,2022-06-30,2022-07-01,TSLA,Tendencia,True,régimen con 0 días < 20,0,,17,92,9,36,77,16,1.9026424401249078,1.5227667798946984,2.112379792162646,19
rolling,por_activo,72,2022-01-03,2022-06-30,2022-07-01,TSLA,Reversión,True,ningún trial cumple N_MIN,0,-1000000000.0,17,92,9,36,77,16,1.9026424401249078,1.5227667798946984,2.112379792162646,19
rolling,por_activo,72,2022-01-03,2022-06-30,2022-07-01,TSLA,Crisis,False,,58,-0.12309218039421832,28,30,26,38,60,24,2.2236456464343677,1.4349968342645076,2.4943125321743373,11
rolling,por_activo,72,2022-01-03,2022-06-30,2022-07-01,META,Global,True,sin trials válidos: θ global de la ventana 70,0,-1000000000.0,28,71,8,38,63,12,2.9196333625888258,1.2550383813841264,5.365760264151418,19
rolling,por_activo,72,2022-01-03,2022-06-30,2022-07-01,META,Tendencia,True,régimen con 0 días < 20,0,,28,71,8,38,63,12,2.9196333625888258,1.2550383813841264,5.365760264151418,19
rolling,por_activo,72,2022-01-03,2022-06-30,2022-07-01,META,Reversión,True,ningún trial cumple N_MIN,0,-1000000000.0,28,71,8,38,63,12,2.9196333625888258,1.2550383813841264,5.365760264151418,19
rolling,por_activo,72,2022-01-03,2022-06-30,2022-07-01,META,Crisis,False,,11,6.730078493343852,18,42,22,36,76,12,1.5780386260697485,1.210732907235127,3.2197838161895973,14
rolling,por_activo,72,2022-01-03,2022-06-30,2022-07-01,NFLX,Global,True,sin trials válidos: θ global de la ventana 66,0,-1000000000.0,29,91,7,40,69,39,1.8569643186571168,1.3530318591030066,1.163571046652036,6
rolling,por_activo,72,2022-01-03,2022-06-30,2022-07-01,NFLX,Tendencia,True,régimen con 0 días < 20,0,,29,91,7,40,69,39,1.8569643186571168,1.3530318591030066,1.163571046652036,6
rolling,por_activo,72,2022-01-03,2022-06-30,2022-07-01,NFLX,Reversión,True,ningún trial cumple N_MIN,0,-1000000000.0,29,91,7,40,69,39,1.8569643186571168,1.3530318591030066,1.163571046652036,6
rolling,por_activo,72,2022-01-03,2022-06-30,2022-07-01,NFLX,Crisis,False,,32,17.005452447245816,10,42,26,22,72,12,1.829580288514374,2.437773486817778,3.204383147924525,7
rolling,por_activo,72,2022-01-03,2022-06-30,2022-07-01,GOOGL,Global,False,,59,9.822821520525718,18,60,8,36,61,10,1.6995775186926116,1.598455018541696,1.581174039040573,32
rolling,por_activo,72,2022-01-03,2022-06-30,2022-07-01,GOOGL,Tendencia,True,régimen con 0 días < 20,0,,18,60,8,36,61,10,1.6995775186926116,1.598455018541696,1.581174039040573,32
rolling,por_activo,72,2022-01-03,2022-06-30,2022-07-01,GOOGL,Reversión,False,,55,15.587391440593644,28,72,17,22,78,18,1.8769362344748357,1.107314705571934,5.187669326371807,27
rolling,por_activo,72,2022-01-03,2022-06-30,2022-07-01,GOOGL,Crisis,False,,44,18.196132121605025,19,94,18,21,79,12,1.6723437464566542,1.9469268824541566,2.44512576629085,13
rolling,por_activo,73,2022-02-01,2022-07-29,2022-08-01,NVDA,Global,False,,51,6.29683690363331,22,88,7,20,71,19,1.7037207816558362,2.5994109977020043,4.491050507848525,18
rolling,por_activo,73,2022-02-01,2022-07-29,2022-08-01,NVDA,Tendencia,True,régimen con 0 días < 20,0,,22,88,7,20,71,19,1.7037207816558362,2.5994109977020043,4.491050507848525,18
rolling,por_activo,73,2022-02-01,2022-07-29,2022-08-01,NVDA,Reversión,True,régimen con 0 días < 20,0,,22,88,7,20,71,19,1.7037207816558362,2.5994109977020043,4.491050507848525,18
rolling,por_activo,73,2022-02-01,2022-07-29,2022-08-01,NVDA,Crisis,False,,56,10.070071675049,6,28,20,38,77,20,1.6220863889461294,1.645585771767092,5.199505232146567,7
rolling,por_activo,73,2022-02-01,2022-07-29,2022-08-01,AMZN,Global,False,,42,4.603970526842346,9,16,26,27,77,11,1.6845988982234685,3.0518311605198796,1.9562033805906,35
rolling,por_activo,73,2022-02-01,2022-07-29,2022-08-01,AMZN,Tendencia,True,régimen con 0 días < 20,0,,9,16,26,27,77,11,1.6845988982234685,3.0518311605198796,1.9562033805906,35
rolling,por_activo,73,2022-02-01,2022-07-29,2022-08-01,AMZN,Reversión,True,régimen con 0 días < 20,0,,9,16,26,27,77,11,1.6845988982234685,3.0518311605198796,1.9562033805906,35
rolling,por_activo,73,2022-02-01,2022-07-29,2022-08-01,AMZN,Crisis,False,,61,14.223119844550295,28,33,8,25,62,36,1.711264990396893,1.5246997114084984,3.225537226204532,35
rolling,por_activo,73,2022-02-01,2022-07-29,2022-08-01,TSLA,Global,False,,35,-0.3020298512848968,28,62,10,36,61,24,2.3859516420212183,3.0865769408349504,3.2107512063277546,6
rolling,por_activo,73,2022-02-01,2022-07-29,2022-08-01,TSLA,Tendencia,True,régimen con 0 días < 20,0,,28,62,10,36,61,24,2.3859516420212183,3.0865769408349504,3.2107512063277546,6
rolling,por_activo,73,2022-02-01,2022-07-29,2022-08-01,TSLA,Reversión,True,régimen con 0 días < 20,0,,28,62,10,36,61,24,2.3859516420212183,3.0865769408349504,3.2107512063277546,6
rolling,por_activo,73,2022-02-01,2022-07-29,2022-08-01,TSLA,Crisis,False,,79,3.019969334964692,29,16,18,39,78,30,2.4805068893419846,1.3777908445090956,5.009816732133206,36
rolling,por_activo,73,2022-02-01,2022-07-29,2022-08-01,META,Global,True,sin trials válidos: θ global de la ventana 70,0,-1000000000.0,28,71,8,38,63,12,2.9196333625888258,1.2550383813841264,5.365760264151418,19
rolling,por_activo,73,2022-02-01,2022-07-29,2022-08-01,META,Tendencia,True,régimen con 0 días < 20,0,,28,71,8,38,63,12,2.9196333625888258,1.2550383813841264,5.365760264151418,19
rolling,por_activo,73,2022-02-01,2022-07-29,2022-08-01,META,Reversión,True,régimen con 0 días < 20,0,,28,71,8,38,63,12,2.9196333625888258,1.2550383813841264,5.365760264151418,19
rolling,por_activo,73,2022-02-01,2022-07-29,2022-08-01,META,Crisis,False,,45,16.90051588168713,22,35,8,37,70,10,1.566550904649523,2.7398012285553466,5.686634563047132,39
rolling,por_activo,73,2022-02-01,2022-07-29,2022-08-01,NFLX,Global,True,sin trials válidos: θ global de la ventana 66,0,-1000000000.0,29,91,7,40,69,39,1.8569643186571168,1.3530318591030066,1.163571046652036,6
rolling,por_activo,73,2022-02-01,2022-07-29,2022-08-01,NFLX,Tendencia,True,régimen con 0 días < 20,0,,29,91,7,40,69,39,1.8569643186571168,1.3530318591030066,1.163571046652036,6
rolling,por_activo,73,2022-02-01,2022-07-29,2022-08-01,NFLX,Reversión,True,régimen con 0 días < 20,0,,29,91,7,40,69,39,1.8569643186571168,1.3530318591030066,1.163571046652036,6
rolling,por_activo,73,2022-02-01,2022-07-29,2022-08-01,NFLX,Crisis,False,,60,11.429728358801285,10,41,25,37,77,18,1.6161164072086458,1.1825813609815472,3.88432853376115,27
rolling,por_activo,73,2022-02-01,2022-07-29,2022-08-01,GOOGL,Global,False,,54,10.985067027789873,21,26,9,28,66,16,1.5647121204064205,3.4860355785631993,3.4673826901532108,7
rolling,por_activo,73,2022-02-01,2022-07-29,2022-08-01,GOOGL,Tendencia,True,régimen con 0 días < 20,0,,21,26,9,28,66,16,1.5647121204064205,3.4860355785631993,3.4673826901532108,7
rolling,por_activo,73,2022-02-01,2022-07-29,2022-08-01,GOOGL,Reversión,True,régimen con 0 días < 20,0,,21,26,9,28,66,16,1.5647121204064205,3.4860355785631993,3.4673826901532108,7
rolling,por_activo,73,2022-02-01,2022-07-29,2022-08-01,GOOGL,Crisis,False,,72,25.148533961148818,30,64,27,36,64,13,1.5762500973725952,3.5492030930734675,2.0069306208329016,26
rolling,por_activo,74,2022-03-01,2022-08-31,2022-09-01,NVDA,Global,False,,51,5.569110220422747,14,48,19,25,79,18,1.8253241398812694,1.9360288063111342,5.738206154291012,26
rolling,por_activo,74,2022-03-01,2022-08-31,2022-09-01,NVDA,Tendencia,True,régimen con 0 días < 20,0,,14,48,19,25,79,18,1.8253241398812694,1.9360288063111342,5.738206154291012,26
rolling,por_activo,74,2022-03-01,2022-08-31,2022-09-01,NVDA,Reversión,True,régimen con 0 días < 20,0,,14,48,19,25,79,18,1.8253241398812694,1.9360288063111342,5.738206154291012,26
rolling,por_activo,74,2022-03-01,2022-08-31,2022-09-01,NVDA,Crisis,False,,58,8.324181924615216,28,38,8,22,64,22,2.3533239454103,3.3815465551374997,3.690585999904935,30
rolling,por_activo,74,2022-03-01,2022-08-31,2022-09-01,AMZN,Global,False,,44,1.7365637666364822,20,94,9,38,77,17,1.8324650608251851,2.837140426690732,3.2701150100388756,22
rolling,por_activo,74,2022-03-01,2022-08-31,2022-09-01,AMZN,Tendencia,True,régimen con 0 días < 20,0,,20,94,9,38,77,17,1.8324650608251851,2.837140426690732,3.2701150100388756,22
rolling,por_activo,74,2022-03-01,2022-08-31,2022-09-01,AMZN,Reversión,True,régimen con 0 días < 20,0,,20,94,9,38,77,17,1.8324650608251851,2.837140426690732,3.2701150100388756,22
rolling,por_activo,74,2022-03-01,2022-08-31,2022-09-01,AMZN,Crisis,False,,58,8.490608965065856,21,70,16,38,60,12,2.9235808724325185,1.8962378683805134,1.430192318705412,31
rolling,por_activo,74,2022-03-01,2022-08-31,2022-09-01,TSLA,Global,False,,56,1.5334901633195133,18,38,14,20,67,11,1.5887154407550939,2.8420009257335175,1.2168015869666637,6
rolling,por_activo,74,2022-03-01,2022-08-31,2022-09-01,TSLA,Tendencia,True,régimen con 0 días < 20,0,,18,38,14,20,67,11,1.5887154407550939,2.8420009257335175,1.2168015869666637,6
rolling,por_activo,74,2022-03-01,2022-08-31,2022-09-01,TSLA,Reversión,True,régimen con 0 días < 20,0,,18,38,14,20,67,11,1.5887154407550939,2.8420009257335175,1.2168015869666637,6
rolling,por_activo,74,2022-03-01,2022-08-31,2022-09-01,TSLA,Crisis,False,,84,2.5600784655406463,26,77,19,40,63,39,1.7485344784566592,1.1241286847807728,1.4121326135713577,23
rolling,por_activo,74,2022-03-01,2022-08-31,2022-09-01,META,Global,True,sin trials válidos: θ global de la ventana 70,0,-1000000000.0,28,71,8,38,63,12,2.9196333625888258,1.2550383813841264,5.365760264151418,19
rolling,por_activo,74,2022-03-01,2022-08-31,2022-09-01,META,Tendencia,True,régimen con 0 días < 20,0,,28,71,8,38,63,12,2.9196333625888258,1.2550383813841264,5.365760264151418,19
rolling,por_activo,74,2022-03-01,2022-08-31,2022-09-01,META,Reversión,True,régimen con 0 días < 20,0,,28,71,8,38,63,12,2.9196333625888258,1.2550383813841264,5.365760264151418,19
rolling,por_activo,74,2022-03-01,2022-08-31,2022-09-01,META,Crisis,False,,68,29.64565308305613,19,79,10,34,61,39,1.588632485691318,2.8528488243833783,3.2791907704763568,20
rolling,por_activo,74,2022-03-01,2022-08-31,2022-09-01,NFLX,Global,False,,58,9.03704563806118,8,94,20,21,77,10,1.784707568982555,1.1394117217978152,2.411821468309012,28
rolling,por_activo,74,2022-03-01,2022-08-31,2022-09-01,NFLX,Tendencia,True,régimen con 0 días < 20,0,,8,94,20,21,77,10,1.784707568982555,1.1394117217978152,2.411821468309012,28
rolling,por_activo,74,2022-03-01,2022-08-31,2022-09-01,NFLX,Reversión,True,régimen con 0 días < 20,0,,8,94,20,21,77,10,1.784707568982555,1.1394117217978152,2.411821468309012,28
rolling,por_activo,74,2022-03-01,2022-08-31,2022-09-01,NFLX,Crisis,False,,74,10.572371683881753,26,77,8,22,76,12,1.8469089871886823,2.4299587041142727,4.272931367887811,12
rolling,por_activo,74,2022-03-01,2022-08-31,2022-09-01,GOOGL,Global,True,sin trials válidos: θ global de la ventana 73,0,-1000000000.0,21,26,9,28,66,16,1.5647121204064205,3.4860355785631993,3.4673826901532108,7
rolling,por_activo,74,2022-03-01,2022-08-31,2022-09-01,GOOGL,Tendencia,True,régimen con 0 días < 20,0,,21,26,9,28,66,16,1.5647121204064205,3.4860355785631993,3.4673826901532108,7
rolling,por_activo,74,2022-03-01,2022-08-31,2022-09-01,GOOGL,Reversión,True,régimen con 0 días < 20,0,,21,26,9,28,66,16,1.5647121204064205,3.4860355785631993,3.4673826901532108,7
rolling,por_activo,74,2022-03-01,2022-08-31,2022-09-01,GOOGL,Crisis,False,,59,23.169203090754447,17,96,14,26,63,26,1.566032427496984,2.3608856833120724,2.888713251485524,38
rolling,por_activo,75,2022-04-01,2022-09-30,2022-10-03,NVDA,Global,True,sin trials válidos: θ global de la ventana 74,0,-1000000000.0,14,48,19,25,79,18,1.8253241398812694,1.9360288063111342,5.738206154291012,26
rolling,por_activo,75,2022-04-01,2022-09-30,2022-10-03,NVDA,Tendencia,True,régimen con 0 días < 20,0,,14,48,19,25,79,18,1.8253241398812694,1.9360288063111342,5.738206154291012,26
rolling,por_activo,75,2022-04-01,2022-09-30,2022-10-03,NVDA,Reversión,True,régimen con 0 días < 20,0,,14,48,19,25,79,18,1.8253241398812694,1.9360288063111342,5.738206154291012,26
rolling,por_activo,75,2022-04-01,2022-09-30,2022-10-03,NVDA,Crisis,False,,68,5.000666320320843,25,42,21,28,61,14,1.594308451084,2.272646534539994,5.45604631101209,37
rolling,por_activo,75,2022-04-01,2022-09-30,2022-10-03,AMZN,Global,False,,71,-0.029364844029196036,22,80,11,33,61,22,1.6201003001941676,1.4382894110068345,3.096269840956082,18
rolling,por_activo,75,2022-04-01,2022-09-30,2022-10-03,AMZN,Tendencia,True,régimen con 0 días < 20,0,,22,80,11,33,61,22,1.6201003001941676,1.4382894110068345,3.096269840956082,18
rolling,por_activo,75,2022-04-01,2022-09-30,2022-10-03,AMZN,Reversión,True,régimen con 0 días < 20,0,,22,80,11,33,61,22,1.6201003001941676,1.4382894110068345,3.096269840956082,18
rolling,por_activo,75,2022-04-01,2022-09-30,2022-10-03,AMZN,Crisis,False,,77,1.5242400199894124,29,54,8,25,60,33,2.0274467582855413,3.271615218283451,2.4356052556165793,20
rolling,por_activo,75,2022-04-01,2022-09-30,2022-10-03,TSLA,Global,False,,28,-1.0252916790054565,27,69,11,36,67,15,2.8886539730958782,1.1770653180336563,4.228808386953436,30
rolling,por_activo,75,2022-04-01,2022-09-30,2022-10-03,TSLA,Tendencia,True,régimen con 0 días < 20,0,,27,69,11,36,67,15,2.8886539730958782,1.1770653180336563,4.228808386953436,30
rolling,por_activo,75,2022-04-01,2022-09-30,2022-10-03,TSLA,Reversión,True,régimen con 0 días < 20,0,,27,69,11,36,67,15,2.8886539730958782,1.1770653180336563,4.228808386953436,30
rolling,por_activo,75,2022-04-01,2022-09-30,2022-10-03,TSLA,Crisis,False,,73,4.018868981648854,24,95,11,22,63,14,2.8982565279720527,1.1534835269522126,1.2526449128296258,28
rolling,por_activo,75,2022-04-01,2022-09-30,2022-10-03,META,Global,True,sin trials válidos: θ global de la ventana 70,0,-1000000000.0,28,71,8,38,63,12,2.9196333625888258,1.2550383813841264,5.365760264151418,19
rolling,por_activo,75,2022-04-01,2022-09-30,2022-10-03,META,Tendencia,True,régimen con 0 días < 20,0,,28,71,8,38,63,12,2.9196333625888258,1.2550383813841264,5.365760264151418,19
rolling,por_activo,75,2022-04-01,2022-09-30,2022-10-03,META,Reversión,True,régimen con 0 días < 20,0,,28,71,8,38,63,12,2.9196333625888258,1.2550383813841264,5.365760264151418,19
rolling,por_activo,75,2022-04-01,2022-09-30,2022-10-03,META,Crisis,False,,73,63.30729669599337,10,76,10,39,61,39,1.907895633413392,1.675737273110025,2.2827085879165443,24
rolling,por_activo,75,2022-04-01,2022-09-30,2022-10-03,NFLX,Global,False,,57,4.365833845562733,12,92,19,24,74,18,1.6211585845299754,1.0991684504516355,2.428549658707005,35
rolling,por_activo,75,2022-04-01,2022-09-30,2022-10-03,NFLX,Tendencia,True,régimen con 0 días < 20,0,,12,92,19,24,74,18,1.6211585845299754,1.0991684504516355,2.428549658707005,35
rolling,por_activo,75,2022-04-01,2022-09-30,2022-10-03,NFLX,Reversión,True,régimen con 0 días < 20,0,,12,92,19,24,74,18,1.6211585845299754,1.0991684504516355,2.428549658707005,35
rolling,por_activo,75,2022-04-01,2022-09-30,2022-10-03,NFLX,Crisis,False,,61,9.831331225079499,9,23,15,26,79,13,1.626081785779392,1.3270986462962593,2.1995214524495874,20
rolling,por_activo,75,2022-04-01,2022-09-30,2022-10-03,GOOGL,Global,False,,38,7.165106989225579,6,49,22,20,68,11,1.6944129602484748,1.1042911876985713,2.32491429804012,14
rolling,por_activo,75,2022-04-01,2022-09-30,2022-10-03,GOOGL,Tendencia,True,régimen con 0 días < 20,0,,6,49,22,20,68,11,1.6944129602484748,1.1042911876985713,2.32491429804012,14
rolling,por_activo,75,2022-04-01,2022-09-30,2022-10-03,GOOGL,Reversión,True,régimen con 0 días < 20,0,,6,49,22,20,68,11,1.6944129602484748,1.1042911876985713,2.32491429804012,14
rolling,por_activo,75,2022-04-01,2022-09-30,2022-10-03,GOOGL,Crisis,False,,60,6.57261840067054,12,34,27,34,75,12,1.5994948940819524,1.1599986581066595,2.245963394104345,15
rolling,por_activo,76,2022-05-02,2022-10-31,2022-11-01,NVDA,Global,False,,38,7.1994875872761686,14,76,7,34,62,25,2.0325907163978423,1.2137050071613085,1.5086488379532366,37
rolling,por_activo,76,2022-05-02,2022-10-31,2022-11-01,NVDA,Tendencia,True,régimen con 0 días < 20,0,,14,76,7,34,62,25,2.0325907163978423,1.2137050071613085,1.5086488379532366,37
rolling,por_activo,76,2022-05-02,2022-10-31,2022-11-01,NVDA,Reversión,True,régimen con 10 días < 20,0,,14,76,7,34,62,25,2.0325907163978423,1.2137050071613085,1.5086488379532366,37
rolling,por_activo,76,2022-05-02,2022-10-31,2022-11-01,NVDA,Crisis,False,,66,6.06643241404578,29,26,27,21,61,13,1.6372343789656205,1.0545567235632267,4.593367022458591,22
rolling,por_activo,76,2022-05-02,2022-10-31,2022-11-01,AMZN,Global,False,,47,1.8681708300180204,23,47,11,34,78,10,1.8051988788329465,2.423095686469993,2.0376801253921526,39
rolling,por_activo,76,2022-05-02,2022-10-31,2022-11-01,AMZN,Tendencia,True,régimen con 0 días < 20,0,,23,47,11,34,78,10,1.8051988788329465,2.423095686469993,2.0376801253921526,39
rolling,por_activo,76,2022-05-02,2022-10-31,2022-11-01,AMZN,Reversión,True,régimen con 10 días < 20,0,,23,47,11,34,78,10,1.8051988788329465,2.423095686469993,2.0376801253921526,39
rolling,por_activo,76,2022-05-02,2022-10-31,2022-11-01,AMZN,Crisis,False,,77,1.436036919626348,10,97,26,22,73,10,1.6226720516342408,3.288154700921231,4.7580550627251625,22
rolling,por_activo,76,2022-05-02,2022-10-31,2022-11-01,TSLA,Global,False,,33,6.974344440463677,17,68,18,22,80,12,1.5805367386880347,1.6141364878442408,1.2719458723163473,38
rolling,por_activo,76,2022-05-02,2022-10-31,2022-11-01,TSLA,Tendencia,True,régimen con 0 días < 20,0,,17,68,18,22,80,12,1.5805367386880347,1.6141364878442408,1.2719458723163473,38
rolling,por_activo,76,2022-05-02,2022-10-31,2022-11-01,TSLA,Reversión,True,régimen con 10 días < 20,0,,17,68,18,22,80,12,1.5805367386880347,1.6141364878442408,1.2719458723163473,38
rolling,por_activo,76,2022-05-02,2022-10-31,2022-11-01,TSLA,Crisis,False,,71,15.898825298078703,28,76,26,38,65,12,1.8625686292146997,3.8291194288363757,1.1916400141707761,21
rolling,por_activo,76,2022-05-02,2022-10-31,2022-11-01,META,Global,True,sin trials válidos: θ global de la ventana 70,0,-1000000000.0,28,71,8,38,63,12,2.9196333625888258,1.2550383813841264,5.365760264151418,19
rolling,por_activo,76,2022-05-02,2022-10-31,2022-11-01,META,Tendencia,True,régimen con 0 días < 20,0,,28,71,8,38,63,12,2.9196333625888258,1.2550383813841264,5.365760264151418,19
rolling,por_activo,76,2022-05-02,2022-10-31,2022-11-01,META,Reversión,True,régimen con 10 días < 20,0,,28,71,8,38,63,12,2.9196333625888258,1.2550383813841264,5.365760264151418,19
rolling,por_activo,76,2022-05-02,2022-10-31,2022-11-01,META,Crisis,False,,63,47.69332723900387,7,65,10,23,62,10,2.1380769915588296,1.310289734873875,2.2720113840393066,25
rolling,por_activo,76,2022-05-02,2022-10-31,2022-11-01,NFLX,Global,False,,44,8.417316105716214,17,59,27,33,60,20,1.6401266564647214,3.7612213699349026,1.891566150499284,10
rolling,por_activo,76,2022-05-02,2022-10-31,2022-11-01,NFLX,Tendencia,True,régimen con 0 días < 20,0,,17,59,27,33,60,20,1.6401266564647214,3.7612213699349026,1.891566150499284,10
rolling,por_activo,76,2022-05-02,2022-10-31,2022-11-01,NFLX,Reversión,True,régimen con 10 días < 20,0,,17,59,27,33,60,20,1.6401266564647214,3.7612213699349026,1.891566150499284,10
rolling,por_activo,76,2022-05-02,2022-10-31,2022-11-01,NFLX,Crisis,False,,76,3.5724443196258013,21,86,16,24,78,19,1.7266747316889837,2.8781501982688735,2.581723294485767,40
rolling,por_activo,76,2022-05-02,2022-10-31,2022-11-01,GOOGL,Global,True,sin trials válidos: θ global de la ventana 75,0,-1000000000.0,6,49,22,20,68,11,1.6944129602484748,1.1042911876985713,2.32491429804012,14
rolling,por_activo,76,2022-05-02,2022-10-31,2022-11-01,GOOGL,Tendencia,True,régimen con 0 días < 20,0,,6,49,22,20,68,11,1.6944129602484748,1.1042911876985713,2.32491429804012,14
rolling,por_activo,76,2022-05-02,2022-10-31,2022-11-01,GOOGL,Reversión,True,régimen con 10 días < 20,0,,6,49,22,20,68,11,1.6944129602484748,1.1042911876985713,2.32491429804012,14
rolling,por_activo,76,2022-05-02,2022-10-31,2022-11-01,GOOGL,Crisis,False,,57,13.133815208368876,28,29,24,32,64,11,1.6395602459654621,1.5335123879139596,2.3644159916002447,22
rolling,por_activo,77,2022-06-01,2022-11-30,2022-12-01,NVDA,Global,False,,70,2.097914300702815,24,86,7,38,73,10,1.6388091535443683,2.5304572769167906,5.580539842649905,7
rolling,por_activo,77,2022-06-01,2022-11-30,2022-12-01,NVDA,Tendencia,True,régimen con 0 días < 20,0,,24,86,7,38,73,10,1.6388091535443683,2.5304572769167906,5.580539842649905,7
rolling,por_activo,77,2022-06-01,2022-11-30,2022-12-01,NVDA,Reversión,True,régimen con 10 días < 20,0,,24,86,7,38,73,10,1.6388091535443683,2.5304572769167906,5.580539842649905,7
rolling,por_activo,77,2022-06-01,2022-11-30,2022-12-01,NVDA,Crisis,False,,72,4.848661706278836,27,80,15,28,61,36,2.5050207616128666,1.5167438951446708,1.1426042491455464,38
rolling,por_activo,77,2022-06-01,2022-11-30,2022-12-01,AMZN,Global,False,,45,0.16860996679598778,7,96,23,24,62,24,1.6214926598256572,1.2166968671842633,5.077968849938351,7
rolling,por_activo,77,2022-06-01,2022-11-30,2022-12-01,AMZN,Tendencia,True,régimen con 0 días < 20,0,,7,96,23,24,62,24,1.6214926598256572,1.2166968671842633,5.077968849938351,7
rolling,por_activo,77,2022-06-01,2022-11-30,2022-12-01,AMZN,Reversión,True,régimen con 10 días < 20,0,,7,96,23,24,62,24,1.6214926598256572,1.2166968671842633,5.077968849938351,7
rolling,por_activo,77,2022-06-01,2022-11-30,2022-12-01,AMZN,Crisis,False,,79,5.844765094536362,29,98,27,24,61,10,1.6402484233697634,1.5422395163627272,2.2874806540698325,30
rolling,por_activo,77,2022-06-01,2022-11-30,2022-12-01,TSLA,Global,False,,32,4.090520742429517,10,64,12,26,61,13,1.6279773982597883,2.1437104173103205,1.3383589968401481,20
rolling,por_activo,77,2022-06-01,2022-11-30,2022-12-01,TSLA,Tendencia,True,régimen con 0 días < 20,0,,10,64,12,26,61,13,1.6279773982597883,2.1437104173103205,1.3383589968401481,20
rolling,por_activo,77,2022-06-01,2022-11-30,2022-12-01,TSLA,Reversión,True,régimen con 10 días < 20,0,,10,64,12,26,61,13,1.6279773982597883,2.1437104173103205,1.3383589968401481,20
rolling,por_activo,77,2022-06-01,2022-11-30,2022-12-01,TSLA,Crisis,False,,69,6.598144700000308,15,74,13,38,60,13,2.003526839392897,3.120424629439814,1.2166500954704222,34
rolling,por_activo,77,2022-06-01,2022-11-30,2022-12-01,META,Global,True,sin trials válidos: θ global de la ventana 70,0,-1000000000.0,28,71,8,38,63,12,2.9196333625888258,1.2550383813841264,5.365760264151418,19
rolling,por_activo,77,2022-06-01,2022-11-30,2022-12-01,META,Tendencia,True,régimen con 0 días < 20,0,,28,71,8,38,63,12,2.9196333625888258,1.2550383813841264,5.365760264151418,19
rolling,por_activo,77,2022-06-01,2022-11-30,2022-12-01,META,Reversión,True,régimen con 10 días < 20,0,,28,71,8,38,63,12,2.9196333625888258,1.2550383813841264,5.365760264151418,19
rolling,por_activo,77,2022-06-01,2022-11-30,2022-12-01,META,Crisis,False,,65,51.47294577832826,27,23,24,25,77,13,1.7908080208893538,3.476864662503589,2.3371855768903176,32
rolling,por_activo,77,2022-06-01,2022-11-30,2022-12-01,NFLX,Global,False,,57,7.271124680879416,10,74,19,39,66,10,1.775919880054321,3.0176574254528554,1.9095813340279986,10
rolling,por_activo,77,2022-06-01,2022-11-30,2022-12-01,NFLX,Tendencia,True,régimen con 0 días < 20,0,,10,74,19,39,66,10,1.775919880054321,3.0176574254528554,1.9095813340279986,10
rolling,por_activo,77,2022-06-01,2022-11-30,2022-12-01,NFLX,Reversión,True,régimen con 10 días < 20,0,,10,74,19,39,66,10,1.775919880054321,3.0176574254528554,1.9095813340279986,10
rolling,por_activo,77,2022-06-01,2022-11-30,2022-12-01,NFLX,Crisis,False,,81,8.514314309113855,25,60,26,21,62,20,1.675326235563414,1.138107692059381,1.7874232249290585,7
rolling,por_activo,77,2022-06-01,2022-11-30,2022-12-01,GOOGL,Global,False,,47,34.58387259270916,28,45,26,23,66,12,1.6291936854306552,2.6920384194871234,1.7334202258636324,16
rolling,por_activo,77,2022-06-01,2022-11-30,2022-12-01,GOOGL,Tendencia,True,régimen con 0 días < 20,0,,28,45,26,23,66,12,1.6291936854306552,2.6920384194871234,1.7334202258636324,16
rolling,por_activo,77,2022-06-01,2022-11-30,2022-12-01,GOOGL,Reversión,True,régimen con 10 días < 20,0,,28,45,26,23,66,12,1.6291936854306552,2.6920384194871234,1.7334202258636324,16
rolling,por_activo,77,2022-06-01,2022-11-30,2022-12-01,GOOGL,Crisis,False,,70,35.31619557846902,29,78,26,21,77,25,1.5432820061190669,3.827674659535911,1.9694916517040655,18
rolling,por_activo,78,2022-07-01,2022-12-30,2023-01-03,NVDA,Global,False,,60,0.09815707445588685,21,94,16,39,62,22,2.9303914527195634,1.0384401917156203,5.499628248534828,36
rolling,por_activo,78,2022-07-01,2022-12-30,2023-01-03,NVDA,Tendencia,True,régimen con 0 días < 20,0,,21,94,16,39,62,22,2.9303914527195634,1.0384401917156203,5.499628248534828,36
rolling,por_activo,78,2022-07-01,2022-12-30,2023-01-03,NVDA,Reversión,True,régimen con 10 días < 20,0,,21,94,16,39,62,22,2.9303914527195634,1.0384401917156203,5.499628248534828,36
rolling,por_activo,78,2022-07-01,2022-12-30,2023-01-03,NVDA,Crisis,False,,75,2.6376294745137754,25,90,13,23,66,21,2.195461858219038,3.766623449325835,1.3410828640423436,38
rolling,por_activo,78,2022-07-01,2022-12-30,2023-01-03,AMZN,Global,False,,53,0.8471795502643666,24,58,15,24,62,12,1.606854216453777,1.327071889788392,5.365803036249328,18
rolling,por_activo,78,2022-07-01,2022-12-30,2023-01-03,AMZN,Tendencia,True,régimen con 0 días < 20,0,,24,58,15,24,62,12,1.606854216453777,1.327071889788392,5.365803036249328,18
rolling,por_activo,78,2022-07-01,2022-12-30,2023-01-03,AMZN,Reversión,True,régimen con 10 días < 20,0,,24,58,15,24,62,12,1.606854216453777,1.327071889788392,5.365803036249328,18
rolling,por_activo,78,2022-07-01,2022-12-30,2023-01-03,AMZN,Crisis,False,,72,2.807123989873566,29,96,9,22,74,11,2.004176038260511,1.2413306126498571,4.048169965739753,39
rolling,por_activo,78,2022-07-01,2022-12-30,2023-01-03,TSLA,Global,False,,68,6.735769509082813,28,19,8,31,65,10,1.5669369385026102,1.5781212591295093,1.33872405990674,22
rolling,por_activo,78,2022-07-01,2022-12-30,2023-01-03,TSLA,Tendencia,True,régimen con 0 días < 20,0,,28,19,8,31,65,10,1.5669369385026102,1.5781212591295093,1.33872405990674,22
rolling,por_activo,78,2022-07-01,2022-12-30,2023-01-03,TSLA,Reversión,True,régimen con 10 días < 20,0,,28,19,8,31,65,10,1.5669369385026102,1.5781212591295093,1.33872405990674,22
rolling,por_activo,78,2022-07-01,2022-12-30,2023-01-03,TSLA,Crisis,False,,65,30.962218931640617,28,72,10,35,76,13,2.453639031943995,2.2752156797736216,1.3023913243850285,7
rolling,por_activo,78,2022-07-01,2022-12-30,2023-01-03,META,Global,False,,60,13.297125674122663,6,46,20,25,68,11,1.7086991456428189,1.1355857375687273,2.3962848437765203,28
rolling,por_activo,78,2022-07-01,2022-12-30,2023-01-03,META,Tendencia,True,régimen con 0 días < 20,0,,6,46,20,25,68,11,1.7086991456428189,1.1355857375687273,2.3962848437765203,28
rolling,por_activo,78,2022-07-01,2022-12-30,2023-01-03,META,Reversión,True,régimen con 10 días < 20,0,,6,46,20,25,68,11,1.7086991456428189,1.1355857375687273,2.3962848437765203,28
rolling,por_activo,78,2022-07-01,2022-12-30,2023-01-03,META,Crisis,False,,67,35.02379053433937,11,36,8,25,78,13,1.7212252633626826,1.5639041325594114,2.566336169404197,7
rolling,por_activo,78,2022-07-01,2022-12-30,2023-01-03,NFLX,Global,False,,47,3.9474330667285593,22,84,7,40,66,25,2.905017408384379,2.5250101051586973,4.9492853297890775,37
rolling,por_activo,78,2022-07-01,2022-12-30,2023-01-03,NFLX,Tendencia,True,régimen con 0 días < 20,0,,22,84,7,40,66,25,2.905017408384379,2.5250101051586973,4.9492853297890775,37
rolling,por_activo,78,2022-07-01,2022-12-30,2023-01-03,NFLX,Reversión,True,régimen con 10 días < 20,0,,22,84,7,40,66,25,2.905017408384379,2.5250101051586973,4.9492853297890775,37
rolling,por_activo,78,2022-07-01,2022-12-30,2023-01-03,NFLX,Crisis,False,,68,8.008004576472247,7,16,18,23,79,12,1.605377404759758,3.800385189751874,3.6658418539314304,28
rolling,por_activo,78,2022-07-01,2022-12-30,2023-01-03,GOOGL,Global,False,,1,5.04816082535888,24,47,12,26,70,13,1.590706405201382,1.5826909544129737,1.9122553569637266,9
rolling,por_activo,78,2022-07-01,2022-12-30,2023-01-03,GOOGL,Tendencia,True,régimen con 0 días < 20,0,,24,47,12,26,70,13,1.590706405201382,1.5826909544129737,1.9122553569637266,9
rolling,por_activo,78,2022-07-01,2022-12-30,2023-01-03,GOOGL,Reversión,True,régimen con 10 días < 20,0,,24,47,12,26,70,13,1.590706405201382,1.5826909544129737,1.9122553569637266,9
rolling,por_activo,78,2022-07-01,2022-12-30,2023-01-03,GOOGL,Crisis,False,,56,23.167360517255734,22,96,10,38,62,11,2.9218268386481436,2.3297239767621187,2.9829373398156216,34
rolling,por_activo,79,2022-08-01,2023-01-31,2023-02-01,NVDA,Global,False,,48,1.4975202594395245,8,80,12,35,61,28,2.8551163601197986,1.7925654190083722,4.872120054572229,9
rolling,por_activo,79,2022-08-01,2023-01-31,2023-02-01,NVDA,Tendencia,True,régimen con 0 días < 20,0,,8,80,12,35,61,28,2.8551163601197986,1.7925654190083722,4.872120054572229,9
rolling,por_activo,79,2022-08-01,2023-01-31,2023-02-01,NVDA,Reversión,True,régimen con 0 días < 20,0,,8,80,12,35,61,28,2.8551163601197986,1.7925654190083722,4.872120054572229,9
rolling,por_activo,79,2022-08-01,2023-01-31,2023-02-01,NVDA,Crisis,False,,83,7.615265604964405,23,54,9,31,77,35,1.6544796196410747,1.5809151067532636,5.659932938032825,37
rolling,por_activo,79,2022-08-01,2023-01-31,2023-02-01,AMZN,Global,True,sin trials válidos: θ global de la ventana 78,0,-1000000000.0,24,58,15,24,62,12,1.606854216453777,1.327071889788392,5.365803036249328,18
rolling,por_activo,79,2022-08-01,2023-01-31,2023-02-01,AMZN,Tendencia,True,régimen con 0 días < 20,0,,24,58,15,24,62,12,1.606854216453777,1.327071889788392,5.365803036249328,18
rolling,por_activo,79,2022-08-01,2023-01-31,2023-02-01,AMZN,Reversión,True,régimen con 0 días < 20,0,,24,58,15,24,62,12,1.606854216453777,1.327071889788392,5.365803036249328,18
rolling,por_activo,79,2022-08-01,2023-01-31,2023-02-01,AMZN,Crisis,False,,71,9.104104294879127,29,94,10,32,65,10,1.5985058089073434,3.153550316593276,5.636257728603968,36
rolling,por_activo,79,2022-08-01,2023-01-31,2023-02-01,TSLA,Global,False,,65,1.2430517475662388,21,94,10,37,65,15,1.5964787510676088,2.2111625317320893,1.2337351573997475,27
rolling,por_activo,79,2022-08-01,2023-01-31,2023-02-01,TSLA,Tendencia,True,régimen con 0 días < 20,0,,21,94,10,37,65,15,1.5964787510676088,2.2111625317320893,1.2337351573997475,27
rolling,por_activo,79,2022-08-01,2023-01-31,2023-02-01,TSLA,Reversión,True,régimen con 0 días < 20,0,,21,94,10,37,65,15,1.5964787510676088,2.2111625317320893,1.2337351573997475,27
rolling,por_activo,79,2022-08-01,2023-01-31,2023-02-01,TSLA,Crisis,False,,74,9.856568870040823,10,56,14,32,64,12,1.8793614095628186,3.4081075931945763,1.2406533576905292,6
rolling,por_activo,79,2022-08-01,2023-01-31,2023-02-01,META,Global,False,,66,17.465101755305678,9,89,12,37,79,12,1.7482674492502317,1.439172220797659,2.75142328852286,6
rolling,por_activo,79,2022-08-01,2023-01-31,2023-02-01,META,Tendencia,True,régimen con 0 días < 20,0,,9,89,12,37,79,12,1.7482674492502317,1.439172220797659,2.75142328852286,6
rolling,por_activo,79,2022-08-01,2023-01-31,2023-02-01,META,Reversión,True,régimen con 0 días < 20,0,,9,89,12,37,79,12,1.7482674492502317,1.439172220797659,2.75142328852286,6
rolling,por_activo,79,2022-08-01,2023-01-31,2023-02-01,META,Crisis,False,,65,30.632085605878448,5,43,11,40,72,13,1.7212360171919556,1.28496360800901,3.4981181103810504,7
rolling,por_activo,79,2022-08-01,2023-01-31,2023-02-01,NFLX,Global,False,,27,6.937636573883733,24,87,9,37,76,13,1.6467373281105504,1.5060923451833954,3.9867131443239843,40
rolling,por_activo,79,2022-08-01,2023-01-31,2023-02-01,NFLX,Tendencia,True,régimen con 0 días < 20,0,,24,87,9,37,76,13,1.6467373281105504,1.5060923451833954,3.9867131443239843,40
rolling,por_activo,79,2022-08-01,2023-01-31,2023-02-01,NFLX,Reversión,True,régimen con 0 días < 20,0,,24,87,9,37,76,13,1.6467373281105504,1.5060923451833954,3.9867131443239843,40
rolling,por_activo,79,2022-08-01,2023-01-31,2023-02-01,NFLX,Crisis,False,,59,14.877278760263716,20,92,19,31,64,27,1.5792106817384797,3.6747810297816788,5.424975970376555,10
rolling,por_activo,79,2022-08-01,2023-01-31,2023-02-01,GOOGL,Global,True,sin trials válidos: θ global de la ventana 78,0,-1000000000.0,24,47,12,26,70,13,1.590706405201382,1.5826909544129737,1.9122553569637266,9
rolling,por_activo,79,2022-08-01,2023-01-31,2023-02-01,GOOGL,Tendencia,True,régimen con 0 días < 20,0,,24,47,12,26,70,13,1.590706405201382,1.5826909544129737,1.9122553569637266,9
rolling,por_activo,79,2022-08-01,2023-01-31,2023-02-01,GOOGL,Reversión,True,régimen con 0 días < 20,0,,24,47,12,26,70,13,1.590706405201382,1.5826909544129737,1.9122553569637266,9
rolling,por_activo,79,2022-08-01,2023-01-31,2023-02-01,GOOGL,Crisis,False,,62,22.55225489696319,29,35,22,27,79,25,1.6077198737898402,1.4845291398584979,3.266166723794172,16
rolling,por_activo,80,2022-09-01,2023-02-28,2023-03-01,NVDA,Global,False,,60,0.22971638557856336,14,74,11,37,60,16,1.9701442932416149,1.5106983103895306,5.045267014234537,21
rolling,por_activo,80,2022-09-01,2023-02-28,2023-03-01,NVDA,Tendencia,True,régimen con 0 días < 20,0,,14,74,11,37,60,16,1.9701442932416149,1.5106983103895306,5.045267014234537,21
rolling,por_activo,80,2022-09-01,2023-02-28,2023-03-01,NVDA,Reversión,True,régimen con 0 días < 20,0,,14,74,11,37,60,16,1.9701442932416149,1.5106983103895306,5.045267014234537,21
rolling,por_activo,80,2022-09-01,2023-02-28,2023-03-01,NVDA,Crisis,False,,78,3.856768086392073,28,22,14,40,78,33,1.968424301131651,1.9444696649438509,5.48942263721145,17
rolling,por_activo,80,2022-09-01,2023-02-28,2023-03-01,AMZN,Global,True,sin trials válidos: θ global de la ventana 78,0,-1000000000.0,24,58,15,24,62,12,1.606854216453777,1.327071889788392,5.365803036249328,18
rolling,por_activo,80,2022-09-01,2023-02-28,2023-03-01,AMZN,Tendencia,True,régimen con 0 días < 20,0,,24,58,15,24,62,12,1.606854216453777,1.327071889788392,5.365803036249328,18
rolling,por_activo,80,2022-09-01,2023-02-28,2023-03-01,AMZN,Reversión,True,régimen con 0 días < 20,0,,24,58,15,24,62,12,1.606854216453777,1.327071889788392,5.365803036249328,18
rolling,por_activo,80,2022-09-01,2023-02-28,2023-03-01,AMZN,Crisis,False,,50,0.37604542824066856,28,93,24,39,77,36,1.6229462051455454,3.773047161822258,1.5303259130763551,26
rolling,por_activo,80,2022-09-01,2023-02-28,2023-03-01,TSLA,Global,False,,46,-1.015785334522877,12,90,7,22,60,20,1.7822561626971425,3.859453910425774,4.375994815688576,8
rolling,por_activo,80,2022-09-01,2023-02-28,2023-03-01,TSLA,Tendencia,True,régimen con 0 días < 20,0,,12,90,7,22,60,20,1.7822561626971425,3.859453910425774,4.375994815688576,8
rolling,por_activo,80,2022-09-01,2023-02-28,2023-03-01,TSLA,Reversión,True,régimen con 0 días < 20,0,,12,90,7,22,60,20,1.7822561626971425,3.859453910425774,4.375994815688576,8
rolling,por_activo,80,2022-09-01,2023-02-28,2023-03-01,TSLA,Crisis,False,,74,-0.6680532496570905,12,94,11,36,77,12,1.9863912404882273,1.5491133847280594,3.3385747981392058,38
rolling,por_activo,80,2022-09-01,2023-02-28,2023-03-01,META,Global,False,,47,16.889984994980022,22,32,19,30,71,13,1.5544320662399025,2.22872135645554,2.8045722291774315,6
rolling,por_activo,80,2022-09-01,2023-02-28,2023-03-01,META,Tendencia,True,régimen con 0 días < 20,0,,22,32,19,30,71,13,1.5544320662399025,2.22872135645554,2.8045722291774315,6
rolling,por_activo,80,2022-09-01,2023-02-28,2023-03-01,META,Reversión,True,régimen con 0 días < 20,0,,22,32,19,30,71,13,1.5544320662399025,2.22872135645554,2.8045722291774315,6
rolling,por_activo,80,2022-09-01,2023-02-28,2023-03-01,META,Crisis,False,,69,20.295603247325456,12,56,27,38,64,13,1.6195096121538683,1.3735472285305521,1.1501327040902334,34
rolling,por_activo,80,2022-09-01,2023-02-28,2023-03-01,NFLX,Global,False,,23,20.87367495074667,24,49,26,37,75,10,1.6919682579283952,1.211188102101982,4.841578669887861,28
rolling,por_activo,80,2022-09-01,2023-02-28,2023-03-01,NFLX,Tendencia,True,régimen con 0 días < 20,0,,24,49,26,37,75,10,1.6919682579283952,1.211188102101982,4.841578669887861,28
rolling,por_activo,80,2022-09-01,2023-02-28,2023-03-01,NFLX,Reversión,True,régimen con 0 días < 20,0,,24,49,26,37,75,10,1.6919682579283952,1.211188102101982,4.841578669887861,28
rolling,por_activo,80,2022-09-01,2023-02-28,2023-03-01,NFLX,Crisis,False,,55,59.80973733766092,25,38,22,38,64,18,1.7573147667236277,3.6357835238384997,3.8026104915703858,16
rolling,por_activo,80,2022-09-01,2023-02-28,2023-03-01,GOOGL,Global,False,,44,2.3861270944457855,29,65,18,24,80,22,1.7912776293986672,1.0255869675088864,3.658632520550529,39
rolling,por_activo,80,2022-09-01,2023-02-28,2023-03-01,GOOGL,Tendencia,True,régimen con 0 días < 20,0,,29,65,18,24,80,22,1.7912776293986672,1.0255869675088864,3.658632520550529,39
rolling,por_activo,80,2022-09-01,2023-02-28,2023-03-01,GOOGL,Reversión,True,régimen con 0 días < 20,0,,29,65,18,24,80,22,1.7912776293986672,1.0255869675088864,3.658632520550529,39
rolling,por_activo,80,2022-09-01,2023-02-28,2023-03-01,GOOGL,Crisis,False,,67,6.123371967777537,16,22,28,27,69,12,1.78421145755277,1.0458828189708949,4.323999210542864,35
rolling,por_activo,81,2022-10-03,2023-03-31,2023-04-03,NVDA,Global,False,,45,-0.4541516175608841,29,97,9,34,69,19,1.6746317821573493,2.9805719849257866,3.0238844613961438,16
rolling,por_activo,81,2022-10-03,2023-03-31,2023-04-03,NVDA,Tendencia,True,régimen con 0 días < 20,0,,29,97,9,34,69,19,1.6746317821573493,2.9805719849257866,3.0238844613961438,16
rolling,por_activo,81,2022-10-03,2023-03-31,2023-04-03,NVDA,Reversión,True,régimen con 9 días < 20,0,,29,97,9,34,69,19,1.6746317821573493,2.9805719849257866,3.0238844613961438,16
rolling,por_activo,81,2022-10-03,2023-03-31,2023-04-03,NVDA,Crisis,False,,70,2.330849476175454,28,25,13,36,62,31,2.519507569887333,2.78006011027441,4.871071158288606,17
rolling,por_activo,81,2022-10-03,2023-03-31,2023-04-03,AMZN,Global,False,,22,1.4035935445854826,10,92,8,37,62,10,1.9329540981460258,2.1001586132306422,3.832681284172783,22
rolling,por_activo,81,2022-10-03,2023-03-31,2023-04-03,AMZN,Tendencia,True,régimen con 0 días < 20,0,,10,92,8,37,62,10,1.9329540981460258,2.1001586132306422,3.832681284172783,22
rolling,por_activo,81,2022-10-03,2023-03-31,2023-04-03,AMZN,Reversión,True,régimen con 9 días < 20,0,,10,92,8,37,62,10,1.9329540981460258,2.1001586132306422,3.832681284172783,22
rolling,por_activo,81,2022-10-03,2023-03-31,2023-04-03,AMZN,Crisis,False,,59,5.809724198976119,22,80,26,36,78,22,1.9967005856443698,1.0468767104616763,4.211949651911022,40
rolling,por_activo,81,2022-10-03,2023-03-31,2023-04-03,TSLA,Global,False,,68,-0.9069254997668605,28,45,19,26,77,10,1.8064436340357872,1.4496639238949751,1.441421986698661,13
rolling,por_activo,81,2022-10-03,2023-03-31,2023-04-03,TSLA,Tendencia,True,régimen con 0 días < 20,0,,28,45,19,26,77,10,1.8064436340357872,1.4496639238949751,1.441421986698661,13
rolling,por_activo,81,2022-10-03,2023-03-31,2023-04-03,TSLA,Reversión,True,régimen con 9 días < 20,0,,28,45,19,26,77,10,1.8064436340357872,1.4496639238949751,1.441421986698661,13
rolling,por_activo,81,2022-10-03,2023-03-31,2023-04-03,TSLA,Crisis,False,,63,3.6135508025242173,17,92,18,25,65,37,2.9423856764565692,1.3574660643117367,1.235319866951854,10
rolling,por_activo,81,2022-10-03,2023-03-31,2023-04-03,META,Global,False,,65,-1.031192096065491,28,95,7,21,67,38,2.5997992165765202,1.7940300369953182,1.4626471393806486,20
rolling,por_activo,81,2022-10-03,2023-03-31,2023-04-03,META,Tendencia,True,régimen con 0 días < 20,0,,28,95,7,21,67,38,2.5997992165765202,1.7940300369953182,1.4626471393806486,20
rolling,por_activo,81,2022-10-03,2023-03-31,2023-04-03,META,Reversión,True,régimen con 9 días < 20,0,,28,95,7,21,67,38,2.5997992165765202,1.7940300369953182,1.4626471393806486,20
rolling,por_activo,81,2022-10-03,2023-03-31,2023-04-03,META,Crisis,False,,68,-0.05548991132088291,29,96,26,39,66,13,1.8684911235940485,3.283695305469465,1.5282275055036614,28
rolling,por_activo,81,2022-10-03,2023-03-31,2023-04-03,NFLX,Global,False,,68,12.73676849730307,29,31,10,39,70,25,1.6796314501117,1.2619753147372856,4.469187942284853,9
rolling,por_activo,81,2022-10-03,2023-03-31,2023-04-03,NFLX,Tendencia,True,régimen con 0 días < 20,0,,29,31,10,39,70,25,1.6796314501117,1.2619753147372856,4.469187942284853,9
rolling,por_activo,81,2022-10-03,2023-03-31,2023-04-03,NFLX,Reversión,True,régimen con 9 días < 20,0,,29,31,10,39,70,25,1.6796314501117,1.2619753147372856,4.469187942284853,9
rolling,por_activo,81,2022-10-03,2023-03-31,2023-04-03,NFLX,Crisis,False,,75,7.304739181006962,29,67,7,36,78,38,2.659762345768671,3.290635906544071,3.2023463337826197,21
rolling,por_activo,81,2022-10-03,2023-03-31,2023-04-03,GOOGL,Global,False,,60,5.193589529625121,28,88,25,24,72,14,1.8006001607487856,3.2655465254254046,3.867152953015924,38
rolling,por_activo,81,2022-10-03,2023-03-31,2023-04-03,GOOGL,Tendencia,True,régimen con 0 días < 20,0,,28,88,25,24,72,14,1.8006001607487856,3.2655465254254046,3.867152953015924,38
rolling,por_activo,81,2022-10-03,2023-03-31,2023-04-03,GOOGL,Reversión,True,régimen con 9 días < 20,0,,28,88,25,24,72,14,1.8006001607487856,3.2655465254254046,3.867152953015924,38
rolling,por_activo,81,2022-10-03,2023-03-31,2023-04-03,GOOGL,Crisis,False,,79,3.4174053104524424,26,84,7,30,68,36,2.255495086457218,2.090067398763699,3.8758012713406056,36
rolling,por_activo,82,2022-11-01,2023-04-28,2023-05-01,NVDA,Global,False,,44,1.8195079241856202,28,70,8,33,69,34,2.8043905990673474,1.149712761824856,1.2250616580798401,33
rolling,por_activo,82,2022-11-01,2023-04-28,2023-05-01,NVDA,Tendencia,True,régimen con 0 días < 20,0,,28,70,8,33,69,34,2.8043905990673474,1.149712761824856,1.2250616580798401,33
rolling,por_activo,82,2022-11-01,2023-04-28,2023-05-01,NVDA,Reversión,True,régimen con 0 días < 20,0,,28,70,8,33,69,34,2.8043905990673474,1.149712761824856,1.2250616580798401,33
rolling,por_activo,82,2022-11-01,2023-04-28,2023-05-01,NVDA,Crisis,False,,58,5.466376498700856,8,91,7,24,78,27,1.931559322835871,1.149056577613752,5.580081203655975,28
rolling,por_activo,82,2022-11-01,2023-04-28,2023-05-01,AMZN,Global,False,,62,1.9585739170804246,26,91,9,39,68,15,2.7250821944842536,2.291216351287659,5.678840970696015,7
rolling,por_activo,82,2022-11-01,2023-04-28,2023-05-01,AMZN,Tendencia,True,régimen con 0 días < 20,0,,26,91,9,39,68,15,2.7250821944842536,2.291216351287659,5.678840970696015,7
rolling,por_activo,82,2022-11-01,2023-04-28,2023-05-01,AMZN,Reversión,True,régimen con 0 días < 20,0,,26,91,9,39,68,15,2.7250821944842536,2.291216351287659,5.678840970696015,7
rolling,por_activo,82,2022-11-01,2023-04-28,2023-05-01,AMZN,Crisis,False,,75,6.0165582541976566,19,95,8,21,67,30,1.6590800878086842,1.5925874182330275,1.0846020858158854,20
rolling,por_activo,82,2022-11-01,2023-04-28,2023-05-01,TSLA,Global,False,,61,1.8430630919094249,29,90,18,21,61,35,1.9656996634599906,1.430621044621699,1.2724116964806245,34
rolling,por_activo,82,2022-11-01,2023-04-28,2023-05-01,TSLA,Tendencia,True,régimen con 0 días < 20,0,,29,90,18,21,61,35,1.9656996634599906,1.430621044621699,1.2724116964806245,34
rolling,por_activo,82,2022-11-01,2023-04-28,2023-05-01,TSLA,Reversión,True,régimen con 0 días < 20,0,,29,90,18,21,61,35,1.9656996634599906,1.430621044621699,1.2724116964806245,34
rolling,por_activo,82,2022-11-01,2023-04-28,2023-05-01,TSLA,Crisis,False,,61,17.13310834036936,28,45,20,21,68,11,2.7750067173034796,1.2454546700531193,1.3506408725459642,37
rolling,por_activo,82,2022-11-01,2023-04-28,2023-05-01,META,Global,False,,62,-1.2133303652986975,29,96,12,29,66,12,2.0935632375921243,2.0235985039947404,1.6725083785079655,9
rolling,por_activo,82,2022-11-01,2023-04-28,2023-05-01,META,Tendencia,True,régimen con 0 días < 20,0,,29,96,12,29,66,12,2.0935632375921243,2.0235985039947404,1.6725083785079655,9
rolling,por_activo,82,2022-11-01,2023-04-28,2023-05-01,META,Reversión,True,régimen con 0 días < 20,0,,29,96,12,29,66,12,2.0935632375921243,2.0235985039947404,1.6725083785079655,9
rolling,por_activo,82,2022-11-01,2023-04-28,2023-05-01,META,Crisis,False,,77,-1.0704242505038235,30,94,9,28,74,18,1.749441829332916,3.8794510005791976,5.246062627951432,10
rolling,por_activo,82,2022-11-01,2023-04-28,2023-05-01,NFLX,Global,False,,67,9.643958435622434,7,22,26,22,72,11,1.6312715512701892,1.2606123709988564,4.598409517832165,37
rolling,por_activo,82,2022-11-01,2023-04-28,2023-05-01,NFLX,Tendencia,True,régimen con 0 días < 20,0,,7,22,26,22,72,11,1.6312715512701892,1.2606123709988564,4.598409517832165,37
rolling,por_activo,82,2022-11-01,2023-04-28,2023-05-01,NFLX,Reversión,True,régimen con 0 días < 20,0,,7,22,26,22,72,11,1.6312715512701892,1.2606123709988564,4.598409517832165,37
rolling,por_activo,82,2022-11-01,2023-04-28,2023-05-01,NFLX,Crisis,False,,78,14.750317360717577,26,42,8,38,79,38,1.8837215075411429,2.832094098713403,5.32956145321508,26
rolling,por_activo,82,2022-11-01,2023-04-28,2023-05-01,GOOGL,Global,False,,47,-0.49197522752149236,26,21,17,24,79,12,1.6236125438045048,1.468980357906025,4.612908928567092,31
rolling,por_activo,82,2022-11-01,2023-04-28,2023-05-01,GOOGL,Tendencia,True,régimen con 0 días < 20,0,,26,21,17,24,79,12,1.6236125438045048,1.468980357906025,4.612908928567092,31
rolling,por_activo,82,2022-11-01,2023-04-28,2023-05-01,GOOGL,Reversión,True,régimen con 0 días < 20,0,,26,21,17,24,79,12,1.6236125438045048,1.468980357906025,4.612908928567092,31
rolling,por_activo,82,2022-11-01,2023-04-28,2023-05-01,GOOGL,Crisis,False,,75,0.36494058864952167,18,93,18,38,73,12,2.0500225849947062,1.1362485297741216,4.3542734473080635,39
rolling,por_activo,83,2022-12-01,2023-05-31,2023-06-01,NVDA,Global,True,sin trials válidos: θ global de la ventana 82,0,-1000000000.0,28,70,8,33,69,34,2.8043905990673474,1.149712761824856,1.2250616580798401,33
rolling,por_activo,83,2022-12-01,2023-05-31,2023-06-01,NVDA,Tendencia,True,régimen con 7 días < 20,0,,28,70,8,33,69,34,2.8043905990673474,1.149712761824856,1.2250616580798401,33
rolling,por_activo,83,2022-12-01,2023-05-31,2023-06-01,NVDA,Reversión,True,régimen con 0 días < 20,0,,28,70,8,33,69,34,2.8043905990673474,1.149712761824856,1.2250616580798401,33
rolling,por_activo,83,2022-12-01,2023-05-31,2023-06-01,NVDA,Crisis,False,,61,24.03854505637012,21,76,10,34,79,19,1.6558537895482568,1.123987597838623,4.689882375129492,16
rolling,por_activo,83,2022-12-01,2023-05-31,2023-06-01,AMZN,Global,False,,51,-0.3316930283772644,26,63,8,22,62,34,2.7768789033514976,1.312519319394749,4.392915446459548,13
rolling,por_activo,83,2022-12-01,2023-05-31,2023-06-01,AMZN,Tendencia,True,régimen con 7 días < 20,0,,26,63,8,22,62,34,2.7768789033514976,1.312519319394749,4.392915446459548,13
rolling,por_activo,83,2022-12-01,2023-05-31,2023-06-01,AMZN,Reversión,True,régimen con 0 días < 20,0,,26,63,8,22,62,34,2.7768789033514976,1.312519319394749,4.392915446459548,13
rolling,por_activo,83,2022-12-01,2023-05-31,2023-06-01,AMZN,Crisis,False,,66,11.913826329825373,29,85,19,22,69,17,2.5685819058766923,3.9202053626939386,1.9183857992571474,7
rolling,por_activo,83,2022-12-01,2023-05-31,2023-06-01,TSLA,Global,False,,53,2.0703136102708406,22,47,10,38,79,29,1.5486698231632128,3.245543125114449,2.5010782320557565,24
rolling,por_activo,83,2022-12-01,2023-05-31,2023-06-01,TSLA,Tendencia,True,régimen con 7 días < 20,0,,22,47,10,38,79,29,1.5486698231632128,3.245543125114449,2.5010782320557565,24
rolling,por_activo,83,2022-12-01,2023-05-31,2023-06-01,TSLA,Reversión,True,régimen con 0 días < 20,0,,22,47,10,38,79,29,1.5486698231632128,3.245543125114449,2.5010782320557565,24
rolling,por_activo,83,2022-12-01,2023-05-31,2023-06-01,TSLA,Crisis,False,,87,0.6071461713569455,25,92,13,22,61,30,1.5638705874127155,2.1132883472114474,3.1199734398642556,36
rolling,por_activo,83,2022-12-01,2023-05-31,2023-06-01,META,Global,False,,20,-0.6977207893923549,30,93,26,35,71,19,1.564650745097314,2.4267855364163937,5.246865639106657,14
rolling,por_activo,83,2022-12-01,2023-05-31,2023-06-01,META,Tendencia,True,régimen con 7 días < 20,0,,30,93,26,35,71,19,1.564650745097314,2.4267855364163937,5.246865639106657,14
rolling,por_activo,83,2022-12-01,2023-05-31,2023-06-01,META,Reversión,True,régimen con 0 días < 20,0,,30,93,26,35,71,19,1.564650745097314,2.4267855364163937,5.246865639106657,14
rolling,por_activo,83,2022-12-01,2023-05-31,2023-06-01,META,Crisis,False,,77,3.2948142283736823,24,28,22,21,79,15,1.5656905233473881,1.3044202513658725,1.1980123682856045,18
rolling,por_activo,83,2022-12-01,2023-05-31,2023-06-01,NFLX,Global,False,,67,7.394379938940288,28,77,17,38,60,13,1.6634668896164553,2.1456670185406135,4.8039632811515425,25
rolling,por_activo,83,2022-12-01,2023-05-31,2023-06-01,NFLX,Tendencia,True,régimen con 7 días < 20,0,,28,77,17,38,60,13,1.6634668896164553,2.1456670185406135,4.8039632811515425,25
rolling,por_activo,83,2022-12-01,2023-05-31,2023-06-01,NFLX,Reversión,True,régimen con 0 días < 20,0,,28,77,17,38,60,13,1.6634668896164553,2.1456670185406135,4.8039632811515425,25
rolling,por_activo,83,2022-12-01,2023-05-31,2023-06-01,NFLX,Crisis,False,,73,6.419680988782334,27,94,8,21,62,11,1.794418028482303,3.2596496616263027,3.7871373978564993,26
rolling,por_activo,83,2022-12-01,2023-05-31,2023-06-01,GOOGL,Global,False,,63,0.4929608974290891,17,80,16,27,66,12,1.6776960203244469,2.0525882155631403,3.853370170534774,15
rolling,por_activo,83,2022-12-01,2023-05-31,2023-06-01,GOOGL,Tendencia,True,régimen con 7 días < 20,0,,17,80,16,27,66,12,1.6776960203244469,2.0525882155631403,3.853370170534774,15
rolling,por_activo,83,2022-12-01,2023-05-31,2023-06-01,GOOGL,Reversión,True,régimen con 0 días < 20,0,,17,80,16,27,66,12,1.6776960203244469,2.0525882155631403,3.853370170534774,15
rolling,por_activo,83,2022-12-01,2023-05-31,2023-06-01,GOOGL,Crisis,False,,74,1.9240360265217697,28,72,10,21,74,14,1.599093403246619,3.283508676090356,4.17640385497007,31
rolling,por_activo,84,2023-01-03,2023-06-30,2023-07-03,NVDA,Global,True,sin trials válidos: θ global de la ventana 82,0,-1000000000.0,28,70,8,33,69,34,2.8043905990673474,1.149712761824856,1.2250616580798401,33
rolling,por_activo,84,2023-01-03,2023-06-30,2023-07-03,NVDA,Tendencia,True,ningún trial cumple N_MIN,0,-1000000000.0,28,70,8,33,69,34,2.8043905990673474,1.149712761824856,1.2250616580798401,33
rolling,por_activo,84,2023-01-03,2023-06-30,2023-07-03,NVDA,Reversión,True,régimen con 0 días < 20,0,,28,70,8,33,69,34,2.8043905990673474,1.149712761824856,1.2250616580798401,33
rolling,por_activo,84,2023-01-03,2023-06-30,2023-07-03,NVDA,Crisis,True,ningún trial cumple N_MIN,0,-1000000000.0,28,70,8,33,69,34,2.8043905990673474,1.149712761824856,1.2250616580798401,33
rolling,por_activo,84,2023-01-03,2023-06-30,2023-07-03,AMZN,Global,False,,54,0.9868266947103275,12,94,14,37,62,18,1.948982242826429,3.349507603264275,3.861800695711975,6
rolling,por_activo,84,2023-01-03,2023-06-30,2023-07-03,AMZN,Tendencia,True,ningún trial cumple N_MIN,0,-1000000000.0,12,94,14,37,62,18,1.948982242826429,3.349507603264275,3.861800695711975,6
rolling,por_activo,84,2023-01-03,2023-06-30,2023-07-03,AMZN,Reversión,True,régimen con 0 días < 20,0,,12,94,14,37,62,18,1.948982242826429,3.349507603264275,3.861800695711975,6
rolling,por_activo,84,2023-01-03,2023-06-30,2023-07-03,AMZN,Crisis,False,,44,11.913826329825373,26,40,18,22,71,16,2.576089708493031,1.1785295303095125,5.402581097688928,5
rolling,por_activo,84,2023-01-03,2023-06-30,2023-07-03,TSLA,Global,False,,77,-0.671501760732253,21,30,10,38,77,15,2.026283886895381,1.9660011974859357,3.312382637827847,28
rolling,por_activo,84,2023-01-03,2023-06-30,2023-07-03,TSLA,Tendencia,False,,47,-1.8857137371647357,28,49,7,21,77,14,1.5572261014668085,2.063116455980046,4.171473719101469,12
rolling,por_activo,84,2023-01-03,2023-06-30,2023-07-03,TSLA,Reversión,True,régimen con 0 días < 20,0,,21,30,10,38,77,15,2.026283886895381,1.9660011974859357,3.312382637827847,28
rolling,por_activo,84,2023-01-03,2023-06-30,2023-07-03,TSLA,Crisis,False,,60,2.953886600663499,29,26,20,34,67,36,1.6017151732907227,2.996778958384115,3.1710484446470586,37
rolling,por_activo,84,2023-01-03,2023-06-30,2023-07-03,META,Global,False,,50,-0.37197598533843235,25,63,15,20,64,11,1.8655362568246951,1.0922992340334825,5.74393343260184,38
rolling,por_activo,84,2023-01-03,2023-06-30,2023-07-03,META,Tendencia,True,ningún trial cumple N_MIN,0,-1000000000.0,25,63,15,20,64,11,1.8655362568246951,1.0922992340334825,5.74393343260184,38
rolling,por_activo,84,2023-01-03,2023-06-30,2023-07-03,META,Reversión,True,régimen con 0 días < 20,0,,25,63,15,20,64,11,1.8655362568246951,1.0922992340334825,5.74393343260184,38
rolling,por_activo,84,2023-01-03,2023-06-30,2023-07-03,META,Crisis,False,,65,2.602633476823357,9,82,15,37,64,12,1.6080706227447206,1.762045811415267,5.4386738224498075,5
rolling,por_activo,84,2023-01-03,2023-06-30,2023-07-03,NFLX,Global,False,,24,0.3356840774521494,11,96,27,36,68,12,1.6818133034400449,3.5598997712133316,1.1751345092786705,24
rolling,por_activo,84,2023-01-03,2023-06-30,2023-07-03,NFLX,Tendencia,True,ningún trial cumple N_MIN,0,-1000000000.0,11,96,27,36,68,12,1.6818133034400449,3.5598997712133316,1.1751345092786705,24
rolling,por_activo,84,2023-01-03,2023-06-30,2023-07-03,NFLX,Reversión,True,régimen con 0 días < 20,0,,11,96,27,36,68,12,1.6818133034400449,3.5598997712133316,1.1751345092786705,24
rolling,por_activo,84,2023-01-03,2023-06-30,2023-07-03,NFLX,Crisis,False,,74,4.1905445843834475,28,56,18,32,61,13,1.8507669371363664,3.167540581871938,4.622467151783714,28
rolling,por_activo,84,2023-01-03,2023-06-30,2023-07-03,GOOGL,Global,False,,65,-1.060140011787893,20,82,27,34,73,13,1.6126670816543058,2.659536915046896,4.18268915238821,32
rolling,por_activo,84,2023-01-03,2023-06-30,2023-07-03,GOOGL,Tendencia,True,ningún trial cumple N_MIN,0,-1000000000.0,20,82,27,34,73,13,1.6126670816543058,2.659536915046896,4.18268915238821,32
rolling,por_activo,84,2023-01-03,2023-06-30,2023-07-03,GOOGL,Reversión,True,régimen con 0 días < 20,0,,20,82,27,34,73,13,1.6126670816543058,2.659536915046896,4.18268915238821,32
rolling,por_activo,84,2023-01-03,2023-06-30,2023-07-03,GOOGL,Crisis,False,,75,4.386846335380322,23,96,17,39,64,36,2.3805918925910565,1.9744650188949548,2.474655664306032,5
rolling,por_activo,85,2023-02-01,2023-07-31,2023-08-01,NVDA,Global,True,sin trials válidos: θ global de la ventana 82,0,-1000000000.0,28,70,8,33,69,34,2.8043905990673474,1.149712761824856,1.2250616580798401,33
rolling,por_activo,85,2023-02-01,2023-07-31,2023-08-01,NVDA,Tendencia,True,ningún trial cumple N_MIN,0,-1000000000.0,28,70,8,33,69,34,2.8043905990673474,1.149712761824856,1.2250616580798401,33
rolling,por_activo,85,2023-02-01,2023-07-31,2023-08-01,NVDA,Reversión,True,régimen con 0 días < 20,0,,28,70,8,33,69,34,2.8043905990673474,1.149712761824856,1.2250616580798401,33
rolling,por_activo,85,2023-02-01,2023-07-31,2023-08-01,NVDA,Crisis,True,ningún trial cumple N_MIN,0,-1000000000.0,28,70,8,33,69,34,2.8043905990673474,1.149712761824856,1.2250616580798401,33
rolling,por_activo,85,2023-02-01,2023-07-31,2023-08-01,AMZN,Global,True,sin trials válidos: θ global de la ventana 84,0,-1000000000.0,12,94,14,37,62,18,1.948982242826429,3.349507603264275,3.861800695711975,6
rolling,por_activo,85,2023-02-01,2023-07-31,2023-08-01,AMZN,Tendencia,True,ningún trial cumple N_MIN,0,-1000000000.0,12,94,14,37,62,18,1.948982242826429,3.349507603264275,3.861800695711975,6
rolling,por_activo,85,2023-02-01,2023-07-31,2023-08-01,AMZN,Reversión,True,régimen con 0 días < 20,0,,12,94,14,37,62,18,1.948982242826429,3.349507603264275,3.861800695711975,6
rolling,por_activo,85,2023-02-01,2023-07-31,2023-08-01,AMZN,Crisis,False,,53,12.498067669543863,29,81,18,33,67,12,2.11785449866106,3.87273042136772,4.859668348639859,7
rolling,por_activo,85,2023-02-01,2023-07-31,2023-08-01,TSLA,Global,False,,5,-0.9075517261991346,29,67,20,38,68,12,1.5792134830008497,3.8572570873108427,1.7045897276740427,27
rolling,por_activo,85,2023-02-01,2023-07-31,2023-08-01,TSLA,Tendencia,True,ningún trial cumple N_MIN,0,-1000000000.0,29,67,20,38,68,12,1.5792134830008497,3.8572570873108427,1.7045897276740427,27
rolling,por_activo,85,2023-02-01,2023-07-31,2023-08-01,TSLA,Reversión,True,régimen con 0 días < 20,0,,29,67,20,38,68,12,1.5792134830008497,3.8572570873108427,1.7045897276740427,27
rolling,por_activo,85,2023-02-01,2023-07-31,2023-08-01,TSLA,Crisis,False,,69,10.952237443991937,29,35,11,40,76,36,2.035360384335882,2.024497328477941,2.6179194234512098,27
rolling,por_activo,85,2023-02-01,2023-07-31,2023-08-01,META,Global,True,sin trials válidos: θ global de la ventana 84,0,-1000000000.0,25,63,15,20,64,11,1.8655362568246951,1.0922992340334825,5.74393343260184,38
rolling,por_activo,85,2023-02-01,2023-07-31,2023-08-01,META,Tendencia,True,ningún trial cumple N_MIN,0,-1000000000.0,25,63,15,20,64,11,1.8655362568246951,1.0922992340334825,5.74393343260184,38
rolling,por_activo,85,2023-02-01,2023-07-31,2023-08-01,META,Reversión,True,régimen con 0 días < 20,0,,25,63,15,20,64,11,1.8655362568246951,1.0922992340334825,5.74393343260184,38
rolling,por_activo,85,2023-02-01,2023-07-31,2023-08-01,META,Crisis,True,ningún trial cumple N_MIN,0,-1000000000.0,25,63,15,20,64,11,1.8655362568246951,1.0922992340334825,5.74393343260184,38
rolling,por_activo,85,2023-02-01,2023-07-31,2023-08-01,NFLX,Global,False,,46,2.399959078863735,20,85,23,22,79,13,1.759201916334184,3.197788267664156,1.055367989134146,10
rolling,por_activo,85,2023-02-01,2023-07-31,2023-08-01,NFLX,Tendencia,True,ningún trial cumple N_MIN,0,-1000000000.0,20,85,23,22,79,13,1.759201916334184,3.197788267664156,1.055367989134146,10
rolling,por_activo,85,2023-02-01,2023-07-31,2023-08-01,NFLX,Reversión,True,régimen con 0 días < 20,0,,20,85,23,22,79,13,1.759201916334184,3.197788267664156,1.055367989134146,10
rolling,por_activo,85,2023-02-01,2023-07-31,2023-08-01,NFLX,Crisis,False,,68,5.409794393753367,21,52,21,38,72,14,1.984680551736065,3.2360795559013047,5.740609636267663,28
rolling,por_activo,85,2023-02-01,2023-07-31,2023-08-01,GOOGL,Global,True,sin trials válidos: θ global de la ventana 84,0,-1000000000.0,20,82,27,34,73,13,1.6126670816543058,2.659536915046896,4.18268915238821,32
rolling,por_activo,85,2023-02-01,2023-07-31,2023-08-01,GOOGL,Tendencia,False,,32,10.988878750485842,24,62,20,22,76,18,1.6996568484903682,1.1107498059917382,1.0780496182826411,38
rolling,por_activo,85,2023-02-01,2023-07-31,2023-08-01,GOOGL,Reversión,True,régimen con 0 días < 20,0,,20,82,27,34,73,13,1.6126670816543058,2.659536915046896,4.18268915238821,32
rolling,por_activo,85,2023-02-01,2023-07-31,2023-08-01,GOOGL,Crisis,False,,43,1.1551397428447512,20,82,12,23,67,11,1.5420134990147247,2.728382584052746,5.552939265684381,25
rolling,por_activo,86,2023-03-01,2023-08-31,2023-09-01,NVDA,Global,True,sin trials válidos: θ global de la ventana 82,0,-1000000000.0,28,70,8,33,69,34,2.8043905990673474,1.149712761824856,1.2250616580798401,33
rolling,por_activo,86,2023-03-01,2023-08-31,2023-09-01,NVDA,Tendencia,True,ningún trial cumple N_MIN,0,-1000000000.0,28,70,8,33,69,34,2.8043905990673474,1.149712761824856,1.2250616580798401,33
rolling,por_activo,86,2023-03-01,2023-08-31,2023-09-01,NVDA,Reversión,True,régimen con 0 días < 20,0,,28,70,8,33,69,34,2.8043905990673474,1.149712761824856,1.2250616580798401,33
rolling,por_activo,86,2023-03-01,2023-08-31,2023-09-01,NVDA,Crisis,True,ningún trial cumple N_MIN,0,-1000000000.0,28,70,8,33,69,34,2.8043905990673474,1.149712761824856,1.2250616580798401,33
rolling,por_activo,86,2023-03-01,2023-08-31,2023-09-01,AMZN,Global,True,sin trials válidos: θ global de la ventana 84,0,-1000000000.0,12,94,14,37,62,18,1.948982242826429,3.349507603264275,3.861800695711975,6
rolling,por_activo,86,2023-03-01,2023-08-31,2023-09-01,AMZN,Tendencia,True,ningún trial cumple N_MIN,0,-1000000000.0,12,94,14,37,62,18,1.948982242826429,3.349507603264275,3.861800695711975,6
rolling,por_activo,86,2023-03-01,2023-08-31,2023-09-01,AMZN,Reversión,True,régimen con 0 días < 20,0,,12,94,14,37,62,18,1.948982242826429,3.349507603264275,3.861800695711975,6
rolling,por_activo,86,2023-03-01,2023-08-31,2023-09-01,AMZN,Crisis,False,,1,2.3110222838906203,23,68,27,35,74,10,1.9372315332005283,3.76501952659396,4.71835148653936,9
rolling,por_activo,86,2023-03-01,2023-08-31,2023-09-01,TSLA,Global,False,,72,0.8315808537489806,28,71,8,36,60,10,1.6876432653750708,1.431743939325218,1.8735399462377251,16
rolling,por_activo,86,2023-03-01,2023-08-31,2023-09-01,TSLA,Tendencia,False,,81,0.18421009078959952,12,72,26,32,61,10,1.687366768970763,1.0427251304859957,2.3065249083733286,39
rolling,por_activo,86,2023-03-01,2023-08-31,2023-09-01,TSLA,Reversión,True,régimen con 0 días < 20,0,,28,71,8,36,60,10,1.6876432653750708,1.431743939325218,1.8735399462377251,16
rolling,por_activo,86,2023-03-01,2023-08-31,2023-09-01,TSLA,Crisis,False,,27,17.30141286088598,25,93,8,32,66,11,1.8611019026711495,1.0820809992616955,3.1017447170098618,5
rolling,por_activo,86,2023-03-01,2023-08-31,2023-09-01,META,Global,True,sin trials válidos: θ global de la ventana 84,0,-1000000000.0,25,63,15,20,64,11,1.8655362568246951,1.0922992340334825,5.74393343260184,38
rolling,por_activo,86,2023-03-01,2023-08-31,2023-09-01,META,Tendencia,False,,8,2.3360375868578265,21,10,25,23,79,10,1.5037439113695767,1.9330066876022085,4.084483567618143,5
rolling,por_activo,86,2023-03-01,2023-08-31,2023-09-01,META,Reversión,True,régimen con 0 días < 20,0,,25,63,15,20,64,11,1.8655362568246951,1.0922992340334825,5.74393343260184,38
rolling,por_activo,86,2023-03-01,2023-08-31,2023-09-01,META,Crisis,True,ningún trial cumple N_MIN,0,-1000000000.0,25,63,15,20,64,11,1.8655362568246951,1.0922992340334825,5.74393343260184,38
rolling,por_activo,86,2023-03-01,2023-08-31,2023-09-01,NFLX,Global,False,,15,7.262667081723264,24,26,9,22,66,18,1.6303856187598469,2.569738456533128,1.6224163254607822,24
rolling,por_activo,86,2023-03-01,2023-08-31,2023-09-01,NFLX,Tendencia,True,ningún trial cumple N_MIN,0,-1000000000.0,24,26,9,22,66,18,1.6303856187598469,2.569738456533128,1.6224163254607822,24
rolling,por_activo,86,2023-03-01,2023-08-31,2023-09-01,NFLX,Reversión,True,régimen con 0 días < 20,0,,24,26,9,22,66,18,1.6303856187598469,2.569738456533128,1.6224163254607822,24
rolling,por_activo,86,2023-03-01,2023-08-31,2023-09-01,NFLX,Crisis,False,,57,8.864751147927828,13,92,24,28,71,12,1.9712237982873084,3.178555891263627,5.394323025962945,32
rolling,por_activo,86,2023-03-01,2023-08-31,2023-09-01,GOOGL,Global,False,,32,1.7041149436273149,16,70,11,39,72,10,1.6031665835404203,1.38305906571469,3.655542657250579,6
rolling,por_activo,86,2023-03-01,2023-08-31,2023-09-01,GOOGL,Tendencia,False,,2,2.4017396429658264,20,37,12,34,73,22,1.5764009422435497,1.1705891598744793,3.681088712854383,7
rolling,por_activo,86,2023-03-01,2023-08-31,2023-09-01,GOOGL,Reversión,True,régimen con 0 días < 20,0,,16,70,11,39,72,10,1.6031665835404203,1.38305906571469,3.655542657250579,6
rolling,por_activo,86,2023-03-01,2023-08-31,2023-09-01,GOOGL,Crisis,True,ningún trial cumple N_MIN,0,-1000000000.0,16,70,11,39,72,10,1.6031665835404203,1.38305906571469,3.655542657250579,6
rolling,por_activo,87,2023-04-03,2023-09-29,2023-10-02,NVDA,Global,True,sin trials válidos: θ global de la ventana 82,0,-1000000000.0,28,70,8,33,69,34,2.8043905990673474,1.149712761824856,1.2250616580798401,33
rolling,por_activo,87,2023-04-03,2023-09-29,2023-10-02,NVDA,Tendencia,True,ningún trial cumple N_MIN,0,-1000000000.0,28,70,8,33,69,34,2.8043905990673474,1.149712761824856,1.2250616580798401,33
rolling,por_activo,87,2023-04-03,2023-09-29,2023-10-02,NVDA,Reversión,True,régimen con 16 días < 20,0,,28,70,8,33,69,34,2.8043905990673474,1.149712761824856,1.2250616580798401,33
rolling,por_activo,87,2023-04-03,2023-09-29,2023-10-02,NVDA,Crisis,True,ningún trial cumple N_MIN,0,-1000000000.0,28,70,8,33,69,34,2.8043905990673474,1.149712761824856,1.2250616580798401,33
rolling,por_activo,87,2023-04-03,2023-09-29,2023-10-02,AMZN,Global,True,sin trials válidos: θ global de la ventana 84,0,-1000000000.0,12,94,14,37,62,18,1.948982242826429,3.349507603264275,3.861800695711975,6
rolling,por_activo,87,2023-04-03,2023-09-29,2023-10-02,AMZN,Tendencia,True,ningún trial cumple N_MIN,0,-1000000000.0,12,94,14,37,62,18,1.948982242826429,3.349507603264275,3.861800695711975,6
rolling,por_activo,87,2023-04-03,2023-09-29,2023-10-02,AMZN,Reversión,True,régimen con 16 días < 20,0,,12,94,14,37,62,18,1.948982242826429,3.349507603264275,3.861800695711975,6
rolling,por_activo,87,2023-04-03,2023-09-29,2023-10-02,AMZN,Crisis,True,ningún trial cumple N_MIN,0,-1000000000.0,12,94,14,37,62,18,1.948982242826429,3.349507603264275,3.861800695711975,6
rolling,por_activo,87,2023-04-03,2023-09-29,2023-10-02,TSLA,Global,False,,23,-0.7255001940402203,29,89,25,24,67,23,1.540630455563552,1.9251457277418136,4.5947949813566815,39
rolling,por_activo,87,2023-04-03,2023-09-29,2023-10-02,TSLA,Tendencia,False,,58,1.232873569210224,28,82,16,38,71,20,2.8680623339904185,1.215672315815545,4.11150076067776,16
rolling,por_activo,87,2023-04-03,2023-09-29,2023-10-02,TSLA,Reversión,True,régimen con 16 días < 20,0,,29,89,25,24,67,23,1.540630455563552,1.9251457277418136,4.5947949813566815,39
rolling,por_activo,87,2023-04-03,2023-09-29,2023-10-02,TSLA,Crisis,True,ningún trial cumple N_MIN,0,-1000000000.0,29,89,25,24,67,23,1.540630455563552,1.9251457277418136,4.5947949813566815,39
rolling,por_activo,87,2023-04-03,2023-09-29,2023-10-02,META,Global,True,sin trials válidos: θ global de la ventana 84,0,-1000000000.0,25,63,15,20,64,11,1.8655362568246951,1.0922992340334825,5.74393343260184,38
rolling,por_activo,87,2023-04-03,2023-09-29,2023-10-02,META,Tendencia,False,,18,2.00280139249205,18,22,7,38,75,22,1.9532801942513203,1.5405751327927408,4.870495771574344,6
rolling,por_activo,87,2023-04-03,2023-09-29,2023-10-02,META,Reversión,True,régimen con 16 días < 20,0,,25,63,15,20,64,11,1.8655362568246951,1.0922992340334825,5.74393343260184,38
rolling,por_activo,87,2023-04-03,2023-09-29,2023-10-02,META,Crisis,True,ningún trial cumple N_MIN,0,-1000000000.0,25,63,15,20,64,11,1.8655362568246951,1.0922992340334825,5.74393343260184,38
rolling,por_activo,87,2023-04-03,2023-09-29,2023-10-02,NFLX,Global,True,sin trials válidos: θ global de la ventana 86,0,-1000000000.0,24,26,9,22,66,18,1.6303856187598469,2.569738456533128,1.6224163254607822,24
rolling,por_activo,87,2023-04-03,2023-09-29,2023-10-02,NFLX,Tendencia,False,,25,4.373049796317087,7,75,26,22,75,16,1.6253358603734183,1.0756614255461057,4.313806056531086,12
rolling,por_activo,87,2023-04-03,2023-09-29,2023-10-02,NFLX,Reversión,True,régimen con 16 días < 20,0,,24,26,9,22,66,18,1.6303856187598469,2.569738456533128,1.6224163254607822,24
rolling,por_activo,87,2023-04-03,2023-09-29,2023-10-02,NFLX,Crisis,True,ningún trial cumple N_MIN,0,-1000000000.0,24,26,9,22,66,18,1.6303856187598469,2.569738456533128,1.6224163254607822,24
rolling,por_activo,87,2023-04-03,2023-09-29,2023-10-02,GOOGL,Global,False,,1,3.5576992792507047,11,80,22,27,75,17,1.616225796856836,1.0614810621434745,1.7220440353679447,27
rolling,por_activo,87,2023-04-03,2023-09-29,2023-10-02,GOOGL,Tendencia,False,,42,8.410372692008387,26,16,21,39,66,13,1.572213673525142,1.7100489396922192,3.902689577811928,11
rolling,por_activo,87,2023-04-03,2023-09-29,2023-10-02,GOOGL,Reversión,True,régimen con 16 días < 20,0,,11,80,22,27,75,17,1.616225796856836,1.0614810621434745,1.7220440353679447,27
rolling,por_activo,87,2023-04-03,2023-09-29,2023-10-02,GOOGL,Crisis,True,ningún trial cumple N_MIN,0,-1000000000.0,11,80,22,27,75,17,1.616225796856836,1.0614810621434745,1.7220440353679447,27
rolling,por_activo,88,2023-05-01,2023-10-31,2023-11-01,NVDA,Global,False,,28,1.0689266866108433,28,34,7,37,77,37,2.2829994366804707,1.2226258586278613,2.1085773327012522,8
rolling,por_activo,88,2023-05-01,2023-10-31,2023-11-01,NVDA,Tendencia,True,ningún trial cumple N_MIN,0,-1000000000.0,28,34,7,37,77,37,2.2829994366804707,1.2226258586278613,2.1085773327012522,8
rolling,por_activo,88,2023-05-01,2023-10-31,2023-11-01,NVDA,Reversión,False,,32,4.356616006723063,11,26,12,21,70,15,1.6083721575857473,2.899099565546549,5.359747711140114,20
rolling,por_activo,88,2023-05-01,2023-10-31,2023-11-01,NVDA,Crisis,True,régimen con 0 días < 20,0,,28,34,7,37,77,37,2.2829994366804707,1.2226258586278613,2.1085773327012522,8
rolling,por_activo,88,2023-05-01,2023-10-31,2023-11-01,AMZN,Global,True,sin trials válidos: θ global de la ventana 84,0,-1000000000.0,12,94,14,37,62,18,1.948982242826429,3.349507603264275,3.861800695711975,6
rolling,por_activo,88,2023-05-01,2023-10-31,2023-11-01,AMZN,Tendencia,True,ningún trial cumple N_MIN,0,-1000000000.0,12,94,14,37,62,18,1.948982242826429,3.349507603264275,3.861800695711975,6
rolling,por_activo,88,2023-05-01,2023-10-31,2023-11-01,AMZN,Reversión,False,,33,2.405948787779772,24,64,12,37,80,22,2.7384715990440993,1.0349299378800887,1.1686209120060576,7
rolling,por_activo,88,2023-05-01,2023-10-31,2023-11-01,AMZN,Crisis,True,régimen con 0 días < 20,0,,12,94,14,37,62,18,1.948982242826429,3.349507603264275,3.861800695711975,6
rolling,por_activo,88,2023-05-01,2023-10-31,2023-11-01,TSLA,Global,False,,69,2.6519343471917427,29,60,10,30,79,10,1.9446936718098573,2.130072119522241,3.9598889858889716,18
rolling,por_activo,88,2023-05-01,2023-10-31,2023-11-01,TSLA,Tendencia,False,,79,2.069850984255209,24,83,12,36,76,36,1.6096391139683748,1.3434440672086942,5.694777081296083,32
rolling,por_activo,88,2023-05-01,2023-10-31,2023-11-01,TSLA,Reversión,True,ningún trial cumple N_MIN,0,-1000000000.0,29,60,10,30,79,10,1.9446936718098573,2.130072119522241,3.9598889858889716,18
rolling,por_activo,88,2023-05-01,2023-10-31,2023-11-01,TSLA,Crisis,True,régimen con 0 días < 20,0,,29,60,10,30,79,10,1.9446936718098573,2.130072119522241,3.9598889858889716,18
rolling,por_activo,88,2023-05-01,2023-10-31,2023-11-01,META,Global,True,sin trials válidos: θ global de la ventana 84,0,-1000000000.0,25,63,15,20,64,11,1.8655362568246951,1.0922992340334825,5.74393343260184,38
rolling,por_activo,88,2023-05-01,2023-10-31,2023-11-01,META,Tendencia,False,,1,1.5603150019380494,9,84,16,23,71,10,1.618976642199424,3.076113837322288,2.488923056322597,21
rolling,por_activo,88,2023-05-01,2023-10-31,2023-11-01,META,Reversión,True,ningún trial cumple N_MIN,0,-1000000000.0,25,63,15,20,64,11,1.8655362568246951,1.0922992340334825,5.74393343260184,38
rolling,por_activo,88,2023-05-01,2023-10-31,2023-11-01,META,Crisis,True,régimen con 0 días < 20,0,,25,63,15,20,64,11,1.8655362568246951,1.0922992340334825,5.74393343260184,38
rolling,por_activo,88,2023-05-01,2023-10-31,2023-11-01,NFLX,Global,False,,57,9.18202586984681,29,12,10,32,77,12,1.6845405508640205,1.6138641600024992,3.078429858006813,14
rolling,por_activo,88,2023-05-01,2023-10-31,2023-11-01,NFLX,Tendencia,True,ningún trial cumple N_MIN,0,-1000000000.0,29,12,10,32,77,12,1.6845405508640205,1.6138641600024992,3.078429858006813,14
rolling,por_activo,88,2023-05-01,2023-10-31,2023-11-01,NFLX,Reversión,False,,64,3.6079944039217957,9,93,9,40,71,16,2.325972209889988,1.1038145700102076,5.494144141284881,25
rolling,por_activo,88,2023-05-01,2023-10-31,2023-11-01,NFLX,Crisis,True,régimen con 0 días < 20,0,,29,12,10,32,77,12,1.6845405508640205,1.6138641600024992,3.078429858006813,14
rolling,por_activo,88,2023-05-01,2023-10-31,2023-11-01,GOOGL,Global,True,sin trials válidos: θ global de la ventana 87,0,-1000000000.0,11,80,22,27,75,17,1.616225796856836,1.0614810621434745,1.7220440353679447,27
rolling,por_activo,88,2023-05-01,2023-10-31,2023-11-01,GOOGL,Tendencia,False,,29,7.730703175331471,21,73,13,23,70,11,1.6141738315767606,3.450294994626422,4.303831009625122,6
rolling,por_activo,88,2023-05-01,2023-10-31,2023-11-01,GOOGL,Reversión,True,ningún trial cumple N_MIN,0,-1000000000.0,11,80,22,27,75,17,1.616225796856836,1.0614810621434745,1.7220440353679447,27
rolling,por_activo,88,2023-05-01,2023-10-31,2023-11-01,GOOGL,Crisis,True,régimen con 0 días < 20,0,,11,80,22,27,75,17,1.616225796856836,1.0614810621434745,1.7220440353679447,27
rolling,por_activo,89,2023-06-01,2023-11-30,2023-12-01,NVDA,Global,False,,40,5.6824532572174995,27,47,8,40,62,34,2.7063766201339856,1.5818230439353202,2.953989417383242,30
rolling,por_activo,89,2023-06-01,2023-11-30,2023-12-01,NVDA,Tendencia,True,ningún trial cumple N_MIN,0,-1000000000.0,27,47,8,40,62,34,2.7063766201339856,1.5818230439353202,2.953989417383242,30
rolling,por_activo,89,2023-06-01,2023-11-30,2023-12-01,NVDA,Reversión,False,,52,7.587847762235414,14,43,14,32,76,11,1.925828330296096,3.7161444872092297,3.482043935506088,23
rolling,por_activo,89,2023-06-01,2023-11-30,2023-12-01,NVDA,Crisis,True,régimen con 0 días < 20,0,,27,47,8,40,62,34,2.7063766201339856,1.5818230439353202,2.953989417383242,30
rolling,por_activo,89,2023-06-01,2023-11-30,2023-12-01,AMZN,Global,False,,5,7.702996832540867,30,23,21,32,73,12,1.5958466153781905,3.2315951541523447,3.2079647464603847,20
rolling,por_activo,89,2023-06-01,2023-11-30,2023-12-01,AMZN,Tendencia,True,ningún trial cumple N_MIN,0,-1000000000.0,30,23,21,32,73,12,1.5958466153781905,3.2315951541523447,3.2079647464603847,20
rolling,por_activo,89,2023-06-01,2023-11-30,2023-12-01,AMZN,Reversión,False,,72,4.093499932657915,29,14,18,38,70,12,1.5360069876361808,1.0996449389271847,3.2609014513408914,38
rolling,por_activo,89,2023-06-01,2023-11-30,2023-12-01,AMZN,Crisis,True,régimen con 0 días < 20,0,,30,23,21,32,73,12,1.5958466153781905,3.2315951541523447,3.2079647464603847,20
rolling,por_activo,89,2023-06-01,2023-11-30,2023-12-01,TSLA,Global,True,sin trials válidos: θ global de la ventana 88,0,-1000000000.0,29,60,10,30,79,10,1.9446936718098573,2.130072119522241,3.9598889858889716,18
rolling,por_activo,89,2023-06-01,2023-11-30,2023-12-01,TSLA,Tendencia,False,,63,9.675937203468546,17,77,21,38,62,11,1.6947533864214415,1.0897261179894953,4.647976571054471,26
rolling,por_activo,89,2023-06-01,2023-11-30,2023-12-01,TSLA,Reversión,False,,53,10.787140213437372,20,46,14,36,63,12,1.6253026398400547,1.3578439750736613,1.8972868144834534,18
rolling,por_activo,89,2023-06-01,2023-11-30,2023-12-01,TSLA,Crisis,True,régimen con 0 días < 20,0,,29,60,10,30,79,10,1.9446936718098573,2.130072119522241,3.9598889858889716,18
rolling,por_activo,89,2023-06-01,2023-11-30,2023-12-01,META,Global,True,sin trials válidos: θ global de la ventana 84,0,-1000000000.0,25,63,15,20,64,11,1.8655362568246951,1.0922992340334825,5.74393343260184,38
rolling,por_activo,89,2023-06-01,2023-11-30,2023-12-01,META,Tendencia,False,,18,2.465694556013946,28,16,24,26,79,10,1.596886907947475,2.043364778433543,1.3604613923649418,30
rolling,por_activo,89,2023-06-01,2023-11-30,2023-12-01,META,Reversión,False,,21,0.5230947561898769,20,82,9,22,61,11,1.7476878857622717,1.0222380183143243,1.9272781304342315,12
rolling,por_activo,89,2023-06-01,2023-11-30,2023-12-01,META,Crisis,True,régimen con 0 días < 20,0,,25,63,15,20,64,11,1.8655362568246951,1.0922992340334825,5.74393343260184,38
rolling,por_activo,89,2023-06-01,2023-11-30,2023-12-01,NFLX,Global,False,,61,3.843758963098475,12,95,9,33,73,10,1.569104863354499,1.5131476961070847,3.0107652126859787,6
rolling,por_activo,89,2023-06-01,2023-11-30,2023-12-01,NFLX,Tendencia,True,ningún trial cumple N_MIN,0,-1000000000.0,12,95,9,33,73,10,1.569104863354499,1.5131476961070847,3.0107652126859787,6
rolling,por_activo,89,2023-06-01,2023-11-30,2023-12-01,NFLX,Reversión,False,,40,-1.8792142243399725,30,16,20,40,61,12,2.0132350900511153,1.5884158295007913,1.6792900530453465,36
rolling,por_activo,89,2023-06-01,2023-11-30,2023-12-01,NFLX,Crisis,True,régimen con 0 días < 20,0,,12,95,9,33,73,10,1.569104863354499,1.5131476961070847,3.0107652126859787,6
rolling,por_activo,89,2023-06-01,2023-11-30,2023-12-01,GOOGL,Global,False,,52,15.890057973704685,28,26,15,23,80,17,1.5400494612747107,1.1138171893278113,1.0688835366751879,11
rolling,por_activo,89,2023-06-01,2023-11-30,2023-12-01,GOOGL,Tendencia,False,,24,6.6375841432315585,17,18,13,29,67,17,1.5334987291933515,1.1029706056462716,5.057949654206265,36
rolling,por_activo,89,2023-06-01,2023-11-30,2023-12-01,GOOGL,Reversión,True,ningún trial cumple N_MIN,0,-1000000000.0,28,26,15,23,80,17,1.5400494612747107,1.1138171893278113,1.0688835366751879,11
rolling,por_activo,89,2023-06-01,2023-11-30,2023-12-01,GOOGL,Crisis,True,régimen con 0 días < 20,0,,28,26,15,23,80,17,1.5400494612747107,1.1138171893278113,1.0688835366751879,11
rolling,por_activo,90,2023-07-03,2023-12-29,2024-01-02,NVDA,Global,False,,42,16.89368669539059,25,12,26,34,68,17,1.7601548521732333,3.4457805009780986,3.5037109521094747,36
rolling,por_activo,90,2023-07-03,2023-12-29,2024-01-02,NVDA,Tendencia,True,ningún trial cumple N_MIN,0,-1000000000.0,25,12,26,34,68,17,1.7601548521732333,3.4457805009780986,3.5037109521094747,36
rolling,por_activo,90,2023-07-03,2023-12-29,2024-01-02,NVDA,Reversión,False,,53,32.328048009470606,29,39,20,26,72,18,1.88052171079632,3.5495293526858176,3.5943144452458853,16
rolling,por_activo,90,2023-07-03,2023-12-29,2024-01-02,NVDA,Crisis,True,régimen con 0 días < 20,0,,25,12,26,34,68,17,1.7601548521732333,3.4457805009780986,3.5037109521094747,36
rolling,por_activo,90,2023-07-03,2023-12-29,2024-01-02,AMZN,Global,True,sin trials válidos: θ global de la ventana 89,0,-1000000000.0,30,23,21,32,73,12,1.5958466153781905,3.2315951541523447,3.2079647464603847,20
rolling,por_activo,90,2023-07-03,2023-12-29,2024-01-02,AMZN,Tendencia,True,ningún trial cumple N_MIN,0,-1000000000.0,30,23,21,32,73,12,1.5958466153781905,3.2315951541523447,3.2079647464603847,20
rolling,por_activo,90,2023-07-03,2023-12-29,2024-01-02,AMZN,Reversión,False,,63,3.1438454616556943,27,91,9,40,71,33,2.853303762162615,1.0716870370960532,5.895763477661777,39
rolling,por_activo,90,2023-07-03,2023-12-29,2024-01-02,AMZN,Crisis,True,régimen con 0 días < 20,0,,30,23,21,32,73,12,1.5958466153781905,3.2315951541523447,3.2079647464603847,20
rolling,por_activo,90,2023-07-03,2023-12-29,2024-01-02,TSLA,Global,False,,49,2.580222774068159,28,21,11,35,63,10,1.6517381121760968,3.425747643976032,5.40792278392018,17
rolling,por_activo,90,2023-07-03,2023-12-29,2024-01-02,TSLA,Tendencia,False,,58,4.476238938313144,28,84,9,37,80,21,2.1319909804872803,1.3646010963372086,5.765377698248146,18
rolling,por_activo,90,2023-07-03,2023-12-29,2024-01-02,TSLA,Reversión,False,,30,3.1425252254006235,22,58,8,34,73,39,2.911844150023415,1.509269491665593,2.2138817586131174,17
rolling,por_activo,90,2023-07-03,2023-12-29,2024-01-02,TSLA,Crisis,True,régimen con 0 días < 20,0,,28,21,11,35,63,10,1.6517381121760968,3.425747643976032,5.40792278392018,17
rolling,por_activo,90,2023-07-03,2023-12-29,2024-01-02,META,Global,False,,49,17.540210109964143,10,91,8,37,72,10,1.5445784578042252,1.7933547408225312,2.203101361065635,40
rolling,por_activo,90,2023-07-03,2023-12-29,2024-01-02,META,Tendencia,False,,13,2.4566240200990213,25,57,7,40,78,14,2.5600775498680264,2.176422439672084,3.4011629360579807,14
rolling,por_activo,90,2023-07-03,2023-12-29,2024-01-02,META,Reversión,False,,41,15.171670898592176,12,83,9,22,60,15,1.9050402178908366,1.0353550735949668,4.588235238420695,38
rolling,por_activo,90,2023-07-03,2023-12-29,2024-01-02,META,Crisis,True,régimen con 0 días < 20,0,,10,91,8,37,72,10,1.5445784578042252,1.7933547408225312,2.203101361065635,40
rolling,por_activo,90,2023-07-03,2023-12-29,2024-01-02,NFLX,Global,False,,53,4.348038291099501,27,12,7,38,67,10,1.9732454354997058,1.170304442848161,3.6188372072489594,36
rolling,por_activo,90,2023-07-03,2023-12-29,2024-01-02,NFLX,Tendencia,True,ningún trial cumple N_MIN,0,-1000000000.0,27,12,7,38,67,10,1.9732454354997058,1.170304442848161,3.6188372072489594,36
rolling,por_activo,90,2023-07-03,2023-12-29,2024-01-02,NFLX,Reversión,False,,66,1.2382191359480317,7,61,8,31,78,15,1.7891278277470035,1.1280609825848953,5.3727811318008545,38
rolling,por_activo,90,2023-07-03,2023-12-29,2024-01-02,NFLX,Crisis,True,régimen con 0 días < 20,0,,27,12,7,38,67,10,1.9732454354997058,1.170304442848161,3.6188372072489594,36
rolling,por_activo,90,2023-07-03,2023-12-29,2024-01-02,GOOGL,Global,False,,62,51.15876487736231,24,23,10,39,61,18,1.684926048081664,1.5827087130503166,3.0430263132699773,24
rolling,por_activo,90,2023-07-03,2023-12-29,2024-01-02,GOOGL,Tendencia,True,ningún trial cumple N_MIN,0,-1000000000.0,24,23,10,39,61,18,1.684926048081664,1.5827087130503166,3.0430263132699773,24
rolling,por_activo,90,2023-07-03,2023-12-29,2024-01-02,GOOGL,Reversión,False,,69,32.28304176747128,15,16,12,22,67,18,1.7079933369940439,2.1895965506208137,3.3018633491539373,38
rolling,por_activo,90,2023-07-03,2023-12-29,2024-01-02,GOOGL,Crisis,True,régimen con 0 días < 20,0,,24,23,10,39,61,18,1.684926048081664,1.5827087130503166,3.0430263132699773,24
rolling,por_activo,91,2023-08-01,2024-01-31,2024-02-01,NVDA,Global,False,,48,19.077110852826834,20,22,9,22,62,17,1.6118135959246453,1.664978021754912,4.258799836428718,28
rolling,por_activo,91,2023-08-01,2024-01-31,2024-02-01,NVDA,Tendencia,True,ningún trial cumple N_MIN,0,-1000000000.0,20,22,9,22,62,17,1.6118135959246453,1.664978021754912,4.258799836428718,28
rolling,por_activo,91,2023-08-01,2024-01-31,2024-02-01,NVDA,Reversión,False,,23,9.403427644121376,27,79,7,30,68,35,2.070888296525252,2.1004372097567736,2.7021362078683575,31
rolling,por_activo,91,2023-08-01,2024-01-31,2024-02-01,NVDA,Crisis,True,régimen con 0 días < 20,0,,20,22,9,22,62,17,1.6118135959246453,1.664978021754912,4.258799836428718,28
rolling,por_activo,91,2023-08-01,2024-01-31,2024-02-01,AMZN,Global,False,,54,14.498500925706974,21,19,8,38,78,13,1.630321840460745,1.0468935112746482,2.798807456294311,13
rolling,por_activo,91,2023-08-01,2024-01-31,2024-02-01,AMZN,Tendencia,False,,22,5.665937751009076,21,23,17,35,69,10,1.6060017809829013,1.3471150938464604,2.5437814866059707,10
rolling,por_activo,91,2023-08-01,2024-01-31,2024-02-01,AMZN,Reversión,False,,37,14.100899624152873,29,84,12,38,64,26,2.40115392471811,2.819796344640923,5.639372342490558,7
rolling,por_activo,91,2023-08-01,2024-01-31,2024-02-01,AMZN,Crisis,True,régimen con 0 días < 20,0,,21,19,8,38,78,13,1.630321840460745,1.0468935112746482,2.798807456294311,13
rolling,por_activo,91,2023-08-01,2024-01-31,2024-02-01,TSLA,Global,False,,50,2.3135680276713586,26,53,8,37,77,30,2.0955458394140565,2.8230396613768747,5.758554133861116,39
rolling,por_activo,91,2023-08-01,2024-01-31,2024-02-01,TSLA,Tendencia,False,,74,3.180545108754945,28,28,9,39,64,25,1.9826041049372738,1.1096123834688676,5.907733658382334,35
rolling,por_activo,91,2023-08-01,2024-01-31,2024-02-01,TSLA,Reversión,False,,41,1.5277305936176322,19,92,8,37,73,35,2.1740728287950666,1.5270560949248593,5.546242424183348,14
rolling,por_activo,91,2023-08-01,2024-01-31,2024-02-01,TSLA,Crisis,True,régimen con 0 días < 20,0,,26,53,8,37,77,30,2.0955458394140565,2.8230396613768747,5.758554133861116,39
rolling,por_activo,91,2023-08-01,2024-01-31,2024-02-01,META,Global,False,,41,16.188472291472923,6,89,22,23,62,16,1.6182928114517845,1.1890925922375264,4.801365306684547,38
rolling,por_activo,91,2023-08-01,2024-01-31,2024-02-01,META,Tendencia,True,ningún trial cumple N_MIN,0,-1000000000.0,6,89,22,23,62,16,1.6182928114517845,1.1890925922375264,4.801365306684547,38
rolling,por_activo,91,2023-08-01,2024-01-31,2024-02-01,META,Reversión,True,ningún trial cumple N_MIN,0,-1000000000.0,6,89,22,23,62,16,1.6182928114517845,1.1890925922375264,4.801365306684547,38
rolling,por_activo,91,2023-08-01,2024-01-31,2024-02-01,META,Crisis,True,régimen con 0 días < 20,0,,6,89,22,23,62,16,1.6182928114517845,1.1890925922375264,4.801365306684547,38
rolling,por_activo,91,2023-08-01,2024-01-31,2024-02-01,NFLX,Global,False,,62,1.8882749340223903,19,16,8,38,61,12,1.7395682867345235,2.132200247164145,2.665538794707284,27
rolling,por_activo,91,2023-08-01,2024-01-31,2024-02-01,NFLX,Tendencia,False,,1,7.538031161463248,26,67,17,29,65,13,1.82344743263408,1.0924207583546561,2.9619625791694166,17
rolling,por_activo,91,2023-08-01,2024-01-31,2024-02-01,NFLX,Reversión,False,,74,1.9776260936433134,10,58,22,30,79,12,1.651048807571502,3.383998941242516,4.008049541207603,6
rolling,por_activo,91,2023-08-01,2024-01-31,2024-02-01,NFLX,Crisis,True,régimen con 0 días < 20,0,,19,16,8,38,61,12,1.7395682867345235,2.132200247164145,2.665538794707284,27
rolling,por_activo,91,2023-08-01,2024-01-31,2024-02-01,GOOGL,Global,True,sin trials válidos: θ global de la ventana 90,0,-1000000000.0,24,23,10,39,61,18,1.684926048081664,1.5827087130503166,3.0430263132699773,24
rolling,por_activo,91,2023-08-01,2024-01-31,2024-02-01,GOOGL,Tendencia,True,ningún trial cumple N_MIN,0,-1000000000.0,24,23,10,39,61,18,1.684926048081664,1.5827087130503166,3.0430263132699773,24
rolling,por_activo,91,2023-08-01,2024-01-31,2024-02-01,GOOGL,Reversión,False,,73,35.79954807846842,30,22,11,38,60,39,2.267753322472904,3.644529182725547,3.061711989743868,15
rolling,por_activo,91,2023-08-01,2024-01-31,2024-02-01,GOOGL,Crisis,True,régimen con 0 días < 20,0,,24,23,10,39,61,18,1.684926048081664,1.5827087130503166,3.0430263132699773,24
rolling,por_activo,92,2023-09-01,2024-02-29,2024-03-01,NVDA,Global,True,sin trials válidos: θ global de la ventana 91,0,-1000000000.0,20,22,9,22,62,17,1.6118135959246453,1.664978021754912,4.258799836428718,28
rolling,por_activo,92,2023-09-01,2024-02-29,2024-03-01,NVDA,Tendencia,True,ningún trial cumple N_MIN,0,-1000000000.0,20,22,9,22,62,17,1.6118135959246453,1.664978021754912,4.258799836428718,28
rolling,por_activo,92,2023-09-01,2024-02-29,2024-03-01,NVDA,Reversión,False,,67,25.94920092431928,28,91,9,30,66,20,1.695354623087115,1.470518378269702,2.7021665970233086,38
rolling,por_activo,92,2023-09-01,2024-02-29,2024-03-01,NVDA,Crisis,True,régimen con 0 días < 20,0,,20,22,9,22,62,17,1.6118135959246453,1.664978021754912,4.258799836428718,28
rolling,por_activo,92,2023-09-01,2024-02-29,2024-03-01,AMZN,Global,False,,42,5.606953024132534,13,16,26,32,77,10,1.625863635609462,3.1338625421849,2.4009811999461985,22
rolling,por_activo,92,2023-09-01,2024-02-29,2024-03-01,AMZN,Tendencia,True,ningún trial cumple N_MIN,0,-1000000000.0,13,16,26,32,77,10,1.625863635609462,3.1338625421849,2.4009811999461985,22
rolling,por_activo,92,2023-09-01,2024-02-29,2024-03-01,AMZN,Reversión,False,,21,1.292681851362486,28,77,10,22,73,27,1.6517653187089563,1.982324675154249,5.916987826797608,36
rolling,por_activo,92,2023-09-01,2024-02-29,2024-03-01,AMZN,Crisis,True,régimen con 0 días < 20,0,,13,16,26,32,77,10,1.625863635609462,3.1338625421849,2.4009811999461985,22
rolling,por_activo,92,2023-09-01,2024-02-29,2024-03-01,TSLA,Global,False,,27,0.15118969009094232,21,71,8,33,67,13,2.200729879616447,2.5036828112406355,4.32871516720709,18
rolling,por_activo,92,2023-09-01,2024-02-29,2024-03-01,TSLA,Tendencia,True,ningún trial cumple N_MIN,0,-1000000000.0,21,71,8,33,67,13,2.200729879616447,2.5036828112406355,4.32871516720709,18
rolling,por_activo,92,2023-09-01,2024-02-29,2024-03-01,TSLA,Reversión,False,,34,14.431638810618553,10,16,28,32,72,10,1.5735143397486278,2.2875568564775066,5.663175911552248,19
rolling,por_activo,92,2023-09-01,2024-02-29,2024-03-01,TSLA,Crisis,True,régimen con 0 días < 20,0,,21,71,8,33,67,13,2.200729879616447,2.5036828112406355,4.32871516720709,18
rolling,por_activo,92,2023-09-01,2024-02-29,2024-03-01,META,Global,True,sin trials válidos: θ global de la ventana 91,0,-1000000000.0,6,89,22,23,62,16,1.6182928114517845,1.1890925922375264,4.801365306684547,38
rolling,por_activo,92,2023-09-01,2024-02-29,2024-03-01,META,Tendencia,True,ningún trial cumple N_MIN,0,-1000000000.0,6,89,22,23,62,16,1.6182928114517845,1.1890925922375264,4.801365306684547,38
rolling,por_activo,92,2023-09-01,2024-02-29,2024-03-01,META,Reversión,False,,53,15.419117513880005,28,53,28,22,70,16,1.8017207986070867,1.0272384111024566,5.462507908068655,13
rolling,por_activo,92,2023-09-01,2024-02-29,2024-03-01,META,Crisis,True,régimen con 0 días < 20,0,,6,89,22,23,62,16,1.6182928114517845,1.1890925922375264,4.801365306684547,38
rolling,por_activo,92,2023-09-01,2024-02-29,2024-03-01,NFLX,Global,False,,1,-1.6414493131103407,27,83,9,35,75,34,1.6955297577268382,2.69957903895422,1.7390870395490308,20
rolling,por_activo,92,2023-09-01,2024-02-29,2024-03-01,NFLX,Tendencia,True,ningún trial cumple N_MIN,0,-1000000000.0,27,83,9,35,75,34,1.6955297577268382,2.69957903895422,1.7390870395490308,20
rolling,por_activo,92,2023-09-01,2024-02-29,2024-03-01,NFLX,Reversión,False,,60,1.664042513290925,16,84,9,39,78,14,2.7067760446306437,1.787663642194,3.9286239334745545,12
rolling,por_activo,92,2023-09-01,2024-02-29,2024-03-01,NFLX,Crisis,True,régimen con 0 días < 20,0,,27,83,9,35,75,34,1.6955297577268382,2.69957903895422,1.7390870395490308,20
rolling,por_activo,92,2023-09-01,2024-02-29,2024-03-01,GOOGL,Global,True,sin trials válidos: θ global de la ventana 90,0,-1000000000.0,24,23,10,39,61,18,1.684926048081664,1.5827087130503166,3.0430263132699773,24
rolling,por_activo,92,2023-09-01,2024-02-29,2024-03-01,GOOGL,Tendencia,False,,20,16.769051155634205,22,64,13,38,78,23,1.6245107553649631,2.846347446255174,1.9740753920456997,27
rolling,por_activo,92,2023-09-01,2024-02-29,2024-03-01,GOOGL,Reversión,False,,75,38.085878579468066,16,80,8,33,63,39,2.463219000962016,2.141987807560517,3.290891272721133,36
rolling,por_activo,92,2023-09-01,2024-02-29,2024-03-01,GOOGL,Crisis,True,régimen con 0 días < 20,0,,24,23,10,39,61,18,1.684926048081664,1.5827087130503166,3.0430263132699773,24
rolling,por_activo,93,2023-10-02,2024-03-28,2024-04-01,NVDA,Global,True,sin trials válidos: θ global de la ventana 91,0,-1000000000.0,20,22,9,22,62,17,1.6118135959246453,1.664978021754912,4.258799836428718,28
rolling,por_activo,93,2023-10-02,2024-03-28,2024-04-01,NVDA,Tendencia,True,ningún trial cumple N_MIN,0,-1000000000.0,20,22,9,22,62,17,1.6118135959246453,1.664978021754912,4.258799836428718,28
rolling,por_activo,93,2023-10-02,2024-03-28,2024-04-01,NVDA,Reversión,False,,51,6.60063379490246,11,18,27,30,71,15,1.7070607548829662,3.7110808943481617,5.495794559476099,34
rolling,por_activo,93,2023-10-02,2024-03-28,2024-04-01,NVDA,Crisis,True,régimen con 0 días < 20,0,,20,22,9,22,62,17,1.6118135959246453,1.664978021754912,4.258799836428718,28
rolling,por_activo,93,2023-10-02,2024-03-28,2024-04-01,AMZN,Global,True,sin trials válidos: θ global de la ventana 92,0,-1000000000.0,13,16,26,32,77,10,1.625863635609462,3.1338625421849,2.4009811999461985,22
rolling,por_activo,93,2023-10-02,2024-03-28,2024-04-01,AMZN,Tendencia,True,ningún trial cumple N_MIN,0,-1000000000.0,13,16,26,32,77,10,1.625863635609462,3.1338625421849,2.4009811999461985,22
rolling,por_activo,93,2023-10-02,2024-03-28,2024-04-01,AMZN,Reversión,True,ningún trial cumple N_MIN,0,-1000000000.0,13,16,26,32,77,10,1.625863635609462,3.1338625421849,2.4009811999461985,22
rolling,por_activo,93,2023-10-02,2024-03-28,2024-04-01,AMZN,Crisis,True,régimen con 0 días < 20,0,,13,16,26,32,77,10,1.625863635609462,3.1338625421849,2.4009811999461985,22
rolling,por_activo,93,2023-10-02,2024-03-28,2024-04-01,TSLA,Global,False,,12,0.30531961962916615,24,67,20,29,72,12,1.6291081353972614,2.1023078956332695,2.564515383192741,16
rolling,por_activo,93,2023-10-02,2024-03-28,2024-04-01,TSLA,Tendencia,False,,47,1.1315324100143083,28,88,7,38,62,16,2.4995408830161945,1.294846525034621,2.4969831925658106,36
rolling,por_activo,93,2023-10-02,2024-03-28,2024-04-01,TSLA,Reversión,False,,64,3.1172548596228893,28,98,23,35,62,10,1.6054368458699821,1.4567631357825543,1.0688268645798236,35
rolling,por_activo,93,2023-10-02,2024-03-28,2024-04-01,TSLA,Crisis,True,régimen con 0 días < 20,0,,24,67,20,29,72,12,1.6291081353972614,2.1023078956332695,2.564515383192741,16
rolling,por_activo,93,2023-10-02,2024-03-28,2024-04-01,META,Global,True,sin trials válidos: θ global de la ventana 91,0,-1000000000.0,6,89,22,23,62,16,1.6182928114517845,1.1890925922375264,4.801365306684547,38
rolling,por_activo,93,2023-10-02,2024-03-28,2024-04-01,META,Tendencia,True,ningún trial cumple N_MIN,0,-1000000000.0,6,89,22,23,62,16,1.6182928114517845,1.1890925922375264,4.801365306684547,38
rolling,por_activo,93,2023-10-02,2024-03-28,2024-04-01,META,Reversión,True,ningún trial cumple N_MIN,0,-1000000000.0,6,89,22,23,62,16,1.6182928114517845,1.1890925922375264,4.801365306684547,38
rolling,por_activo,93,2023-10-02,2024-03-28,2024-04-01,META,Crisis,True,régimen con 0 días < 20,0,,6,89,22,23,62,16,1.6182928114517845,1.1890925922375264,4.801365306684547,38
rolling,por_activo,93,2023-10-02,2024-03-28,2024-04-01,NFLX,Global,True,sin trials válidos: θ global de la ventana 92,0,-1000000000.0,27,83,9,35,75,34,1.6955297577268382,2.69957903895422,1.7390870395490308,20
rolling,por_activo,93,2023-10-02,2024-03-28,2024-04-01,NFLX,Tendencia,True,ningún trial cumple N_MIN,0,-1000000000.0,27,83,9,35,75,34,1.6955297577268382,2.69957903895422,1.7390870395490308,20
rolling,por_activo,93,2023-10-02,2024-03-28,2024-04-01,NFLX,Reversión,False,,61,8.354510060091048,19,70,12,39,64,12,1.7866264515983739,2.797848936651565,5.131352535827591,6
rolling,por_activo,93,2023-10-02,2024-03-28,2024-04-01,NFLX,Crisis,True,régimen con 0 días < 20,0,,27,83,9,35,75,34,1.6955297577268382,2.69957903895422,1.7390870395490308,20
rolling,por_activo,93,2023-10-02,2024-03-28,2024-04-01,GOOGL,Global,False,,30,6.356859902068796,17,59,10,33,69,12,1.6722044116499089,1.600415594549071,5.571529061543903,34
rolling,por_activo,93,2023-10-02,2024-03-28,2024-04-01,GOOGL,Tendencia,False,,1,-0.6747907454495891,9,61,22,38,79,10,1.638661767289057,3.7248011035523354,2.2292435200985667,26
rolling,por_activo,93,2023-10-02,2024-03-28,2024-04-01,GOOGL,Reversión,False,,35,10.902599404290237,6,58,26,25,65,10,1.854991578759688,2.0706105770156897,1.4252263609352842,26
rolling,por_activo,93,2023-10-02,2024-03-28,2024-04-01,GOOGL,Crisis,True,régimen con 0 días < 20,0,,17,59,10,33,69,12,1.6722044116499089,1.600415594549071,5.571529061543903,34
rolling,por_activo,94,2023-11-01,2024-04-26,,NVDA,Global,False,,17,2.3861674053604496,18,72,24,24,80,12,1.6691931785392793,2.9219103774378405,4.085972543023412,10
rolling,por_activo,94,2023-11-01,2024-04-26,,NVDA,Tendencia,False,,39,10.402016645847539,24,94,27,22,65,10,1.5894779053474537,2.6875828273256843,5.748974875755656,10
rolling,por_activo,94,2023-11-01,2024-04-26,,NVDA,Reversión,True,ningún trial cumple N_MIN,0,-1000000000.0,18,72,24,24,80,12,1.6691931785392793,2.9219103774378405,4.085972543023412,10
rolling,por_activo,94,2023-11-01,2024-04-26,,NVDA,Crisis,True,régimen con 0 días < 20,0,,18,72,24,24,80,12,1.6691931785392793,2.9219103774378405,4.085972543023412,10
rolling,por_activo,94,2023-11-01,2024-04-26,,AMZN,Global,True,sin trials válidos: θ global de la ventana 92,0,-1000000000.0,13,16,26,32,77,10,1.625863635609462,3.1338625421849,2.4009811999461985,22
rolling,por_activo,94,2023-11-01,2024-04-26,,AMZN,Tendencia,True,ningún trial cumple N_MIN,0,-1000000000.0,13,16,26,32,77,10,1.625863635609462,3.1338625421849,2.4009811999461985,22
rolling,por_activo,94,2023-11-01,2024-04-26,,AMZN,Reversión,True,ningún trial cumple N_MIN,0,-1000000000.0,13,16,26,32,77,10,1.625863635609462,3.1338625421849,2.4009811999461985,22
rolling,por_activo,94,2023-11-01,2024-04-26,,AMZN,Crisis,True,régimen con 0 días < 20,0,,13,16,26,32,77,10,1.625863635609462,3.1338625421849,2.4009811999461985,22
rolling,por_activo,94,2023-11-01,2024-04-26,,TSLA,Global,True,sin trials válidos: θ global de la ventana 93,0,-1000000000.0,24,67,20,29,72,12,1.6291081353972614,2.1023078956332695,2.564515383192741,16
rolling,por_activo,94,2023-11-01,2024-04-26,,TSLA,Tendencia,True,ningún trial cumple N_MIN,0,-1000000000.0,24,67,20,29,72,12,1.6291081353972614,2.1023078956332695,2.564515383192741,16
rolling,por_activo,94,2023-11-01,2024-04-26,,TSLA,Reversión,True,ningún trial cumple N_MIN,0,-1000000000.0,24,67,20,29,72,12,1.6291081353972614,2.1023078956332695,2.564515383192741,16
rolling,por_activo,94,2023-11-01,2024-04-26,,TSLA,Crisis,True,régimen con 0 días < 20,0,,24,67,20,29,72,12,1.6291081353972614,2.1023078956332695,2.564515383192741,16
rolling,por_activo,94,2023-11-01,2024-04-26,,META,Global,True,sin trials válidos: θ global de la ventana 91,0,-1000000000.0,6,89,22,23,62,16,1.6182928114517845,1.1890925922375264,4.801365306684547,38
rolling,por_activo,94,2023-11-01,2024-04-26,,META,Tendencia,True,ningún trial cumple N_MIN,0,-1000000000.0,6,89,22,23,62,16,1.6182928114517845,1.1890925922375264,4.801365306684547,38
rolling,por_activo,94,2023-11-01,2024-04-26,,META,Reversión,True,ningún trial cumple N_MIN,0,-1000000000.0,6,89,22,23,62,16,1.6182928114517845,1.1890925922375264,4.801365306684547,38
rolling,por_activo,94,2023-11-01,2024-04-26,,META,Crisis,True,régimen con 0 días < 20,0,,6,89,22,23,62,16,1.6182928114517845,1.1890925922375264,4.801365306684547,38
rolling,por_activo,94,2023-11-01,2024-04-26,,NFLX,Global,True,sin trials válidos: θ global de la ventana 92,0,-1000000000.0,27,83,9,35,75,34,1.6955297577268382,2.69957903895422,1.7390870395490308,20
rolling,por_activo,94,2023-11-01,2024-04-26,,NFLX,Tendencia,True,ningún trial cumple N_MIN,0,-1000000000.0,27,83,9,35,75,34,1.6955297577268382,2.69957903895422,1.7390870395490308,20
rolling,por_activo,94,2023-11-01,2024-04-26,,NFLX,Reversión,True,ningún trial cumple N_MIN,0,-1000000000.0,27,83,9,35,75,34,1.6955297577268382,2.69957903895422,1.7390870395490308,20
rolling,por_activo,94,2023-11-01,2024-04-26,,NFLX,Crisis,True,régimen con 0 días < 20,0,,27,83,9,35,75,34,1.6955297577268382,2.69957903895422,1.7390870395490308,20
rolling,por_activo,94,2023-11-01,2024-04-26,,GOOGL,Global,False,,9,6.215665812947592,30,83,12,31,68,10,1.8797671915573801,3.892410496211438,3.8945972820593964,6
rolling,por_activo,94,2023-11-01,2024-04-26,,GOOGL,Tendencia,False,,20,2.1471239961915596,12,24,7,38,78,30,2.8178613097455867,1.0649696630122294,5.8327039932080815,20
rolling,por_activo,94,2023-11-01,2024-04-26,,GOOGL,Reversión,True,ningún trial cumple N_MIN,0,-1000000000.0,30,83,12,31,68,10,1.8797671915573801,3.892410496211438,3.8945972820593964,6
rolling,por_activo,94,2023-11-01,2024-04-26,,GOOGL,Crisis,True,régimen con 0 días < 20,0,,30,83,12,31,68,10,1.8797671915573801,3.892410496211438,3.8945972820593964,6
rolling,compartido,0,2016-01-04,2016-06-30,2016-07-01,TODOS,Global,False,,64,-0.2886906050948049,23,40,13,39,77,17,2.0975931466409983,1.1743251239736896,3.9241428833101692,23
rolling,compartido,0,2016-01-04,2016-06-30,2016-07-01,TODOS,Tendencia,False,,28,-1.0979492770617394,29,50,23,28,67,35,2.1253998830327623,1.1964989056379163,5.481603596805167,23
rolling,compartido,0,2016-01-04,2016-06-30,2016-07-01,TODOS,Reversión,True,ningún trial cumple N_MIN,0,-1000000000.0,23,40,13,39,77,17,2.0975931466409983,1.1743251239736896,3.9241428833101692,23
rolling,compartido,0,2016-01-04,2016-06-30,2016-07-01,TODOS,Crisis,True,ningún trial cumple N_MIN,0,-1000000000.0,23,40,13,39,77,17,2.0975931466409983,1.1743251239736896,3.9241428833101692,23
rolling,compartido,1,2016-02-01,2016-07-29,2016-08-01,TODOS,Global,False,,41,4.7579580366341805,29,95,8,40,78,28,2.04871102088267,1.4249207306888394,4.086281833800202,10
rolling,compartido,1,2016-02-01,2016-07-29,2016-08-01,TODOS,Tendencia,True,ningún trial cumple N_MIN,0,-1000000000.0,29,95,8,40,78,28,2.04871102088267,1.4249207306888394,4.086281833800202,10
rolling,compartido,1,2016-02-01,2016-07-29,2016-08-01,TODOS,Reversión,True,ningún trial cumple N_MIN,0,-1000000000.0,29,95,8,40,78,28,2.04871102088267,1.4249207306888394,4.086281833800202,10
rolling,compartido,1,2016-02-01,2016-07-29,2016-08-01,TODOS,Crisis,True,ningún trial cumple N_MIN,0,-1000000000.0,29,95,8,40,78,28,2.04871102088267,1.4249207306888394,4.086281833800202,10
rolling,compartido,2,2016-03-01,2016-08-31,2016-09-01,TODOS,Global,True,sin trials válidos: θ global de la ventana 1,0,-1000000000.0,29,95,8,40,78,28,2.04871102088267,1.4249207306888394,4.086281833800202,10
rolling,compartido,2,2016-03-01,2016-08-31,2016-09-01,TODOS,Tendencia,True,ningún trial cumple N_MIN,0,-1000000000.0,29,95,8,40,78,28,2.04871102088267,1.4249207306888394,4.086281833800202,10
rolling,compartido,2,2016-03-01,2016-08-31,2016-09-01,TODOS,Reversión,True,ningún trial cumple N_MIN,0,-1000000000.0,29,95,8,40,78,28,2.04871102088267,1.4249207306888394,4.086281833800202,10
rolling,compartido,2,2016-03-01,2016-08-31,2016-09-01,TODOS,Crisis,True,ningún trial cumple N_MIN,0,-1000000000.0,29,95,8,40,78,28,2.04871102088267,1.4249207306888394,4.086281833800202,10
rolling,compartido,3,2016-04-01,2016-09-30,2016-10-03,TODOS,Global,True,sin trials válidos: θ global de la ventana 1,0,-1000000000.0,29,95,8,40,78,28,2.04871102088267,1.4249207306888394,4.086281833800202,10
rolling,compartido,3,2016-04-01,2016-09-30,2016-10-03,TODOS,Tendencia,True,ningún trial cumple N_MIN,0,-1000000000.0,29,95,8,40,78,28,2.04871102088267,1.4249207306888394,4.086281833800202,10
rolling,compartido,3,2016-04-01,2016-09-30,2016-10-03,TODOS,Reversión,False,,44,5.476710755005311,26,37,7,40,66,11,2.838535351696309,1.0532339981187961,4.225151254381122,24
rolling,compartido,3,2016-04-01,2016-09-30,2016-10-03,TODOS,Crisis,True,régimen con 12 días < 20,0,,29,95,8,40,78,28,2.04871102088267,1.4249207306888394,4.086281833800202,10
rolling,compartido,4,2016-05-02,2016-10-31,2016-11-01,TODOS,Global,False,,24,10.54823853365585,12,95,7,40,60,37,1.8567001437193436,2.2937251723395864,5.482385229724996,11
rolling,compartido,4,2016-05-02,2016-10-31,2016-11-01,TODOS,Tendencia,True,régimen con 16 días < 20,0,,12,95,7,40,60,37,1.8567001437193436,2.2937251723395864,5.482385229724996,11
rolling,compartido,4,2016-05-02,2016-10-31,2016-11-01,TODOS,Reversión,False,,31,3.900856088346311,22,84,7,39,62,11,2.337669470541577,1.1803675362325143,5.627024638867022,9
rolling,compartido,4,2016-05-02,2016-10-31,2016-11-01,TODOS,Crisis,True,régimen con 0 días < 20,0,,12,95,7,40,60,37,1.8567001437193436,2.2937251723395864,5.482385229724996,11
rolling,compartido,5,2016-06-01,2016-11-30,2016-12-01,TODOS,Global,True,sin trials válidos: θ global de la ventana 4,0,-1000000000.0,12,95,7,40,60,37,1.8567001437193436,2.2937251723395864,5.482385229724996,11
rolling,compartido,5,2016-06-01,2016-11-30,2016-12-01,TODOS,Tendencia,True,régimen con 0 días < 20,0,,12,95,7,40,60,37,1.8567001437193436,2.2937251723395864,5.482385229724996,11
rolling,compartido,5,2016-06-01,2016-11-30,2016-12-01,TODOS,Reversión,False,,63,7.999285751326583,22,86,23,37,71,17,1.8949611981280823,1.2189453882696308,1.7021937286357738,28
rolling,compartido,5,2016-06-01,2016-11-30,2016-12-01,TODOS,Crisis,True,régimen con 0 días < 20,0,,12,95,7,40,60,37,1.8567001437193436,2.2937251723395864,5.482385229724996,11
rolling,compartido,6,2016-07-01,2016-12-30,2017-01-03,TODOS,Global,True,sin trials válidos: θ global de la ventana 4,0,-1000000000.0,12,95,7,40,60,37,1.8567001437193436,2.2937251723395864,5.482385229724996,11
rolling,compartido,6,2016-07-01,2016-12-30,2017-01-03,TODOS,Tendencia,True,régimen con 0 días < 20,0,,12,95,7,40,60,37,1.8567001437193436,2.2937251723395864,5.482385229724996,11
rolling,compartido,6,2016-07-01,2016-12-30,2017-01-03,TODOS,Reversión,False,,70,8.315883942757557,30,40,21,39,79,12,1.7449474359336483,1.4351626197222633,4.977003392810117,29
rolling,compartido,6,2016-07-01,2016-12-30,2017-01-03,TODOS,Crisis,True,régimen con 0 días < 20,0,,12,95,7,40,60,37,1.8567001437193436,2.2937251723395864,5.482385229724996,11
rolling,compartido,7,2016-08-01,2017-01-31,2017-02-01,TODOS,Global,True,sin trials válidos: θ global de la ventana 4,0,-1000000000.0,12,95,7,40,60,37,1.8567001437193436,2.2937251723395864,5.482385229724996,11
rolling,compartido,7,2016-08-01,2017-01-31,2017-02-01,TODOS,Tendencia,True,régimen con 0 días < 20,0,,12,95,7,40,60,37,1.8567001437193436,2.2937251723395864,5.482385229724996,11
rolling,compartido,7,2016-08-01,2017-01-31,2017-02-01,TODOS,Reversión,False,,65,16.742929568071993,21,19,17,34,63,11,1.6843275626140333,1.4526665195245838,5.700449611534683,29
rolling,compartido,7,2016-08-01,2017-01-31,2017-02-01,TODOS,Crisis,True,régimen con 0 días < 20,0,,12,95,7,40,60,37,1.8567001437193436,2.2937251723395864,5.482385229724996,11
rolling,compartido,8,2016-09-01,2017-02-28,2017-03-01,TODOS,Global,True,sin trials válidos: θ global de la ventana 4,0,-1000000000.0,12,95,7,40,60,37,1.8567001437193436,2.2937251723395864,5.482385229724996,11
rolling,compartido,8,2016-09-01,2017-02-28,2017-03-01,TODOS,Tendencia,True,régimen con 0 días < 20,0,,12,95,7,40,60,37,1.8567001437193436,2.2937251723395864,5.482385229724996,11
rolling,compartido,8,2016-09-01,2017-02-28,2017-03-01,TODOS,Reversión,True,ningún trial cumple N_MIN,0,-1000000000.0,12,95,7,40,60,37,1.8567001437193436,2.2937251723395864,5.482385229724996,11
rolling,compartido,8,2016-09-01,2017-02-28,2017-03-01,TODOS,Crisis,True,régimen con 0 días < 20,0,,12,95,7,40,60,37,1.8567001437193436,2.2937251723395864,5.482385229724996,11
rolling,compartido,9,2016-10-03,2017-03-31,2017-04-03,TODOS,Global,True,sin trials válidos: θ global de la ventana 4,0,-1000000000.0,12,95,7,40,60,37,1.8567001437193436,2.2937251723395864,5.482385229724996,11
rolling,compartido,9,2016-10-03,2017-03-31,2017-04-03,TODOS,Tendencia,True,régimen con 0 días < 20,0,,12,95,7,40,60,37,1.8567001437193436,2.2937251723395864,5.482385229724996,11
rolling,compartido,9,2016-10-03,2017-03-31,2017-04-03,TODOS,Reversión,False,,69,9.535914485200014,10,50,8,34,74,12,1.9386706896026649,1.1792030767515171,1.3587840951543388,13
rolling,compartido,9,2016-10-03,2017-03-31,2017-04-03,TODOS,Crisis,True,régimen con 0 días < 20,0,,12,95,7,40,60,37,1.8567001437193436,2.2937251723395864,5.482385229724996,11
rolling,compartido,10,2016-11-01,2017-04-28,2017-05-01,TODOS,Global,True,sin trials válidos: θ global de la ventana 4,0,-1000000000.0,12,95,7,40,60,37,1.8567001437193436,2.2937251723395864,5.482385229724996,11
rolling,compartido,10,2016-11-01,2017-04-28,2017-05-01,TODOS,Tendencia,True,régimen con 0 días < 20,0,,12,95,7,40,60,37,1.8567001437193436,2.2937251723395864,5.482385229724996,11
rolling,compartido,10,2016-11-01,2017-04-28,2017-05-01,TODOS,Reversión,False,,59,5.463080072931795,6,42,18,37,72,14,1.589044484814262,1.0755843006493486,4.856162689069535,16
rolling,compartido,10,2016-11-01,2017-04-28,2017-05-01,TODOS,Crisis,True,régimen con 0 días < 20,0,,12,95,7,40,60,37,1.8567001437193436,2.2937251723395864,5.482385229724996,11
rolling,compartido,11,2016-12-01,2017-05-31,2017-06-01,TODOS,Global,True,sin trials válidos: θ global de la ventana 4,0,-1000000000.0,12,95,7,40,60,37,1.8567001437193436,2.2937251723395864,5.482385229724996,11
rolling,compartido,11,2016-12-01,2017-05-31,2017-06-01,TODOS,Tendencia,True,régimen con 0 días < 20,0,,12,95,7,40,60,37,1.8567001437193436,2.2937251723395864,5.482385229724996,11
rolling,compartido,11,2016-12-01,2017-05-31,2017-06-01,TODOS,Reversión,False,,56,21.722392433260218,27,84,22,21,64,11,1.8040553773050982,1.5292235093919322,5.175420631280403,26
rolling,compartido,11,2016-12-01,2017-05-31,2017-06-01,TODOS,Crisis,True,régimen con 0 días < 20,0,,12,95,7,40,60,37,1.8567001437193436,2.2937251723395864,5.482385229724996,11
rolling,compartido,12,2017-01-03,2017-06-30,2017-07-03,TODOS,Global,True,sin trials válidos: θ global de la ventana 4,0,-1000000000.0,12,95,7,40,60,37,1.8567001437193436,2.2937251723395864,5.482385229724996,11
rolling,compartido,12,2017-01-03,2017-06-30,2017-07-03,TODOS,Tendencia,True,ningún trial cumple N_MIN,0,-1000000000.0,12,95,7,40,60,37,1.8567001437193436,2.2937251723395864,5.482385229724996,11
rolling,compartido,12,2017-01-03,2017-06-30,2017-07-03,TODOS,Reversión,True,ningún trial cumple N_MIN,0,-1000000000.0,12,95,7,40,60,37,1.8567001437193436,2.2937251723395864,5.482385229724996,11
rolling,compartido,12,2017-01-03,2017-06-30,2017-07-03,TODOS,Crisis,True,régimen con 0 días < 20,0,,12,95,7,40,60,37,1.8567001437193436,2.2937251723395864,5.482385229724996,11
rolling,compartido,13,2017-02-01,2017-07-31,2017-08-01,TODOS,Global,False,,39,7.015397622014956,14,98,8,38,62,19,2.3244651232647504,1.7052683104368604,1.939412736893261,32
rolling,compartido,13,2017-02-01,2017-07-31,2017-08-01,TODOS,Tendencia,False,,56,16.12684129420272,6,91,8,34,76,25,1.7369132110708732,2.0631103430355706,1.3531300207220953,25
rolling,compartido,13,2017-02-01,2017-07-31,2017-08-01,TODOS,Reversión,True,régimen con 10 días < 20,0,,14,98,8,38,62,19,2.3244651232647504,1.7052683104368604,1.939412736893261,32
rolling,compartido,13,2017-02-01,2017-07-31,2017-08-01,TODOS,Crisis,True,régimen con 0 días < 20,0,,14,98,8,38,62,19,2.3244651232647504,1.7052683104368604,1.939412736893261,32
rolling,compartido,14,2017-03-01,2017-08-31,2017-09-01,TODOS,Global,True,sin trials válidos: θ global de la ventana 13,0,-1000000000.0,14,98,8,38,62,19,2.3244651232647504,1.7052683104368604,1.939412736893261,32
rolling,compartido,14,2017-03-01,2017-08-31,2017-09-01,TODOS,Tendencia,True,ningún trial cumple N_MIN,0,-1000000000.0,14,98,8,38,62,19,2.3244651232647504,1.7052683104368604,1.939412736893261,32
rolling,compartido,14,2017-03-01,2017-08-31,2017-09-01,TODOS,Reversión,True,ningún trial cumple N_MIN,0,-1000000000.0,14,98,8,38,62,19,2.3244651232647504,1.7052683104368604,1.939412736893261,32
rolling,compartido,14,2017-03-01,2017-08-31,2017-09-01,TODOS,Crisis,True,régimen con 0 días < 20,0,,14,98,8,38,62,19,2.3244651232647504,1.7052683104368604,1.939412736893261,32
rolling,compartido,15,2017-04-03,2017-09-29,2017-10-02,TODOS,Global,False,,39,5.418833632318964,8,38,9,29,78,12,1.6456901317189008,1.814765440613355,2.1438777602175123,32
rolling,compartido,15,2017-04-03,2017-09-29,2017-10-02,TODOS,Tendencia,False,,45,7.769369311056283,27,61,10,39,65,14,1.7832021125618396,1.1326277493581216,4.330716302158053,22
rolling,compartido,15,2017-04-03,2017-09-29,2017-10-02,TODOS,Reversión,True,ningún trial cumple N_MIN,0,-1000000000.0,8,38,9,29,78,12,1.6456901317189008,1.814765440613355,2.1438777602175123,32
rolling,compartido,15,2017-04-03,2017-09-29,2017-10-02,TODOS,Crisis,True,régimen con 0 días < 20,0,,8,38,9,29,78,12,1.6456901317189008,1.814765440613355,2.1438777602175123,32
rolling,compartido,16,2017-05-01,2017-10-31,2017-11-01,TODOS,Global,True,sin trials válidos: θ global de la ventana 15,0,-1000000000.0,8,38,9,29,78,12,1.6456901317189008,1.814765440613355,2.1438777602175123,32
rolling,compartido,16,2017-05-01,2017-10-31,2017-11-01,TODOS,Tendencia,False,,10,1.880857978249376,18,45,7,38,77,14,2.670201937803061,3.263002229224886,1.3286664757713278,8
rolling,compartido,16,2017-05-01,2017-10-31,2017-11-01,TODOS,Reversión,True,ningún trial cumple N_MIN,0,-1000000000.0,8,38,9,29,78,12,1.6456901317189008,1.814765440613355,2.1438777602175123,32
rolling,compartido,16,2017-05-01,2017-10-31,2017-11-01,TODOS,Crisis,True,régimen con 0 días < 20,0,,8,38,9,29,78,12,1.6456901317189008,1.814765440613355,2.1438777602175123,32
rolling,compartido,17,2017-06-01,2017-11-30,2017-12-01,TODOS,Global,True,sin trials válidos: θ global de la ventana 15,0,-1000000000.0,8,38,9,29,78,12,1.6456901317189008,1.814765440613355,2.1438777602175123,32
rolling,compartido,17,2017-06-01,2017-11-30,2017-12-01,TODOS,Tendencia,True,ningún trial cumple N_MIN,0,-1000000000.0,8,38,9,29,78,12,1.6456901317189008,1.814765440613355,2.1438777602175123,32
rolling,compartido,17,2017-06-01,2017-11-30,2017-12-01,TODOS,Reversión,True,ningún trial cumple N_MIN,0,-1000000000.0,8,38,9,29,78,12,1.6456901317189008,1.814765440613355,2.1438777602175123,32
rolling,compartido,17,2017-06-01,2017-11-30,2017-12-01,TODOS,Crisis,True,régimen con 0 días < 20,0,,8,38,9,29,78,12,1.6456901317189008,1.814765440613355,2.1438777602175123,32
rolling,compartido,18,2017-07-03,2017-12-29,2018-01-02,TODOS,Global,False,,60,11.352722350084921,29,73,7,40,62,28,2.4771487391761178,1.352344819921645,3.0660219830314928,11
rolling,compartido,18,2017-07-03,2017-12-29,2018-01-02,TODOS,Tendencia,False,,21,13.09327715869074,24,95,14,23,73,14,1.6921260623666416,1.6971444053982174,5.488347391685538,10
rolling,compartido,18,2017-07-03,2017-12-29,2018-01-02,TODOS,Reversión,False,,31,7.356833139424787,5,36,24,32,65,11,1.5644442422735358,3.7552794945854555,1.5753692141538806,18
rolling,compartido,18,2017-07-03,2017-12-29,2018-01-02,TODOS,Crisis,True,régimen con 0 días < 20,0,,29,73,7,40,62,28,2.4771487391761178,1.352344819921645,3.0660219830314928,11
rolling,compartido,19,2017-08-01,2018-01-31,2018-02-01,TODOS,Global,False,,51,10.310476406084392,7,76,13,39,64,12,1.5830759507762322,1.2561592498592467,3.3278904881257105,22
rolling,compartido,19,2017-08-01,2018-01-31,2018-02-01,TODOS,Tendencia,True,ningún trial cumple N_MIN,0,-1000000000.0,7,76,13,39,64,12,1.5830759507762322,1.2561592498592467,3.3278904881257105,22
rolling,compartido,19,2017-08-01,2018-01-31,2018-02-01,TODOS,Reversión,False,,35,11.802576352856372,30,22,8,22,76,10,1.5562708224231865,3.6494283954540148,3.6273997731242966,26
rolling,compartido,19,2017-08-01,2018-01-31,2018-02-01,TODOS,Crisis,True,régimen con 0 días < 20,0,,7,76,13,39,64,12,1.5830759507762322,1.2561592498592467,3.3278904881257105,22
rolling,compartido,20,2017-09-01,2018-02-28,2018-03-01,TODOS,Global,True,sin trials válidos: θ global de la ventana 19,0,-1000000000.0,7,76,13,39,64,12,1.5830759507762322,1.2561592498592467,3.3278904881257105,22
rolling,compartido,20,2017-09-01,2018-02-28,2018-03-01,TODOS,Tendencia,True,ningún trial cumple N_MIN,0,-1000000000.0,7,76,13,39,64,12,1.5830759507762322,1.2561592498592467,3.3278904881257105,22
rolling,compartido,20,2017-09-01,2018-02-28,2018-03-01,TODOS,Reversión,False,,25,11.260714947330042,28,67,7,39,76,21,2.4157798064204634,3.7441246174528704,3.510637357869286,7
rolling,compartido,20,2017-09-01,2018-02-28,2018-03-01,TODOS,Crisis,True,régimen con 0 días < 20,0,,7,76,13,39,64,12,1.5830759507762322,1.2561592498592467,3.3278904881257105,22
rolling,compartido,21,2017-10-02,2018-03-29,2018-04-02,TODOS,Global,True,sin trials válidos: θ global de la ventana 19,0,-1000000000.0,7,76,13,39,64,12,1.5830759507762322,1.2561592498592467,3.3278904881257105,22
rolling,compartido,21,2017-10-02,2018-03-29,2018-04-02,TODOS,Tendencia,True,ningún trial cumple N_MIN,0,-1000000000.0,7,76,13,39,64,12,1.5830759507762322,1.2561592498592467,3.3278904881257105,22
rolling,compartido,21,2017-10-02,2018-03-29,2018-04-02,TODOS,Reversión,False,,44,4.18829077827048,12,67,27,22,62,13,1.5452869496315218,1.1001890753212338,3.8727525029304406,16
rolling,compartido,21,2017-10-02,2018-03-29,2018-04-02,TODOS,Crisis,True,régimen con 0 días < 20,0,,7,76,13,39,64,12,1.5830759507762322,1.2561592498592467,3.3278904881257105,22
rolling,compartido,22,2017-11-01,2018-04-30,2018-05-01,TODOS,Global,False,,47,5.12920362317516,23,98,20,26,67,13,1.5283039377504322,2.7603238932665444,1.2832765948852052,25
rolling,compartido,22,2017-11-01,2018-04-30,2018-05-01,TODOS,Tendencia,True,ningún trial cumple N_MIN,0,-1000000000.0,23,98,20,26,67,13,1.5283039377504322,2.7603238932665444,1.2832765948852052,25
rolling,compartido,22,2017-11-01,2018-04-30,2018-05-01,TODOS,Reversión,False,,51,8.489322480753694,24,69,12,33,78,12,1.7727015045674803,3.7857603018809582,1.1430043111883372,38
rolling,compartido,22,2017-11-01,2018-04-30,2018-05-01,TODOS,Crisis,True,régimen con 12 días < 20,0,,23,98,20,26,67,13,1.5283039377504322,2.7603238932665444,1.2832765948852052,25
rolling,compartido,23,2017-12-01,2018-05-31,2018-06-01,TODOS,Global,False,,35,6.955265954436294,9,68,10,37,66,10,1.6012076188895956,2.1403745642572574,4.206770710977481,37
rolling,compartido,23,2017-12-01,2018-05-31,2018-06-01,TODOS,Tendencia,True,ningún trial cumple N_MIN,0,-1000000000.0,9,68,10,37,66,10,1.6012076188895956,2.1403745642572574,4.206770710977481,37
rolling,compartido,23,2017-12-01,2018-05-31,2018-06-01,TODOS,Reversión,False,,6,6.2274954669031315,19,93,7,38,79,15,2.0839258954753985,1.2780413111679496,4.896136105372479,29
rolling,compartido,23,2017-12-01,2018-05-31,2018-06-01,TODOS,Crisis,True,ningún trial cumple N_MIN,0,-1000000000.0,9,68,10,37,66,10,1.6012076188895956,2.1403745642572574,4.206770710977481,37
rolling,compartido,24,2018-01-02,2018-06-29,2018-07-02,TODOS,Global,False,,5,1.230845588416095,21,91,7,38,70,40,2.430020520202831,2.5067701620742175,1.2141971786644037,27
rolling,compartido,24,2018-01-02,2018-06-29,2018-07-02,TODOS,Tendencia,True,ningún trial cumple N_MIN,0,-1000000000.0,21,91,7,38,70,40,2.430020520202831,2.5067701620742175,1.2141971786644037,27
rolling,compartido,24,2018-01-02,2018-06-29,2018-07-02,TODOS,Reversión,True,ningún trial cumple N_MIN,0,-1000000000.0,21,91,7,38,70,40,2.430020520202831,2.5067701620742175,1.2141971786644037,27
rolling,compartido,24,2018-01-02,2018-06-29,2018-07-02,TODOS,Crisis,True,ningún trial cumple N_MIN,0,-1000000000.0,21,91,7,38,70,40,2.430020520202831,2.5067701620742175,1.2141971786644037,27
rolling,compartido,25,2018-02-01,2018-07-31,2018-08-01,TODOS,Global,False,,42,1.8983989923537659,8,93,13,40,74,12,1.6057028188664946,1.296229499511916,4.682633060534394,29
rolling,compartido,25,2018-02-01,2018-07-31,2018-08-01,TODOS,Tendencia,False,,47,0.08486181465399183,13,80,7,40,69,22,1.6936126283184187,1.8063252955507885,4.972680072672605,10
rolling,compartido,25,2018-02-01,2018-07-31,2018-08-01,TODOS,Reversión,True,régimen con 14 días < 20,0,,8,93,13,40,74,12,1.6057028188664946,1.296229499511916,4.682633060534394,29
rolling,compartido,25,2018-02-01,2018-07-31,2018-08-01,TODOS,Crisis,True,ningún trial cumple N_MIN,0,-1000000000.0,8,93,13,40,74,12,1.6057028188664946,1.296229499511916,4.682633060534394,29
rolling,compartido,26,2018-03-01,2018-08-31,2018-09-04,TODOS,Global,False,,45,0.9985877617101938,16,86,7,40,66,29,2.048630763551611,1.6341269507836134,5.190651897521882,25
rolling,compartido,26,2018-03-01,2018-08-31,2018-09-04,TODOS,Tendencia,False,,60,2.157808542979402,29,26,7,40,71,38,2.397673077331726,3.636021912585856,5.380907285766594,7
rolling,compartido,26,2018-03-01,2018-08-31,2018-09-04,TODOS,Reversión,True,régimen con 0 días < 20,0,,16,86,7,40,66,29,2.048630763551611,1.6341269507836134,5.190651897521882,25
rolling,compartido,26,2018-03-01,2018-08-31,2018-09-04,TODOS,Crisis,True,ningún trial cumple N_MIN,0,-1000000000.0,16,86,7,40,66,29,2.048630763551611,1.6341269507836134,5.190651897521882,25
rolling,compartido,27,2018-04-02,2018-09-28,2018-10-01,TODOS,Global,False,,42,3.839933812397993,21,92,15,39,62,12,1.708643550951421,1.2727124743505098,5.428819254711152,38
rolling,compartido,27,2018-04-02,2018-09-28,2018-10-01,TODOS,Tendencia,True,ningún trial cumple N_MIN,0,-1000000000.0,21,92,15,39,62,12,1.708643550951421,1.2727124743505098,5.428819254711152,38
rolling,compartido,27,2018-04-02,2018-09-28,2018-10-01,TODOS,Reversión,True,régimen con 0 días < 20,0,,21,92,15,39,62,12,1.708643550951421,1.2727124743505098,5.428819254711152,38
rolling,compartido,27,2018-04-02,2018-09-28,2018-10-01,TODOS,Crisis,False,,20,1.038323808208205,6,91,7,38,61,10,2.4665742547885716,1.961439224065233,1.4526113851046012,10
rolling,compartido,28,2018-05-01,2018-10-31,2018-11-01,TODOS,Global,True,sin trials válidos: θ global de la ventana 27,0,-1000000000.0,21,92,15,39,62,12,1.708643550951421,1.2727124743505098,5.428819254711152,38
rolling,compartido,28,2018-05-01,2018-10-31,2018-11-01,TODOS,Tendencia,True,ningún trial cumple N_MIN,0,-1000000000.0,21,92,15,39,62,12,1.708643550951421,1.2727124743505098,5.428819254711152,38
rolling,compartido,28,2018-05-01,2018-10-31,2018-11-01,TODOS,Reversión,True,régimen con 0 días < 20,0,,21,92,15,39,62,12,1.708643550951421,1.2727124743505098,5.428819254711152,38
rolling,compartido,28,2018-05-01,2018-10-31,2018-11-01,TODOS,Crisis,True,ningún trial cumple N_MIN,0,-1000000000.0,21,92,15,39,62,12,1.708643550951421,1.2727124743505098,5.428819254711152,38
rolling,compartido,29,2018-06-01,2018-11-30,2018-12-03,TODOS,Global,True,sin trials válidos: θ global de la ventana 27,0,-1000000000.0,21,92,15,39,62,12,1.708643550951421,1.2727124743505098,5.428819254711152,38
rolling,compartido,29,2018-06-01,2018-11-30,2018-12-03,TODOS,Tendencia,True,ningún trial cumple N_MIN,0,-1000000000.0,21,92,15,39,62,12,1.708643550951421,1.2727124743505098,5.428819254711152,38
rolling,compartido,29,2018-06-01,2018-11-30,2018-12-03,TODOS,Reversión,True,ningún trial cumple N_MIN,0,-1000000000.0,21,92,15,39,62,12,1.708643550951421,1.2727124743505098,5.428819254711152,38
rolling,compartido,29,2018-06-01,2018-11-30,2018-12-03,TODOS,Crisis,False,,50,-1.4905076147633443,29,89,7,39,60,22,2.712976535106485,1.5676688012043711,4.675438540022647,29
rolling,compartido,30,2018-07-02,2018-12-31,2019-01-02,TODOS,Global,True,sin trials válidos: θ global de la ventana 27,0,-1000000000.0,21,92,15,39,62,12,1.708643550951421,1.2727124743505098,5.428819254711152,38
rolling,compartido,30,2018-07-02,2018-12-31,2019-01-02,TODOS,Tendencia,True,ningún trial cumple N_MIN,0,-1000000000.0,21,92,15,39,62,12,1.708643550951421,1.2727124743505098,5.428819254711152,38
rolling,compartido,30,2018-07-02,2018-12-31,2019-01-02,TODOS,Reversión,False,,32,2.040641835647948,28,25,8,38,63,36,2.6031135889186023,1.247292933166641,3.892851640023011,6
rolling,compartido,30,2018-07-02,2018-12-31,2019-01-02,TODOS,Crisis,True,ningún trial cumple N_MIN,0,-1000000000.0,21,92,15,39,62,12,1.708643550951421,1.2727124743505098,5.428819254711152,38
rolling,compartido,31,2018-08-01,2019-01-31,2019-02-01,TODOS,Global,False,,24,3.733504535102526,23,68,20,36,65,26,1.5612100393325388,1.232443813902738,1.8680728043762074,19
rolling,compartido,31,2018-08-01,2019-01-31,2019-02-01,TODOS,Tendencia,True,régimen con 19 días < 20,0,,23,68,20,36,65,26,1.5612100393325388,1.232443813902738,1.8680728043762074,19
rolling,compartido,31,2018-08-01,2019-01-31,2019-02-01,TODOS,Reversión,True,ningún trial cumple N_MIN,0,-1000000000.0,23,68,20,36,65,26,1.5612100393325388,1.232443813902738,1.8680728043762074,19
rolling,compartido,31,2018-08-01,2019-01-31,2019-02-01,TODOS,Crisis,True,ningún trial cumple N_MIN,0,-1000000000.0,23,68,20,36,65,26,1.5612100393325388,1.232443813902738,1.8680728043762074,19
rolling,compartido,32,2018-09-04,2019-02-28,2019-03-01,TODOS,Global,True,sin trials válidos: θ global de la ventana 31,0,-1000000000.0,23,68,20,36,65,26,1.5612100393325388,1.232443813902738,1.8680728043762074,19
rolling,compartido,32,2018-09-04,2019-02-28,2019-03-01,TODOS,Tendencia,True,régimen con 0 días < 20,0,,23,68,20,36,65,26,1.5612100393325388,1.232443813902738,1.8680728043762074,19
rolling,compartido,32,2018-09-04,2019-02-28,2019-03-01,TODOS,Reversión,True,ningún trial cumple N_MIN,0,-1000000000.0,23,68,20,36,65,26,1.5612100393325388,1.232443813902738,1.8680728043762074,19
rolling,compartido,32,2018-09-04,2019-02-28,2019-03-01,TODOS,Crisis,False,,2,1.9217634154698355,30,46,24,28,79,18,1.6454045774382622,1.035569025910489,1.908995224496762,21
rolling,compartido,33,2018-10-01,2019-03-29,2019-04-01,TODOS,Global,False,,39,0.5850486778939066,18,46,8,30,60,14,2.0604538619617667,1.1057916351110775,4.7010192348333995,6
rolling,compartido,33,2018-10-01,2019-03-29,2019-04-01,TODOS,Tendencia,True,régimen con 0 días < 20,0,,18,46,8,30,60,14,2.0604538619617667,1.1057916351110775,4.7010192348333995,6
rolling,compartido,33,2018-10-01,2019-03-29,2019-04-01,TODOS,Reversión,True,ningún trial cumple N_MIN,0,-1000000000.0,18,46,8,30,60,14,2.0604538619617667,1.1057916351110775,4.7010192348333995,6
rolling,compartido,33,2018-10-01,2019-03-29,2019-04-01,TODOS,Crisis,False,,61,2.41876416360383,23,63,14,27,63,11,1.540479277258763,2.7265638069862512,3.6372800709565776,30
rolling,compartido,34,2018-11-01,2019-04-30,2019-05-01,TODOS,Global,True,sin trials válidos: θ global de la ventana 33,0,-1000000000.0,18,46,8,30,60,14,2.0604538619617667,1.1057916351110775,4.7010192348333995,6
rolling,compartido,34,2018-11-01,2019-04-30,2019-05-01,TODOS,Tendencia,True,régimen con 8 días < 20,0,,18,46,8,30,60,14,2.0604538619617667,1.1057916351110775,4.7010192348333995,6
rolling,compartido,34,2018-11-01,2019-04-30,2019-05-01,TODOS,Reversión,True,régimen con 15 días < 20,0,,18,46,8,30,60,14,2.0604538619617667,1.1057916351110775,4.7010192348333995,6
rolling,compartido,34,2018-11-01,2019-04-30,2019-05-01,TODOS,Crisis,False,,55,1.8290566247432287,28,85,7,21,62,37,2.864626342033026,2.697134825903717,1.498830377209241,34
rolling,compartido,35,2018-12-03,2019-05-31,2019-06-03,TODOS,Global,True,sin trials válidos: θ global de la ventana 33,0,-1000000000.0,18,46,8,30,60,14,2.0604538619617667,1.1057916351110775,4.7010192348333995,6
rolling,compartido,35,2018-12-03,2019-05-31,2019-06-03,TODOS,Tendencia,True,ningún trial cumple N_MIN,0,-1000000000.0,18,46,8,30,60,14,2.0604538619617667,1.1057916351110775,4.7010192348333995,6
rolling,compartido,35,2018-12-03,2019-05-31,2019-06-03,TODOS,Reversión,True,régimen con 15 días < 20,0,,18,46,8,30,60,14,2.0604538619617667,1.1057916351110775,4.7010192348333995,6
rolling,compartido,35,2018-12-03,2019-05-31,2019-06-03,TODOS,Crisis,False,,61,-0.02460814341272016,28,92,7,31,62,22,1.6010006681826554,1.3743428458405649,4.121156681732702,39
rolling,compartido,36,2019-01-02,2019-06-28,2019-07-01,TODOS,Global,False,,64,1.873263908264922,27,88,7,27,62,12,1.8702405748671809,1.8716940214544664,1.6405016776921268,20
rolling,compartido,36,2019-01-02,2019-06-28,2019-07-01,TODOS,Tendencia,True,ningún trial cumple N_MIN,0,-1000000000.0,27,88,7,27,62,12,1.8702405748671809,1.8716940214544664,1.6405016776921268,20
rolling,compartido,36,2019-01-02,2019-06-28,2019-07-01,TODOS,Reversión,True,régimen con 10 días < 20,0,,27,88,7,27,62,12,1.8702405748671809,1.8716940214544664,1.6405016776921268,20
rolling,compartido,36,2019-01-02,2019-06-28,2019-07-01,TODOS,Crisis,False,,32,1.114277036123603,28,92,8,20,64,25,2.718553117910629,3.348289803784628,3.4767431585084276,5
rolling,compartido,37,2019-02-01,2019-07-31,2019-08-01,TODOS,Global,False,,3,-0.9350188496366086,19,87,25,30,70,16,1.5343563379887386,1.8925418374509144,1.538141033269723,6
rolling,compartido,37,2019-02-01,2019-07-31,2019-08-01,TODOS,Tendencia,True,ningún trial cumple N_MIN,0,-1000000000.0,19,87,25,30,70,16,1.5343563379887386,1.8925418374509144,1.538141033269723,6
rolling,compartido,37,2019-02-01,2019-07-31,2019-08-01,TODOS,Reversión,True,régimen con 17 días < 20,0,,19,87,25,30,70,16,1.5343563379887386,1.8925418374509144,1.538141033269723,6
rolling,compartido,37,2019-02-01,2019-07-31,2019-08-01,TODOS,Crisis,True,ningún trial cumple N_MIN,0,-1000000000.0,19,87,25,30,70,16,1.5343563379887386,1.8925418374509144,1.538141033269723,6
rolling,compartido,38,2019-03-01,2019-08-30,2019-09-03,TODOS,Global,False,,65,-0.7531240563924613,16,86,9,39,71,12,1.7936185420075987,1.3083656807660524,4.292483514867215,21
rolling,compartido,38,2019-03-01,2019-08-30,2019-09-03,TODOS,Tendencia,True,ningún trial cumple N_MIN,0,-1000000000.0,16,86,9,39,71,12,1.7936185420075987,1.3083656807660524,4.292483514867215,21
rolling,compartido,38,2019-03-01,2019-08-30,2019-09-03,TODOS,Reversión,False,,55,5.058074699113117,29,58,8,28,62,18,1.6071356915716581,1.6252486126374799,1.1316620522249394,9
rolling,compartido,38,2019-03-01,2019-08-30,2019-09-03,TODOS,Crisis,True,ningún trial cumple N_MIN,0,-1000000000.0,16,86,9,39,71,12,1.7936185420075987,1.3083656807660524,4.292483514867215,21
rolling,compartido,39,2019-04-01,2019-09-30,2019-10-01,TODOS,Global,False,,40,0.17743718085692628,29,62,10,36,80,12,1.8030830640323432,2.194040058498814,3.3991932515282963,30
rolling,compartido,39,2019-04-01,2019-09-30,2019-10-01,TODOS,Tendencia,False,,15,-1.4101627595224442,28,76,20,20,68,10,1.6360110785606259,1.3636255047449346,2.1196468277004215,8
rolling,compartido,39,2019-04-01,2019-09-30,2019-10-01,TODOS,Reversión,False,,71,4.461479380616158,27,80,25,39,73,14,1.8226396511344358,1.3385195485251922,1.6385367147271515,34
rolling,compartido,39,2019-04-01,2019-09-30,2019-10-01,TODOS,Crisis,True,régimen con 0 días < 20,0,,29,62,10,36,80,12,1.8030830640323432,2.194040058498814,3.3991932515282963,30
rolling,compartido,40,2019-05-01,2019-10-31,2019-11-01,TODOS,Global,False,,60,2.4151651717000364,23,48,20,39,63,14,1.9009996721554256,1.361507559818444,5.049041822088407,39
rolling,compartido,40,2019-05-01,2019-10-31,2019-11-01,TODOS,Tendencia,True,ningún trial cumple N_MIN,0,-1000000000.0,23,48,20,39,63,14,1.9009996721554256,1.361507559818444,5.049041822088407,39
rolling,compartido,40,2019-05-01,2019-10-31,2019-11-01,TODOS,Reversión,False,,64,10.102207875425206,29,59,23,31,61,15,1.84256305426411,3.661852090041645,5.724113656437595,8
rolling,compartido,40,2019-05-01,2019-10-31,2019-11-01,TODOS,Crisis,True,régimen con 0 días < 20,0,,23,48,20,39,63,14,1.9009996721554256,1.361507559818444,5.049041822088407,39
rolling,compartido,41,2019-06-03,2019-11-29,2019-12-02,TODOS,Global,True,sin trials válidos: θ global de la ventana 40,0,-1000000000.0,23,48,20,39,63,14,1.9009996721554256,1.361507559818444,5.049041822088407,39
rolling,compartido,41,2019-06-03,2019-11-29,2019-12-02,TODOS,Tendencia,True,ningún trial cumple N_MIN,0,-1000000000.0,23,48,20,39,63,14,1.9009996721554256,1.361507559818444,5.049041822088407,39
rolling,compartido,41,2019-06-03,2019-11-29,2019-12-02,TODOS,Reversión,False,,55,11.717463942907804,30,68,18,39,76,32,1.7062951108018698,1.4032458827134318,1.1883584317934144,20
rolling,compartido,41,2019-06-03,2019-11-29,2019-12-02,TODOS,Crisis,True,régimen con 0 días < 20,0,,23,48,20,39,63,14,1.9009996721554256,1.361507559818444,5.049041822088407,39
rolling,compartido,42,2019-07-01,2019-12-31,2020-01-02,TODOS,Global,False,,55,2.3948268563233994,26,80,8,37,76,12,1.9626550876803583,1.3680132476992406,3.1739556775046394,10
rolling,compartido,42,2019-07-01,2019-12-31,2020-01-02,TODOS,Tendencia,True,ningún trial cumple N_MIN,0,-1000000000.0,26,80,8,37,76,12,1.9626550876803583,1.3680132476992406,3.1739556775046394,10
rolling,compartido,42,2019-07-01,2019-12-31,2020-01-02,TODOS,Reversión,False,,55,8.518247516435572,25,34,11,20,78,20,1.578673260600224,1.5253737327452939,1.2431790852340252,26
rolling,compartido,42,2019-07-01,2019-12-31,2020-01-02,TODOS,Crisis,True,régimen con 0 días < 20,0,,26,80,8,37,76,12,1.9626550876803583,1.3680132476992406,3.1739556775046394,10
rolling,compartido,43,2019-08-01,2020-01-31,2020-02-03,TODOS,Global,True,sin trials válidos: θ global de la ventana 42,0,-1000000000.0,26,80,8,37,76,12,1.9626550876803583,1.3680132476992406,3.1739556775046394,10
rolling,compartido,43,2019-08-01,2020-01-31,2020-02-03,TODOS,Tendencia,True,ningún trial cumple N_MIN,0,-1000000000.0,26,80,8,37,76,12,1.9626550876803583,1.3680132476992406,3.1739556775046394,10
rolling,compartido,43,2019-08-01,2020-01-31,2020-02-03,TODOS,Reversión,False,,47,5.985676130839763,28,17,9,34,70,19,1.5833731902271349,1.4214442501163933,1.284418139074766,7
rolling,compartido,43,2019-08-01,2020-01-31,2020-02-03,TODOS,Crisis,True,régimen con 0 días < 20,0,,26,80,8,37,76,12,1.9626550876803583,1.3680132476992406,3.1739556775046394,10
rolling,compartido,44,2019-09-03,2020-02-28,2020-03-02,TODOS,Global,True,sin trials válidos: θ global de la ventana 42,0,-1000000000.0,26,80,8,37,76,12,1.9626550876803583,1.3680132476992406,3.1739556775046394,10
rolling,compartido,44,2019-09-03,2020-02-28,2020-03-02,TODOS,Tendencia,True,ningún trial cumple N_MIN,0,-1000000000.0,26,80,8,37,76,12,1.9626550876803583,1.3680132476992406,3.1739556775046394,10
rolling,compartido,44,2019-09-03,2020-02-28,2020-03-02,TODOS,Reversión,True,ningún trial cumple N_MIN,0,-1000000000.0,26,80,8,37,76,12,1.9626550876803583,1.3680132476992406,3.1739556775046394,10
rolling,compartido,44,2019-09-03,2020-02-28,2020-03-02,TODOS,Crisis,True,régimen con 0 días < 20,0,,26,80,8,37,76,12,1.9626550876803583,1.3680132476992406,3.1739556775046394,10
rolling,compartido,45,2019-10-01,2020-03-31,2020-04-01,TODOS,Global,False,,47,1.4810358162653543,23,67,9,21,62,12,1.718755094484664,3.7778696652539394,2.2130458659362184,20
rolling,compartido,45,2019-10-01,2020-03-31,2020-04-01,TODOS,Tendencia,False,,45,3.6414103781891556,9,15,7,39,62,21,2.5031527459935003,1.2142016273249019,1.9452448817913937,26
rolling,compartido,45,2019-10-01,2020-03-31,2020-04-01,TODOS,Reversión,True,ningún trial cumple N_MIN,0,-1000000000.0,23,67,9,21,62,12,1.718755094484664,3.7778696652539394,2.2130458659362184,20
rolling,compartido,45,2019-10-01,2020-03-31,2020-04-01,TODOS,Crisis,True,régimen con 5 días < 20,0,,23,67,9,21,62,12,1.718755094484664,3.7778696652539394,2.2130458659362184,20
rolling,compartido,46,2019-11-01,2020-04-30,2020-05-01,TODOS,Global,True,sin trials válidos: θ global de la ventana 45,0,-1000000000.0,23,67,9,21,62,12,1.718755094484664,3.7778696652539394,2.2130458659362184,20
rolling,compartido,46,2019-11-01,2020-04-30,2020-05-01,TODOS,Tendencia,False,,61,2.1795991485459285,29,92,14,35,64,27,2.647872569340658,1.769280819494219,3.4549448933257825,20
rolling,compartido,46,2019-11-01,2020-04-30,2020-05-01,TODOS,Reversión,True,régimen con 0 días < 20,0,,23,67,9,21,62,12,1.718755094484664,3.7778696652539394,2.2130458659362184,20
rolling,compartido,46,2019-11-01,2020-04-30,2020-05-01,TODOS,Crisis,True,ningún trial cumple N_MIN,0,-1000000000.0,23,67,9,21,62,12,1.718755094484664,3.7778696652539394,2.2130458659362184,20
rolling,compartido,47,2019-12-02,2020-05-29,2020-06-01,TODOS,Global,True,sin trials válidos: θ global de la ventana 45,0,-1000000000.0,23,67,9,21,62,12,1.718755094484664,3.7778696652539394,2.2130458659362184,20
rolling,compartido,47,2019-12-02,2020-05-29,2020-06-01,TODOS,Tendencia,False,,66,1.8430462090697537,24,68,13,39,65,13,2.270706298475732,3.109433074925205,3.3694246240802843,38
rolling,compartido,47,2019-12-02,2020-05-29,2020-06-01,TODOS,Reversión,True,régimen con 0 días < 20,0,,23,67,9,21,62,12,1.718755094484664,3.7778696652539394,2.2130458659362184,20
rolling,compartido,47,2019-12-02,2020-05-29,2020-06-01,TODOS,Crisis,True,ningún trial cumple N_MIN,0,-1000000000.0,23,67,9,21,62,12,1.718755094484664,3.7778696652539394,2.2130458659362184,20
rolling,compartido,48,2020-01-02,2020-06-30,2020-07-01,TODOS,Global,False,,48,0.34977404153224045,27,22,8,40,63,18,1.6643546218917975,1.929223563244856,2.5455106854027463,6
rolling,compartido,48,2020-01-02,2020-06-30,2020-07-01,TODOS,Tendencia,False,,52,1.602378008845744,28,33,17,29,63,14,1.6431838884611238,1.228530822748978,2.452649210072216,28
rolling,compartido,48,2020-01-02,2020-06-30,2020-07-01,TODOS,Reversión,True,régimen con 0 días < 20,0,,27,22,8,40,63,18,1.6643546218917975,1.929223563244856,2.5455106854027463,6
rolling,compartido,48,2020-01-02,2020-06-30,2020-07-01,TODOS,Crisis,True,ningún trial cumple N_MIN,0,-1000000000.0,27,22,8,40,63,18,1.6643546218917975,1.929223563244856,2.5455106854027463,6
rolling,compartido,49,2020-02-03,2020-07-31,2020-08-03,TODOS,Global,True,sin trials válidos: θ global de la ventana 48,0,-1000000000.0,27,22,8,40,63,18,1.6643546218917975,1.929223563244856,2.5455106854027463,6
rolling,compartido,49,2020-02-03,2020-07-31,2020-08-03,TODOS,Tendencia,False,,43,1.2219365730695655,15,91,7,38,78,16,2.0328741732178535,3.068266912209842,2.3980117487387163,13
rolling,compartido,49,2020-02-03,2020-07-31,2020-08-03,TODOS,Reversión,True,régimen con 0 días < 20,0,,27,22,8,40,63,18,1.6643546218917975,1.929223563244856,2.5455106854027463,6
rolling,compartido,49,2020-02-03,2020-07-31,2020-08-03,TODOS,Crisis,True,ningún trial cumple N_MIN,0,-1000000000.0,27,22,8,40,63,18,1.6643546218917975,1.929223563244856,2.5455106854027463,6
rolling,compartido,50,2020-03-02,2020-08-31,2020-09-01,TODOS,Global,False,,63,0.07568054443214366,25,92,10,40,74,13,1.626823578325914,1.2361270000340545,1.2664378208443818,12
rolling,compartido,50,2020-03-02,2020-08-31,2020-09-01,TODOS,Tendencia,True,régimen con 12 días < 20,0,,25,92,10,40,74,13,1.626823578325914,1.2361270000340545,1.2664378208443818,12
rolling,compartido,50,2020-03-02,2020-08-31,2020-09-01,TODOS,Reversión,True,régimen con 0 días < 20,0,,25,92,10,40,74,13,1.626823578325914,1.2361270000340545,1.2664378208443818,12
rolling,compartido,50,2020-03-02,2020-08-31,2020-09-01,TODOS,Crisis,False,,22,9.902062293041237,24,50,27,22,72,10,1.5608241566124326,1.0430760020397694,3.7243161144140524,38
rolling,compartido,51,2020-04-01,2020-09-30,2020-10-01,TODOS,Global,True,sin trials válidos: θ global de la ventana 50,0,-1000000000.0,25,92,10,40,74,13,1.626823578325914,1.2361270000340545,1.2664378208443818,12
rolling,compartido,51,2020-04-01,2020-09-30,2020-10-01,TODOS,Tendencia,True,régimen con 0 días < 20,0,,25,92,10,40,74,13,1.626823578325914,1.2361270000340545,1.2664378208443818,12
rolling,compartido,51,2020-04-01,2020-09-30,2020-10-01,TODOS,Reversión,True,régimen con 0 días < 20,0,,25,92,10,40,74,13,1.626823578325914,1.2361270000340545,1.2664378208443818,12
rolling,compartido,51,2020-04-01,2020-09-30,2020-10-01,TODOS,Crisis,False,,63,11.155898686896059,26,84,11,29,67,10,1.6547091400624292,1.3609205853994841,1.4674436920870964,5
rolling,compartido,52,2020-05-01,2020-10-30,2020-11-02,TODOS,Global,True,sin trials válidos: θ global de la ventana 50,0,-1000000000.0,25,92,10,40,74,13,1.626823578325914,1.2361270000340545,1.2664378208443818,12
rolling,compartido,52,2020-05-01,2020-10-30,2020-11-02,TODOS,Tendencia,True,régimen con 0 días < 20,0,,25,92,10,40,74,13,1.626823578325914,1.2361270000340545,1.2664378208443818,12
rolling,compartido,52,2020-05-01,2020-10-30,2020-11-02,TODOS,Reversión,True,régimen con 0 días < 20,0,,25,92,10,40,74,13,1.626823578325914,1.2361270000340545,1.2664378208443818,12
rolling,compartido,52,2020-05-01,2020-10-30,2020-11-02,TODOS,Crisis,True,ningún trial cumple N_MIN,0,-1000000000.0,25,92,10,40,74,13,1.626823578325914,1.2361270000340545,1.2664378208443818,12
rolling,compartido,53,2020-06-01,2020-11-30,2020-12-01,TODOS,Global,True,sin trials válidos: θ global de la ventana 50,0,-1000000000.0,25,92,10,40,74,13,1.626823578325914,1.2361270000340545,1.2664378208443818,12
rolling,compartido,53,2020-06-01,2020-11-30,2020-12-01,TODOS,Tendencia,True,régimen con 0 días < 20,0,,25,92,10,40,74,13,1.626823578325914,1.2361270000340545,1.2664378208443818,12
rolling,compartido,53,2020-06-01,2020-11-30,2020-12-01,TODOS,Reversión,True,régimen con 0 días < 20,0,,25,92,10,40,74,13,1.626823578325914,1.2361270000340545,1.2664378208443818,12
rolling,compartido,53,2020-06-01,2020-11-30,2020-12-01,TODOS,Crisis,True,ningún trial cumple N_MIN,0,-1000000000.0,25,92,10,40,74,13,1.626823578325914,1.2361270000340545,1.2664378208443818,12
rolling,compartido,54,2020-07-01,2020-12-31,2021-01-04,TODOS,Global,False,,1,8.732477775074003,23,12,7,39,60,24,2.4154596200368896,1.31975336607644,2.684671589788043,25
rolling,compartido,54,2020-07-01,2020-12-31,2021-01-04,TODOS,Tendencia,True,régimen con 0 días < 20,0,,23,12,7,39,60,24,2.4154596200368896,1.31975336607644,2.684671589788043,25
rolling,compartido,54,2020-07-01,2020-12-31,2021-01-04,TODOS,Reversión,True,régimen con 0 días < 20,0,,23,12,7,39,60,24,2.4154596200368896,1.31975336607644,2.684671589788043,25
rolling,compartido,54,2020-07-01,2020-12-31,2021-01-04,TODOS,Crisis,False,,52,13.62757869442105,16,36,8,30,79,11,1.779356394199049,1.5552179683125762,4.681253351629783,25
rolling,compartido,55,2020-08-03,2021-01-29,2021-02-01,TODOS,Global,False,,34,8.933137531270134,28,22,10,39,77,18,1.7572084405877142,1.0065957452734444,1.6385531975994658,39
rolling,compartido,55,2020-08-03,2021-01-29,2021-02-01,TODOS,Tendencia,True,régimen con 15 días < 20,0,,28,22,10,39,77,18,1.7572084405877142,1.0065957452734444,1.6385531975994658,39
rolling,compartido,55,2020-08-03,2021-01-29,2021-02-01,TODOS,Reversión,True,régimen con 0 días < 20,0,,28,22,10,39,77,18,1.7572084405877142,1.0065957452734444,1.6385531975994658,39
rolling,compartido,55,2020-08-03,2021-01-29,2021-02-01,TODOS,Crisis,False,,58,11.349962255985409,28,30,7,39,63,21,2.721954290451121,2.065619488149305,2.460311982770886,36
rolling,compartido,56,2020-09-01,2021-02-26,2021-03-01,TODOS,Global,True,sin trials válidos: θ global de la ventana 55,0,-1000000000.0,28,22,10,39,77,18,1.7572084405877142,1.0065957452734444,1.6385531975994658,39
rolling,compartido,56,2020-09-01,2021-02-26,2021-03-01,TODOS,Tendencia,True,ningún trial cumple N_MIN,0,-1000000000.0,28,22,10,39,77,18,1.7572084405877142,1.0065957452734444,1.6385531975994658,39
rolling,compartido,56,2020-09-01,2021-02-26,2021-03-01,TODOS,Reversión,True,régimen con 0 días < 20,0,,28,22,10,39,77,18,1.7572084405877142,1.0065957452734444,1.6385531975994658,39
rolling,compartido,56,2020-09-01,2021-02-26,2021-03-01,TODOS,Crisis,False,,49,17.947355029459214,25,75,8,25,77,11,1.612679406689012,3.161338273901663,3.8459215271317078,5
rolling,compartido,57,2020-10-01,2021-03-31,2021-04-01,TODOS,Global,True,sin trials válidos: θ global de la ventana 55,0,-1000000000.0,28,22,10,39,77,18,1.7572084405877142,1.0065957452734444,1.6385531975994658,39
rolling,compartido,57,2020-10-01,2021-03-31,2021-04-01,TODOS,Tendencia,False,,54,0.46289442294843863,24,96,26,27,70,16,1.6081256149734358,1.5339265741945138,3.8018182338332656,28
rolling,compartido,57,2020-10-01,2021-03-31,2021-04-01,TODOS,Reversión,True,régimen con 17 días < 20,0,,28,22,10,39,77,18,1.7572084405877142,1.0065957452734444,1.6385531975994658,39
rolling,compartido,57,2020-10-01,2021-03-31,2021-04-01,TODOS,Crisis,True,ningún trial cumple N_MIN,0,-1000000000.0,28,22,10,39,77,18,1.7572084405877142,1.0065957452734444,1.6385531975994658,39
rolling,compartido,58,2020-11-02,2021-04-30,2021-05-03,TODOS,Global,False,,51,3.407002572477799,27,45,7,40,64,24,1.6886270336040181,1.7655490005584344,1.8837840248533397,35
rolling,compartido,58,2020-11-02,2021-04-30,2021-05-03,TODOS,Tendencia,True,ningún trial cumple N_MIN,0,-1000000000.0,27,45,7,40,64,24,1.6886270336040181,1.7655490005584344,1.8837840248533397,35
rolling,compartido,58,2020-11-02,2021-04-30,2021-05-03,TODOS,Reversión,True,ningún trial cumple N_MIN,0,-1000000000.0,27,45,7,40,64,24,1.6886270336040181,1.7655490005584344,1.8837840248533397,35
rolling,compartido,58,2020-11-02,2021-04-30,2021-05-03,TODOS,Crisis,True,ningún trial cumple N_MIN,0,-1000000000.0,27,45,7,40,64,24,1.6886270336040181,1.7655490005584344,1.8837840248533397,35
rolling,compartido,59,2020-12-01,2021-05-28,2021-06-01,TODOS,Global,False,,21,3.4375064324006837,28,70,14,22,67,13,1.6761360205150486,3.5919034589104433,3.4997478585164936,5
rolling,compartido,59,2020-12-01,2021-05-28,2021-06-01,TODOS,Tendencia,False,,39,1.3727004025895426,16,96,8,40,76,14,2.485033656242671,1.8073820327434669,1.4253110634154442,10
rolling,compartido,59,2020-12-01,2021-05-28,2021-06-01,TODOS,Reversión,True,ningún trial cumple N_MIN,0,-1000000000.0,28,70,14,22,67,13,1.6761360205150486,3.5919034589104433,3.4997478585164936,5
rolling,compartido,59,2020-12-01,2021-05-28,2021-06-01,TODOS,Crisis,True,ningún trial cumple N_MIN,0,-1000000000.0,28,70,14,22,67,13,1.6761360205150486,3.5919034589104433,3.4997478585164936,5
rolling,compartido,60,2021-01-04,2021-06-30,2021-07-01,TODOS,Global,True,sin trials válidos: θ global de la ventana 59,0,-1000000000.0,28,70,14,22,67,13,1.6761360205150486,3.5919034589104433,3.4997478585164936,5
rolling,compartido,60,2021-01-04,2021-06-30,2021-07-01,TODOS,Tendencia,False,,1,-1.2475849324390837,26,85,7,39,62,25,2.895280949253219,3.823603332872234,3.1519384371382406,7
rolling,compartido,60,2021-01-04,2021-06-30,2021-07-01,TODOS,Reversión,True,ningún trial cumple N_MIN,0,-1000000000.0,28,70,14,22,67,13,1.6761360205150486,3.5919034589104433,3.4997478585164936,5
rolling,compartido,60,2021-01-04,2021-06-30,2021-07-01,TODOS,Crisis,True,régimen con 0 días < 20,0,,28,70,14,22,67,13,1.6761360205150486,3.5919034589104433,3.4997478585164936,5
rolling,compartido,61,2021-02-01,2021-07-30,2021-08-02,TODOS,Global,False,,63,2.7577231179531356,27,76,13,21,79,11,1.7905160564298988,1.5219714960024953,1.7369504238954456,13
rolling,compartido,61,2021-02-01,2021-07-30,2021-08-02,TODOS,Tendencia,False,,31,0.8346246950677819,18,93,7,26,63,18,1.5538191336090015,1.3255744410733692,2.0247679759348163,40
rolling,compartido,61,2021-02-01,2021-07-30,2021-08-02,TODOS,Reversión,False,,37,0.5429658018149551,26,18,8,23,70,12,1.7052994022382886,2.2690321020159265,5.134194839000713,34
rolling,compartido,61,2021-02-01,2021-07-30,2021-08-02,TODOS,Crisis,True,régimen con 0 días < 20,0,,27,76,13,21,79,11,1.7905160564298988,1.5219714960024953,1.7369504238954456,13
rolling,compartido,62,2021-03-01,2021-08-31,2021-09-01,TODOS,Global,False,,55,2.548145663489523,29,70,7,40,80,38,2.2349909807530617,1.4306489657950863,4.539234613409088,10
rolling,compartido,62,2021-03-01,2021-08-31,2021-09-01,TODOS,Tendencia,True,ningún trial cumple N_MIN,0,-1000000000.0,29,70,7,40,80,38,2.2349909807530617,1.4306489657950863,4.539234613409088,10
rolling,compartido,62,2021-03-01,2021-08-31,2021-09-01,TODOS,Reversión,False,,39,0.8898128290163609,22,78,7,40,62,22,2.298511633653783,1.2787609698673625,1.9357606733215715,14
rolling,compartido,62,2021-03-01,2021-08-31,2021-09-01,TODOS,Crisis,True,régimen con 0 días < 20,0,,29,70,7,40,80,38,2.2349909807530617,1.4306489657950863,4.539234613409088,10
rolling,compartido,63,2021-04-01,2021-09-30,2021-10-01,TODOS,Global,True,sin trials válidos: θ global de la ventana 62,0,-1000000000.0,29,70,7,40,80,38,2.2349909807530617,1.4306489657950863,4.539234613409088,10
rolling,compartido,63,2021-04-01,2021-09-30,2021-10-01,TODOS,Tendencia,True,ningún trial cumple N_MIN,0,-1000000000.0,29,70,7,40,80,38,2.2349909807530617,1.4306489657950863,4.539234613409088,10
rolling,compartido,63,2021-04-01,2021-09-30,2021-10-01,TODOS,Reversión,True,ningún trial cumple N_MIN,0,-1000000000.0,29,70,7,40,80,38,2.2349909807530617,1.4306489657950863,4.539234613409088,10
rolling,compartido,63,2021-04-01,2021-09-30,2021-10-01,TODOS,Crisis,True,régimen con 0 días < 20,0,,29,70,7,40,80,38,2.2349909807530617,1.4306489657950863,4.539234613409088,10
rolling,compartido,64,2021-05-03,2021-10-29,2021-11-01,TODOS,Global,False,,41,6.885034369150996,8,46,8,20,77,11,1.577599055804057,1.3471140825978003,3.7651630201019572,24
rolling,compartido,64,2021-05-03,2021-10-29,2021-11-01,TODOS,Tendencia,False,,35,4.155471488499799,24,64,10,22,68,11,1.7949466324169965,1.47598894572753,1.18470884021235,20
rolling,compartido,64,2021-05-03,2021-10-29,2021-11-01,TODOS,Reversión,True,ningún trial cumple N_MIN,0,-1000000000.0,8,46,8,20,77,11,1.577599055804057,1.3471140825978003,3.7651630201019572,24
rolling,compartido,64,2021-05-03,2021-10-29,2021-11-01,TODOS,Crisis,True,régimen con 0 días < 20,0,,8,46,8,20,77,11,1.577599055804057,1.3471140825978003,3.7651630201019572,24
rolling,compartido,65,2021-06-01,2021-11-30,2021-12-01,TODOS,Global,True,sin trials válidos: θ global de la ventana 64,0,-1000000000.0,8,46,8,20,77,11,1.577599055804057,1.3471140825978003,3.7651630201019572,24
rolling,compartido,65,2021-06-01,2021-11-30,2021-12-01,TODOS,Tendencia,False,,68,10.613045500362917,28,29,9,22,74,10,1.6676389512523229,3.361759608452077,4.091112012426485,8
rolling,compartido,65,2021-06-01,2021-11-30,2021-12-01,TODOS,Reversión,True,ningún trial cumple N_MIN,0,-1000000000.0,8,46,8,20,77,11,1.577599055804057,1.3471140825978003,3.7651630201019572,24
rolling,compartido,65,2021-06-01,2021-11-30,2021-12-01,TODOS,Crisis,True,régimen con 0 días < 20,0,,8,46,8,20,77,11,1.577599055804057,1.3471140825978003,3.7651630201019572,24
rolling,compartido,66,2021-07-01,2021-12-31,2022-01-03,TODOS,Global,False,,50,4.301318536310084,27,53,8,29,77,14,1.6428294842612088,1.438677232509744,3.7068281060761183,12
rolling,compartido,66,2021-07-01,2021-12-31,2022-01-03,TODOS,Tendencia,False,,55,5.70578811341879,20,26,11,23,79,13,1.7836675400483886,3.6113121109725026,3.4519947676227387,27
rolling,compartido,66,2021-07-01,2021-12-31,2022-01-03,TODOS,Reversión,True,régimen con 10 días < 20,0,,27,53,8,29,77,14,1.6428294842612088,1.438677232509744,3.7068281060761183,12
rolling,compartido,66,2021-07-01,2021-12-31,2022-01-03,TODOS,Crisis,True,régimen con 0 días < 20,0,,27,53,8,29,77,14,1.6428294842612088,1.438677232509744,3.7068281060761183,12
rolling,compartido,67,2021-08-02,2022-01-31,2022-02-01,TODOS,Global,False,,38,0.4540050637611871,29,90,8,35,74,31,1.883267069249162,1.4632641839400344,3.2577615954589056,12
rolling,compartido,67,2021-08-02,2022-01-31,2022-02-01,TODOS,Tendencia,False,,64,7.390229779597869,15,90,7,40,77,15,1.6956128190204307,3.8558118709834996,1.5625516768915646,31
rolling,compartido,67,2021-08-02,2022-01-31,2022-02-01,TODOS,Reversión,True,régimen con 18 días < 20,0,,29,90,8,35,74,31,1.883267069249162,1.4632641839400344,3.2577615954589056,12
rolling,compartido,67,2021-08-02,2022-01-31,2022-02-01,TODOS,Crisis,True,régimen con 0 días < 20,0,,29,90,8,35,74,31,1.883267069249162,1.4632641839400344,3.2577615954589056,12
rolling,compartido,68,2021-09-01,2022-02-28,2022-03-01,TODOS,Global,False,,38,6.535442189760719,24,64,18,24,77,14,1.5408933576056916,2.964715594412484,1.1833281761508854,16
rolling,compartido,68,2021-09-01,2022-02-28,2022-03-01,TODOS,Tendencia,False,,66,6.861191471166707,18,63,7,40,63,40,2.8991201854311206,2.1224928067367608,1.5489593145641787,35
rolling,compartido,68,2021-09-01,2022-02-28,2022-03-01,TODOS,Reversión,True,ningún trial cumple N_MIN,0,-1000000000.0,24,64,18,24,77,14,1.5408933576056916,2.964715594412484,1.1833281761508854,16
rolling,compartido,68,2021-09-01,2022-02-28,2022-03-01,TODOS,Crisis,True,régimen con 12 días < 20,0,,24,64,18,24,77,14,1.5408933576056916,2.964715594412484,1.1833281761508854,16
rolling,compartido,69,2021-10-01,2022-03-31,2022-04-01,TODOS,Global,True,sin trials válidos: θ global de la ventana 68,0,-1000000000.0,24,64,18,24,77,14,1.5408933576056916,2.964715594412484,1.1833281761508854,16
rolling,compartido,69,2021-10-01,2022-03-31,2022-04-01,TODOS,Tendencia,False,,47,2.1452230199109534,26,90,7,39,65,39,2.2775937955253722,1.3510563480744044,3.3843172675449096,30
rolling,compartido,69,2021-10-01,2022-03-31,2022-04-01,TODOS,Reversión,True,ningún trial cumple N_MIN,0,-1000000000.0,24,64,18,24,77,14,1.5408933576056916,2.964715594412484,1.1833281761508854,16
rolling,compartido,69,2021-10-01,2022-03-31,2022-04-01,TODOS,Crisis,True,ningún trial cumple N_MIN,0,-1000000000.0,24,64,18,24,77,14,1.5408933576056916,2.964715594412484,1.1833281761508854,16
rolling,compartido,70,2021-11-01,2022-04-29,2022-05-02,TODOS,Global,False,,14,0.2656085805828334,28,70,16,26,65,22,1.5512421840805146,1.0823565878475694,5.37837530057978,26
rolling,compartido,70,2021-11-01,2022-04-29,2022-05-02,TODOS,Tendencia,True,ningún trial cumple N_MIN,0,-1000000000.0,28,70,16,26,65,22,1.5512421840805146,1.0823565878475694,5.37837530057978,26
rolling,compartido,70,2021-11-01,2022-04-29,2022-05-02,TODOS,Reversión,True,ningún trial cumple N_MIN,0,-1000000000.0,28,70,16,26,65,22,1.5512421840805146,1.0823565878475694,5.37837530057978,26
rolling,compartido,70,2021-11-01,2022-04-29,2022-05-02,TODOS,Crisis,True,ningún trial cumple N_MIN,0,-1000000000.0,28,70,16,26,65,22,1.5512421840805146,1.0823565878475694,5.37837530057978,26
rolling,compartido,71,2021-12-01,2022-05-31,2022-06-01,TODOS,Global,True,sin trials válidos: θ global de la ventana 70,0,-1000000000.0,28,70,16,26,65,22,1.5512421840805146,1.0823565878475694,5.37837530057978,26
rolling,compartido,71,2021-12-01,2022-05-31,2022-06-01,TODOS,Tendencia,True,ningún trial cumple N_MIN,0,-1000000000.0,28,70,16,26,65,22,1.5512421840805146,1.0823565878475694,5.37837530057978,26
rolling,compartido,71,2021-12-01,2022-05-31,2022-06-01,TODOS,Reversión,True,ningún trial cumple N_MIN,0,-1000000000.0,28,70,16,26,65,22,1.5512421840805146,1.0823565878475694,5.37837530057978,26
rolling,compartido,71,2021-12-01,2022-05-31,2022-06-01,TODOS,Crisis,False,,39,1.440951675433364,28,34,19,24,79,11,1.6357876146479995,1.1018873762618102,3.1643992056715584,30
rolling,compartido,72,2022-01-03,2022-06-30,2022-07-01,TODOS,Global,True,sin trials válidos: θ global de la ventana 70,0,-1000000000.0,28,70,16,26,65,22,1.5512421840805146,1.0823565878475694,5.37837530057978,26
rolling,compartido,72,2022-01-03,2022-06-30,2022-07-01,TODOS,Tendencia,True,régimen con 0 días < 20,0,,28,70,16,26,65,22,1.5512421840805146,1.0823565878475694,5.37837530057978,26
rolling,compartido,72,2022-01-03,2022-06-30,2022-07-01,TODOS,Reversión,True,ningún trial cumple N_MIN,0,-1000000000.0,28,70,16,26,65,22,1.5512421840805146,1.0823565878475694,5.37837530057978,26
rolling,compartido,72,2022-01-03,2022-06-30,2022-07-01,TODOS,Crisis,True,ningún trial cumple N_MIN,0,-1000000000.0,28,70,16,26,65,22,1.5512421840805146,1.0823565878475694,5.37837530057978,26
rolling,compartido,73,2022-02-01,2022-07-29,2022-08-01,TODOS,Global,True,sin trials válidos: θ global de la ventana 70,0,-1000000000.0,28,70,16,26,65,22,1.5512421840805146,1.0823565878475694,5.37837530057978,26
rolling,compartido,73,2022-02-01,2022-07-29,2022-08-01,TODOS,Tendencia,True,régimen con 0 días < 20,0,,28,70,16,26,65,22,1.5512421840805146,1.0823565878475694,5.37837530057978,26
rolling,compartido,73,2022-02-01,2022-07-29,2022-08-01,TODOS,Reversión,True,régimen con 0 días < 20,0,,28,70,16,26,65,22,1.5512421840805146,1.0823565878475694,5.37837530057978,26
rolling,compartido,73,2022-02-01,2022-07-29,2022-08-01,TODOS,Crisis,False,,62,6.3422726809798595,14,92,9,23,62,12,2.442136951090876,1.5725430346438725,5.503324290908317,28
rolling,compartido,74,2022-03-01,2022-08-31,2022-09-01,TODOS,Global,False,,46,2.6170479737653065,28,55,9,23,61,12,2.807740972666115,2.8685253869295932,5.3026256555077325,6
rolling,compartido,74,2022-03-01,2022-08-31,2022-09-01,TODOS,Tendencia,True,régimen con 0 días < 20,0,,28,55,9,23,61,12,2.807740972666115,2.8685253869295932,5.3026256555077325,6
rolling,compartido,74,2022-03-01,2022-08-31,2022-09-01,TODOS,Reversión,True,régimen con 0 días < 20,0,,28,55,9,23,61,12,2.807740972666115,2.8685253869295932,5.3026256555077325,6
rolling,compartido,74,2022-03-01,2022-08-31,2022-09-01,TODOS,Crisis,False,,75,3.2992553435925784,25,82,9,21,63,36,1.6949502909651946,1.1263466596342924,5.393336501513305,38
rolling,compartido,75,2022-04-01,2022-09-30,2022-10-03,TODOS,Global,False,,9,0.7363870724599251,13,21,7,35,60,37,2.5995686279603407,1.0191794483422416,4.628018923247486,28
rolling,compartido,75,2022-04-01,2022-09-30,2022-10-03,TODOS,Tendencia,True,régimen con 0 días < 20,0,,13,21,7,35,60,37,2.5995686279603407,1.0191794483422416,4.628018923247486,28
rolling,compartido,75,2022-04-01,2022-09-30,2022-10-03,TODOS,Reversión,True,régimen con 0 días < 20,0,,13,21,7,35,60,37,2.5995686279603407,1.0191794483422416,4.628018923247486,28
rolling,compartido,75,2022-04-01,2022-09-30,2022-10-03,TODOS,Crisis,False,,72,3.9571612566985177,26,78,27,27,78,10,1.5581652837711806,2.354343159717775,1.2807889427436356,16
rolling,compartido,76,2022-05-02,2022-10-31,2022-11-01,TODOS,Global,True,sin trials válidos: θ global de la ventana 75,0,-1000000000.0,13,21,7,35,60,37,2.5995686279603407,1.0191794483422416,4.628018923247486,28
rolling,compartido,76,2022-05-02,2022-10-31,2022-11-01,TODOS,Tendencia,True,régimen con 0 días < 20,0,,13,21,7,35,60,37,2.5995686279603407,1.0191794483422416,4.628018923247486,28
rolling,compartido,76,2022-05-02,2022-10-31,2022-11-01,TODOS,Reversión,True,régimen con 10 días < 20,0,,13,21,7,35,60,37,2.5995686279603407,1.0191794483422416,4.628018923247486,28
rolling,compartido,76,2022-05-02,2022-10-31,2022-11-01,TODOS,Crisis,False,,50,0.8111777476762336,21,84,7,37,66,20,2.961791428834628,1.9172139194278393,5.344347642150361,36
rolling,compartido,77,2022-06-01,2022-11-30,2022-12-01,TODOS,Global,False,,58,4.5516424971135026,27,97,20,38,66,12,1.5769143383409345,1.317819992812849,5.694478606538849,9
rolling,compartido,77,2022-06-01,2022-11-30,2022-12-01,TODOS,Tendencia,True,régimen con 0 días < 20,0,,27,97,20,38,66,12,1.5769143383409345,1.317819992812849,5.694478606538849,9
rolling,compartido,77,2022-06-01,2022-11-30,2022-12-01,TODOS,Reversión,True,régimen con 10 días < 20,0,,27,97,20,38,66,12,1.5769143383409345,1.317819992812849,5.694478606538849,9
rolling,compartido,77,2022-06-01,2022-11-30,2022-12-01,TODOS,Crisis,False,,73,2.89674037533516,29,84,7,38,60,21,1.668056716894187,1.480935757247317,4.9269991732756235,8
rolling,compartido,78,2022-07-01,2022-12-30,2023-01-03,TODOS,Global,False,,49,2.2705083538846447,26,96,10,36,76,11,1.6425875009791098,1.2671386655542407,2.7688167314236116,30
rolling,compartido,78,2022-07-01,2022-12-30,2023-01-03,TODOS,Tendencia,True,régimen con 0 días < 20,0,,26,96,10,36,76,11,1.6425875009791098,1.2671386655542407,2.7688167314236116,30
rolling,compartido,78,2022-07-01,2022-12-30,2023-01-03,TODOS,Reversión,True,régimen con 10 días < 20,0,,26,96,10,36,76,11,1.6425875009791098,1.2671386655542407,2.7688167314236116,30
rolling,compartido,78,2022-07-01,2022-12-30,2023-01-03,TODOS,Crisis,False,,71,4.308527540451523,14,16,21,24,72,11,1.5748715065727676,1.3344415501055755,3.376347512352595,6
rolling,compartido,79,2022-08-01,2023-01-31,2023-02-01,TODOS,Global,False,,39,0.44634011741550994,25,80,12,40,78,27,1.5783740225003084,1.2001750843582588,2.1156644041639225,10
rolling,compartido,79,2022-08-01,2023-01-31,2023-02-01,TODOS,Tendencia,True,régimen con 0 días < 20,0,,25,80,12,40,78,27,1.5783740225003084,1.2001750843582588,2.1156644041639225,10
rolling,compartido,79,2022-08-01,2023-01-31,2023-02-01,TODOS,Reversión,True,régimen con 0 días < 20,0,,25,80,12,40,78,27,1.5783740225003084,1.2001750843582588,2.1156644041639225,10
rolling,compartido,79,2022-08-01,2023-01-31,2023-02-01,TODOS,Crisis,False,,50,4.596925415770909,20,18,7,30,64,33,1.659428692055464,3.0415994986801946,4.917963494060214,6
rolling,compartido,80,2022-09-01,2023-02-28,2023-03-01,TODOS,Global,False,,54,-1.3203342877838424,29,92,7,21,63,20,1.76314372999998,1.7487766792971369,2.389591184306187,34
rolling,compartido,80,2022-09-01,2023-02-28,2023-03-01,TODOS,Tendencia,True,régimen con 0 días < 20,0,,29,92,7,21,63,20,1.76314372999998,1.7487766792971369,2.389591184306187,34
rolling,compartido,80,2022-09-01,2023-02-28,2023-03-01,TODOS,Reversión,True,régimen con 0 días < 20,0,,29,92,7,21,63,20,1.76314372999998,1.7487766792971369,2.389591184306187,34
rolling,compartido,80,2022-09-01,2023-02-28,2023-03-01,TODOS,Crisis,False,,70,0.36840380905419534,27,49,7,36,64,30,1.6040075341245739,2.067595757351489,1.6483339968566604,6
rolling,compartido,81,2022-10-03,2023-03-31,2023-04-03,TODOS,Global,False,,48,2.0449146186848384,11,57,25,22,69,13,1.5246018728875297,1.1610146769594774,5.780361675793363,31
rolling,compartido,81,2022-10-03,2023-03-31,2023-04-03,TODOS,Tendencia,True,régimen con 0 días < 20,0,,11,57,25,22,69,13,1.5246018728875297,1.1610146769594774,5.780361675793363,31
rolling,compartido,81,2022-10-03,2023-03-31,2023-04-03,TODOS,Reversión,True,régimen con 9 días < 20,0,,11,57,25,22,69,13,1.5246018728875297,1.1610146769594774,5.780361675793363,31
rolling,compartido,81,2022-10-03,2023-03-31,2023-04-03,TODOS,Crisis,False,,52,0.19604680073521197,28,46,26,26,78,36,1.6514691318937973,1.085019118259329,3.6892442654560966,20
rolling,compartido,82,2022-11-01,2023-04-28,2023-05-01,TODOS,Global,False,,48,-1.1072626340473604,28,48,26,28,74,11,1.5362526709380462,2.5705413467464706,2.299813035860417,7
rolling,compartido,82,2022-11-01,2023-04-28,2023-05-01,TODOS,Tendencia,True,régimen con 0 días < 20,0,,28,48,26,28,74,11,1.5362526709380462,2.5705413467464706,2.299813035860417,7
rolling,compartido,82,2022-11-01,2023-04-28,2023-05-01,TODOS,Reversión,True,régimen con 0 días < 20,0,,28,48,26,28,74,11,1.5362526709380462,2.5705413467464706,2.299813035860417,7
rolling,compartido,82,2022-11-01,2023-04-28,2023-05-01,TODOS,Crisis,False,,62,0.734326303974898,22,76,23,22,66,32,1.560927043252138,1.4024703668071639,5.8437350483557875,19
rolling,compartido,83,2022-12-01,2023-05-31,2023-06-01,TODOS,Global,False,,64,0.0011074249428633708,24,64,7,30,60,19,1.6156149301622573,1.3893388359542147,4.034411624322719,15
rolling,compartido,83,2022-12-01,2023-05-31,2023-06-01,TODOS,Tendencia,True,régimen con 7 días < 20,0,,24,64,7,30,60,19,1.6156149301622573,1.3893388359542147,4.034411624322719,15
rolling,compartido,83,2022-12-01,2023-05-31,2023-06-01,TODOS,Reversión,True,régimen con 0 días < 20,0,,24,64,7,30,60,19,1.6156149301622573,1.3893388359542147,4.034411624322719,15
rolling,compartido,83,2022-12-01,2023-05-31,2023-06-01,TODOS,Crisis,False,,62,1.387187901541696,20,66,9,23,78,23,1.757708785297305,2.2013739992508463,1.3253830160995388,37
rolling,compartido,84,2023-01-03,2023-06-30,2023-07-03,TODOS,Global,False,,32,-1.498401111866362,16,39,10,22,62,18,1.6561021360728518,1.1636851434832347,1.2179730751100597,26
rolling,compartido,84,2023-01-03,2023-06-30,2023-07-03,TODOS,Tendencia,True,ningún trial cumple N_MIN,0,-1000000000.0,16,39,10,22,62,18,1.6561021360728518,1.1636851434832347,1.2179730751100597,26
rolling,compartido,84,2023-01-03,2023-06-30,2023-07-03,TODOS,Reversión,True,régimen con 0 días < 20,0,,16,39,10,22,62,18,1.6561021360728518,1.1636851434832347,1.2179730751100597,26
rolling,compartido,84,2023-01-03,2023-06-30,2023-07-03,TODOS,Crisis,False,,68,0.7392760829000634,18,80,26,25,64,10,1.684175662490794,1.5866820636846446,5.540379717693164,34
rolling,compartido,85,2023-02-01,2023-07-31,2023-08-01,TODOS,Global,True,sin trials válidos: θ global de la ventana 84,0,-1000000000.0,16,39,10,22,62,18,1.6561021360728518,1.1636851434832347,1.2179730751100597,26
rolling,compartido,85,2023-02-01,2023-07-31,2023-08-01,TODOS,Tendencia,True,ningún trial cumple N_MIN,0,-1000000000.0,16,39,10,22,62,18,1.6561021360728518,1.1636851434832347,1.2179730751100597,26
rolling,compartido,85,2023-02-01,2023-07-31,2023-08-01,TODOS,Reversión,True,régimen con 0 días < 20,0,,16,39,10,22,62,18,1.6561021360728518,1.1636851434832347,1.2179730751100597,26
rolling,compartido,85,2023-02-01,2023-07-31,2023-08-01,TODOS,Crisis,False,,12,2.6529090990076662,12,90,10,24,64,10,1.592084316788482,3.0636510043234697,5.419557459243121,9
rolling,compartido,86,2023-03-01,2023-08-31,2023-09-01,TODOS,Global,True,sin trials válidos: θ global de la ventana 84,0,-1000000000.0,16,39,10,22,62,18,1.6561021360728518,1.1636851434832347,1.2179730751100597,26
rolling,compartido,86,2023-03-01,2023-08-31,2023-09-01,TODOS,Tendencia,True,ningún trial cumple N_MIN,0,-1000000000.0,16,39,10,22,62,18,1.6561021360728518,1.1636851434832347,1.2179730751100597,26
rolling,compartido,86,2023-03-01,2023-08-31,2023-09-01,TODOS,Reversión,True,régimen con 0 días < 20,0,,16,39,10,22,62,18,1.6561021360728518,1.1636851434832347,1.2179730751100597,26
rolling,compartido,86,2023-03-01,2023-08-31,2023-09-01,TODOS,Crisis,True,ningún trial cumple N_MIN,0,-1000000000.0,16,39,10,22,62,18,1.6561021360728518,1.1636851434832347,1.2179730751100597,26
rolling,compartido,87,2023-04-03,2023-09-29,2023-10-02,TODOS,Global,True,sin trials válidos: θ global de la ventana 84,0,-1000000000.0,16,39,10,22,62,18,1.6561021360728518,1.1636851434832347,1.2179730751100597,26
rolling,compartido,87,2023-04-03,2023-09-29,2023-10-02,TODOS,Tendencia,True,ningún trial cumple N_MIN,0,-1000000000.0,16,39,10,22,62,18,1.6561021360728518,1.1636851434832347,1.2179730751100597,26
rolling,compartido,87,2023-04-03,2023-09-29,2023-10-02,TODOS,Reversión,True,régimen con 16 días < 20,0,,16,39,10,22,62,18,1.6561021360728518,1.1636851434832347,1.2179730751100597,26
rolling,compartido,87,2023-04-03,2023-09-29,2023-10-02,TODOS,Crisis,True,ningún trial cumple N_MIN,0,-1000000000.0,16,39,10,22,62,18,1.6561021360728518,1.1636851434832347,1.2179730751100597,26
rolling,compartido,88,2023-05-01,2023-10-31,2023-11-01,TODOS,Global,False,,31,6.021333063669168,12,66,10,23,78,10,1.525447080373203,1.6590814678840724,2.322728403699205,22
rolling,compartido,88,2023-05-01,2023-10-31,2023-11-01,TODOS,Tendencia,True,ningún trial cumple N_MIN,0,-1000000000.0,12,66,10,23,78,10,1.525447080373203,1.6590814678840724,2.322728403699205,22
rolling,compartido,88,2023-05-01,2023-10-31,2023-11-01,TODOS,Reversión,True,ningún trial cumple N_MIN,0,-1000000000.0,12,66,10,23,78,10,1.525447080373203,1.6590814678840724,2.322728403699205,22
rolling,compartido,88,2023-05-01,2023-10-31,2023-11-01,TODOS,Crisis,True,régimen con 0 días < 20,0,,12,66,10,23,78,10,1.525447080373203,1.6590814678840724,2.322728403699205,22
rolling,compartido,89,2023-06-01,2023-11-30,2023-12-01,TODOS,Global,False,,12,1.8190468903909531,28,38,16,30,68,14,1.6209406786068872,3.714605917006975,2.988183123853439,7
rolling,compartido,89,2023-06-01,2023-11-30,2023-12-01,TODOS,Tendencia,True,ningún trial cumple N_MIN,0,-1000000000.0,28,38,16,30,68,14,1.6209406786068872,3.714605917006975,2.988183123853439,7
rolling,compartido,89,2023-06-01,2023-11-30,2023-12-01,TODOS,Reversión,True,ningún trial cumple N_MIN,0,-1000000000.0,28,38,16,30,68,14,1.6209406786068872,3.714605917006975,2.988183123853439,7
rolling,compartido,89,2023-06-01,2023-11-30,2023-12-01,TODOS,Crisis,True,régimen con 0 días < 20,0,,28,38,16,30,68,14,1.6209406786068872,3.714605917006975,2.988183123853439,7
rolling,compartido,90,2023-07-03,2023-12-29,2024-01-02,TODOS,Global,False,,38,5.235348339370425,11,52,24,37,65,12,1.6679606593455056,1.5865326947818845,2.0600109129181625,14
rolling,compartido,90,2023-07-03,2023-12-29,2024-01-02,TODOS,Tendencia,True,ningún trial cumple N_MIN,0,-1000000000.0,11,52,24,37,65,12,1.6679606593455056,1.5865326947818845,2.0600109129181625,14
rolling,compartido,90,2023-07-03,2023-12-29,2024-01-02,TODOS,Reversión,False,,34,1.6104588638634134,8,32,9,22,69,10,1.6468589738584702,1.632057088995253,5.422587428642196,16
rolling,compartido,90,2023-07-03,2023-12-29,2024-01-02,TODOS,Crisis,True,régimen con 0 días < 20,0,,11,52,24,37,65,12,1.6679606593455056,1.5865326947818845,2.0600109129181625,14
rolling,compartido,91,2023-08-01,2024-01-31,2024-02-01,TODOS,Global,False,,46,9.194445122917783,9,79,15,36,80,13,1.60053845363011,1.767545029701561,5.616358517496787,11
rolling,compartido,91,2023-08-01,2024-01-31,2024-02-01,TODOS,Tendencia,True,ningún trial cumple N_MIN,0,-1000000000.0,9,79,15,36,80,13,1.60053845363011,1.767545029701561,5.616358517496787,11
rolling,compartido,91,2023-08-01,2024-01-31,2024-02-01,TODOS,Reversión,False,,39,4.473428255014405,12,51,8,22,76,12,1.8413830095459502,3.0517559362325444,5.469568907055818,14
rolling,compartido,91,2023-08-01,2024-01-31,2024-02-01,TODOS,Crisis,True,régimen con 0 días < 20,0,,9,79,15,36,80,13,1.60053845363011,1.767545029701561,5.616358517496787,11
rolling,compartido,92,2023-09-01,2024-02-29,2024-03-01,TODOS,Global,False,,37,6.008925576751717,24,18,27,38,74,12,1.6621986367062733,1.5086472562929738,2.7669728683487573,16
rolling,compartido,92,2023-09-01,2024-02-29,2024-03-01,TODOS,Tendencia,True,ningún trial cumple N_MIN,0,-1000000000.0,24,18,27,38,74,12,1.6621986367062733,1.5086472562929738,2.7669728683487573,16
rolling,compartido,92,2023-09-01,2024-02-29,2024-03-01,TODOS,Reversión,False,,56,3.8648861279517175,28,48,11,34,61,12,1.672062633568169,2.479225571323035,1.6516744208279428,16
rolling,compartido,92,2023-09-01,2024-02-29,2024-03-01,TODOS,Crisis,True,régimen con 0 días < 20,0,,24,18,27,38,74,12,1.6621986367062733,1.5086472562929738,2.7669728683487573,16
rolling,compartido,93,2023-10-02,2024-03-28,2024-04-01,TODOS,Global,False,,38,2.0499001303267392,13,20,26,39,66,11,1.6328225754840051,1.387679168673778,1.7634652369473818,7
rolling,compartido,93,2023-10-02,2024-03-28,2024-04-01,TODOS,Tendencia,True,ningún trial cumple N_MIN,0,-1000000000.0,13,20,26,39,66,11,1.6328225754840051,1.387679168673778,1.7634652369473818,7
rolling,compartido,93,2023-10-02,2024-03-28,2024-04-01,TODOS,Reversión,False,,19,-0.276556881751751,28,34,7,30,73,10,1.667756797222307,1.9963941498163957,1.1313253335805395,39
rolling,compartido,93,2023-10-02,2024-03-28,2024-04-01,TODOS,Crisis,True,régimen con 0 días < 20,0,,13,20,26,39,66,11,1.6328225754840051,1.387679168673778,1.7634652369473818,7
rolling,compartido,94,2023-11-01,2024-04-26,,TODOS,Global,True,sin trials válidos: θ global de la ventana 93,0,-1000000000.0,13,20,26,39,66,11,1.6328225754840051,1.387679168673778,1.7634652369473818,7
rolling,compartido,94,2023-11-01,2024-04-26,,TODOS,Tendencia,True,ningún trial cumple N_MIN,0,-1000000000.0,13,20,26,39,66,11,1.6328225754840051,1.387679168673778,1.7634652369473818,7
rolling,compartido,94,2023-11-01,2024-04-26,,TODOS,Reversión,True,ningún trial cumple N_MIN,0,-1000000000.0,13,20,26,39,66,11,1.6328225754840051,1.387679168673778,1.7634652369473818,7
rolling,compartido,94,2023-11-01,2024-04-26,,TODOS,Crisis,True,régimen con 0 días < 20,0,,13,20,26,39,66,11,1.6328225754840051,1.387679168673778,1.7634652369473818,7
anchored,por_activo,0,2016-01-04,2016-06-30,2016-07-01,NVDA,Global,False,,73,2.852609047058388,7,66,14,28,71,10,1.6498742753297067,1.1944990962790236,3.756417991627071,24
anchored,por_activo,0,2016-01-04,2016-06-30,2016-07-01,NVDA,Tendencia,False,,83,3.969394915712647,19,87,9,25,79,20,2.1195741564531883,3.077047614447635,5.673467199725667,32
anchored,por_activo,0,2016-01-04,2016-06-30,2016-07-01,NVDA,Reversión,True,ningún trial cumple N_MIN,0,-1000000000.0,7,66,14,28,71,10,1.6498742753297067,1.1944990962790236,3.756417991627071,24
anchored,por_activo,0,2016-01-04,2016-06-30,2016-07-01,NVDA,Crisis,True,ningún trial cumple N_MIN,0,-1000000000.0,7,66,14,28,71,10,1.6498742753297067,1.1944990962790236,3.756417991627071,24
anchored,por_activo,0,2016-01-04,2016-06-30,2016-07-01,AMZN,Global,False,,42,9.612580390412528,11,16,21,38,62,10,1.8372558530687517,1.329281419770139,4.155744889020524,36
anchored,por_activo,0,2016-01-04,2016-06-30,2016-07-01,AMZN,Tendencia,False,,59,0.7438259189898406,6,86,7,40,76,38,1.7108506100771237,3.386861738479911,2.244663925267939,31
anchored,por_activo,0,2016-01-04,2016-06-30,2016-07-01,AMZN,Reversión,True,ningún trial cumple N_MIN,0,-1000000000.0,11,16,21,38,62,10,1.8372558530687517,1.329281419770139,4.155744889020524,36
anchored,por_activo,0,2016-01-04,2016-06-30,2016-07-01,AMZN,Crisis,True,ningún trial cumple N_MIN,0,-1000000000.0,11,16,21,38,62,10,1.8372558530687517,1.329281419770139,4.155744889020524,36
anchored,por_activo,0,2016-01-04,2016-06-30,2016-07-01,TSLA,Global,False,,36,1.695725533996961,14,60,26,28,79,18,2.001277207770957,1.0346189637274819,3.500595893563105,34
anchored,por_activo,0,2016-01-04,2016-06-30,2016-07-01,TSLA,Tendencia,False,,70,-0.6766222265044792,18,80,12,36,63,21,1.6354943750894195,2.8378466688779924,5.584237099040363,26
anchored,por_activo,0,2016-01-04,2016-06-30,2016-07-01,TSLA,Reversión,True,ningún trial cumple N_MIN,0,-1000000000.0,14,60,26,28,79,18,2.001277207770957,1.0346189637274819,3.500595893563105,34
anchored,por_activo,0,2016-01-04,2016-06-30,2016-07-01,TSLA,Crisis,True,ningún trial cumple N_MIN,0,-1000000000.0,14,60,26,28,79,18,2.001277207770957,1.0346189637274819,3.500595893563105,34
anchored,por_activo,0,2016-01-04,2016-06-30,2016-07-01,META,Global,False,,65,-0.012410186338166592,27,27,27,39,78,18,1.8101607779442597,2.1291820873902805,5.6030920160962765,26
anchored,por_activo,0,2016-01-04,2016-06-30,2016-07-01,META,Tendencia,False,,73,0.9168927374699083,16,78,8,22,77,40,1.5670087626059732,1.86915206775835,3.5738678773801067,30
anchored,por_activo,0,2016-01-04,2016-06-30,2016-07-01,META,Reversión,True,ningún trial cumple N_MIN,0,-1000000000.0,27,27,27,39,78,18,1.8101607779442597,2.1291820873902805,5.6030920160962765,26
anchored,por_activo,0,2016-01-04,2016-06-30,2016-07-01,META,Crisis,True,ningún trial cumple N_MIN,0,-1000000000.0,27,27,27,39,78,18,1.8101607779442597,2.1291820873902805,5.6030920160962765,26
anchored,por_activo,0,2016-01-04,2016-06-30,2016-07-01,NFLX,Global,False,,40,12.989580058577756,28,66,8,23,67,15,2.878622164052574,2.2294109163720996,1.1271136404860826,6
anchored,por_activo,0,2016-01-04,2016-06-30,2016-07-01,NFLX,Tendencia,False,,71,5.4643212171484405,28,36,8,27,79,27,1.6879898306823717,3.5948012165888326,1.3745872433036546,5
anchored,por_activo,0,2016-01-04,2016-06-30,2016-07-01,NFLX,Reversión,True,ningún trial cumple N_MIN,0,-1000000000.0,28,66,8,23,67,15,2.878622164052574,2.2294109163720996,1.1271136404860826,6
anchored,por_activo,0,2016-01-04,2016-06-30,2016-07-01,NFLX,Crisis,False,,62,2.744504729053698,28,83,9,35,67,15,2.137027869675106,3.1818887267820113,5.690713831561277,29
anchored,por_activo,0,2016-01-04,2016-06-30,2016-07-01,GOOGL,Global,False,,64,7.326675922235417,13,80,27,22,68,23,1.633833244086647,2.423878548651568,3.5488800696117795,16
anchored,por_activo,0,2016-01-04,2016-06-30,2016-07-01,GOOGL,Tendencia,False,,81,5.274111834969501,23,84,26,36,67,37,1.6141201511452286,1.9621307546524671,3.9742994460328385,26
anchored,por_activo,0,2016-01-04,2016-06-30,2016-07-01,GOOGL,Reversión,True,ningún trial cumple N_MIN,0,-1000000000.0,13,80,27,22,68,23,1.633833244086647,2.423878548651568,3.5488800696117795,16
anchored,por_activo,0,2016-01-04,2016-06-30,2016-07-01,GOOGL,Crisis,False,,50,5.415222562619507,21,23,12,21,73,16,1.6901945698585168,3.68612526491469,3.6146016953043762,29
anchored,por_activo,1,2016-01-04,2016-07-29,2016-08-01,NVDA,Global,False,,53,4.30921507402087,28,94,8,40,64,38,1.9914752152782638,1.5734020662670885,5.508606899265171,38
anchored,por_activo,1,2016-01-04,2016-07-29,2016-08-01,NVDA,Tendencia,False,,76,3.704774255922079,19,64,21,35,75,20,2.2406017197494092,2.089231404585828,5.5676577634810025,10
anchored,por_activo,1,2016-01-04,2016-07-29,2016-08-01,NVDA,Reversión,True,ningún trial cumple N_MIN,0,-1000000000.0,28,94,8,40,64,38,1.9914752152782638,1.5734020662670885,5.508606899265171,38
anchored,por_activo,1,2016-01-04,2016-07-29,2016-08-01,NVDA,Crisis,True,ningún trial cumple N_MIN,0,-1000000000.0,28,94,8,40,64,38,1.9914752152782638,1.5734020662670885,5.508606899265171,38
anchored,por_activo,1,2016-01-04,2016-07-29,2016-08-01,AMZN,Global,False,,61,4.186669416144068,10,81,8,36,72,10,1.751087642853258,3.283583218729669,5.286868190939969,6
anchored,por_activo,1,2016-01-04,2016-07-29,2016-08-01,AMZN,Tendencia,False,,70,1.013802258768753,29,88,8,24,64,34,1.9574263643511338,3.4651227088317147,1.0783681832367797,35
anchored,por_activo,1,2016-01-04,2016-07-29,2016-08-01,AMZN,Reversión,True,ningún trial cumple N_MIN,0,-1000000000.0,10,81,8,36,72,10,1.751087642853258,3.283583218729669,5.286868190939969,6
anchored,por_activo,1,2016-01-04,2016-07-29,2016-08-01,AMZN,Crisis,True,ningún trial cumple N_MIN,0,-1000000000.0,10,81,8,36,72,10,1.751087642853258,3.283583218729669,5.286868190939969,6
anchored,por_activo,1,2016-01-04,2016-07-29,2016-08-01,TSLA,Global,False,,55,-1.1937002083104198,30,90,9,34,64,13,2.861648580300815,3.2735657261083215,2.1463829943960766,8
anchored,por_activo,1,2016-01-04,2016-07-29,2016-08-01,TSLA,Tendencia,False,,70,0.5857224828820797,25,81,25,35,72,19,1.7541610665858376,1.1479468576787744,2.6857388968067415,37
anchored,por_activo,1,2016-01-04,2016-07-29,2016-08-01,TSLA,Reversión,True,ningún trial cumple N_MIN,0,-1000000000.0,30,90,9,34,64,13,2.861648580300815,3.2735657261083215,2.1463829943960766,8
anchored,por_activo,1,2016-01-04,2016-07-29,2016-08-01,TSLA,Crisis,True,ningún trial cumple N_MIN,0,-1000000000.0,30,90,9,34,64,13,2.861648580300815,3.2735657261083215,2.1463829943960766,8
anchored,por_activo,1,2016-01-04,2016-07-29,2016-08-01,META,Global,False,,78,3.6491174044403754,24,88,24,40,77,39,1.7349110326757682,1.257593328495211,5.798175961925068,28
anchored,por_activo,1,2016-01-04,2016-07-29,2016-08-01,META,Tendencia,False,,76,3.9730800818021517,29,73,26,40,64,32,1.5308396653219858,1.9368903719838206,5.164717752096649,13
anchored,por_activo,1,2016-01-04,2016-07-29,2016-08-01,META,Reversión,False,,65,1.8463709992696289,15,86,12,29,70,24,1.7646683308866222,1.3261913359082123,4.201211344282693,26
anchored,por_activo,1,2016-01-04,2016-07-29,2016-08-01,META,Crisis,True,ningún trial cumple N_MIN,0,-1000000000.0,24,88,24,40,77,39,1.7349110326757682,1.257593328495211,5.798175961925068,28
anchored,por_activo,1,2016-01-04,2016-07-29,2016-08-01,NFLX,Global,False,,61,2.547868890180168,27,66,10,23,62,11,2.1931364838117102,1.8447957273069515,1.7428243674835464,32
anchored,por_activo,1,2016-01-04,2016-07-29,2016-08-01,NFLX,Tendencia,False,,63,0.6620433364595992,28,33,26,35,61,11,1.9709511992630704,1.318993389155671,2.1493148137697093,16
anchored,por_activo,1,2016-01-04,2016-07-29,2016-08-01,NFLX,Reversión,False,,32,9.336087680563882,12,14,7,29,63,18,2.958818269897672,3.9266709215072293,3.6927581368583295,38
anchored,por_activo,1,2016-01-04,2016-07-29,2016-08-01,NFLX,Crisis,False,,73,1.5222923809093816,25,96,9,22,78,28,1.6886826987339818,3.2933993775279173,4.883355373943054,6
anchored,por_activo,1,2016-01-04,2016-07-29,2016-08-01,GOOGL,Global,False,,38,0.5393022991653099,10,42,9,38,60,18,2.829131952254719,2.1760044266827268,3.7067285368362124,18
anchored,por_activo,1,2016-01-04,2016-07-29,2016-08-01,GOOGL,Tendencia,False,,64,4.024144053483658,28,30,11,21,62,36,2.1837783732076277,2.390838325667868,4.037453007757545,24
anchored,por_activo,1,2016-01-04,2016-07-29,2016-08-01,GOOGL,Reversión,False,,51,-0.27972176800658416,28,74,14,22,60,14,1.687713369509343,1.5295346866337174,2.57854513434608,12
anchored,por_activo,1,2016-01-04,2016-07-29,2016-08-01,GOOGL,Crisis,False,,49,7.66662832294444,21,89,10,40,69,38,2.7109189588859164,3.373315649946201,2.8335756041632694,28
anchored,por_activo,2,2016-01-04,2016-08-31,2016-09-01,NVDA,Global,False,,52,0.7245388980096114,27,21,9,32,77,10,1.6426338173287904,2.0805287041244345,5.900166434329931,34
anchored,por_activo,2,2016-01-04,2016-08-31,2016-09-01,NVDA,Tendencia,False,,78,1.5022133184431516,7,55,19,36,72,25,2.2007920629321243,1.1182014746009385,5.838333932555203,32
anchored,por_activo,2,2016-01-04,2016-08-31,2016-09-01,NVDA,Reversión,True,ningún trial cumple N_MIN,0,-1000000000.0,27,21,9,32,77,10,1.6426338173287904,2.0805287041244345,5.900166434329931,34
anchored,por_activo,2,2016-01-04,2016-08-31,2016-09-01,NVDA,Crisis,True,ningún trial cumple N_MIN,0,-1000000000.0,27,21,9,32,77,10,1.6426338173287904,2.0805287041244345,5.900166434329931,34
anchored,por_activo,2,2016-01-04,2016-08-31,2016-09-01,AMZN,Global,False,,42,0.689065030151229,18,38,8,36,62,38,2.39309301057545,1.8000014292430484,1.4622637037365582,38
anchored,por_activo,2,2016-01-04,2016-08-31,2016-09-01,AMZN,Tendencia,False,,73,0.24865780227563933,11,90,8,21,77,38,1.7954893662765066,2.1512316604249695,2.677974061905026,14
anchored,por_activo,2,2016-01-04,2016-08-31,2016-09-01,AMZN,Reversión,False,,28,5.381083498033882,16,33,24,33,69,10,1.8064096097632945,2.106443173909662,3.714144477364266,6
anchored,por_activo,2,2016-01-04,2016-08-31,2016-09-01,AMZN,Crisis,True,ningún trial cumple N_MIN,0,-1000000000.0,18,38,8,36,62,38,2.39309301057545,1.8000014292430484,1.4622637037365582,38
anchored,por_activo,2,2016-01-04,2016-08-31,2016-09-01,TSLA,Global,False,,50,-0.549702995636554,30,91,21,38,76,17,1.7182980815473492,1.3343013123056942,1.4138890088863212,17
anchored,por_activo,2,2016-01-04,2016-08-31,2016-09-01,TSLA,Tendencia,False,,54,0.004473210414982432,9,90,9,28,74,13,2.855576516533647,1.1207431777373733,2.260510331667765,37
anchored,por_activo,2,2016-01-04,2016-08-31,2016-09-01,TSLA,Reversión,False,,20,4.009403234697845,22,39,7,39,66,34,2.7288830314934396,3.3198124278773538,5.38573787034539,23
anchored,por_activo,2,2016-01-04,2016-08-31,2016-09-01,TSLA,Crisis,True,ningún trial cumple N_MIN,0,-1000000000.0,30,91,21,38,76,17,1.7182980815473492,1.3343013123056942,1.4138890088863212,17
anchored,por_activo,2,2016-01-04,2016-08-31,2016-09-01,META,Global,False,,75,2.523146446358777,29,74,10,23,78,24,1.546109065894575,1.095677856627146,5.2602124534013,38
anchored,por_activo,2,2016-01-04,2016-08-31,2016-09-01,META,Tendencia,False,,77,3.1643024886643194,28,82,23,38,66,30,1.5951924647460396,1.2810653139688664,5.437921656389849,34
anchored,por_activo,2,2016-01-04,2016-08-31,2016-09-01,META,Reversión,False,,65,0.933081200370925,29,48,8,29,79,39,1.6044147525949801,1.2576337474034045,3.312138966329348,39
anchored,por_activo,2,2016-01-04,2016-08-31,2016-09-01,META,Crisis,False,,18,12.041024412139947,8,90,8,39,75,39,1.6420295024672904,2.3649158254053586,1.1285488212696126,12
anchored,por_activo,2,2016-01-04,2016-08-31,2016-09-01,NFLX,Global,False,,63,7.489750005392511,22,39,10,26,61,32,2.336255147040304,3.3411818420261925,1.2668460758511695,10
anchored,por_activo,2,2016-01-04,2016-08-31,2016-09-01,NFLX,Tendencia,False,,75,1.140215127265346,24,56,25,21,64,12,1.7602251146451255,3.089589102277237,3.5248893164744572,38
anchored,por_activo,2,2016-01-04,2016-08-31,2016-09-01,NFLX,Reversión,False,,48,5.6767301902020915,6,71,8,33,62,11,2.402877905626521,2.2651207906963813,1.5561949622151934,21
anchored,por_activo,2,2016-01-04,2016-08-31,2016-09-01,NFLX,Crisis,False,,59,3.1790755988812838,30,58,12,32,80,22,2.126252430415387,2.0444742465485257,4.5229654133091834,6
anchored,por_activo,2,2016-01-04,2016-08-31,2016-09-01,GOOGL,Global,False,,58,1.1197278834031141,25,14,21,23,64,18,2.0794275127403465,1.537085218157893,4.7687607962354335,9
anchored,por_activo,2,2016-01-04,2016-08-31,2016-09-01,GOOGL,Tendencia,False,,80,4.8247353276815925,26,34,11,30,72,38,1.8664090396002389,2.003713967839507,4.521212352156601,28
anchored,por_activo,2,2016-01-04,2016-08-31,2016-09-01,GOOGL,Reversión,False,,44,1.3686264822571936,21,49,25,26,72,13,1.7159712773844067,2.1700080358596,5.6479988022669225,37
anchored,por_activo,2,2016-01-04,2016-08-31,2016-09-01,GOOGL,Crisis,False,,35,4.191501877160014,16,29,24,22,74,20,1.5733912318261902,3.63230696736684,4.865221832182325,29
anchored,por_activo,3,2016-01-04,2016-09-30,2016-10-03,NVDA,Global,False,,41,3.404838268105238,14,60,20,23,69,17,1.7838299092808978,2.0949599643533596,1.7418850712973581,11
anchored,por_activo,3,2016-01-04,2016-09-30,2016-10-03,NVDA,Tendencia,False,,83,1.661202457181125,30,91,22,29,76,27,1.7594440695811482,1.2418407708174657,4.1634509219841584,10
anchored,por_activo,3,2016-01-04,2016-09-30,2016-10-03,NVDA,Reversión,False,,6,12.466068518816241,29,10,27,23,74,17,1.8918026049916203,2.697909286195592,1.7841592586143276,20
anchored,por_activo,3,2016-01-04,2016-09-30,2016-10-03,NVDA,Crisis,True,ningún trial cumple N_MIN,0,-1000000000.0,14,60,20,23,69,17,1.7838299092808978,2.0949599643533596,1.7418850712973581,11
anchored,por_activo,3,2016-01-04,2016-09-30,2016-10-03,AMZN,Global,False,,41,3.3358705573277976,11,60,8,31,64,10,2.0859197307022748,3.7225130526889907,1.0987690193044743,5
anchored,por_activo,3,2016-01-04,2016-09-30,2016-10-03,AMZN,Tendencia,False,,77,1.4007551653710404,26,47,17,36,68,11,1.554658115911903,3.4398508340631526,2.6040721818941615,20
anchored,por_activo,3,2016-01-04,2016-09-30,2016-10-03,AMZN,Reversión,False,,1,3.066504202439816,5,41,10,25,63,11,2.0333510480531025,1.5159993837153452,4.460706123953046,40
anchored,por_activo,3,2016-01-04,2016-09-30,2016-10-03,AMZN,Crisis,False,,51,-0.06660082122668881,26,88,10,40,62,28,1.7087776023082286,3.5123406501018817,5.308539318761931,18
anchored,por_activo,3,2016-01-04,2016-09-30,2016-10-03,TSLA,Global,False,,66,-0.21013322970309747,21,55,27,35,61,11,1.7728538929380098,1.1505251186977727,5.600549964938957,10
anchored,por_activo,3,2016-01-04,2016-09-30,2016-10-03,TSLA,Tendencia,False,,76,-0.009762842066600268,27,20,8,22,66,20,1.5406317895266008,2.5543483510012583,5.5534495408167395,36
anchored,por_activo,3,2016-01-04,2016-09-30,2016-10-03,TSLA,Reversión,False,,49,4.126441552808811,28,17,10,26,61,24,2.0433201350738095,3.3123056184005373,5.8768678579630835,37
anchored,por_activo,3,2016-01-04,2016-09-30,2016-10-03,TSLA,Crisis,False,,3,-0.6096523914194023,28,64,11,40,62,36,1.8221699685308324,1.0515653912982057,1.2850925517478766,5
anchored,por_activo,3,2016-01-04,2016-09-30,2016-10-03,META,Global,False,,56,1.8119305447965446,26,78,7,40,67,12,2.3025858463132307,1.720784612815633,4.8605372819736905,16
anchored,por_activo,3,2016-01-04,2016-09-30,2016-10-03,META,Tendencia,False,,61,1.3636605379625433,21,15,19,28,61,30,1.5382331417355957,1.0975869307039452,5.363280433936381,11
anchored,por_activo,3,2016-01-04,2016-09-30,2016-10-03,META,Reversión,False,,49,1.546054023343101,26,35,12,38,62,12,1.8001310941111943,1.2436612607312985,5.420092755366531,35
anchored,por_activo,3,2016-01-04,2016-09-30,2016-10-03,META,Crisis,True,ningún trial cumple N_MIN,0,-1000000000.0,26,78,7,40,67,12,2.3025858463132307,1.720784612815633,4.8605372819736905,16
anchored,por_activo,3,2016-01-04,2016-09-30,2016-10-03,NFLX,Global,False,,56,4.461642215399821,24,15,10,38,61,28,1.581482744321614,3.3960799745847385,1.1806833553846894,38
anchored,por_activo,3,2016-01-04,2016-09-30,2016-10-03,NFLX,Tendencia,False,,71,0.6643587702389847,9,88,26,22,78,27,1.6609632904159324,2.35031825965411,3.468803882561055,38
anchored,por_activo,3,2016-01-04,2016-09-30,2016-10-03,NFLX,Reversión,False,,61,5.956428143026861,12,95,9,26,74,12,1.7670659901391048,2.0265096900449993,1.9149308260235467,38
anchored,por_activo,3,2016-01-04,2016-09-30,2016-10-03,NFLX,Crisis,False,,65,1.8147783229109904,27,85,11,35,65,18,2.4864672412903177,3.3238841298412076,5.811340254407219,6
anchored,por_activo,3,2016-01-04,2016-09-30,2016-10-03,GOOGL,Global,False,,49,5.6807467469083015,7,84,24,26,60,12,1.5365222933360345,2.2869108512769314,3.1406991119586674,30
anchored,por_activo,3,2016-01-04,2016-09-30,2016-10-03,GOOGL,Tendencia,False,,77,1.6931506180195153,26,73,8,24,65,24,1.6703319793626048,2.091579090904229,5.489914951372439,10
anchored,por_activo,3,2016-01-04,2016-09-30,2016-10-03,GOOGL,Reversión,False,,70,8.94141844341099,29,55,15,23,73,26,1.6996066571028943,1.0301549337887537,5.852528021225052,23
anchored,por_activo,3,2016-01-04,2016-09-30,2016-10-03,GOOGL,Crisis,True,ningún trial cumple N_MIN,0,-1000000000.0,7,84,24,26,60,12,1.5365222933360345,2.2869108512769314,3.1406991119586674,30
anchored,por_activo,4,2016-01-04,2016-10-31,2016-11-01,NVDA,Global,False,,56,5.9862068555185095,6,54,26,39,68,11,1.6107103576631456,1.1944651456154658,4.244965950176624,38
anchored,por_activo,4,2016-01-04,2016-10-31,2016-11-01,NVDA,Tendencia,False,,73,2.0414677135113473,10,95,24,36,79,18,2.147386251729567,3.0092171073529568,5.369850549406947,34
anchored,por_activo,4,2016-01-04,2016-10-31,2016-11-01,NVDA,Reversión,False,,57,17.874751665600417,19,29,27,39,78,12,1.6951533270299068,2.5782686815659046,2.608275415962955,24
anchored,por_activo,4,2016-01-04,2016-10-31,2016-11-01,NVDA,Crisis,True,ningún trial cumple N_MIN,0,-1000000000.0,6,54,26,39,68,11,1.6107103576631456,1.1944651456154658,4.244965950176624,38
anchored,por_activo,4,2016-01-04,2016-10-31,2016-11-01,AMZN,Global,False,,53,2.5750044334583397,28,92,12,34,62,10,1.9921748285056826,2.841744312291586,1.7149161930867338,20
anchored,por_activo,4,2016-01-04,2016-10-31,2016-11-01,AMZN,Tendencia,False,,78,0.8463696890020426,26,73,14,32,66,18,1.5803997569484345,1.7091943620078167,1.1042627511141823,38
anchored,por_activo,4,2016-01-04,2016-10-31,2016-11-01,AMZN,Reversión,False,,71,4.206946913687343,29,90,17,32,80,14,1.6131996209572608,1.3766487327682937,5.222960050962183,28
anchored,por_activo,4,2016-01-04,2016-10-31,2016-11-01,AMZN,Crisis,False,,1,0.3125444950002781,10,80,9,35,60,29,2.054651533236387,1.2771290648774034,2.7902621897902193,18
anchored,por_activo,4,2016-01-04,2016-10-31,2016-11-01,TSLA,Global,False,,66,0.627881826400687,16,45,9,22,63,25,1.6452618608450316,1.3896235141988644,3.4015153580085054,26
anchored,por_activo,4,2016-01-04,2016-10-31,2016-11-01,TSLA,Tendencia,False,,61,-0.24762242007076465,16,79,9,35,79,11,2.009499824391424,2.6756030018007477,5.272857399891813,16
anchored,por_activo,4,2016-01-04,2016-10-31,2016-11-01,TSLA,Reversión,False,,63,3.8092414969395043,13,87,9,37,78,21,1.6246899158437318,2.6165226388057135,5.810210683254741,20
anchored,por_activo,4,2016-01-04,2016-10-31,2016-11-01,TSLA,Crisis,False,,45,-1.1082656468225078,28,90,10,22,62,21,2.44117054436059,1.9877690535987655,1.6633784221860402,24
anchored,por_activo,4,2016-01-04,2016-10-31,2016-11-01,META,Global,True,sin trials válidos: θ global de la ventana 3,0,-1000000000.0,26,78,7,40,67,12,2.3025858463132307,1.720784612815633,4.8605372819736905,16
anchored,por_activo,4,2016-01-04,2016-10-31,2016-11-01,META,Tendencia,False,,77,1.6003366349659955,28,63,16,40,61,23,1.6075507593887017,2.5452449571901274,5.838654532761998,30
anchored,por_activo,4,2016-01-04,2016-10-31,2016-11-01,META,Reversión,False,,56,3.220833665579568,15,93,22,40,62,13,1.6152923536545272,1.1709335548506985,5.342503172379312,16
anchored,por_activo,4,2016-01-04,2016-10-31,2016-11-01,META,Crisis,True,ningún trial cumple N_MIN,0,-1000000000.0,26,78,7,40,67,12,2.3025858463132307,1.720784612815633,4.8605372819736905,16
anchored,por_activo,4,2016-01-04,2016-10-31,2016-11-01,NFLX,Global,False,,58,0.16938276764443808,30,25,10,30,77,18,1.8574021817436646,1.273815538899176,1.9611137105535006,9
anchored,por_activo,4,2016-01-04,2016-10-31,2016-11-01,NFLX,Tendencia,False,,82,0.7053497472585847,14,23,10,22,61,17,1.8353270337669276,3.3272189104853362,2.9112140520097225,26
anchored,por_activo,4,2016-01-04,2016-10-31,2016-11-01,NFLX,Reversión,False,,67,8.136251424931421,28,53,9,21,63,21,1.690367262473294,2.064125792609934,2.879752916784014,33
anchored,por_activo,4,2016-01-04,2016-10-31,2016-11-01,NFLX,Crisis,False,,37,0.6101199979939016,26,88,26,38,60,33,1.8109513866874485,1.1088318819424101,5.742036748601077,34
anchored,por_activo,4,2016-01-04,2016-10-31,2016-11-01,GOOGL,Global,False,,47,4.144751146849894,13,83,10,38,61,27,1.699876825292738,2.026422061383533,3.967984752255747,16
anchored,por_activo,4,2016-01-04,2016-10-31,2016-11-01,GOOGL,Tendencia,False,,78,0.5140372641505742,26,26,16,34,66,38,2.1873500696614694,1.1846059201067947,4.7953744221177725,24
anchored,por_activo,4,2016-01-04,2016-10-31,2016-11-01,GOOGL,Reversión,False,,47,5.020710898165182,10,20,8,38,72,26,1.5697168454047319,2.8267127193333663,1.6167880411217432,8
anchored,por_activo,4,2016-01-04,2016-10-31,2016-11-01,GOOGL,Crisis,True,ningún trial cumple N_MIN,0,-1000000000.0,13,83,10,38,61,27,1.699876825292738,2.026422061383533,3.967984752255747,16
anchored,por_activo,5,2016-01-04,2016-11-30,2016-12-01,NVDA,Global,False,,60,3.2522844548990624,14,16,22,39,76,11,1.6687367588342785,1.1276595407837218,2.9380528306879237,10
anchored,por_activo,5,2016-01-04,2016-11-30,2016-12-01,NVDA,Tendencia,False,,71,1.392288586049065,6,23,26,38,72,12,1.8030686810170118,1.0566946445723335,5.490442699278786,10
anchored,por_activo,5,2016-01-04,2016-11-30,2016-12-01,NVDA,Reversión,False,,57,25.179798157530332,30,84,26,32,61,11,1.7360779248934786,2.0089647341677423,4.135014023898521,34
anchored,por_activo,5,2016-01-04,2016-11-30,2016-12-01,NVDA,Crisis,True,ningún trial cumple N_MIN,0,-1000000000.0,14,16,22,39,76,11,1.6687367588342785,1.1276595407837218,2.9380528306879237,10
anchored,por_activo,5,2016-01-04,2016-11-30,2016-12-01,AMZN,Global,False,,78,0.04554862400821624,30,73,7,40,76,11,1.6446078824596342,2.2132565338608625,3.907707475793376,13
anchored,por_activo,5,2016-01-04,2016-11-30,2016-12-01,AMZN,Tendencia,False,,71,1.5750781641178608,16,94,8,27,67,10,1.9504493253845232,3.247788637944116,2.1533694477894274,12
anchored,por_activo,5,2016-01-04,2016-11-30,2016-12-01,AMZN,Reversión,False,,66,3.3300934503091066,23,92,8,25,68,33,1.740050055191778,2.1957573407370594,5.746192171269906,8
anchored,por_activo,5,2016-01-04,2016-11-30,2016-12-01,AMZN,Crisis,True,ningún trial cumple N_MIN,0,-1000000000.0,30,73,7,40,76,11,1.6446078824596342,2.2132565338608625,3.907707475793376,13
anchored,por_activo,5,2016-01-04,2016-11-30,2016-12-01,TSLA,Global,False,,60,-0.07980647320308466,16,91,9,30,69,18,1.8655624670677944,1.3235799700955337,1.4333627223478218,9
anchored,por_activo,5,2016-01-04,2016-11-30,2016-12-01,TSLA,Tendencia,False,,77,-0.3141541061392391,10,54,26,34,76,18,1.8566507618094596,1.196875880931309,5.610277851416229,16
anchored,por_activo,5,2016-01-04,2016-11-30,2016-12-01,TSLA,Reversión,False,,74,4.242217660360297,22,16,9,30,62,16,1.7492667503748485,1.9062524021316527,1.2194672822698107,8
anchored,por_activo,5,2016-01-04,2016-11-30,2016-12-01,TSLA,Crisis,True,ningún trial cumple N_MIN,0,-1000000000.0,16,91,9,30,69,18,1.8655624670677944,1.3235799700955337,1.4333627223478218,9
anchored,por_activo,5,2016-01-04,2016-11-30,2016-12-01,META,Global,False,,70,0.5369827525704111,26,85,16,25,70,39,1.9393186440488865,1.0777542425620958,1.7639343654564292,15
anchored,por_activo,5,2016-01-04,2016-11-30,2016-12-01,META,Tendencia,False,,67,2.378398834229581,25,70,15,28,67,31,1.5588357904074948,3.4900870162683555,3.7843209620659244,30
anchored,por_activo,5,2016-01-04,2016-11-30,2016-12-01,META,Reversión,False,,80,1.503744099538389,27,62,27,36,60,39,2.0190196671156033,1.9645957489358352,5.639829521593261,20
anchored,por_activo,5,2016-01-04,2016-11-30,2016-12-01,META,Crisis,True,ningún trial cumple N_MIN,0,-1000000000.0,26,85,16,25,70,39,1.9393186440488865,1.0777542425620958,1.7639343654564292,15
anchored,por_activo,5,2016-01-04,2016-11-30,2016-12-01,NFLX,Global,False,,48,2.0105914203855284,18,23,22,27,77,12,1.6851956260324552,3.8904837637870315,1.2170536283679678,39
anchored,por_activo,5,2016-01-04,2016-11-30,2016-12-01,NFLX,Tendencia,False,,77,2.378255574713654,21,16,21,21,80,15,2.1222937893060196,3.8154069422158843,2.272470178378102,28
anchored,por_activo,5,2016-01-04,2016-11-30,2016-12-01,NFLX,Reversión,False,,77,15.862902176812272,26,35,8,40,78,10,1.9580940691781716,3.8058609206122034,3.0540624498074282,36
anchored,por_activo,5,2016-01-04,2016-11-30,2016-12-01,NFLX,Crisis,False,,2,0.28550146039091456,25,99,18,30,63,21,1.6236760275547564,1.6110824517500717,1.0250666322664006,28
anchored,por_activo,5,2016-01-04,2016-11-30,2016-12-01,GOOGL,Global,False,,68,0.26828778308255147,28,96,7,40,73,15,1.901356932651008,2.34377681120656,5.44209646130784,9
anchored,por_activo,5,2016-01-04,2016-11-30,2016-12-01,GOOGL,Tendencia,False,,79,3.6221953107863314,18,88,14,34,76,24,1.6202917036337254,2.0307359754265906,4.396912116325243,33
anchored,por_activo,5,2016-01-04,2016-11-30,2016-12-01,GOOGL,Reversión,False,,79,1.9769756214468797,20,82,10,36,74,27,1.609312268077698,3.6323689009497793,5.538200104655443,5
anchored,por_activo,5,2016-01-04,2016-11-30,2016-12-01,GOOGL,Crisis,True,ningún trial cumple N_MIN,0,-1000000000.0,28,96,7,40,73,15,1.901356932651008,2.34377681120656,5.44209646130784,9
anchored,por_activo,6,2016-01-04,2016-12-30,2017-01-03,NVDA,Global,False,,22,4.930678756768008,17,96,8,39,62,12,2.8772594899558808,1.8016328765978353,5.234830127635445,13
anchored,por_activo,6,2016-01-04,2016-12-30,2017-01-03,NVDA,Tendencia,False,,84,1.5737668684049477,29,78,11,39,69,28,2.1994027964284566,3.1576732072728024,1.898839390491395,34
anchored,por_activo,6,2016-01-04,2016-12-30,2017-01-03,NVDA,Reversión,True,ningún trial cumple N_MIN,0,-1000000000.0,17,96,8,39,62,12,2.8772594899558808,1.8016328765978353,5.234830127635445,13
anchored,por_activo,6,2016-01-04,2016-12-30,2017-01-03,NVDA,Crisis,True,ningún trial cumple N_MIN,0,-1000000000.0,17,96,8,39,62,12,2.8772594899558808,1.8016328765978353,5.234830127635445,13
anchored,por_activo,6,2016-01-04,2016-12-30,2017-01-03,AMZN,Global,False,,67,0.9896578918383703,29,89,11,30,73,26,1.7506049324874629,1.552359132467664,2.715647996762898,12
anchored,por_activo,6,2016-01-04,2016-12-30,2017-01-03,AMZN,Tendencia,False,,79,0.28419113929278034,28,78,21,39,67,36,1.6893363692062455,1.0680867731994441,2.7792146743779482,34
anchored,por_activo,6,2016-01-04,2016-12-30,2017-01-03,AMZN,Reversión,False,,71,3.910252829963491,24,94,15,30,79,10,1.6340872119721954,3.6935130235887694,4.356939602860111,6
anchored,por_activo,6,2016-01-04,2016-12-30,2017-01-03,AMZN,Crisis,False,,53,1.0759653426998148,14,62,8,37,60,10,1.9534577731700542,3.7663034055105347,1.6414819130905656,30
anchored,por_activo,6,2016-01-04,2016-12-30,2017-01-03,TSLA,Global,False,,62,-0.5571972196356587,22,61,9,33,67,17,1.8080565130746118,1.3243835385262102,1.7829195616512454,30
anchored,por_activo,6,2016-01-04,2016-12-30,2017-01-03,TSLA,Tendencia,False,,68,-0.1412552443529716,27,14,8,38,74,23,2.8229650461286933,1.346611830044849,4.71676519628565,30
anchored,por_activo,6,2016-01-04,2016-12-30,2017-01-03,TSLA,Reversión,False,,68,5.519394560600749,21,18,22,22,63,21,1.6536566935762136,1.4052070960899097,5.774773835282798,32
anchored,por_activo,6,2016-01-04,2016-12-30,2017-01-03,TSLA,Crisis,False,,41,-0.6842487812937765,27,94,9,20,60,31,2.8890030437600123,1.3212943631239142,1.363536157424425,10
anchored,por_activo,6,2016-01-04,2016-12-30,2017-01-03,META,Global,False,,33,0.19331723018261274,28,60,10,40,80,18,1.694797847927659,1.3004341997698718,3.1668965688537147,38
anchored,por_activo,6,2016-01-04,2016-12-30,2017-01-03,META,Tendencia,False,,69,0.9882299132133575,25,96,7,39,79,11,2.8343515407659057,2.5065474961619074,1.4750429041277628,37
anchored,por_activo,6,2016-01-04,2016-12-30,2017-01-03,META,Reversión,False,,52,0.8905290898978131,28,52,9,36,62,33,2.4565499978340872,2.4497146861269825,5.521500449147801,9
anchored,por_activo,6,2016-01-04,2016-12-30,2017-01-03,META,Crisis,False,,34,1.2096077463925432,6,56,8,40,64,34,1.803759595231939,1.3201571783305548,1.7418877214568786,8
anchored,por_activo,6,2016-01-04,2016-12-30,2017-01-03,NFLX,Global,False,,50,0.9426698911974031,15,28,8,37,63,37,1.7207404393396906,1.4196587841112702,5.0546637856631245,18
anchored,por_activo,6,2016-01-04,2016-12-30,2017-01-03,NFLX,Tendencia,False,,82,0.3721648380767591,28,54,13,37,69,21,1.7910846522923127,3.1436146246292527,2.5806816340851615,38
anchored,por_activo,6,2016-01-04,2016-12-30,2017-01-03,NFLX,Reversión,False,,46,9.390853516997684,8,21,22,34,75,17,1.6635311728534175,3.7135061844764716,5.413848335856566,22
anchored,por_activo,6,2016-01-04,2016-12-30,2017-01-03,NFLX,Crisis,True,ningún trial cumple N_MIN,0,-1000000000.0,15,28,8,37,63,37,1.7207404393396906,1.4196587841112702,5.0546637856631245,18
anchored,por_activo,6,2016-01-04,2016-12-30,2017-01-03,GOOGL,Global,False,,46,3.1560105285320925,22,95,12,24,62,21,1.5293228814697162,2.221167805462871,2.1311251981415014,31
anchored,por_activo,6,2016-01-04,2016-12-30,2017-01-03,GOOGL,Tendencia,False,,37,2.030874175612633,26,62,20,32,74,25,2.377986470484412,3.052400441547875,1.0481755604447132,26
anchored,por_activo,6,2016-01-04,2016-12-30,2017-01-03,GOOGL,Reversión,False,,70,2.2317038018505633,27,37,20,38,76,20,1.7901576942186113,1.2747268149000333,5.7413126763905575,37
anchored,por_activo,6,2016-01-04,2016-12-30,2017-01-03,GOOGL,Crisis,True,ningún trial cumple N_MIN,0,-1000000000.0,22,95,12,24,62,21,1.5293228814697162,2.221167805462871,2.1311251981415014,31
anchored,por_activo,7,2016-01-04,2017-01-31,2017-02-01,NVDA,Global,True,sin trials válidos: θ global de la ventana 6,0,-1000000000.0,17,96,8,39,62,12,2.8772594899558808,1.8016328765978353,5.234830127635445,13
anchored,por_activo,7,2016-01-04,2017-01-31,2017-02-01,NVDA,Tendencia,False,,73,1.3525071473749717,8,98,16,24,74,18,1.868518378748696,2.8787367257940746,5.415433896572177,10
anchored,por_activo,7,2016-01-04,2017-01-31,2017-02-01,NVDA,Reversión,True,ningún trial cumple N_MIN,0,-1000000000.0,17,96,8,39,62,12,2.8772594899558808,1.8016328765978353,5.234830127635445,13
anchored,por_activo,7,2016-01-04,2017-01-31,2017-02-01,NVDA,Crisis,True,ningún trial cumple N_MIN,0,-1000000000.0,17,96,8,39,62,12,2.8772594899558808,1.8016328765978353,5.234830127635445,13
anchored,por_activo,7,2016-01-04,2017-01-31,2017-02-01,AMZN,Global,False,,57,1.1431143702686881,10,78,9,32,79,10,1.9786332894440473,2.2388160127253016,1.2380353819218304,21
anchored,por_activo,7,2016-01-04,2017-01-31,2017-02-01,AMZN,Tendencia,False,,67,0.7256158193083408,26,46,14,39,79,10,2.037969031738501,1.561411194795623,1.1057191155723372,8
anchored,por_activo,7,2016-01-04,2017-01-31,2017-02-01,AMZN,Reversión,False,,72,9.486288754885152,22,87,12,30,61,17,2.405034318634762,1.1407568099606893,1.3215202593114845,14
anchored,por_activo,7,2016-01-04,2017-01-31,2017-02-01,AMZN,Crisis,False,,1,-0.8430570180344431,29,95,16,23,62,39,1.6050585891823757,3.01931434767394,2.7612499976418947,35
anchored,por_activo,7,2016-01-04,2017-01-31,2017-02-01,TSLA,Global,False,,73,-0.2715022897536069,24,80,10,30,74,12,1.8262377476184968,1.2504030234643233,1.379740080074669,22
anchored,por_activo,7,2016-01-04,2017-01-31,2017-02-01,TSLA,Tendencia,False,,64,0.08435803317529483,16,27,10,22,63,31,2.3194994645987523,1.1751776123759476,3.7169592983089816,28
anchored,por_activo,7,2016-01-04,2017-01-31,2017-02-01,TSLA,Reversión,False,,47,2.0325217755748985,9,42,9,36,67,22,1.5857221720167936,3.5227825990383277,5.6051351767200135,30
anchored,por_activo,7,2016-01-04,2017-01-31,2017-02-01,TSLA,Crisis,True,ningún trial cumple N_MIN,0,-1000000000.0,24,80,10,30,74,12,1.8262377476184968,1.2504030234643233,1.379740080074669,22
anchored,por_activo,7,2016-01-04,2017-01-31,2017-02-01,META,Global,False,,41,0.3141773352538576,16,40,7,39,74,22,2.1541356321028227,1.2464379977450226,1.5322612638385458,31
anchored,por_activo,7,2016-01-04,2017-01-31,2017-02-01,META,Tendencia,False,,74,1.566302557629841,27,76,14,31,78,31,1.590350771307674,2.219839482981482,4.928867524982138,21
anchored,por_activo,7,2016-01-04,2017-01-31,2017-02-01,META,Reversión,False,,85,0.6604986141618235,20,83,14,35,77,15,1.8065370294603451,1.1343617740897607,5.451116314398123,39
anchored,por_activo,7,2016-01-04,2017-01-31,2017-02-01,META,Crisis,False,,43,4.1787243173618265,6,83,7,40,69,37,2.656701652894327,1.4256112805879058,4.205128603749976,14
anchored,por_activo,7,2016-01-04,2017-01-31,2017-02-01,NFLX,Global,False,,53,1.2801700671486393,22,85,27,24,60,10,1.7951413454555416,3.5006991164336903,1.3412454637010582,5
anchored,por_activo,7,2016-01-04,2017-01-31,2017-02-01,NFLX,Tendencia,False,,50,2.0165499876551745,21,15,7,39,69,29,2.8417348043997306,1.6357493593177261,2.365657931946299,5
anchored,por_activo,7,2016-01-04,2017-01-31,2017-02-01,NFLX,Reversión,False,,51,7.4179221469441154,6,43,21,36,78,17,1.613045877181948,2.7150738532788883,2.4150662269642647,24
anchored,por_activo,7,2016-01-04,2017-01-31,2017-02-01,NFLX,Crisis,False,,59,0.69358258486145,28,100,28,39,69,22,1.7757372302523824,2.6357479390714076,3.6033052193216015,6
anchored,por_activo,7,2016-01-04,2017-01-31,2017-02-01,GOOGL,Global,False,,52,1.572601767553786,28,35,10,39,64,32,2.8599694605756247,3.4193089925926623,4.395407538661133,7
anchored,por_activo,7,2016-01-04,2017-01-31,2017-02-01,GOOGL,Tendencia,False,,71,1.4684149824738701,26,68,12,30,77,10,1.9629112148195356,1.3494891364604609,2.1879846223405357,38
anchored,por_activo,7,2016-01-04,2017-01-31,2017-02-01,GOOGL,Reversión,False,,63,3.170091502334085,14,22,7,39,69,11,2.8398878378230865,1.402598786668709,2.062232320091939,36
anchored,por_activo,7,2016-01-04,2017-01-31,2017-02-01,GOOGL,Crisis,False,,1,5.244155460614824,18,96,8,30,65,36,1.581596552611047,3.6691167825778033,1.1656506523009589,17
anchored,por_activo,8,2016-01-04,2017-02-28,2017-03-01,NVDA,Global,True,sin trials válidos: θ global de la ventana 6,0,-1000000000.0,17,96,8,39,62,12,2.8772594899558808,1.8016328765978353,5.234830127635445,13
anchored,por_activo,8,2016-01-04,2017-02-28,2017-03-01,NVDA,Tendencia,False,,69,1.7379548526045439,29,63,25,40,63,19,2.2861913960386766,3.669405481226081,5.840838503230068,32
anchored,por_activo,8,2016-01-04,2017-02-28,2017-03-01,NVDA,Reversión,False,,36,14.96864420520356,26,58,7,40,77,34,2.5774623755251778,3.642932317045167,5.5397066772782075,14
anchored,por_activo,8,2016-01-04,2017-02-28,2017-03-01,NVDA,Crisis,True,ningún trial cumple N_MIN,0,-1000000000.0,17,96,8,39,62,12,2.8772594899558808,1.8016328765978353,5.234830127635445,13
anchored,por_activo,8,2016-01-04,2017-02-28,2017-03-01,AMZN,Global,False,,44,0.00013990597759119838,5,86,7,39,72,33,1.6686766835633233,1.1896248710691808,1.2662756424253314,17
anchored,por_activo,8,2016-01-04,2017-02-28,2017-03-01,AMZN,Tendencia,False,,28,0.1496280358132529,26,63,17,39,63,38,1.9607444777575473,3.3211708259566146,1.0739876491886498,37
anchored,por_activo,8,2016-01-04,2017-02-28,2017-03-01,AMZN,Reversión,False,,72,3.8085455427633215,28,80,10,38,69,12,2.635270559886533,1.6787088850910266,1.2481875789018053,27
anchored,por_activo,8,2016-01-04,2017-02-28,2017-03-01,AMZN,Crisis,False,,70,2.6601818020759977,28,89,8,36,62,25,1.7801946006702485,1.541105357323946,1.6418686562478773,7
anchored,por_activo,8,2016-01-04,2017-02-28,2017-03-01,TSLA,Global,False,,28,-0.3677742602412979,26,15,22,21,69,19,1.6363217785030513,1.0770898263358026,5.410872034081487,13
anchored,por_activo,8,2016-01-04,2017-02-28,2017-03-01,TSLA,Tendencia,False,,70,0.35649790249766833,29,49,11,24,67,22,2.8280662558702305,1.429853748720145,2.715789024270294,28
anchored,por_activo,8,2016-01-04,2017-02-28,2017-03-01,TSLA,Reversión,False,,53,5.323395974571412,10,55,21,36,79,23,1.6312047767804587,1.2502534561853624,5.908339535341101,31
anchored,por_activo,8,2016-01-04,2017-02-28,2017-03-01,TSLA,Crisis,False,,24,-0.8887789453693544,27,88,9,20,63,38,2.3106316441021977,1.00291552339252,3.703833435748915,36
anchored,por_activo,8,2016-01-04,2017-02-28,2017-03-01,META,Global,False,,61,0.07926761960129719,26,55,11,32,66,38,1.8436720314715183,1.0775652435602912,4.44943463552376,12
anchored,por_activo,8,2016-01-04,2017-02-28,2017-03-01,META,Tendencia,False,,75,0.94831289091006,26,24,12,30,68,28,1.571839764132944,1.1233448463141382,3.717321515756475,36
anchored,por_activo,8,2016-01-04,2017-02-28,2017-03-01,META,Reversión,False,,68,0.7272918452498489,8,84,22,22,65,26,1.7442765378363523,3.578965164573547,1.7525259114586837,6
anchored,por_activo,8,2016-01-04,2017-02-28,2017-03-01,META,Crisis,False,,1,5.44916202183282,21,61,7,37,76,11,2.2130603196289176,2.0727497497886826,2.9076349009557765,32
anchored,por_activo,8,2016-01-04,2017-02-28,2017-03-01,NFLX,Global,False,,33,0.04608786146491507,26,62,8,28,62,13,2.6154866630059717,1.424748728461561,2.604333251839721,20
anchored,por_activo,8,2016-01-04,2017-02-28,2017-03-01,NFLX,Tendencia,False,,82,1.3622403573623991,16,39,27,27,78,20,1.7943642747276896,2.827827235425921,2.344395914486614,39
anchored,por_activo,8,2016-01-04,2017-02-28,2017-03-01,NFLX,Reversión,False,,65,7.756116954293027,20,89,11,40,68,19,1.6416446915648737,1.3614347831865763,5.1169326515680424,24
anchored,por_activo,8,2016-01-04,2017-02-28,2017-03-01,NFLX,Crisis,True,ningún trial cumple N_MIN,0,-1000000000.0,26,62,8,28,62,13,2.6154866630059717,1.424748728461561,2.604333251839721,20
anchored,por_activo,8,2016-01-04,2017-02-28,2017-03-01,GOOGL,Global,False,,55,1.6915842021076233,26,39,8,24,78,34,1.5769470850083644,1.1199439549903092,2.7142195372119415,38
anchored,por_activo,8,2016-01-04,2017-02-28,2017-03-01,GOOGL,Tendencia,False,,75,1.5536845236028978,28,92,8,38,78,11,2.585935506433949,1.9838463191835733,3.401803078474749,22
anchored,por_activo,8,2016-01-04,2017-02-28,2017-03-01,GOOGL,Reversión,False,,80,2.870737092308248,27,74,8,37,62,29,2.5958800377034263,1.193574076409166,1.9436477062759978,38
anchored,por_activo,8,2016-01-04,2017-02-28,2017-03-01,GOOGL,Crisis,True,ningún trial cumple N_MIN,0,-1000000000.0,26,39,8,24,78,34,1.5769470850083644,1.1199439549903092,2.7142195372119415,38
anchored,por_activo,9,2016-01-04,2017-03-31,2017-04-03,NVDA,Global,False,,34,4.149559614308304,8,24,8,38,60,10,1.6442584956675563,1.150562423160417,4.878661958654196,22
anchored,por_activo,9,2016-01-04,2017-03-31,2017-04-03,NVDA,Tendencia,False,,82,0.851773375562572,26,33,9,26,77,20,1.7315470386428167,3.020296237085383,5.6322907629554315,10
anchored,por_activo,9,2016-01-04,2017-03-31,2017-04-03,NVDA,Reversión,False,,37,5.190514840651322,8,90,10,38,66,12,1.7530581213687029,3.1614018777615662,3.1370421392948282,26
anchored,por_activo,9,2016-01-04,2017-03-31,2017-04-03,NVDA,Crisis,True,ningún trial cumple N_MIN,0,-1000000000.0,8,24,8,38,60,10,1.6442584956675563,1.150562423160417,4.878661958654196,22
anchored,por_activo,9,2016-01-04,2017-03-31,2017-04-03,AMZN,Global,False,,68,0.9489258059669975,28,90,25,30,63,18,1.5671649154224767,1.4047612943576506,1.0975889684107372,8
anchored,por_activo,9,2016-01-04,2017-03-31,2017-04-03,AMZN,Tendencia,False,,38,0.7687187212762593,28,20,7,40,74,26,2.380717639645439,3.3736898533664945,2.590322364167735,14
anchored,por_activo,9,2016-01-04,2017-03-31,2017-04-03,AMZN,Reversión,False,,75,3.159762532056841,17,94,27,39,78,11,2.0423674441467825,1.1797636608759232,5.472374820886454,38
anchored,por_activo,9,2016-01-04,2017-03-31,2017-04-03,AMZN,Crisis,True,ningún trial cumple N_MIN,0,-1000000000.0,28,90,25,30,63,18,1.5671649154224767,1.4047612943576506,1.0975889684107372,8
anchored,por_activo,9,2016-01-04,2017-03-31,2017-04-03,TSLA,Global,False,,60,-0.34756596188320393,28,68,8,32,62,32,1.5344513670785063,1.1370187005129822,1.764063260108816,38
anchored,por_activo,9,2016-01-04,2017-03-31,2017-04-03,TSLA,Tendencia,False,,72,0.20720434778891345,28,44,17,25,66,14,2.0799388877345653,1.1745231145274142,2.7523817644260635,36
anchored,por_activo,9,2016-01-04,2017-03-31,2017-04-03,TSLA,Reversión,False,,57,12.364485101164524,11,17,26,22,62,16,1.7709283840905237,1.6462880120204433,1.2316221450802032,6
anchored,por_activo,9,2016-01-04,2017-03-31,2017-04-03,TSLA,Crisis,False,,14,-0.08617053578358487,26,70,28,28,80,12,1.6243991040012382,1.0278287995694315,1.8117533694201773,10
anchored,por_activo,9,2016-01-04,2017-03-31,2017-04-03,META,Global,False,,66,0.3815665054305233,29,84,11,27,79,40,1.6411155432436575,1.0676483053869286,1.871157818023146,6
anchored,por_activo,9,2016-01-04,2017-03-31,2017-04-03,META,Tendencia,False,,66,1.2230915416913424,22,77,26,31,63,24,1.543536859828346,3.44648891161932,1.7105425693131462,19
anchored,por_activo,9,2016-01-04,2017-03-31,2017-04-03,META,Reversión,False,,66,0.6961313036360239,25,61,8,24,73,36,2.8060621902096914,1.1811804060731197,5.684198647868907,23
anchored,por_activo,9,2016-01-04,2017-03-31,2017-04-03,META,Crisis,True,ningún trial cumple N_MIN,0,-1000000000.0,29,84,11,27,79,40,1.6411155432436575,1.0676483053869286,1.871157818023146,6
anchored,por_activo,9,2016-01-04,2017-03-31,2017-04-03,NFLX,Global,True,sin trials válidos: θ global de la ventana 8,0,-1000000000.0,26,62,8,28,62,13,2.6154866630059717,1.424748728461561,2.604333251839721,20
anchored,por_activo,9,2016-01-04,2017-03-31,2017-04-03,NFLX,Tendencia,False,,67,1.0079873839579334,10,66,24,39,69,14,2.059201940493122,3.00846758777929,1.426103569025153,34
anchored,por_activo,9,2016-01-04,2017-03-31,2017-04-03,NFLX,Reversión,False,,59,5.18797803779208,6,94,20,21,70,15,1.62838135174729,1.747419226780257,1.8241438419611948,15
anchored,por_activo,9,2016-01-04,2017-03-31,2017-04-03,NFLX,Crisis,False,,57,-0.11375510690841617,26,90,19,21,78,28,1.6171948012768955,1.0341491772033482,1.466969918696853,20
anchored,por_activo,9,2016-01-04,2017-03-31,2017-04-03,GOOGL,Global,False,,58,1.7619236097899624,22,47,26,38,61,12,1.707780377202953,3.8937643723445197,1.7030224525411821,9
anchored,por_activo,9,2016-01-04,2017-03-31,2017-04-03,GOOGL,Tendencia,False,,79,1.1373573280333402,14,90,14,35,79,38,1.7524227332847642,2.7708591028579503,2.338934842578581,25
anchored,por_activo,9,2016-01-04,2017-03-31,2017-04-03,GOOGL,Reversión,False,,64,1.1248798976048038,20,18,8,37,66,30,2.105511185860523,1.5075539554137156,5.400428750215309,26
anchored,por_activo,9,2016-01-04,2017-03-31,2017-04-03,GOOGL,Crisis,True,ningún trial cumple N_MIN,0,-1000000000.0,22,47,26,38,61,12,1.707780377202953,3.8937643723445197,1.7030224525411821,9
anchored,por_activo,10,2016-01-04,2017-04-28,2017-05-01,NVDA,Global,False,,16,1.6161050315933807,8,94,7,40,64,32,1.6609097957060275,1.1449404352496588,4.645190690759126,26
anchored,por_activo,10,2016-01-04,2017-04-28,2017-05-01,NVDA,Tendencia,False,,76,1.167171131646916,29,94,12,32,75,24,1.7791183118659066,2.613157525520796,1.9408851952057509,20
anchored,por_activo,10,2016-01-04,2017-04-28,2017-05-01,NVDA,Reversión,False,,59,6.823519678066492,30,44,14,39,68,11,1.791977587606711,1.6087442778585106,3.7965054238494167,21
anchored,por_activo,10,2016-01-04,2017-04-28,2017-05-01,NVDA,Crisis,True,ningún trial cumple N_MIN,0,-1000000000.0,8,94,7,40,64,32,1.6609097957060275,1.1449404352496588,4.645190690759126,26
anchored,por_activo,10,2016-01-04,2017-04-28,2017-05-01,AMZN,Global,False,,63,2.4055103811111787,28,17,25,31,61,11,1.6707144029117322,1.5771707567414306,5.5435873579380885,9
anchored,por_activo,10,2016-01-04,2017-04-28,2017-05-01,AMZN,Tendencia,False,,71,0.66721055140452,18,81,10,38,62,22,2.623686615741491,1.45305890138938,1.1006748471885572,32
anchored,por_activo,10,2016-01-04,2017-04-28,2017-05-01,AMZN,Reversión,False,,76,3.5261162027949964,6,78,18,36,62,10,1.6966741028760468,1.319437613122855,5.798558826822789,27
anchored,por_activo,10,2016-01-04,2017-04-28,2017-05-01,AMZN,Crisis,False,,50,0.2335981082130309,27,92,11,39,78,13,2.7118860398994284,1.510918508608635,3.7182139774774523,22
anchored,por_activo,10,2016-01-04,2017-04-28,2017-05-01,TSLA,Global,False,,45,0.47820230489268384,12,82,9,21,64,13,2.09406689258854,1.2606527024255145,4.545443633220008,30
anchored,por_activo,10,2016-01-04,2017-04-28,2017-05-01,TSLA,Tendencia,False,,62,0.011326930765144667,10,31,10,35,62,25,2.6784826502791748,1.418955907484762,5.015054071401773,39
anchored,por_activo,10,2016-01-04,2017-04-28,2017-05-01,TSLA,Reversión,False,,68,3.0102394856898487,14,33,26,36,78,12,1.8873039665565372,1.7859470445786447,1.2079442487806626,31
anchored,por_activo,10,2016-01-04,2017-04-28,2017-05-01,TSLA,Crisis,True,ningún trial cumple N_MIN,0,-1000000000.0,12,82,9,21,64,13,2.09406689258854,1.2606527024255145,4.545443633220008,30
anchored,por_activo,10,2016-01-04,2017-04-28,2017-05-01,META,Global,True,sin trials válidos: θ global de la ventana 9,0,-1000000000.0,29,84,11,27,79,40,1.6411155432436575,1.0676483053869286,1.871157818023146,6
anchored,por_activo,10,2016-01-04,2017-04-28,2017-05-01,META,Tendencia,False,,75,1.2259142851505855,21,90,25,20,78,29,1.5179162887628026,1.7363070823025986,2.559551895443035,8
anchored,por_activo,10,2016-01-04,2017-04-28,2017-05-01,META,Reversión,False,,72,0.6462740617530981,28,64,9,24,63,15,1.7632283066990297,2.4924965303708846,1.818381187614534,23
anchored,por_activo,10,2016-01-04,2017-04-28,2017-05-01,META,Crisis,False,,55,4.459233061414232,25,16,7,38,62,14,2.624273551889555,1.3975153698184402,5.579850661560168,26
anchored,por_activo,10,2016-01-04,2017-04-28,2017-05-01,NFLX,Global,False,,42,0.6953961011541266,29,56,26,21,67,11,1.8391299417514033,1.635226898120821,3.566420133057741,11
anchored,por_activo,10,2016-01-04,2017-04-28,2017-05-01,NFLX,Tendencia,False,,69,-0.09068996997446953,9,98,25,39,62,14,2.176622338673466,1.941740817940708,2.3860734995180364,15
anchored,por_activo,10,2016-01-04,2017-04-28,2017-05-01,NFLX,Reversión,False,,68,7.620608815879815,5,84,14,22,61,15,1.954307864565345,2.0185839945340778,3.5592507168955976,26
anchored,por_activo,10,2016-01-04,2017-04-28,2017-05-01,NFLX,Crisis,False,,60,0.19759930157439332,26,84,11,21,80,32,1.7944127972669044,1.0332424559812559,4.886594509191083,37
anchored,por_activo,10,2016-01-04,2017-04-28,2017-05-01,GOOGL,Global,False,,55,1.7227922665861157,24,46,26,36,62,14,1.578648553165487,2.3855735449580218,4.391568256912008,24
anchored,por_activo,10,2016-01-04,2017-04-28,2017-05-01,GOOGL,Tendencia,False,,82,1.8479316965050385,21,96,14,37,69,20,1.6579623678835524,2.1674847395017474,3.3645993216296897,23
anchored,por_activo,10,2016-01-04,2017-04-28,2017-05-01,GOOGL,Reversión,False,,54,3.2874780258100467,15,62,8,36,80,30,2.1986245038457,3.7084420258607977,1.6150421407532303,8
anchored,por_activo,10,2016-01-04,2017-04-28,2017-05-01,GOOGL,Crisis,True,ningún trial cumple N_MIN,0,-1000000000.0,24,46,26,36,62,14,1.578648553165487,2.3855735449580218,4.391568256912008,24
anchored,por_activo,11,2016-01-04,2017-05-31,2017-06-01,NVDA,Global,False,,16,0.7266003572105854,14,42,8,38,74,21,1.775721170319027,1.2148481814286374,1.8031402717142444,29
anchored,por_activo,11,2016-01-04,2017-05-31,2017-06-01,NVDA,Tendencia,False,,88,0.9131820764651836,7,81,19,36,61,17,1.700499144481004,1.210067128853497,4.636032901264939,10
anchored,por_activo,11,2016-01-04,2017-05-31,2017-06-01,NVDA,Reversión,False,,50,6.149580126664257,18,95,12,38,77,11,1.7308652551820631,3.5896774009199084,2.8169916794856,26
anchored,por_activo,11,2016-01-04,2017-05-31,2017-06-01,NVDA,Crisis,False,,1,0.038041096453412915,23,92,14,37,78,39,2.4658080462689007,3.118016117754119,1.4759518359642931,23
anchored,por_activo,11,2016-01-04,2017-05-31,2017-06-01,AMZN,Global,False,,58,0.9514874841491533,16,92,10,30,76,10,1.9132566045914108,1.1008076084784726,2.6124250139114027,10
anchored,por_activo,11,2016-01-04,2017-05-31,2017-06-01,AMZN,Tendencia,False,,80,0.2614490593878848,29,40,11,28,61,35,1.5707325858597376,1.8248461161835292,1.0906122403218574,16
anchored,por_activo,11,2016-01-04,2017-05-31,2017-06-01,AMZN,Reversión,False,,63,2.139742510863222,26,22,25,20,71,10,2.1250643607918467,1.1157805539264407,5.663278840156611,39
anchored,por_activo,11,2016-01-04,2017-05-31,2017-06-01,AMZN,Crisis,False,,43,0.41152061274014295,28,91,25,25,69,12,1.6581627371312386,1.3677910034690557,2.971493969519471,11
anchored,por_activo,11,2016-01-04,2017-05-31,2017-06-01,TSLA,Global,False,,61,-0.3926402976426261,22,84,10,36,61,19,1.9166346039798072,1.2453552606474316,1.2138296408766875,21
anchored,por_activo,11,2016-01-04,2017-05-31,2017-06-01,TSLA,Tendencia,False,,72,0.3173633016646177,26,17,18,37,76,14,2.2001843357751474,1.1602113057291379,2.6926180185365034,30
anchored,por_activo,11,2016-01-04,2017-05-31,2017-06-01,TSLA,Reversión,False,,60,4.975605853440521,15,90,10,39,64,12,2.1789848214843324,1.9777518608870719,5.140429755402541,38
anchored,por_activo,11,2016-01-04,2017-05-31,2017-06-01,TSLA,Crisis,True,ningún trial cumple N_MIN,0,-1000000000.0,22,84,10,36,61,19,1.9166346039798072,1.2453552606474316,1.2138296408766875,21
anchored,por_activo,11,2016-01-04,2017-05-31,2017-06-01,META,Global,False,,27,0.221938143778475,29,76,19,27,80,17,1.5874664380385242,1.2713516239559737,1.7761394803917026,7
anchored,por_activo,11,2016-01-04,2017-05-31,2017-06-01,META,Tendencia,False,,33,0.0035618886438736246,27,60,24,26,72,38,2.1956028099829026,1.340194653231472,3.84302044926658,24
anchored,por_activo,11,2016-01-04,2017-05-31,2017-06-01,META,Reversión,False,,75,1.1520745574539297,20,90,12,32,65,36,2.65937258863724,1.3334029270165757,1.8068063193537216,38
anchored,por_activo,11,2016-01-04,2017-05-31,2017-06-01,META,Crisis,False,,40,3.8966253522679755,28,14,7,40,66,10,1.9212159238138664,2.1899290435224827,3.378670616674352,30
anchored,por_activo,11,2016-01-04,2017-05-31,2017-06-01,NFLX,Global,False,,43,0.9029609863705168,23,73,9,20,65,12,1.7805812925102649,1.8209532696510857,1.5521031748947474,30
anchored,por_activo,11,2016-01-04,2017-05-31,2017-06-01,NFLX,Tendencia,False,,63,1.5946046115023822,6,95,12,22,74,13,2.1790081053556576,3.68060505627182,2.4963343597780074,29
anchored,por_activo,11,2016-01-04,2017-05-31,2017-06-01,NFLX,Reversión,False,,60,7.243794037037339,6,69,23,32,69,12,1.9221249132952214,1.9474722626787995,5.539755480873941,22
anchored,por_activo,11,2016-01-04,2017-05-31,2017-06-01,NFLX,Crisis,False,,55,0.36532780327813413,27,75,25,39,70,28,1.6703122598274267,1.0540404084658568,2.092187666288426,16
anchored,por_activo,11,2016-01-04,2017-05-31,2017-06-01,GOOGL,Global,False,,50,2.485288020175049,26,78,9,39,73,16,2.005261097136276,1.6494623737458212,4.074143668240801,31
anchored,por_activo,11,2016-01-04,2017-05-31,2017-06-01,GOOGL,Tendencia,False,,84,2.166589799162602,29,19,27,20,66,38,1.882475508264771,2.1093323258690453,4.142054172971913,22
anchored,por_activo,11,2016-01-04,2017-05-31,2017-06-01,GOOGL,Reversión,False,,58,2.6819640151372917,26,65,13,24,78,26,1.6243985605202425,1.201793749987188,2.268962396204631,39
anchored,por_activo,11,2016-01-04,2017-05-31,2017-06-01,GOOGL,Crisis,True,ningún trial cumple N_MIN,0,-1000000000.0,26,78,9,39,73,16,2.005261097136276,1.6494623737458212,4.074143668240801,31
anchored,por_activo,12,2016-01-04,2017-06-30,2017-07-03,NVDA,Global,False,,5,0.8123918203139442,25,25,7,40,64,13,2.7934279531163586,1.528651677328967,5.869105108255225,20
anchored,por_activo,12,2016-01-04,2017-06-30,2017-07-03,NVDA,Tendencia,False,,69,4.0573066163647615,22,93,7,40,80,11,2.5592341886424332,1.5839016574846467,3.652118011084001,14
anchored,por_activo,12,2016-01-04,2017-06-30,2017-07-03,NVDA,Reversión,False,,63,0.620471606938577,28,49,7,24,72,17,1.7705763895561442,3.330125491885194,3.1039143049504454,10
anchored,por_activo,12,2016-01-04,2017-06-30,2017-07-03,NVDA,Crisis,False,,60,1.6371553842617932,13,98,10,39,61,22,2.0372568633945995,1.2942585901366925,5.763570893535547,38
anchored,por_activo,12,2016-01-04,2017-06-30,2017-07-03,AMZN,Global,False,,5,-0.05112363924648763,14,53,27,25,71,15,1.5363586972919305,1.9812759159744564,1.3268568466935964,33
anchored,por_activo,12,2016-01-04,2017-06-30,2017-07-03,AMZN,Tendencia,False,,55,0.32204095144301204,28,58,7,39,72,24,2.4570761949183924,1.6368318106167754,3.8134563331606697,38
anchored,por_activo,12,2016-01-04,2017-06-30,2017-07-03,AMZN,Reversión,False,,73,2.2236876490688617,12,98,16,34,70,11,2.221708962040861,1.9941990396309586,1.8888025592772109,10
anchored,por_activo,12,2016-01-04,2017-06-30,2017-07-03,AMZN,Crisis,False,,52,1.0664403913846907,28,82,10,28,62,24,2.161492723635355,2.877748477006488,1.5695227196865043,27
anchored,por_activo,12,2016-01-04,2017-06-30,2017-07-03,TSLA,Global,False,,1,-0.6210003981826376,25,83,7,28,73,31,2.5450095006771924,1.071055308153614,1.9003415104686718,14
anchored,por_activo,12,2016-01-04,2017-06-30,2017-07-03,TSLA,Tendencia,False,,67,5.042279499528221,23,49,26,23,76,14,1.5528816441187492,3.0069726327297976,5.850001694157614,37
anchored,por_activo,12,2016-01-04,2017-06-30,2017-07-03,TSLA,Reversión,False,,59,1.9718391395034216,19,28,28,26,76,19,1.8010367644398384,2.675699312385288,3.9499594584665663,26
anchored,por_activo,12,2016-01-04,2017-06-30,2017-07-03,TSLA,Crisis,False,,74,-0.142808200028747,14,86,11,39,63,24,2.8311313376819536,1.3681547187907035,5.290561820902473,34
anchored,por_activo,12,2016-01-04,2017-06-30,2017-07-03,META,Global,False,,60,0.36613491932947656,23,76,12,38,61,30,1.6002001113109383,1.1179202024888224,1.931683580706414,31
anchored,por_activo,12,2016-01-04,2017-06-30,2017-07-03,META,Tendencia,False,,58,1.4458207888693542,22,80,9,38,72,15,1.7763268931572562,2.1120691567177072,5.403783168017773,38
anchored,por_activo,12,2016-01-04,2017-06-30,2017-07-03,META,Reversión,False,,95,0.6683799484838171,26,90,16,27,67,39,2.055201963813724,3.5466053825706987,5.196447346344254,10
anchored,por_activo,12,2016-01-04,2017-06-30,2017-07-03,META,Crisis,True,ningún trial cumple N_MIN,0,-1000000000.0,23,76,12,38,61,30,1.6002001113109383,1.1179202024888224,1.931683580706414,31
anchored,por_activo,12,2016-01-04,2017-06-30,2017-07-03,NFLX,Global,False,,6,0.656753940811857,30,52,8,35,69,28,2.8578665578176823,1.1245154404957292,5.464085318586098,31
anchored,por_activo,12,2016-01-04,2017-06-30,2017-07-03,NFLX,Tendencia,False,,75,11.741198069886343,25,18,22,28,78,20,1.607239095411603,2.7636099211929634,5.664604271209258,9
anchored,por_activo,12,2016-01-04,2017-06-30,2017-07-03,NFLX,Reversión,False,,63,3.5277287261520094,10,73,11,36,67,38,1.9400838362944377,1.4136550744460359,2.3286262008073724,14
anchored,por_activo,12,2016-01-04,2017-06-30,2017-07-03,NFLX,Crisis,False,,39,0.3458917143159552,26,92,26,24,77,36,2.0458431697524926,1.228471451043516,3.5042656335777114,8
anchored,por_activo,12,2016-01-04,2017-06-30,2017-07-03,GOOGL,Global,True,sin trials válidos: θ global de la ventana 11,0,-1000000000.0,26,78,9,39,73,16,2.005261097136276,1.6494623737458212,4.074143668240801,31
anchored,por_activo,12,2016-01-04,2017-06-30,2017-07-03,GOOGL,Tendencia,False,,54,3.5366344485370904,10,22,12,22,66,10,1.94536347528236,2.102057664718373,5.055157593885163,6
anchored,por_activo,12,2016-01-04,2017-06-30,2017-07-03,GOOGL,Reversión,False,,82,3.050262952003014,19,73,9,38,66,16,1.699585372413352,2.4788531906595828,4.276627830895586,39
anchored,por_activo,12,2016-01-04,2017-06-30,2017-07-03,GOOGL,Crisis,False,,68,0.7004074649045124,13,17,23,33,71,11,1.7080293093860621,2.9602665237498478,4.006596669217737,13
anchored,por_activo,13,2016-01-04,2017-07-31,2017-08-01,NVDA,Global,True,sin trials válidos: θ global de la ventana 12,0,-1000000000.0,25,25,7,40,64,13,2.7934279531163586,1.528651677328967,5.869105108255225,20
anchored,por_activo,13,2016-01-04,2017-07-31,2017-08-01,NVDA,Tendencia,False,,54,7.062033871773514,13,22,19,38,69,18,1.6429919109974813,3.913380975094989,5.7303490988752905,23
anchored,por_activo,13,2016-01-04,2017-07-31,2017-08-01,NVDA,Reversión,False,,1,-0.15425144513184577,24,60,26,34,62,35,2.2537284903907073,1.1178745912179298,1.067571002567655,31
anchored,por_activo,13,2016-01-04,2017-07-31,2017-08-01,NVDA,Crisis,False,,61,2.6787668628369117,30,58,9,38,78,36,2.900082292334248,2.0037525056832504,5.7847865243195296,7
anchored,por_activo,13,2016-01-04,2017-07-31,2017-08-01,AMZN,Global,True,sin trials válidos: θ global de la ventana 12,0,-1000000000.0,14,53,27,25,71,15,1.5363586972919305,1.9812759159744564,1.3268568466935964,33
anchored,por_activo,13,2016-01-04,2017-07-31,2017-08-01,AMZN,Tendencia,False,,77,5.4788892091441745,6,93,8,32,63,12,1.6641533366382437,3.013425760113398,1.307758301180356,20
anchored,por_activo,13,2016-01-04,2017-07-31,2017-08-01,AMZN,Reversión,False,,82,1.7755170984204005,23,89,14,22,61,11,1.5600813427228795,3.389826768352626,3.793502516267931,5
anchored,por_activo,13,2016-01-04,2017-07-31,2017-08-01,AMZN,Crisis,False,,44,1.4787230096033614,25,31,8,39,62,26,1.7434950484606493,1.2023426823399295,1.3613878546770004,34
anchored,por_activo,13,2016-01-04,2017-07-31,2017-08-01,TSLA,Global,False,,1,-0.10104406598597404,13,22,8,40,63,17,2.3074706041595685,1.5718544155512344,1.7203430373380315,32
anchored,por_activo,13,2016-01-04,2017-07-31,2017-08-01,TSLA,Tendencia,False,,70,5.812462414404521,23,56,11,37,73,11,2.220167318802051,1.206789212618205,4.982939043989146,32
anchored,por_activo,13,2016-01-04,2017-07-31,2017-08-01,TSLA,Reversión,False,,48,1.7749712903030834,11,94,16,37,74,15,1.6307076163240428,2.5712991269760512,2.029789248058663,38
anchored,por_activo,13,2016-01-04,2017-07-31,2017-08-01,TSLA,Crisis,False,,61,0.10856277203389775,8,59,15,21,64,22,2.072222973071227,1.1047671411845639,2.491406253588995,35
anchored,por_activo,13,2016-01-04,2017-07-31,2017-08-01,META,Global,False,,9,-0.2298175699596344,30,13,14,27,61,14,1.7544932953543735,1.1533779678858198,1.760860812225172,23
anchored,por_activo,13,2016-01-04,2017-07-31,2017-08-01,META,Tendencia,False,,67,1.398177837897496,25,78,7,39,77,12,2.3808556537922203,3.7626087252382976,2.7682859794642645,30
anchored,por_activo,13,2016-01-04,2017-07-31,2017-08-01,META,Reversión,False,,82,0.34066986492013634,25,82,26,22,77,17,1.602058347923816,3.799858029130305,1.8620221339753638,7
anchored,por_activo,13,2016-01-04,2017-07-31,2017-08-01,META,Crisis,True,ningún trial cumple N_MIN,0,-1000000000.0,30,13,14,27,61,14,1.7544932953543735,1.1533779678858198,1.760860812225172,23
anchored,por_activo,13,2016-01-04,2017-07-31,2017-08-01,NFLX,Global,False,,1,0.3913902812576209,20,61,10,33,64,17,1.9202764485379196,1.0217898707073751,3.44692862355898,24
anchored,por_activo,13,2016-01-04,2017-07-31,2017-08-01,NFLX,Tendencia,False,,72,17.320090019352723,16,51,28,22,78,16,1.650374067970498,2.1017432502627704,4.121886899090854,9
anchored,por_activo,13,2016-01-04,2017-07-31,2017-08-01,NFLX,Reversión,False,,50,0.2686871769409386,13,85,26,21,75,12,1.6664946177530326,2.362349435569622,5.274968572658416,10
anchored,por_activo,13,2016-01-04,2017-07-31,2017-08-01,NFLX,Crisis,False,,43,0.9760049820408245,27,43,11,21,61,11,2.7376194628286585,3.85596066875857,5.305849685429281,6
anchored,por_activo,13,2016-01-04,2017-07-31,2017-08-01,GOOGL,Global,False,,55,2.08403822063884,22,87,8,38,77,28,1.6143851817437214,2.0006206060506266,5.503899328019726,7
anchored,por_activo,13,2016-01-04,2017-07-31,2017-08-01,GOOGL,Tendencia,False,,72,5.181332161725738,28,88,19,29,74,22,1.6299429762497235,2.100068838319089,5.435530029965031,40
anchored,por_activo,13,2016-01-04,2017-07-31,2017-08-01,GOOGL,Reversión,False,,71,4.0430807814609455,17,64,9,39,78,16,2.1299894476584385,2.2952404003004183,5.326235059261613,38
anchored,por_activo,13,2016-01-04,2017-07-31,2017-08-01,GOOGL,Crisis,False,,52,1.9326382859804097,28,24,26,40,79,34,1.6219756204135496,1.1983148697735153,5.689506208735688,24
anchored,por_activo,14,2016-01-04,2017-08-31,2017-09-01,NVDA,Global,True,sin trials válidos: θ global de la ventana 12,0,-1000000000.0,25,25,7,40,64,13,2.7934279531163586,1.528651677328967,5.869105108255225,20
anchored,por_activo,14,2016-01-04,2017-08-31,2017-09-01,NVDA,Tendencia,False,,71,13.316078568000677,13,56,12,36,78,20,1.8639808182866597,3.38234300958021,1.492068600573432,16
anchored,por_activo,14,2016-01-04,2017-08-31,2017-09-01,NVDA,Reversión,False,,69,1.0973027566355547,28,15,7,40,69,13,2.719452694941267,1.2127334348702545,1.7191953216920532,31
anchored,por_activo,14,2016-01-04,2017-08-31,2017-09-01,NVDA,Crisis,False,,73,3.063758113863319,29,84,10,40,66,17,1.6594817412982104,2.4112788667363425,5.684788878264101,10
anchored,por_activo,14,2016-01-04,2017-08-31,2017-09-01,AMZN,Global,False,,60,1.2954014616470362,28,92,17,37,61,10,2.025061830075207,1.519002397889964,2.6413306649013006,30
anchored,por_activo,14,2016-01-04,2017-08-31,2017-09-01,AMZN,Tendencia,False,,72,1.5260575135209196,28,95,21,21,67,21,1.6048188027093118,1.2962204870452791,5.476719593436194,38
anchored,por_activo,14,2016-01-04,2017-08-31,2017-09-01,AMZN,Reversión,False,,78,0.3264404089296792,11,97,24,35,75,24,1.937866762837372,2.8142432521307645,1.3789108225751532,13
anchored,por_activo,14,2016-01-04,2017-08-31,2017-09-01,AMZN,Crisis,False,,58,5.74541053464468,8,40,22,28,72,10,1.9455668136094955,1.6419048030146834,3.5120214514021937,12
anchored,por_activo,14,2016-01-04,2017-08-31,2017-09-01,TSLA,Global,False,,43,0.03851440208676323,7,92,9,39,61,13,1.9129620254242417,1.2785393454479774,2.1643207835502807,30
anchored,por_activo,14,2016-01-04,2017-08-31,2017-09-01,TSLA,Tendencia,False,,68,3.0179882937318543,6,96,8,40,75,22,1.8809708337769013,1.3939654099022496,3.677882780656114,27
anchored,por_activo,14,2016-01-04,2017-08-31,2017-09-01,TSLA,Reversión,False,,63,1.1872783560338858,12,80,7,22,74,15,1.567238597216566,3.2593299888546188,1.8823408395505254,28
anchored,por_activo,14,2016-01-04,2017-08-31,2017-09-01,TSLA,Crisis,False,,69,0.2343002760095086,7,77,10,23,77,13,2.3080459785335585,1.3608150907642362,3.575509680318131,16
anchored,por_activo,14,2016-01-04,2017-08-31,2017-09-01,META,Global,True,sin trials válidos: θ global de la ventana 13,0,-1000000000.0,30,13,14,27,61,14,1.7544932953543735,1.1533779678858198,1.760860812225172,23
anchored,por_activo,14,2016-01-04,2017-08-31,2017-09-01,META,Tendencia,False,,61,6.039958871205164,8,78,8,30,72,15,1.5891093211885825,1.4802851960030812,1.2459119391765276,9
anchored,por_activo,14,2016-01-04,2017-08-31,2017-09-01,META,Reversión,False,,89,0.9521463261839413,28,58,16,23,76,36,1.6266882294464775,3.5748253909142713,5.888153355163977,37
anchored,por_activo,14,2016-01-04,2017-08-31,2017-09-01,META,Crisis,False,,42,3.8219165547494094,27,19,7,38,66,10,2.8953672777372566,2.2886861801000404,5.021236532341525,36
anchored,por_activo,14,2016-01-04,2017-08-31,2017-09-01,NFLX,Global,False,,58,0.723446418914005,12,90,8,22,67,14,1.6959414907456867,1.4672768859211243,2.045590872609563,11
anchored,por_activo,14,2016-01-04,2017-08-31,2017-09-01,NFLX,Tendencia,False,,68,5.781652171877946,16,87,25,34,66,15,1.9773000024704703,3.846220868391405,5.88857406709767,31
anchored,por_activo,14,2016-01-04,2017-08-31,2017-09-01,NFLX,Reversión,False,,44,2.5859374821213548,6,87,7,37,72,22,2.654648979221688,2.3475685527135846,3.5094783492522095,25
anchored,por_activo,14,2016-01-04,2017-08-31,2017-09-01,NFLX,Crisis,False,,51,0.33096422592230235,15,64,26,28,62,20,2.0347732179364773,2.5181072858342093,5.2270856705422855,9
anchored,por_activo,14,2016-01-04,2017-08-31,2017-09-01,GOOGL,Global,False,,57,3.200167208962221,14,92,12,33,67,26,1.549916383716282,1.1468418209245341,4.137403097207546,39
anchored,por_activo,14,2016-01-04,2017-08-31,2017-09-01,GOOGL,Tendencia,False,,75,3.0295961745474047,30,76,9,34,64,22,1.567617212395513,2.733557230320576,2.320317474520436,30
anchored,por_activo,14,2016-01-04,2017-08-31,2017-09-01,GOOGL,Reversión,False,,76,2.489584677722804,26,28,8,38,64,38,2.6596372152775105,2.5187180346716724,4.217361348515224,34
anchored,por_activo,14,2016-01-04,2017-08-31,2017-09-01,GOOGL,Crisis,False,,57,0.7656713846386043,28,57,10,20,76,24,1.555856929072581,2.9619466564319286,2.16247672028559,6
anchored,por_activo,15,2016-01-04,2017-09-29,2017-10-02,NVDA,Global,True,sin trials válidos: θ global de la ventana 12,0,-1000000000.0,25,25,7,40,64,13,2.7934279531163586,1.528651677328967,5.869105108255225,20
anchored,por_activo,15,2016-01-04,2017-09-29,2017-10-02,NVDA,Tendencia,False,,72,5.755297357368349,18,71,8,38,62,14,1.6561312712336567,1.673083726070689,4.915356007044275,32
anchored,por_activo,15,2016-01-04,2017-09-29,2017-10-02,NVDA,Reversión,False,,50,3.4454316665689664,23,37,8,24,69,11,1.5813919504349487,2.486582217687021,4.790158006868478,27
anchored,por_activo,15,2016-01-04,2017-09-29,2017-10-02,NVDA,Crisis,False,,63,1.187253413695868,19,91,26,30,61,20,1.5823045255465749,2.1167233340221134,3.305488128716343,38
anchored,por_activo,15,2016-01-04,2017-09-29,2017-10-02,AMZN,Global,False,,46,3.8562671637216077,8,80,12,32,70,11,1.7508790298205206,3.671779218961297,1.117931403923712,5
anchored,por_activo,15,2016-01-04,2017-09-29,2017-10-02,AMZN,Tendencia,False,,59,2.4580078337546762,30,84,8,38,78,24,1.876974075917182,3.678373947757872,3.483350654285716,8
anchored,por_activo,15,2016-01-04,2017-09-29,2017-10-02,AMZN,Reversión,False,,74,0.28713552413378357,16,91,8,39,80,11,2.2542926913593995,1.7241192643137115,5.72432197833213,29
anchored,por_activo,15,2016-01-04,2017-09-29,2017-10-02,AMZN,Crisis,False,,68,1.2342051695959413,30,93,22,38,77,17,1.6293022300559157,1.453119173625122,4.142492920111994,25
anchored,por_activo,15,2016-01-04,2017-09-29,2017-10-02,TSLA,Global,False,,51,1.004209369831261,20,24,12,27,72,12,1.8003121729855125,1.088159750618454,5.389668217860926,36
anchored,por_activo,15,2016-01-04,2017-09-29,2017-10-02,TSLA,Tendencia,False,,72,3.800549663202034,15,19,23,25,63,16,1.591346233689852,1.3668203158840018,4.578294711770111,32
anchored,por_activo,15,2016-01-04,2017-09-29,2017-10-02,TSLA,Reversión,False,,33,0.3287453750195505,22,18,12,26,64,13,1.6067915671488082,2.279488763664972,5.569814904262716,18
anchored,por_activo,15,2016-01-04,2017-09-29,2017-10-02,TSLA,Crisis,False,,58,0.2876129308330387,5,86,15,39,65,38,1.6025856650536252,1.0493319841798032,2.6265252655197173,29
anchored,por_activo,15,2016-01-04,2017-09-29,2017-10-02,META,Global,False,,38,0.3833975337281916,30,12,14,29,62,16,1.5521138653290087,1.2790556974842326,4.47720329811338,10
anchored,por_activo,15,2016-01-04,2017-09-29,2017-10-02,META,Tendencia,False,,65,5.621374516623789,13,73,27,31,63,14,1.7370636452341681,2.92845464882405,1.8534472664670223,28
anchored,por_activo,15,2016-01-04,2017-09-29,2017-10-02,META,Reversión,False,,37,-0.20462254576988934,20,64,22,26,65,20,2.3550508461297763,1.138586390766491,3.3133902941497473,15
anchored,por_activo,15,2016-01-04,2017-09-29,2017-10-02,META,Crisis,True,ningún trial cumple N_MIN,0,-1000000000.0,30,12,14,29,62,16,1.5521138653290087,1.2790556974842326,4.47720329811338,10
anchored,por_activo,15,2016-01-04,2017-09-29,2017-10-02,NFLX,Global,False,,39,0.70890809864498,14,32,8,40,63,24,2.0196710912448532,2.2003844008395235,2.1984149411209364,38
anchored,por_activo,15,2016-01-04,2017-09-29,2017-10-02,NFLX,Tendencia,False,,74,6.861372719709497,29,16,24,38,74,16,1.9831997998193114,3.337512018068579,3.5354483472718945,38
anchored,por_activo,15,2016-01-04,2017-09-29,2017-10-02,NFLX,Reversión,False,,56,0.5737712162167683,18,94,8,39,62,20,2.495971564064141,3.5593167060891053,3.338973424462762,36
anchored,por_activo,15,2016-01-04,2017-09-29,2017-10-02,NFLX,Crisis,False,,63,0.6195294218640391,12,95,13,38,61,28,2.060016207513839,2.1815556819241158,5.457668610059858,6
anchored,por_activo,15,2016-01-04,2017-09-29,2017-10-02,GOOGL,Global,False,,53,2.3975837372757467,9,91,9,40,62,29,1.6493696990137752,1.6033778660417823,4.5101927675902616,34
anchored,por_activo,15,2016-01-04,2017-09-29,2017-10-02,GOOGL,Tendencia,False,,55,2.3395231464435993,29,90,12,36,66,36,2.6699900634193687,3.800729000702635,1.6091495462948537,11
anchored,por_activo,15,2016-01-04,2017-09-29,2017-10-02,GOOGL,Reversión,False,,64,1.4550203296255284,10,20,9,40,63,35,2.558757300736886,2.4036965052940684,5.3013938347899465,24
anchored,por_activo,15,2016-01-04,2017-09-29,2017-10-02,GOOGL,Crisis,False,,56,3.1336420025398644,15,93,26,30,72,38,1.5708728935490384,3.2686952265078397,1.8440683562633178,38
anchored,por_activo,16,2016-01-04,2017-10-31,2017-11-01,NVDA,Global,False,,3,1.3922501726366845,30,53,7,40,64,29,1.5580986337184606,1.844542331987368,5.133676224826623,8
anchored,por_activo,16,2016-01-04,2017-10-31,2017-11-01,NVDA,Tendencia,False,,62,11.030834517818056,19,24,24,38,66,21,1.7792525968843287,3.187103392095458,1.6568429989097553,14
anchored,por_activo,16,2016-01-04,2017-10-31,2017-11-01,NVDA,Reversión,False,,43,2.85584860051036,17,47,22,38,64,10,2.046049968892054,1.4781803221208742,1.6044267033373603,33
anchored,por_activo,16,2016-01-04,2017-10-31,2017-11-01,NVDA,Crisis,False,,60,1.6007162936079076,29,84,10,38,65,15,1.5953252747238782,2.8871926849929648,5.52156926351685,16
anchored,por_activo,16,2016-01-04,2017-10-31,2017-11-01,AMZN,Global,False,,67,2.3770615664874724,25,20,10,23,61,10,1.9194004091294903,1.9233493908032175,1.2661629329146153,7
anchored,por_activo,16,2016-01-04,2017-10-31,2017-11-01,AMZN,Tendencia,False,,75,1.492260300364563,8,89,16,28,78,11,1.6895548375592881,1.4105857249684326,5.537693125786466,36
anchored,por_activo,16,2016-01-04,2017-10-31,2017-11-01,AMZN,Reversión,False,,77,0.3058282890293181,16,80,27,32,68,31,1.6070573942454032,1.8738669137547799,1.9546578102918781,18
anchored,por_activo,16,2016-01-04,2017-10-31,2017-11-01,AMZN,Crisis,False,,12,1.091694748623799,18,78,18,22,70,11,1.869438536821244,2.557496498865344,5.872266657302218,10
anchored,por_activo,16,2016-01-04,2017-10-31,2017-11-01,TSLA,Global,False,,15,0.34249467048430415,20,40,8,36,66,18,2.9805438013899295,1.1030362226077175,5.648153359333478,22
anchored,por_activo,16,2016-01-04,2017-10-31,2017-11-01,TSLA,Tendencia,False,,66,4.098542470610599,6,37,26,38,61,15,1.609006008162519,1.306850436946494,4.819925813990328,30
anchored,por_activo,16,2016-01-04,2017-10-31,2017-11-01,TSLA,Reversión,False,,56,1.3722983276720906,16,46,10,30,63,12,2.3254137984535266,1.2969156114072242,5.182495716525591,34
anchored,por_activo,16,2016-01-04,2017-10-31,2017-11-01,TSLA,Crisis,False,,71,-0.1700742400285232,27,92,27,36,66,12,2.0350136266459344,1.2227440208049742,5.607394535710354,16
anchored,por_activo,16,2016-01-04,2017-10-31,2017-11-01,META,Global,True,sin trials válidos: θ global de la ventana 15,0,-1000000000.0,30,12,14,29,62,16,1.5521138653290087,1.2790556974842326,4.47720329811338,10
anchored,por_activo,16,2016-01-04,2017-10-31,2017-11-01,META,Tendencia,False,,46,3.0623255626743866,25,43,22,35,62,11,1.9318072581865249,1.6444235812323367,5.665641414410088,30
anchored,por_activo,16,2016-01-04,2017-10-31,2017-11-01,META,Reversión,False,,86,1.2343901822817513,18,93,24,33,63,39,1.6899016224845804,3.497712398407175,5.884784258842668,38
anchored,por_activo,16,2016-01-04,2017-10-31,2017-11-01,META,Crisis,False,,12,2.166480955835067,10,84,8,25,71,21,1.5105785432242982,2.4299515717548728,1.8555276909395817,8
anchored,por_activo,16,2016-01-04,2017-10-31,2017-11-01,NFLX,Global,True,sin trials válidos: θ global de la ventana 15,0,-1000000000.0,14,32,8,40,63,24,2.0196710912448532,2.2003844008395235,2.1984149411209364,38
anchored,por_activo,16,2016-01-04,2017-10-31,2017-11-01,NFLX,Tendencia,False,,76,5.472216624234117,12,94,21,21,62,12,1.6882586024913895,3.7965792874991378,3.567726087066016,32
anchored,por_activo,16,2016-01-04,2017-10-31,2017-11-01,NFLX,Reversión,False,,61,3.282584715714556,17,29,11,37,61,29,1.5744357346723679,3.217219901781874,1.854749282087051,38
anchored,por_activo,16,2016-01-04,2017-10-31,2017-11-01,NFLX,Crisis,False,,58,0.9133973769188933,12,22,8,22,61,12,1.5630590260075965,3.595129595308894,1.337698779301682,5
anchored,por_activo,16,2016-01-04,2017-10-31,2017-11-01,GOOGL,Global,False,,48,3.701098305059635,8,88,8,40,80,12,2.835185845654388,2.2797320147402313,1.4067509730922374,11
anchored,por_activo,16,2016-01-04,2017-10-31,2017-11-01,GOOGL,Tendencia,False,,78,2.4086554690254944,27,90,26,21,74,16,1.6432013541315909,2.449284687235867,1.8820101695348912,30
anchored,por_activo,16,2016-01-04,2017-10-31,2017-11-01,GOOGL,Reversión,False,,75,2.1325481407326934,28,71,20,25,78,10,1.882899467158162,3.8867449430632273,3.1175725129015754,28
anchored,por_activo,16,2016-01-04,2017-10-31,2017-11-01,GOOGL,Crisis,False,,54,1.3471444391634997,28,28,9,21,61,38,1.8880763846749995,2.626553460270875,5.462719425371544,26
anchored,por_activo,17,2016-01-04,2017-11-30,2017-12-01,NVDA,Global,True,sin trials válidos: θ global de la ventana 16,0,-1000000000.0,30,53,7,40,64,29,1.5580986337184606,1.844542331987368,5.133676224826623,8
anchored,por_activo,17,2016-01-04,2017-11-30,2017-12-01,NVDA,Tendencia,False,,71,5.123766326522758,22,53,9,39,69,12,1.863295001400096,1.4077301300687575,5.530822796456988,20
anchored,por_activo,17,2016-01-04,2017-11-30,2017-12-01,NVDA,Reversión,False,,65,2.4080821353956052,24,59,26,34,76,11,1.918723478681234,1.1257647216819016,5.804789867671856,12
anchored,por_activo,17,2016-01-04,2017-11-30,2017-12-01,NVDA,Crisis,False,,60,2.6013669783639877,27,59,26,39,66,17,1.7624408700501444,1.823265549896516,5.664164654337919,38
anchored,por_activo,17,2016-01-04,2017-11-30,2017-12-01,AMZN,Global,False,,48,0.5599876947685133,15,42,8,40,67,15,2.3729883818765622,1.0408585047805725,5.672252903513955,25
anchored,por_activo,17,2016-01-04,2017-11-30,2017-12-01,AMZN,Tendencia,False,,57,0.6511948579821127,29,56,13,22,80,24,1.8108625382727128,1.4079249700893182,5.093116776250957,22
anchored,por_activo,17,2016-01-04,2017-11-30,2017-12-01,AMZN,Reversión,False,,74,0.665446643652705,16,88,16,39,79,32,1.746381376992176,3.4535603148654674,4.945254663683105,9
anchored,por_activo,17,2016-01-04,2017-11-30,2017-12-01,AMZN,Crisis,False,,49,0.5657568545988889,29,88,25,22,74,10,1.8247686203973057,2.510076399289703,5.561777857999691,32
anchored,por_activo,17,2016-01-04,2017-11-30,2017-12-01,TSLA,Global,False,,62,-0.03147592734388333,28,21,9,38,61,23,1.951985564856067,1.2400212549072307,4.326307674105113,7
anchored,por_activo,17,2016-01-04,2017-11-30,2017-12-01,TSLA,Tendencia,False,,72,2.054886694440731,11,78,9,40,62,28,1.8020929485113335,3.3075356848000967,3.300127873649072,38
anchored,por_activo,17,2016-01-04,2017-11-30,2017-12-01,TSLA,Reversión,False,,49,2.3358376552158138,10,42,21,21,64,13,1.8014325217115432,2.712866814641986,1.5263722735981053,34
anchored,por_activo,17,2016-01-04,2017-11-30,2017-12-01,TSLA,Crisis,False,,70,0.47429729955485844,18,25,10,24,63,28,2.600253089148016,1.3633188862072216,3.6517980780626256,37
anchored,por_activo,17,2016-01-04,2017-11-30,2017-12-01,META,Global,True,sin trials válidos: θ global de la ventana 15,0,-1000000000.0,30,12,14,29,62,16,1.5521138653290087,1.2790556974842326,4.47720329811338,10
anchored,por_activo,17,2016-01-04,2017-11-30,2017-12-01,META,Tendencia,False,,67,2.847378317566407,15,22,26,26,78,13,1.6330168020811102,1.956992494064607,1.3053643558680215,35
anchored,por_activo,17,2016-01-04,2017-11-30,2017-12-01,META,Reversión,False,,66,1.4496429420894938,18,92,26,36,62,39,2.5321700262446716,2.4149697205508383,5.662985893562954,18
anchored,por_activo,17,2016-01-04,2017-11-30,2017-12-01,META,Crisis,False,,27,3.070628964335197,12,57,7,37,64,22,2.3197549584343444,3.339020696701816,3.8717622040009068,23
anchored,por_activo,17,2016-01-04,2017-11-30,2017-12-01,NFLX,Global,False,,48,1.115145154834601,24,93,25,27,71,11,1.663893666780743,2.329517584154495,2.4990161709375784,34
anchored,por_activo,17,2016-01-04,2017-11-30,2017-12-01,NFLX,Tendencia,False,,79,6.544022623000449,29,38,27,37,66,20,1.603679252619313,3.6033271461285348,1.273660020372747,15
anchored,por_activo,17,2016-01-04,2017-11-30,2017-12-01,NFLX,Reversión,False,,69,0.6359057310036073,21,69,11,20,61,17,1.597216597355629,2.7497000249866304,2.482930385290987,34
anchored,por_activo,17,2016-01-04,2017-11-30,2017-12-01,NFLX,Crisis,False,,72,1.0421016669290455,23,76,28,39,74,12,1.6749468028728078,1.29210335535518,4.071813931578593,6
anchored,por_activo,17,2016-01-04,2017-11-30,2017-12-01,GOOGL,Global,False,,34,1.174318246476261,26,38,18,29,73,10,1.7139436698480814,3.4261026092476436,1.769764953832114,16
anchored,por_activo,17,2016-01-04,2017-11-30,2017-12-01,GOOGL,Tendencia,False,,81,3.042684935778672,21,85,9,33,62,13,1.708976695221354,2.577966396109423,2.355008330163531,31
anchored,por_activo,17,2016-01-04,2017-11-30,2017-12-01,GOOGL,Reversión,False,,73,1.9728638568011216,30,21,7,32,66,14,2.4264293424247736,2.0427176098256954,4.3481587794905785,36
anchored,por_activo,17,2016-01-04,2017-11-30,2017-12-01,GOOGL,Crisis,False,,53,2.975443170440751,19,86,24,23,62,39,1.6199367341460622,3.0030913665187735,2.539381889063117,9
anchored,por_activo,18,2016-01-04,2017-12-29,2018-01-02,NVDA,Global,True,sin trials válidos: θ global de la ventana 16,0,-1000000000.0,30,53,7,40,64,29,1.5580986337184606,1.844542331987368,5.133676224826623,8
anchored,por_activo,18,2016-01-04,2017-12-29,2018-01-02,NVDA,Tendencia,False,,73,5.488349795246494,29,50,21,26,79,22,1.6238368312204787,1.408308410082703,5.077813207467608,25
anchored,por_activo,18,2016-01-04,2017-12-29,2018-01-02,NVDA,Reversión,False,,50,0.6207353693479158,20,76,9,22,72,21,1.5893562507892856,1.2352418153219116,4.349526205964722,29
anchored,por_activo,18,2016-01-04,2017-12-29,2018-01-02,NVDA,Crisis,False,,61,2.741936194825045,28,88,9,36,61,26,1.7714133408519583,2.248697952923415,5.443112556001103,10
anchored,por_activo,18,2016-01-04,2017-12-29,2018-01-02,AMZN,Global,True,sin trials válidos: θ global de la ventana 17,0,-1000000000.0,15,42,8,40,67,15,2.3729883818765622,1.0408585047805725,5.672252903513955,25
anchored,por_activo,18,2016-01-04,2017-12-29,2018-01-02,AMZN,Tendencia,False,,62,0.5925509878864023,15,92,14,39,66,10,2.104867876244936,1.3369524820542193,5.6440258097166485,9
anchored,por_activo,18,2016-01-04,2017-12-29,2018-01-02,AMZN,Reversión,False,,83,1.3268617106669178,28,87,8,39,69,13,2.3285536917863805,1.726924482406037,2.534849851973572,16
anchored,por_activo,18,2016-01-04,2017-12-29,2018-01-02,AMZN,Crisis,False,,49,1.1948532602271082,27,22,9,35,60,33,2.8377061464210986,1.3181266359912998,1.8233460460673245,35
anchored,por_activo,18,2016-01-04,2017-12-29,2018-01-02,TSLA,Global,False,,35,-0.03673061005052006,10,45,20,37,78,14,1.5708003492949252,1.3589098224007565,1.273293095795788,12
anchored,por_activo,18,2016-01-04,2017-12-29,2018-01-02,TSLA,Tendencia,False,,74,3.862052406805116,7,33,22,30,69,16,1.5592774851922664,1.1782915899530497,5.671235824397833,38
anchored,por_activo,18,2016-01-04,2017-12-29,2018-01-02,TSLA,Reversión,False,,58,0.4765027139741254,17,68,24,21,79,21,1.8227573258615815,3.6547006032091423,3.9861477775490575,22
anchored,por_activo,18,2016-01-04,2017-12-29,2018-01-02,TSLA,Crisis,False,,71,0.0014121349427294338,12,23,11,38,62,28,2.6359424874181254,1.5264278494506693,2.258884452324722,38
anchored,por_activo,18,2016-01-04,2017-12-29,2018-01-02,META,Global,False,,59,0.999859252578545,29,84,7,40,62,12,1.6607140707990915,2.0581735385622837,2.8241278941833485,40
anchored,por_activo,18,2016-01-04,2017-12-29,2018-01-02,META,Tendencia,False,,64,3.087276218298497,9,41,7,37,78,27,1.5785412744056593,1.8592909296065536,5.803185874200045,37
anchored,por_activo,18,2016-01-04,2017-12-29,2018-01-02,META,Reversión,False,,70,2.607379812237636,27,94,22,40,76,35,2.8780203283187715,3.309289891629663,5.665253623306751,36
anchored,por_activo,18,2016-01-04,2017-12-29,2018-01-02,META,Crisis,True,ningún trial cumple N_MIN,0,-1000000000.0,29,84,7,40,62,12,1.6607140707990915,2.0581735385622837,2.8241278941833485,40
anchored,por_activo,18,2016-01-04,2017-12-29,2018-01-02,NFLX,Global,False,,47,0.30852912070809146,7,91,23,33,79,13,1.6909993229450802,1.497510529667914,2.0377153170259517,21
anchored,por_activo,18,2016-01-04,2017-12-29,2018-01-02,NFLX,Tendencia,False,,79,4.101094666559811,28,80,11,38,77,18,2.110156694379047,1.2623297268228382,5.168476773501159,21
anchored,por_activo,18,2016-01-04,2017-12-29,2018-01-02,NFLX,Reversión,False,,62,1.2058670586533462,6,81,10,21,62,16,1.6323396057400006,1.8558902197104592,2.499894343985752,33
anchored,por_activo,18,2016-01-04,2017-12-29,2018-01-02,NFLX,Crisis,False,,54,0.8739897344518156,28,54,19,24,62,28,1.7481563692613875,3.402571433359134,1.1924221412327007,37
anchored,por_activo,18,2016-01-04,2017-12-29,2018-01-02,GOOGL,Global,False,,39,2.2624855742001557,16,13,8,36,72,10,1.8861360068449664,2.579284383066522,1.7804704544837993,39
anchored,por_activo,18,2016-01-04,2017-12-29,2018-01-02,GOOGL,Tendencia,False,,73,1.4288581617108513,14,96,10,24,66,12,1.752058639042739,2.232957741204533,5.5018377272389944,34
anchored,por_activo,18,2016-01-04,2017-12-29,2018-01-02,GOOGL,Reversión,False,,72,2.8438659778677997,30,72,8,38,62,26,2.4782249777976046,2.545711525043491,3.5819330979999418,34
anchored,por_activo,18,2016-01-04,2017-12-29,2018-01-02,GOOGL,Crisis,False,,62,1.5177925878155063,27,22,15,30,73,10,1.7183995965017298,3.3951847330130938,1.7075898422481435,12
anchored,por_activo,19,2016-01-04,2018-01-31,2018-02-01,NVDA,Global,False,,29,0.7905101659769412,18,97,21,30,79,11,1.5595156832379453,1.0867762799073597,1.6522306113917016,5
anchored,por_activo,19,2016-01-04,2018-01-31,2018-02-01,NVDA,Tendencia,False,,74,4.296337280421898,28,84,21,24,62,22,1.7842206514977497,1.2671161996598608,1.825069764433208,17
anchored,por_activo,19,2016-01-04,2018-01-31,2018-02-01,NVDA,Reversión,True,ningún trial cumple N_MIN,0,-1000000000.0,18,97,21,30,79,11,1.5595156832379453,1.0867762799073597,1.6522306113917016,5
anchored,por_activo,19,2016-01-04,2018-01-31,2018-02-01,NVDA,Crisis,False,,69,1.6696575567555618,30,84,9,38,62,19,2.0348833439468295,1.3182294701963868,4.420242353971903,38
anchored,por_activo,19,2016-01-04,2018-01-31,2018-02-01,AMZN,Global,True,sin trials válidos: θ global de la ventana 17,0,-1000000000.0,15,42,8,40,67,15,2.3729883818765622,1.0408585047805725,5.672252903513955,25
anchored,por_activo,19,2016-01-04,2018-01-31,2018-02-01,AMZN,Tendencia,False,,44,2.8052999770157214,28,92,10,30,63,27,1.9002495071813499,1.5852376920634195,1.1520956878670505,33
anchored,por_activo,19,2016-01-04,2018-01-31,2018-02-01,AMZN,Reversión,False,,61,0.9259490720922445,8,33,28,39,66,11,2.0767854406619795,2.9797506364879975,4.944391173111518,36
anchored,por_activo,19,2016-01-04,2018-01-31,2018-02-01,AMZN,Crisis,False,,67,1.1089262823741795,28,89,18,35,62,18,1.5718253597361453,1.479340926767255,5.799848579635717,24
anchored,por_activo,19,2016-01-04,2018-01-31,2018-02-01,TSLA,Global,False,,42,-0.06314345362145296,23,13,17,31,63,12,1.605231024515179,1.849633517037324,2.353240482213288,17
anchored,por_activo,19,2016-01-04,2018-01-31,2018-02-01,TSLA,Tendencia,False,,64,3.0345937605912985,13,32,11,38,69,24,1.6970488536209791,1.2116444254910435,2.269738997995855,17
anchored,por_activo,19,2016-01-04,2018-01-31,2018-02-01,TSLA,Reversión,False,,44,0.34061506770338007,13,84,21,22,75,16,1.6348265294969138,3.6693827997715216,2.2784927821890486,38
anchored,por_activo,19,2016-01-04,2018-01-31,2018-02-01,TSLA,Crisis,False,,60,0.14216220173561314,20,19,26,34,63,21,2.248611505334427,1.0654929450879205,2.8598541934254333,38
anchored,por_activo,19,2016-01-04,2018-01-31,2018-02-01,META,Global,True,sin trials válidos: θ global de la ventana 18,0,-1000000000.0,29,84,7,40,62,12,1.6607140707990915,2.0581735385622837,2.8241278941833485,40
anchored,por_activo,19,2016-01-04,2018-01-31,2018-02-01,META,Tendencia,False,,68,2.7520304599658885,12,43,20,21,72,12,1.6551909903836095,1.985741702527314,4.1724424630288395,5
anchored,por_activo,19,2016-01-04,2018-01-31,2018-02-01,META,Reversión,False,,77,0.7852378144042008,19,67,26,28,61,10,1.551678304607575,1.1599706375159449,4.557053962144174,10
anchored,por_activo,19,2016-01-04,2018-01-31,2018-02-01,META,Crisis,False,,51,3.2166762952330634,12,70,7,40,61,28,1.6928636708079403,2.272359178396944,5.045170560906654,10
anchored,por_activo,19,2016-01-04,2018-01-31,2018-02-01,NFLX,Global,False,,8,0.29774257084713446,19,47,15,26,71,12,1.5192109363415565,2.8063741323307294,5.6542379356421035,11
anchored,por_activo,19,2016-01-04,2018-01-31,2018-02-01,NFLX,Tendencia,False,,74,4.472622319251144,27,97,8,32,66,24,1.6453788626064427,3.8508871704002945,1.359306319750164,12
anchored,por_activo,19,2016-01-04,2018-01-31,2018-02-01,NFLX,Reversión,False,,51,2.032188395007437,18,92,9,39,63,38,2.8679634407594925,1.7075984976621608,2.3158840562944665,20
anchored,por_activo,19,2016-01-04,2018-01-31,2018-02-01,NFLX,Crisis,False,,60,0.3099432997538907,21,96,12,39,62,12,2.3694032861689474,3.6505405462827634,3.9343209733358915,25
anchored,por_activo,19,2016-01-04,2018-01-31,2018-02-01,GOOGL,Global,False,,39,1.6681462728483325,14,62,22,39,62,12,1.6101142732029476,3.09709955792275,1.767344148119298,8
anchored,por_activo,19,2016-01-04,2018-01-31,2018-02-01,GOOGL,Tendencia,False,,71,2.1583310876977437,26,56,16,30,79,16,1.8353619724882906,3.4490204500575916,5.747002136927806,26
anchored,por_activo,19,2016-01-04,2018-01-31,2018-02-01,GOOGL,Reversión,False,,71,1.6193141767144508,14,74,10,30,62,14,1.717528138034425,2.3425474707994365,5.722711814661427,39
anchored,por_activo,19,2016-01-04,2018-01-31,2018-02-01,GOOGL,Crisis,False,,70,1.570764896837489,28,33,8,39,68,11,1.7487733822427596,3.1524820984888215,1.6967655852835801,30
anchored,por_activo,20,2016-01-04,2018-02-28,2018-03-01,NVDA,Global,True,sin trials válidos: θ global de la ventana 19,0,-1000000000.0,18,97,21,30,79,11,1.5595156832379453,1.0867762799073597,1.6522306113917016,5
anchored,por_activo,20,2016-01-04,2018-02-28,2018-03-01,NVDA,Tendencia,False,,73,5.08656596516386,23,74,7,37,66,12,2.764189375963472,1.2797019593204295,4.381926663543352,24
anchored,por_activo,20,2016-01-04,2018-02-28,2018-03-01,NVDA,Reversión,False,,59,4.769190675210165,15,64,23,36,80,11,1.6854776985652316,2.0636190085135464,5.025929458565766,29
anchored,por_activo,20,2016-01-04,2018-02-28,2018-03-01,NVDA,Crisis,False,,62,1.3771009894634347,24,87,14,24,68,18,1.5616039783434728,3.3142947302439616,2.4952426865009465,16
anchored,por_activo,20,2016-01-04,2018-02-28,2018-03-01,AMZN,Global,True,sin trials válidos: θ global de la ventana 17,0,-1000000000.0,15,42,8,40,67,15,2.3729883818765622,1.0408585047805725,5.672252903513955,25
anchored,por_activo,20,2016-01-04,2018-02-28,2018-03-01,AMZN,Tendencia,False,,37,2.6501848544447926,26,70,10,20,62,27,1.6336174218321196,1.1247325668828647,5.591642195704351,20
anchored,por_activo,20,2016-01-04,2018-02-28,2018-03-01,AMZN,Reversión,False,,65,1.6975093231798886,6,17,23,38,61,11,1.554846924747479,1.0957756792490938,2.537238145006622,25
anchored,por_activo,20,2016-01-04,2018-02-28,2018-03-01,AMZN,Crisis,False,,35,2.1757302721760343,19,96,25,26,64,12,1.8215549779510654,3.651884039273465,3.4140440434766073,28
anchored,por_activo,20,2016-01-04,2018-02-28,2018-03-01,TSLA,Global,False,,49,-0.3754158000420235,29,98,15,25,62,22,1.5576700925300409,1.1213151569980768,3.5557143103125615,14
anchored,por_activo,20,2016-01-04,2018-02-28,2018-03-01,TSLA,Tendencia,False,,70,2.5138884866082334,15,75,27,29,69,17,1.5511454640718132,1.5721868226663755,3.6454772008902485,39
anchored,por_activo,20,2016-01-04,2018-02-28,2018-03-01,TSLA,Reversión,False,,78,1.8043243912860965,20,22,8,40,64,23,2.062794619131885,1.7086592308509332,3.1597699839868048,37
anchored,por_activo,20,2016-01-04,2018-02-28,2018-03-01,TSLA,Crisis,False,,75,0.10105207818207161,28,14,18,36,79,19,1.8310589104461297,1.4778793401282495,3.313473916480368,26
anchored,por_activo,20,2016-01-04,2018-02-28,2018-03-01,META,Global,False,,28,1.649732309764615,30,43,7,38,66,16,2.2384499748068873,2.088437638257441,3.241105533052243,7
anchored,por_activo,20,2016-01-04,2018-02-28,2018-03-01,META,Tendencia,False,,73,2.4196014734657356,27,91,28,37,64,11,1.7642153199865935,1.9115131266566119,5.735229284497256,40
anchored,por_activo,20,2016-01-04,2018-02-28,2018-03-01,META,Reversión,False,,72,2.1984097122691013,29,52,23,40,76,12,2.387845934341202,2.258596265525064,5.635722915975919,36
anchored,por_activo,20,2016-01-04,2018-02-28,2018-03-01,META,Crisis,True,ningún trial cumple N_MIN,0,-1000000000.0,30,43,7,38,66,16,2.2384499748068873,2.088437638257441,3.241105533052243,7
anchored,por_activo,20,2016-01-04,2018-02-28,2018-03-01,NFLX,Global,False,,26,0.5846275860835841,27,93,8,35,68,16,2.8549815725948897,1.1071978433065668,4.770213393790194,38
anchored,por_activo,20,2016-01-04,2018-02-28,2018-03-01,NFLX,Tendencia,False,,75,4.301316041129234,11,30,24,21,68,16,1.9776331861284104,1.2976358439128262,5.24213187653552,20
anchored,por_activo,20,2016-01-04,2018-02-28,2018-03-01,NFLX,Reversión,False,,1,0.32183391143521384,27,51,12,25,65,10,1.8050304612488381,3.6972461223449575,3.0516922082655538,38
anchored,por_activo,20,2016-01-04,2018-02-28,2018-03-01,NFLX,Crisis,False,,68,0.21528789362180512,24,22,25,27,67,14,1.7185910984422004,3.3462816059585676,2.855030942620526,15
anchored,por_activo,20,2016-01-04,2018-02-28,2018-03-01,GOOGL,Global,False,,58,1.5749442074017745,28,58,8,40,63,38,1.8054099245646653,2.769931689674234,3.828436822389146,15
anchored,por_activo,20,2016-01-04,2018-02-28,2018-03-01,GOOGL,Tendencia,False,,75,3.323671777450305,30,16,11,24,77,16,1.8423340001009207,1.8472512874019456,2.2654269019200863,29
anchored,por_activo,20,2016-01-04,2018-02-28,2018-03-01,GOOGL,Reversión,False,,80,2.275921319023819,26,52,10,24,79,10,1.9450765026360015,2.416738905903677,5.404598199870412,32
anchored,por_activo,20,2016-01-04,2018-02-28,2018-03-01,GOOGL,Crisis,False,,66,1.0860017283835253,17,25,18,38,76,19,1.667987022800993,1.8805704567444763,5.016005569715631,8
anchored,por_activo,21,2016-01-04,2018-03-29,2018-04-02,NVDA,Global,True,sin trials válidos: θ global de la ventana 19,0,-1000000000.0,18,97,21,30,79,11,1.5595156832379453,1.0867762799073597,1.6522306113917016,5
anchored,por_activo,21,2016-01-04,2018-03-29,2018-04-02,NVDA,Tendencia,False,,66,5.269802399021201,11,77,12,24,61,19,1.8335491441788683,1.5181667230340878,4.614375163643479,23
anchored,por_activo,21,2016-01-04,2018-03-29,2018-04-02,NVDA,Reversión,False,,31,3.1079978695100716,28,54,14,22,60,10,1.6845274829430918,1.4014402766648604,5.333932188373099,13
anchored,por_activo,21,2016-01-04,2018-03-29,2018-04-02,NVDA,Crisis,False,,51,2.336504036255306,28,74,17,37,66,23,1.9813354826743241,1.9366688577088689,1.995040504177625,16
anchored,por_activo,21,2016-01-04,2018-03-29,2018-04-02,AMZN,Global,False,,21,0.02241771777144591,24,51,7,34,79,28,1.769321557285025,1.2649289707380695,1.5268504047239806,14
anchored,por_activo,21,2016-01-04,2018-03-29,2018-04-02,AMZN,Tendencia,False,,44,2.5635334095266145,27,60,7,33,71,18,2.882907855814352,1.5862655593966644,1.2480654201787704,33
anchored,por_activo,21,2016-01-04,2018-03-29,2018-04-02,AMZN,Reversión,False,,75,1.1727193014329842,28,77,7,39,63,21,2.8307072666357493,1.8201804740475718,2.2359084659629724,30
anchored,por_activo,21,2016-01-04,2018-03-29,2018-04-02,AMZN,Crisis,False,,54,3.3926025595305944,6,84,11,33,66,16,1.5330545462567147,3.711027594563707,4.207541438207054,6
anchored,por_activo,21,2016-01-04,2018-03-29,2018-04-02,TSLA,Global,False,,51,0.5161750174975483,30,86,9,23,76,12,1.9835376024938842,1.1488591937674708,2.8145774182542356,38
anchored,por_activo,21,2016-01-04,2018-03-29,2018-04-02,TSLA,Tendencia,False,,60,1.8399838581214263,14,66,10,37,74,22,1.5289706876649658,3.0693783971524056,2.280444796918899,37
anchored,por_activo,21,2016-01-04,2018-03-29,2018-04-02,TSLA,Reversión,False,,58,1.852691566741254,22,18,10,38,68,33,2.71628317694635,1.8520960169585345,5.879736984709483,12
anchored,por_activo,21,2016-01-04,2018-03-29,2018-04-02,TSLA,Crisis,False,,65,0.8957792029203598,27,91,14,39,75,37,2.114086291225174,1.1226115839792312,1.7471287883507116,24
anchored,por_activo,21,2016-01-04,2018-03-29,2018-04-02,META,Global,False,,5,0.7497064948682175,28,24,7,38,78,31,2.889767317474302,2.105533120192799,1.7909210598258003,30
anchored,por_activo,21,2016-01-04,2018-03-29,2018-04-02,META,Tendencia,False,,62,2.1427173743513066,9,65,27,26,77,13,1.526623503873706,3.754759733378227,5.486020491943732,6
anchored,por_activo,21,2016-01-04,2018-03-29,2018-04-02,META,Reversión,False,,84,1.4408950075747569,23,89,9,34,75,35,1.5401448706657757,3.62662852124895,5.810244020024513,18
anchored,por_activo,21,2016-01-04,2018-03-29,2018-04-02,META,Crisis,False,,44,1.27181116653464,28,16,9,39,65,16,2.1938545295363445,1.3810631707289496,4.090631189183846,10
anchored,por_activo,21,2016-01-04,2018-03-29,2018-04-02,NFLX,Global,True,sin trials válidos: θ global de la ventana 20,0,-1000000000.0,27,93,8,35,68,16,2.8549815725948897,1.1071978433065668,4.770213393790194,38
anchored,por_activo,21,2016-01-04,2018-03-29,2018-04-02,NFLX,Tendencia,False,,78,4.9904356478245875,22,92,13,20,67,16,1.8903971819061143,3.849187285607137,5.8486806328645,39
anchored,por_activo,21,2016-01-04,2018-03-29,2018-04-02,NFLX,Reversión,True,ningún trial cumple N_MIN,0,-1000000000.0,27,93,8,35,68,16,2.8549815725948897,1.1071978433065668,4.770213393790194,38
anchored,por_activo,21,2016-01-04,2018-03-29,2018-04-02,NFLX,Crisis,False,,35,0.32615527614993034,10,82,8,33,70,28,2.540068372025323,1.3981575323882527,1.074078164009229,6
anchored,por_activo,21,2016-01-04,2018-03-29,2018-04-02,GOOGL,Global,False,,56,3.429160260771681,20,72,8,40,76,13,1.6419564488439864,2.238487962336345,4.25696871658403,29
anchored,por_activo,21,2016-01-04,2018-03-29,2018-04-02,GOOGL,Tendencia,False,,44,2.143546710009494,17,87,16,25,62,23,2.1803819674457787,1.2296258375443265,2.616201639920068,6
anchored,por_activo,21,2016-01-04,2018-03-29,2018-04-02,GOOGL,Reversión,False,,48,1.4910530742857266,18,91,26,26,75,14,1.9508290985213732,2.519835752971497,5.166971170843764,38
anchored,por_activo,21,2016-01-04,2018-03-29,2018-04-02,GOOGL,Crisis,False,,52,1.0934768681755702,6,72,21,36,79,10,1.6604013559321058,1.1854227127744397,1.5561368158239903,23
anchored,por_activo,22,2016-01-04,2018-04-30,2018-05-01,NVDA,Global,True,sin trials válidos: θ global de la ventana 19,0,-1000000000.0,18,97,21,30,79,11,1.5595156832379453,1.0867762799073597,1.6522306113917016,5
anchored,por_activo,22,2016-01-04,2018-04-30,2018-05-01,NVDA,Tendencia,False,,74,4.334832067753928,25,66,7,40,62,17,1.6186114869263524,1.655352854907347,2.93135629731657,38
anchored,por_activo,22,2016-01-04,2018-04-30,2018-05-01,NVDA,Reversión,False,,70,2.9233689644692586,19,44,9,37,74,11,1.607093731280006,2.2503542968891876,5.319847233115446,34
anchored,por_activo,22,2016-01-04,2018-04-30,2018-05-01,NVDA,Crisis,False,,59,13.15980003292354,28,93,26,28,70,27,1.7214245192393027,3.0868354601184236,5.505309751078211,7
anchored,por_activo,22,2016-01-04,2018-04-30,2018-05-01,AMZN,Global,False,,45,1.2045500472948778,11,96,7,39,61,38,1.806708011046398,1.6619967820936292,1.0585605176230786,12
anchored,por_activo,22,2016-01-04,2018-04-30,2018-05-01,AMZN,Tendencia,False,,46,0.9291821416039688,28,93,14,21,79,17,1.7035006613043955,3.438522272332225,3.0665164266131164,38
anchored,por_activo,22,2016-01-04,2018-04-30,2018-05-01,AMZN,Reversión,False,,77,1.7500368503003951,28,94,9,24,78,12,1.5890657354238769,3.080164662030666,2.8175788401340234,33
anchored,por_activo,22,2016-01-04,2018-04-30,2018-05-01,AMZN,Crisis,False,,31,0.6549157413999668,8,78,10,26,68,10,1.830213937542676,3.28605047251795,1.9579233412351031,30
anchored,por_activo,22,2016-01-04,2018-04-30,2018-05-01,TSLA,Global,False,,53,0.08769741227775148,20,43,12,28,60,16,1.6742724707191172,1.1579637261296565,5.677227090795693,26
anchored,por_activo,22,2016-01-04,2018-04-30,2018-05-01,TSLA,Tendencia,False,,76,2.0814059852662306,28,32,8,38,73,13,1.785357312990753,2.911604567709593,5.703778314197786,29
anchored,por_activo,22,2016-01-04,2018-04-30,2018-05-01,TSLA,Reversión,False,,73,1.336834249745563,14,66,8,36,62,17,1.821146471363205,1.0660038170698938,5.572944055186763,8
anchored,por_activo,22,2016-01-04,2018-04-30,2018-05-01,TSLA,Crisis,False,,78,0.23839032303091398,26,61,26,25,76,14,1.9071324177200542,1.3414975480131988,2.0691993761111824,34
anchored,por_activo,22,2016-01-04,2018-04-30,2018-05-01,META,Global,False,,53,1.5828434621818552,29,42,7,38,78,17,1.8530708734481989,2.2743573349156634,2.9987180182427355,10
anchored,por_activo,22,2016-01-04,2018-04-30,2018-05-01,META,Tendencia,False,,60,2.1189997555421387,14,60,10,26,70,13,1.6555014781083763,3.5548994968563727,1.3743032223685094,36
anchored,por_activo,22,2016-01-04,2018-04-30,2018-05-01,META,Reversión,False,,81,0.9959007481176247,29,98,17,39,72,36,1.6840985555196255,2.5875419366451524,5.652529048141001,19
anchored,por_activo,22,2016-01-04,2018-04-30,2018-05-01,META,Crisis,False,,67,1.6020462601307548,10,61,26,28,62,10,1.5248070377202256,2.5980609187609534,2.9411929570422384,7
anchored,por_activo,22,2016-01-04,2018-04-30,2018-05-01,NFLX,Global,False,,45,0.5579589784412301,11,72,12,22,76,13,1.6511341468327778,1.3107989530333557,3.726209473873575,31
anchored,por_activo,22,2016-01-04,2018-04-30,2018-05-01,NFLX,Tendencia,False,,77,5.984698801503181,15,64,12,24,78,16,1.8025506746027316,1.8321418187667176,4.533035096500448,21
anchored,por_activo,22,2016-01-04,2018-04-30,2018-05-01,NFLX,Reversión,False,,68,1.1338287742461086,12,13,15,28,64,11,1.7338738613818396,2.6343904567203524,4.197681901972681,24
anchored,por_activo,22,2016-01-04,2018-04-30,2018-05-01,NFLX,Crisis,False,,62,0.19955863184924202,28,30,27,20,79,14,1.759838753433352,3.911800827625608,4.97691500403816,15
anchored,por_activo,22,2016-01-04,2018-04-30,2018-05-01,GOOGL,Global,False,,59,1.7984940950580481,22,70,10,40,71,16,2.2668183094078955,1.146673176405908,3.5210667684954307,24
anchored,por_activo,22,2016-01-04,2018-04-30,2018-05-01,GOOGL,Tendencia,False,,64,2.8760961647174166,23,79,14,39,64,26,2.4414375642278765,1.1343008951388114,1.7641461347211893,14
anchored,por_activo,22,2016-01-04,2018-04-30,2018-05-01,GOOGL,Reversión,False,,82,1.5295084422776544,14,94,26,27,69,12,1.7338503612696377,1.0787877257895595,4.595820233435959,35
anchored,por_activo,22,2016-01-04,2018-04-30,2018-05-01,GOOGL,Crisis,False,,67,1.079413317413431,7,36,8,25,79,11,1.757903528956953,3.728611194132615,1.8565311244012566,13
anchored,por_activo,23,2016-01-04,2018-05-31,2018-06-01,NVDA,Global,True,sin trials válidos: θ global de la ventana 19,0,-1000000000.0,18,97,21,30,79,11,1.5595156832379453,1.0867762799073597,1.6522306113917016,5
anchored,por_activo,23,2016-01-04,2018-05-31,2018-06-01,NVDA,Tendencia,False,,64,0.9054273701880974,7,65,26,23,79,18,2.3915577878102954,2.7251513570660895,3.478644313822955,32
anchored,por_activo,23,2016-01-04,2018-05-31,2018-06-01,NVDA,Reversión,False,,69,3.5985917829353515,21,17,27,37,65,12,1.6546506634198677,1.1090757570908665,3.9041704877856427,14
anchored,por_activo,23,2016-01-04,2018-05-31,2018-06-01,NVDA,Crisis,False,,24,5.277019990971188,27,87,22,25,78,36,1.7791361739399865,1.612604698917107,1.3933956732136297,38
anchored,por_activo,23,2016-01-04,2018-05-31,2018-06-01,AMZN,Global,False,,26,1.0398982116007898,6,86,7,37,62,14,2.5708483490157876,1.4397058071763353,1.2022063981435622,20
anchored,por_activo,23,2016-01-04,2018-05-31,2018-06-01,AMZN,Tendencia,False,,83,0.5104487347255152,30,94,16,26,75,37,1.7110555900590212,3.074767082776864,2.869675454274848,39
anchored,por_activo,23,2016-01-04,2018-05-31,2018-06-01,AMZN,Reversión,False,,46,0.7291406542686352,20,35,7,40,62,21,2.547768026844435,3.6762705340290496,2.752096518786303,26
anchored,por_activo,23,2016-01-04,2018-05-31,2018-06-01,AMZN,Crisis,False,,37,0.42169215520748526,28,15,8,22,61,26,2.471397406948293,1.0488874335178022,4.175746045388484,36
anchored,por_activo,23,2016-01-04,2018-05-31,2018-06-01,TSLA,Global,True,sin trials válidos: θ global de la ventana 22,0,-1000000000.0,20,43,12,28,60,16,1.6742724707191172,1.1579637261296565,5.677227090795693,26
anchored,por_activo,23,2016-01-04,2018-05-31,2018-06-01,TSLA,Tendencia,False,,58,-0.13894662704162428,8,82,9,24,71,20,1.7489338884143195,2.9449976207652355,2.2976579564363457,38
anchored,por_activo,23,2016-01-04,2018-05-31,2018-06-01,TSLA,Reversión,False,,64,2.1878578765117576,10,53,7,20,76,12,1.9970425131215952,1.2518661209248894,4.063088727448841,28
anchored,por_activo,23,2016-01-04,2018-05-31,2018-06-01,TSLA,Crisis,True,ningún trial cumple N_MIN,0,-1000000000.0,20,43,12,28,60,16,1.6742724707191172,1.1579637261296565,5.677227090795693,26
anchored,por_activo,23,2016-01-04,2018-05-31,2018-06-01,META,Global,False,,52,-0.06985600550788133,19,51,8,30,64,11,1.5364901860770175,1.6217491733213882,1.2339845623094017,24
anchored,por_activo,23,2016-01-04,2018-05-31,2018-06-01,META,Tendencia,False,,85,0.12078608005424823,25,90,27,27,78,38,1.8891376302210865,3.6309393446674787,5.730526569808491,20
anchored,por_activo,23,2016-01-04,2018-05-31,2018-06-01,META,Reversión,False,,67,1.947839828676998,26,70,7,38,60,39,1.6861608517667033,2.246526032479295,2.893440275856113,9
anchored,por_activo,23,2016-01-04,2018-05-31,2018-06-01,META,Crisis,False,,55,1.5163884419758338,6,20,18,39,62,16,1.5468937995274499,2.4458469412141155,1.4355809114934148,18
anchored,por_activo,23,2016-01-04,2018-05-31,2018-06-01,NFLX,Global,False,,35,0.9664052164491186,30,20,28,36,68,10,1.5931449906357051,2.1337638394866243,5.094092178610507,12
anchored,por_activo,23,2016-01-04,2018-05-31,2018-06-01,NFLX,Tendencia,False,,75,0.8663840720627243,14,88,9,20,74,24,2.0817540738172426,3.4743191348335323,4.2098698990964785,10
anchored,por_activo,23,2016-01-04,2018-05-31,2018-06-01,NFLX,Reversión,False,,68,7.826127422708142,17,94,25,34,73,15,1.7001547140758797,3.556717503261314,5.4170665636438065,10
anchored,por_activo,23,2016-01-04,2018-05-31,2018-06-01,NFLX,Crisis,False,,58,0.04515121930011547,28,58,18,31,68,18,1.9367785548223182,1.0406055557616751,2.0614119472452863,18
anchored,por_activo,23,2016-01-04,2018-05-31,2018-06-01,GOOGL,Global,False,,53,2.0514432915095866,28,56,8,22,61,14,1.6846808917936529,1.3681626706002787,2.180785693719378,30
anchored,por_activo,23,2016-01-04,2018-05-31,2018-06-01,GOOGL,Tendencia,False,,53,1.2849494491164957,28,16,16,36,74,35,2.757551708266094,2.7004544013930785,1.8064091830705442,36
anchored,por_activo,23,2016-01-04,2018-05-31,2018-06-01,GOOGL,Reversión,False,,70,1.722256679407079,6,70,13,39,79,15,1.7788599684714885,1.8784061254590847,4.434354004233353,30
anchored,por_activo,23,2016-01-04,2018-05-31,2018-06-01,GOOGL,Crisis,False,,77,2.5325739762340556,20,12,20,28,78,18,1.6781641416366333,3.350194648107996,2.0613017048680824,36
anchored,por_activo,24,2016-01-04,2018-06-29,2018-07-02,NVDA,Global,True,sin trials válidos: θ global de la ventana 19,0,-1000000000.0,18,97,21,30,79,11,1.5595156832379453,1.0867762799073597,1.6522306113917016,5
anchored,por_activo,24,2016-01-04,2018-06-29,2018-07-02,NVDA,Tendencia,False,,89,0.6961244623913915,6,87,8,30,77,25,1.9519443870994544,2.5555124583086433,1.4437699894905838,37
anchored,por_activo,24,2016-01-04,2018-06-29,2018-07-02,NVDA,Reversión,False,,62,3.658571191579519,25,93,7,40,77,18,1.65359121204948,2.2188088107206436,5.8026306639833924,14
anchored,por_activo,24,2016-01-04,2018-06-29,2018-07-02,NVDA,Crisis,False,,49,0.92770286703268,25,93,8,39,78,23,1.925893800936591,3.903454842281093,1.9913107795666918,30
anchored,por_activo,24,2016-01-04,2018-06-29,2018-07-02,AMZN,Global,False,,44,1.215668848061494,24,27,19,27,61,11,1.5470521158107415,2.004596247019033,2.099641912763216,22
anchored,por_activo,24,2016-01-04,2018-06-29,2018-07-02,AMZN,Tendencia,False,,73,0.6372258131432967,28,16,7,26,74,32,1.7488120484916354,3.6746414903962474,2.786800096982929,19
anchored,por_activo,24,2016-01-04,2018-06-29,2018-07-02,AMZN,Reversión,False,,44,1.9003853150280163,23,80,18,22,62,11,1.9072110214537852,3.3254548392626413,4.985986155349883,31
anchored,por_activo,24,2016-01-04,2018-06-29,2018-07-02,AMZN,Crisis,False,,41,0.4950336613134127,27,92,9,40,79,38,2.7948458256510174,3.301983180272125,1.3068978582461972,38
anchored,por_activo,24,2016-01-04,2018-06-29,2018-07-02,TSLA,Global,False,,51,-0.3290288426430567,22,42,15,38,78,12,1.5301991085667845,2.2191948299998483,3.092258682964819,12
anchored,por_activo,24,2016-01-04,2018-06-29,2018-07-02,TSLA,Tendencia,False,,59,0.07921775025143706,29,17,9,21,70,26,2.596210285528075,1.397975338520778,5.628517005932704,32
anchored,por_activo,24,2016-01-04,2018-06-29,2018-07-02,TSLA,Reversión,False,,79,2.2865155164953452,14,23,12,37,70,13,1.5510430373307336,3.533867568842811,1.640116348232611,36
anchored,por_activo,24,2016-01-04,2018-06-29,2018-07-02,TSLA,Crisis,False,,75,0.05587260500447574,28,96,24,24,64,38,1.6155513900549927,2.3787272091109046,2.16953831342992,8
anchored,por_activo,24,2016-01-04,2018-06-29,2018-07-02,META,Global,True,sin trials válidos: θ global de la ventana 23,0,-1000000000.0,19,51,8,30,64,11,1.5364901860770175,1.6217491733213882,1.2339845623094017,24
anchored,por_activo,24,2016-01-04,2018-06-29,2018-07-02,META,Tendencia,False,,74,1.8315866556760587,15,14,22,22,64,17,1.5776120368134727,1.7117612768784314,1.1676859018887984,8
anchored,por_activo,24,2016-01-04,2018-06-29,2018-07-02,META,Reversión,False,,73,1.3570759058590562,6,44,10,36,79,10,1.6140810904480012,1.2683127638965197,4.164098570181688,36
anchored,por_activo,24,2016-01-04,2018-06-29,2018-07-02,META,Crisis,False,,69,0.792547279866581,23,46,7,39,62,17,2.5877460059047346,3.749252823711341,1.6681380338250835,28
anchored,por_activo,24,2016-01-04,2018-06-29,2018-07-02,NFLX,Global,False,,16,0.8425281851232411,20,90,26,28,68,10,1.5564741858573572,2.867754125728502,4.458635020952661,10
anchored,por_activo,24,2016-01-04,2018-06-29,2018-07-02,NFLX,Tendencia,False,,63,1.315759014642289,26,35,12,33,76,10,2.120075039029967,3.5964311134402354,1.2858889293252003,15
anchored,por_activo,24,2016-01-04,2018-06-29,2018-07-02,NFLX,Reversión,False,,73,4.794307429706151,10,92,8,38,63,14,1.9234358982842863,2.525323671784615,3.689754603919484,32
anchored,por_activo,24,2016-01-04,2018-06-29,2018-07-02,NFLX,Crisis,False,,60,0.9653938284240433,22,68,9,32,68,10,1.5673517977207243,3.5462737419781023,1.013992686382051,14
anchored,por_activo,24,2016-01-04,2018-06-29,2018-07-02,GOOGL,Global,False,,47,1.0146505438674016,20,55,25,20,71,22,1.5693927766548352,1.978324824878434,2.269782423024103,17
anchored,por_activo,24,2016-01-04,2018-06-29,2018-07-02,GOOGL,Tendencia,False,,89,0.8400122021634672,20,81,8,21,79,39,1.68765972585909,2.3947593958047175,4.097454200147096,19
anchored,por_activo,24,2016-01-04,2018-06-29,2018-07-02,GOOGL,Reversión,False,,69,2.4383780979862846,25,87,10,25,75,15,1.9454432436762326,2.6694655197462884,2.219723476537323,9
anchored,por_activo,24,2016-01-04,2018-06-29,2018-07-02,GOOGL,Crisis,False,,77,1.0457870720920321,27,77,10,32,78,21,1.58431878057598,3.780815475968233,1.7848845433293055,12
anchored,por_activo,25,2016-01-04,2018-07-31,2018-08-01,NVDA,Global,False,,14,3.1322686661247023,28,54,26,32,68,12,1.5440818778078134,1.428784972753796,5.163298072157067,21
anchored,por_activo,25,2016-01-04,2018-07-31,2018-08-01,NVDA,Tendencia,False,,90,0.8635147504550537,26,96,25,38,78,11,1.8976002500651117,1.725917749524176,3.0336845281025093,10
anchored,por_activo,25,2016-01-04,2018-07-31,2018-08-01,NVDA,Reversión,False,,58,4.335336483185008,23,18,19,24,64,10,1.87860982115571,2.338865025730231,2.081345954392175,24
anchored,por_activo,25,2016-01-04,2018-07-31,2018-08-01,NVDA,Crisis,False,,63,2.3986803479923218,28,96,16,34,62,11,1.8129127940154348,1.5874073757235023,2.706339550733669,29
anchored,por_activo,25,2016-01-04,2018-07-31,2018-08-01,AMZN,Global,False,,25,0.8761307178474439,27,94,7,39,80,34,2.2861746805474503,1.4704521823914916,1.1528968066664442,28
anchored,por_activo,25,2016-01-04,2018-07-31,2018-08-01,AMZN,Tendencia,False,,84,0.7361546574167405,27,14,15,39,76,35,1.6318905473263292,3.5345873619467603,2.705230252466756,33
anchored,por_activo,25,2016-01-04,2018-07-31,2018-08-01,AMZN,Reversión,False,,56,4.215508858081598,26,87,14,27,64,12,1.9038172538106746,3.508329326587589,2.46236685158482,7
anchored,por_activo,25,2016-01-04,2018-07-31,2018-08-01,AMZN,Crisis,False,,44,0.36518019735666885,28,96,18,27,61,20,1.9332094683994243,1.441010222710358,3.89951459557508,15
anchored,por_activo,25,2016-01-04,2018-07-31,2018-08-01,TSLA,Global,True,sin trials válidos: θ global de la ventana 24,0,-1000000000.0,22,42,15,38,78,12,1.5301991085667845,2.2191948299998483,3.092258682964819,12
anchored,por_activo,25,2016-01-04,2018-07-31,2018-08-01,TSLA,Tendencia,False,,65,0.18620230892423015,26,17,13,36,66,38,1.7343202958173976,1.0756310912278177,2.5054002609662076,29
anchored,por_activo,25,2016-01-04,2018-07-31,2018-08-01,TSLA,Reversión,False,,75,1.373100091047514,10,70,10,38,66,12,1.6033488430156346,1.85531413507795,5.744265509263526,8
anchored,por_activo,25,2016-01-04,2018-07-31,2018-08-01,TSLA,Crisis,False,,69,-0.016455148880225492,29,62,11,37,77,20,2.311336580711562,2.150389763584997,5.752814879258498,36
anchored,por_activo,25,2016-01-04,2018-07-31,2018-08-01,META,Global,True,sin trials válidos: θ global de la ventana 23,0,-1000000000.0,19,51,8,30,64,11,1.5364901860770175,1.6217491733213882,1.2339845623094017,24
anchored,por_activo,25,2016-01-04,2018-07-31,2018-08-01,META,Tendencia,False,,80,2.0046278798847372,6,46,12,22,71,10,1.546146250722022,1.601574001143966,5.4077861476832645,34
anchored,por_activo,25,2016-01-04,2018-07-31,2018-08-01,META,Reversión,False,,66,1.2279627944147127,27,53,18,33,77,28,1.8582774685471188,1.0688770495645223,1.8372359556888034,30
anchored,por_activo,25,2016-01-04,2018-07-31,2018-08-01,META,Crisis,False,,73,0.9414012506741058,8,38,22,38,67,15,1.7111836960755664,2.9066395193404877,1.0965019626877426,33
anchored,por_activo,25,2016-01-04,2018-07-31,2018-08-01,NFLX,Global,True,sin trials válidos: θ global de la ventana 24,0,-1000000000.0,20,90,26,28,68,10,1.5564741858573572,2.867754125728502,4.458635020952661,10
anchored,por_activo,25,2016-01-04,2018-07-31,2018-08-01,NFLX,Tendencia,False,,66,0.5961103759433737,28,70,27,21,76,29,1.696400017936888,3.847224406344768,1.63819048963198,5
anchored,por_activo,25,2016-01-04,2018-07-31,2018-08-01,NFLX,Reversión,False,,32,3.334785463749591,15,54,7,37,80,36,1.5962974402081684,2.19252626035866,2.9999260137737176,22
anchored,por_activo,25,2016-01-04,2018-07-31,2018-08-01,NFLX,Crisis,False,,65,0.24796811151782144,28,84,11,22,68,32,1.8373987218118195,1.392259215964199,2.1251889360179987,37
anchored,por_activo,25,2016-01-04,2018-07-31,2018-08-01,GOOGL,Global,True,sin trials válidos: θ global de la ventana 24,0,-1000000000.0,20,55,25,20,71,22,1.5693927766548352,1.978324824878434,2.269782423024103,17
anchored,por_activo,25,2016-01-04,2018-07-31,2018-08-01,GOOGL,Tendencia,False,,53,1.2165893790835776,22,90,26,38,61,38,2.4062134835260087,3.957019238562687,1.2486918606107325,9
anchored,por_activo,25,2016-01-04,2018-07-31,2018-08-01,GOOGL,Reversión,False,,70,3.5280658208717415,10,64,24,21,70,15,1.9941841887270995,1.1296116837821677,1.8424077451254863,16
anchored,por_activo,25,2016-01-04,2018-07-31,2018-08-01,GOOGL,Crisis,False,,60,4.959174423161497,30,80,19,38,74,38,1.5855445345185704,2.7653030836526233,1.9090762357768396,9
anchored,por_activo,26,2016-01-04,2018-08-31,2018-09-04,NVDA,Global,False,,28,3.774376073564737,26,92,7,40,65,29,2.9694137567303382,2.0335123334188245,3.6253928554878594,13
anchored,por_activo,26,2016-01-04,2018-08-31,2018-09-04,NVDA,Tendencia,False,,81,1.9452531673775124,28,34,9,21,62,11,1.7904607528970042,2.725486582098832,1.274660439762009,15
anchored,por_activo,26,2016-01-04,2018-08-31,2018-09-04,NVDA,Reversión,False,,73,3.674746666510794,28,22,17,36,77,12,1.6396378106084728,3.0393347410232643,5.605543350257198,10
anchored,por_activo,26,2016-01-04,2018-08-31,2018-09-04,NVDA,Crisis,False,,70,2.1154193966175634,29,88,9,32,65,33,1.8442896615760398,1.1428716084358757,5.411784412086414,40
anchored,por_activo,26,2016-01-04,2018-08-31,2018-09-04,AMZN,Global,True,sin trials válidos: θ global de la ventana 25,0,-1000000000.0,27,94,7,39,80,34,2.2861746805474503,1.4704521823914916,1.1528968066664442,28
anchored,por_activo,26,2016-01-04,2018-08-31,2018-09-04,AMZN,Tendencia,False,,73,0.5518666930668323,29,20,16,38,78,34,2.0068262075775385,3.04057559422136,2.6109103303708494,40
anchored,por_activo,26,2016-01-04,2018-08-31,2018-09-04,AMZN,Reversión,False,,56,3.553749223849294,8,16,8,40,66,13,1.7477561188556776,3.7802740279034754,4.118373102436039,36
anchored,por_activo,26,2016-01-04,2018-08-31,2018-09-04,AMZN,Crisis,False,,60,1.732461216071226,6,66,8,24,62,31,1.691344562547016,2.59288937458691,4.254366346894731,6
anchored,por_activo,26,2016-01-04,2018-08-31,2018-09-04,TSLA,Global,False,,56,0.1569376807375631,20,93,8,27,61,13,1.8110892838836814,2.8968194139098933,2.1618807983396127,20
anchored,por_activo,26,2016-01-04,2018-08-31,2018-09-04,TSLA,Tendencia,False,,77,1.185860029493684,28,89,10,28,68,10,2.1666512639606896,3.865865824233521,3.100091688465667,28
anchored,por_activo,26,2016-01-04,2018-08-31,2018-09-04,TSLA,Reversión,False,,59,1.463645056268089,22,26,8,21,61,11,2.873252499609367,1.1767134484544224,2.0042322069425023,34
anchored,por_activo,26,2016-01-04,2018-08-31,2018-09-04,TSLA,Crisis,False,,62,-0.01822583798206106,27,90,14,38,74,35,2.645452193515725,3.3512069260120163,3.6997720736399637,18
anchored,por_activo,26,2016-01-04,2018-08-31,2018-09-04,META,Global,False,,67,0.2550398563903706,29,48,27,35,66,11,1.5492274390206928,1.207485574926669,5.583560680562364,38
anchored,por_activo,26,2016-01-04,2018-08-31,2018-09-04,META,Tendencia,False,,69,-0.05216469146894709,27,91,7,38,65,22,2.8423104895491336,1.3236301402199222,1.7933856630690994,30
anchored,por_activo,26,2016-01-04,2018-08-31,2018-09-04,META,Reversión,False,,69,3.2217017922449545,8,95,8,37,79,25,2.875073489401655,2.0235270673236014,3.785965402372652,10
anchored,por_activo,26,2016-01-04,2018-08-31,2018-09-04,META,Crisis,False,,65,0.7872939274025358,12,85,26,24,68,12,1.6008544729739238,2.601934349561845,5.512733405519618,7
anchored,por_activo,26,2016-01-04,2018-08-31,2018-09-04,NFLX,Global,False,,37,0.16608960292289504,16,42,8,38,76,14,1.6755735365048823,1.40709010832076,1.5166109592377097,16
anchored,por_activo,26,2016-01-04,2018-08-31,2018-09-04,NFLX,Tendencia,False,,79,1.7550145158017323,28,75,11,30,70,16,2.4650647199848477,3.8897080604880543,1.995626550963742,7
anchored,por_activo,26,2016-01-04,2018-08-31,2018-09-04,NFLX,Reversión,False,,62,6.929188930811969,29,92,17,32,70,11,1.7592090484195557,3.040945850296487,5.403083136214491,11
anchored,por_activo,26,2016-01-04,2018-08-31,2018-09-04,NFLX,Crisis,False,,62,0.5038733784642929,29,77,9,25,66,32,2.0051437436767205,1.5318292374546183,5.56256968392825,27
anchored,por_activo,26,2016-01-04,2018-08-31,2018-09-04,GOOGL,Global,False,,39,1.8640000759277786,6,90,8,40,75,38,2.6195147615704477,2.0993172665835456,1.9973925482480297,36
anchored,por_activo,26,2016-01-04,2018-08-31,2018-09-04,GOOGL,Tendencia,False,,65,2.4131043506773873,8,93,26,38,69,21,1.5546755196423474,2.5918563242570882,3.8335711197860998,37
anchored,por_activo,26,2016-01-04,2018-08-31,2018-09-04,GOOGL,Reversión,False,,65,2.542660702894008,18,82,20,25,68,23,1.5746257433727164,3.62030642051243,2.2382132126799297,35
anchored,por_activo,26,2016-01-04,2018-08-31,2018-09-04,GOOGL,Crisis,False,,47,1.0233036051782425,11,16,13,25,61,16,2.2434868310643377,2.6701699181690417,2.173678881009459,28
anchored,por_activo,27,2016-01-04,2018-09-28,2018-10-01,NVDA,Global,True,sin trials válidos: θ global de la ventana 26,0,-1000000000.0,26,92,7,40,65,29,2.9694137567303382,2.0335123334188245,3.6253928554878594,13
anchored,por_activo,27,2016-01-04,2018-09-28,2018-10-01,NVDA,Tendencia,False,,88,1.9848237994904883,12,26,16,26,77,12,1.973193356086312,2.189494170569925,1.1932563569563943,32
anchored,por_activo,27,2016-01-04,2018-09-28,2018-10-01,NVDA,Reversión,False,,63,4.59796515935754,28,28,27,39,77,20,1.5566017734871769,1.7884101997492972,5.698385289453746,12
anchored,por_activo,27,2016-01-04,2018-09-28,2018-10-01,NVDA,Crisis,False,,54,1.3520742893620437,8,92,8,38,76,11,2.9466074105621085,1.6315109541955604,1.9029372057713154,10
anchored,por_activo,27,2016-01-04,2018-09-28,2018-10-01,AMZN,Global,False,,50,1.3182133015752178,10,81,22,39,79,10,1.5134840860394763,1.458144956168555,5.791231450555138,27
anchored,por_activo,27,2016-01-04,2018-09-28,2018-10-01,AMZN,Tendencia,False,,79,0.803345955864304,6,94,28,28,72,11,1.7042258951199225,1.7260991176464235,3.6900019004739235,39
anchored,por_activo,27,2016-01-04,2018-09-28,2018-10-01,AMZN,Reversión,False,,66,2.374492233681917,29,50,11,30,72,12,1.8975479035697964,1.311404541226517,2.88596824951152,21
anchored,por_activo,27,2016-01-04,2018-09-28,2018-10-01,AMZN,Crisis,False,,63,2.548738973256128,13,16,22,25,76,16,1.5233257058119911,3.3761796741548227,1.6185915014800556,36
anchored,por_activo,27,2016-01-04,2018-09-28,2018-10-01,TSLA,Global,False,,58,-0.1366007018347823,11,54,9,22,60,11,1.6031890880819262,1.5063005353488634,4.415401905970882,10
anchored,por_activo,27,2016-01-04,2018-09-28,2018-10-01,TSLA,Tendencia,False,,73,1.0119093474254846,8,94,7,23,62,14,1.5973944199146444,2.882457828413179,2.777912843362717,34
anchored,por_activo,27,2016-01-04,2018-09-28,2018-10-01,TSLA,Reversión,False,,80,0.6916482514151052,11,86,8,32,74,14,1.657578419084012,3.1407114039333823,2.271666930684476,10
anchored,por_activo,27,2016-01-04,2018-09-28,2018-10-01,TSLA,Crisis,False,,51,0.2548677723895432,28,64,16,38,79,36,2.8683620796835356,2.52361570254001,4.2627342713734855,36
anchored,por_activo,27,2016-01-04,2018-09-28,2018-10-01,META,Global,True,sin trials válidos: θ global de la ventana 26,0,-1000000000.0,29,48,27,35,66,11,1.5492274390206928,1.207485574926669,5.583560680562364,38
anchored,por_activo,27,2016-01-04,2018-09-28,2018-10-01,META,Tendencia,False,,61,0.8260067312901539,8,28,27,26,67,13,1.5441758346740664,2.852571464455056,5.255415927477236,24
anchored,por_activo,27,2016-01-04,2018-09-28,2018-10-01,META,Reversión,False,,66,1.8982261965347982,17,50,8,37,77,38,1.9824073557740216,1.9508590670957648,1.6518333881434346,6
anchored,por_activo,27,2016-01-04,2018-09-28,2018-10-01,META,Crisis,False,,63,1.1306488604514335,12,22,27,31,78,17,1.937525116566781,2.2661823996552704,2.6805062019987433,35
anchored,por_activo,27,2016-01-04,2018-09-28,2018-10-01,NFLX,Global,False,,13,0.32732050319843037,30,54,8,39,60,29,2.642379611652445,3.8178674782878774,2.5111969752401464,7
anchored,por_activo,27,2016-01-04,2018-09-28,2018-10-01,NFLX,Tendencia,False,,61,0.9638941364633092,16,64,21,24,67,15,2.247901203735685,2.3785029405374747,5.493871592353811,40
anchored,por_activo,27,2016-01-04,2018-09-28,2018-10-01,NFLX,Reversión,False,,70,3.1151405086612383,23,47,26,25,70,13,1.6169385920736405,2.2891499234240023,2.9328419303645434,24
anchored,por_activo,27,2016-01-04,2018-09-28,2018-10-01,NFLX,Crisis,False,,76,0.7654094742855768,19,50,8,36,62,12,1.5482291498910308,2.9682153227741264,2.4065954747075446,5
anchored,por_activo,27,2016-01-04,2018-09-28,2018-10-01,GOOGL,Global,True,sin trials válidos: θ global de la ventana 26,0,-1000000000.0,6,90,8,40,75,38,2.6195147615704477,2.0993172665835456,1.9973925482480297,36
anchored,por_activo,27,2016-01-04,2018-09-28,2018-10-01,GOOGL,Tendencia,False,,60,2.977094922995769,18,16,12,22,62,12,1.963617494815694,3.5273167932988967,4.1906945445403565,38
anchored,por_activo,27,2016-01-04,2018-09-28,2018-10-01,GOOGL,Reversión,False,,67,1.5312586779017132,28,75,13,39,76,39,1.6716751813742223,2.0974907741170874,2.0246577784419943,8
anchored,por_activo,27,2016-01-04,2018-09-28,2018-10-01,GOOGL,Crisis,False,,78,2.0440179087407535,29,95,22,36,72,40,1.6506983954115833,3.481826454303601,3.18969228565179,34
anchored,por_activo,28,2016-01-04,2018-10-31,2018-11-01,NVDA,Global,False,,14,1.1656158140510449,24,68,20,38,74,10,1.5305079835815738,3.5157380092768515,1.5571718968466566,32
anchored,por_activo,28,2016-01-04,2018-10-31,2018-11-01,NVDA,Tendencia,False,,86,1.6900016213821318,21,85,15,21,79,11,1.7337248191770487,3.2839441979960045,5.330331883058937,29
anchored,por_activo,28,2016-01-04,2018-10-31,2018-11-01,NVDA,Reversión,False,,59,4.658158107842801,28,42,8,39,70,12,1.702018712706355,3.412247083771607,3.6935868509057723,30
anchored,por_activo,28,2016-01-04,2018-10-31,2018-11-01,NVDA,Crisis,False,,64,0.843477687734284,28,71,8,34,77,40,2.3649523180158,3.104823834110316,2.7066884283557204,10
anchored,por_activo,28,2016-01-04,2018-10-31,2018-11-01,AMZN,Global,False,,54,0.8909681749789959,24,88,8,39,66,17,1.6634493171363012,1.4343028060570848,1.5319270116837984,33
anchored,por_activo,28,2016-01-04,2018-10-31,2018-11-01,AMZN,Tendencia,False,,82,1.0610439509493168,9,26,14,36,77,11,1.6257133638423469,1.8229676591863397,4.508448703686637,20
anchored,por_activo,28,2016-01-04,2018-10-31,2018-11-01,AMZN,Reversión,False,,63,3.1224209070109246,28,70,28,36,78,13,1.6559471394989036,2.2600042124417885,2.7523428971154784,6
anchored,por_activo,28,2016-01-04,2018-10-31,2018-11-01,AMZN,Crisis,False,,59,0.701751463892189,20,28,10,30,62,12,2.0046747400787486,3.0654168139812006,5.6305190083043595,9
anchored,por_activo,28,2016-01-04,2018-10-31,2018-11-01,TSLA,Global,False,,55,0.0271711803616172,28,72,23,37,78,10,1.8902866021599132,1.4365956391339967,1.70308433748476,13
anchored,por_activo,28,2016-01-04,2018-10-31,2018-11-01,TSLA,Tendencia,False,,83,1.4913779174452986,17,79,8,37,61,22,2.0214136738350286,2.656345463967939,1.885547983650864,35
anchored,por_activo,28,2016-01-04,2018-10-31,2018-11-01,TSLA,Reversión,False,,60,1.105758544547206,7,72,8,38,76,20,2.9514524539096056,2.5161001496883624,3.107828599947109,24
anchored,por_activo,28,2016-01-04,2018-10-31,2018-11-01,TSLA,Crisis,False,,59,-0.04986752681915514,24,18,9,28,62,15,2.7408727755764746,1.4178630244646486,4.406874669403679,37
anchored,por_activo,28,2016-01-04,2018-10-31,2018-11-01,META,Global,False,,68,0.6594030234659783,12,89,14,31,68,11,1.5593297158783022,1.509060743901654,5.59288312201853,9
anchored,por_activo,28,2016-01-04,2018-10-31,2018-11-01,META,Tendencia,False,,71,0.10684402808960806,20,72,21,30,74,36,2.113153202704337,3.616430012253005,5.435571845638777,39
anchored,por_activo,28,2016-01-04,2018-10-31,2018-11-01,META,Reversión,False,,65,1.5072106966688683,28,87,13,24,78,27,1.6245872445227172,1.942403134641676,5.6643746210898565,24
anchored,por_activo,28,2016-01-04,2018-10-31,2018-11-01,META,Crisis,False,,70,1.2183250977962656,6,44,20,26,76,11,1.5188137767391656,3.03554393567801,4.979072229220574,7
anchored,por_activo,28,2016-01-04,2018-10-31,2018-11-01,NFLX,Global,False,,52,0.7198284127629969,28,38,18,34,61,10,1.6416263426938924,2.173254562395855,4.3083633075164816,10
anchored,por_activo,28,2016-01-04,2018-10-31,2018-11-01,NFLX,Tendencia,False,,62,2.110390635775203,25,77,8,25,80,14,2.419311424175851,2.3796710032345345,1.5310990757215293,10
anchored,por_activo,28,2016-01-04,2018-10-31,2018-11-01,NFLX,Reversión,False,,69,7.8896677548513905,12,98,16,38,77,13,1.6015933044545663,3.1263126751370875,4.827453847331507,10
anchored,por_activo,28,2016-01-04,2018-10-31,2018-11-01,NFLX,Crisis,False,,71,0.6190167112203055,24,70,24,23,78,10,1.6974388202563815,3.5707706855052885,1.2043047814075045,24
anchored,por_activo,28,2016-01-04,2018-10-31,2018-11-01,GOOGL,Global,False,,36,1.4654497041878447,12,94,8,35,60,37,2.8714443480499967,1.123565756672841,5.312290744572855,26
anchored,por_activo,28,2016-01-04,2018-10-31,2018-11-01,GOOGL,Tendencia,False,,74,3.5801596382832837,11,78,12,30,69,12,2.0165393705555745,3.2992812076394196,4.3906312700877965,34
anchored,por_activo,28,2016-01-04,2018-10-31,2018-11-01,GOOGL,Reversión,False,,81,2.0311832593869865,14,93,8,30,79,25,1.6184832860414664,1.296054984059947,2.168131503513328,32
anchored,por_activo,28,2016-01-04,2018-10-31,2018-11-01,GOOGL,Crisis,False,,69,1.4169000497345858,6,31,16,36,74,16,1.9079133185559682,2.5902627411819092,1.6367797578236507,27
anchored,por_activo,29,2016-01-04,2018-11-30,2018-12-03,NVDA,Global,False,,50,1.937342827664582,7,62,15,23,79,11,1.7470633401649514,1.159930634497177,2.586348386468619,35
anchored,por_activo,29,2016-01-04,2018-11-30,2018-12-03,NVDA,Tendencia,False,,92,0.4445728638125711,24,34,22,40,78,32,1.6956123049130194,2.1335572916459737,2.300603052718161,5
anchored,por_activo,29,2016-01-04,2018-11-30,2018-12-03,NVDA,Reversión,False,,52,4.95399125989142,22,94,10,25,72,11,1.7111460305188628,2.2312864637247323,5.749270211709674,14
anchored,por_activo,29,2016-01-04,2018-11-30,2018-12-03,NVDA,Crisis,False,,69,1.2240047109476384,29,72,21,34,79,36,1.8912283185321441,2.806954481424159,4.964371283250991,40
anchored,por_activo,29,2016-01-04,2018-11-30,2018-12-03,AMZN,Global,True,sin trials válidos: θ global de la ventana 28,0,-1000000000.0,24,88,8,39,66,17,1.6634493171363012,1.4343028060570848,1.5319270116837984,33
anchored,por_activo,29,2016-01-04,2018-11-30,2018-12-03,AMZN,Tendencia,False,,83,1.215970190824429,28,57,8,29,66,34,2.3349766664099234,3.687232070255101,1.2092658502509104,5
anchored,por_activo,29,2016-01-04,2018-11-30,2018-12-03,AMZN,Reversión,False,,1,0.2586433617407447,19,57,8,40,68,29,1.8646743459004527,1.827157204006154,1.809100812266479,24
anchored,por_activo,29,2016-01-04,2018-11-30,2018-12-03,AMZN,Crisis,False,,67,6.043856319212382,28,88,12,31,78,13,2.7660715504333453,1.1344396249717164,1.4547098899766484,38
anchored,por_activo,29,2016-01-04,2018-11-30,2018-12-03,TSLA,Global,False,,48,-0.003251931377764424,13,12,20,39,71,12,1.5758552533937102,2.0989863641091557,1.864290727079867,9
anchored,por_activo,29,2016-01-04,2018-11-30,2018-12-03,TSLA,Tendencia,False,,75,0.36090901336973386,7,84,27,20,72,15,2.215410009630089,2.5605525232529516,2.3707117652749314,32
anchored,por_activo,29,2016-01-04,2018-11-30,2018-12-03,TSLA,Reversión,False,,68,1.5108661588086272,27,31,26,38,67,12,2.1187882057650507,3.301358925761297,2.2278659181445084,36
anchored,por_activo,29,2016-01-04,2018-11-30,2018-12-03,TSLA,Crisis,False,,70,0.16307245521760363,7,32,10,39,78,14,1.543748052691328,1.8570340301641357,4.63988546509996,11
anchored,por_activo,29,2016-01-04,2018-11-30,2018-12-03,META,Global,False,,24,0.2699662131586493,29,61,7,39,65,18,2.984685658327617,1.6169746109628524,4.0801103986225495,12
anchored,por_activo,29,2016-01-04,2018-11-30,2018-12-03,META,Tendencia,False,,85,0.5790997294425284,28,86,27,22,74,34,2.015805205736821,3.6002899070455743,4.089552363062627,37
anchored,por_activo,29,2016-01-04,2018-11-30,2018-12-03,META,Reversión,False,,65,0.7793704394100033,29,13,26,38,61,16,1.7950765322615816,1.73576273155051,2.0220339750307197,10
anchored,por_activo,29,2016-01-04,2018-11-30,2018-12-03,META,Crisis,False,,72,1.8645417910373057,6,86,21,38,74,14,1.747451587185437,2.24521604185993,3.628842116162261,6
anchored,por_activo,29,2016-01-04,2018-11-30,2018-12-03,NFLX,Global,True,sin trials válidos: θ global de la ventana 28,0,-1000000000.0,28,38,18,34,61,10,1.6416263426938924,2.173254562395855,4.3083633075164816,10
anchored,por_activo,29,2016-01-04,2018-11-30,2018-12-03,NFLX,Tendencia,False,,63,0.7286785016994202,18,54,11,24,78,17,2.3443937652630678,3.8454641511905416,2.12070920372596,15
anchored,por_activo,29,2016-01-04,2018-11-30,2018-12-03,NFLX,Reversión,False,,76,2.343102810327399,16,72,26,21,60,12,1.6483336759994787,2.6238168448933745,3.2901505772431734,32
anchored,por_activo,29,2016-01-04,2018-11-30,2018-12-03,NFLX,Crisis,False,,64,1.009023407327425,13,66,8,39,60,33,2.633863148408769,1.307465178403511,1.9636697304777972,11
anchored,por_activo,29,2016-01-04,2018-11-30,2018-12-03,GOOGL,Global,False,,60,1.505059933395154,22,92,16,37,66,12,1.771186599821175,1.1440404823355297,3.889521974360523,39
anchored,por_activo,29,2016-01-04,2018-11-30,2018-12-03,GOOGL,Tendencia,False,,57,0.23146471423379555,28,45,8,23,78,22,2.5727224678725995,1.0711467232073506,3.9173388980006307,22
anchored,por_activo,29,2016-01-04,2018-11-30,2018-12-03,GOOGL,Reversión,False,,66,1.713281031929889,30,59,9,29,65,21,2.063194570325192,1.3374803967249276,1.6814675127116883,6
anchored,por_activo,29,2016-01-04,2018-11-30,2018-12-03,GOOGL,Crisis,False,,69,2.336800892066279,27,13,24,37,67,13,1.9804089313057427,2.5574676915078496,1.468221061014364,15
anchored,por_activo,30,2016-01-04,2018-12-31,2019-01-02,NVDA,Global,True,sin trials válidos: θ global de la ventana 29,0,-1000000000.0,7,62,15,23,79,11,1.7470633401649514,1.159930634497177,2.586348386468619,35
anchored,por_activo,30,2016-01-04,2018-12-31,2019-01-02,NVDA,Tendencia,False,,74,5.190865414494315,7,86,24,30,79,11,1.748672742844791,1.6449769478272938,5.46421843288951,24
anchored,por_activo,30,2016-01-04,2018-12-31,2019-01-02,NVDA,Reversión,False,,68,0.6422051007965134,25,94,13,24,79,11,2.1901451802403216,2.6665628259222958,4.851788375578959,36
anchored,por_activo,30,2016-01-04,2018-12-31,2019-01-02,NVDA,Crisis,False,,71,0.8988338460966341,14,14,10,38,66,26,2.075815016246255,1.661070257905536,2.9500850943090637,15
anchored,por_activo,30,2016-01-04,2018-12-31,2019-01-02,AMZN,Global,False,,53,1.0862294676094055,22,34,22,38,78,12,1.5786392892633638,2.049525633326804,2.9922873697954313,6
anchored,por_activo,30,2016-01-04,2018-12-31,2019-01-02,AMZN,Tendencia,False,,75,1.8054207310711248,6,60,26,38,78,11,1.7857696669480514,1.415642263891392,3.5515720685469905,36
anchored,por_activo,30,2016-01-04,2018-12-31,2019-01-02,AMZN,Reversión,False,,82,0.6807613065266187,24,96,9,29,67,27,2.034607010232565,1.091231840544446,1.1705868046804235,38
anchored,por_activo,30,2016-01-04,2018-12-31,2019-01-02,AMZN,Crisis,False,,55,3.059301481992275,17,57,26,33,62,12,1.9664763386174746,3.6550452690817874,4.835478149369318,12
anchored,por_activo,30,2016-01-04,2018-12-31,2019-01-02,TSLA,Global,False,,47,-0.09815824289964052,15,93,11,34,64,13,2.1252881676627107,1.1289268211433787,3.2691955437008478,36
anchored,por_activo,30,2016-01-04,2018-12-31,2019-01-02,TSLA,Tendencia,False,,65,1.0807251870410313,27,25,9,35,69,24,1.597642682883354,3.50209091771661,1.8729684831544051,26
anchored,por_activo,30,2016-01-04,2018-12-31,2019-01-02,TSLA,Reversión,False,,79,0.09618899485407902,25,87,22,22,61,39,2.4815413379247238,2.5031802351605625,5.358403282290658,33
anchored,por_activo,30,2016-01-04,2018-12-31,2019-01-02,TSLA,Crisis,False,,80,0.2677228296470462,16,44,26,26,66,16,2.1801144759861684,1.1336769018479143,3.0254786317844724,10
anchored,por_activo,30,2016-01-04,2018-12-31,2019-01-02,META,Global,False,,63,1.0924271721507373,26,82,8,37,74,11,1.7565631475818988,1.4730612780667278,4.174760483540633,7
anchored,por_activo,30,2016-01-04,2018-12-31,2019-01-02,META,Tendencia,False,,73,0.6845105136302919,29,74,16,38,64,27,1.7291176641604729,2.9245736612454394,5.827641020572894,24
anchored,por_activo,30,2016-01-04,2018-12-31,2019-01-02,META,Reversión,False,,33,1.1930425787289753,28,30,8,39,78,23,2.5820452017688496,1.2015003428019093,1.0872882870927012,10
anchored,por_activo,30,2016-01-04,2018-12-31,2019-01-02,META,Crisis,True,ningún trial cumple N_MIN,0,-1000000000.0,26,82,8,37,74,11,1.7565631475818988,1.4730612780667278,4.174760483540633,7
anchored,por_activo,30,2016-01-04,2018-12-31,2019-01-02,NFLX,Global,True,sin trials válidos: θ global de la ventana 28,0,-1000000000.0,28,38,18,34,61,10,1.6416263426938924,2.173254562395855,4.3083633075164816,10
anchored,por_activo,30,2016-01-04,2018-12-31,2019-01-02,NFLX,Tendencia,False,,72,1.401618479410043,16,23,9,31,68,18,1.7300167899536871,3.1502914655893797,2.3853315256942937,38
anchored,por_activo,30,2016-01-04,2018-12-31,2019-01-02,NFLX,Reversión,False,,70,1.2482284619353494,24,25,20,22,66,22,1.5888803800523177,3.6908783661593176,2.50088300401864,30
anchored,por_activo,30,2016-01-04,2018-12-31,2019-01-02,NFLX,Crisis,False,,13,0.04263032259702098,24,76,28,21,74,11,1.8177109207291255,3.1144061794766813,1.3559434373239396,26
anchored,por_activo,30,2016-01-04,2018-12-31,2019-01-02,GOOGL,Global,False,,39,1.2556634869373389,8,64,10,38,68,13,1.7211286826017147,1.1346250948592875,5.287745287862486,34
anchored,por_activo,30,2016-01-04,2018-12-31,2019-01-02,GOOGL,Tendencia,False,,72,1.6268394655258822,17,76,14,28,74,14,1.8963985207440903,3.8256864683069813,3.5634135031065757,30
anchored,por_activo,30,2016-01-04,2018-12-31,2019-01-02,GOOGL,Reversión,False,,80,3.9438896528265888,10,12,8,23,60,18,1.6850960954367464,3.6380519925441925,4.94811089971816,6
anchored,por_activo,30,2016-01-04,2018-12-31,2019-01-02,GOOGL,Crisis,False,,73,1.8604059530511168,27,56,8,40,64,26,1.5775850014253754,3.6342460555172225,5.4900205690689,32
anchored,por_activo,31,2016-01-04,2019-01-31,2019-02-01,NVDA,Global,False,,18,1.2051125301515182,21,88,8,40,66,40,2.436475121158824,1.7039183516436582,1.19283379017682,6
anchored,por_activo,31,2016-01-04,2019-01-31,2019-02-01,NVDA,Tendencia,False,,66,3.4819806588159983,10,17,11,34,61,13,1.8705678610043521,1.221733783647834,5.5134819303393074,9
anchored,por_activo,31,2016-01-04,2019-01-31,2019-02-01,NVDA,Reversión,False,,78,1.0533468926888634,20,94,7,34,76,27,1.5862405718920654,1.1269709337818463,3.186605853286535,22
anchored,por_activo,31,2016-01-04,2019-01-31,2019-02-01,NVDA,Crisis,False,,65,1.7755054610143757,26,63,19,38,74,21,2.1727856675550385,1.0191706197301984,4.588480011799707,10
anchored,por_activo,31,2016-01-04,2019-01-31,2019-02-01,AMZN,Global,True,sin trials válidos: θ global de la ventana 30,0,-1000000000.0,22,34,22,38,78,12,1.5786392892633638,2.049525633326804,2.9922873697954313,6
anchored,por_activo,31,2016-01-04,2019-01-31,2019-02-01,AMZN,Tendencia,False,,63,0.6254455007878879,30,82,10,39,75,32,1.7031587644457886,2.4042552011242426,4.898055755125775,9
anchored,por_activo,31,2016-01-04,2019-01-31,2019-02-01,AMZN,Reversión,False,,79,0.6565148043809678,29,13,7,35,61,27,2.937248529857169,1.4813332864045086,2.2011123666082515,36
anchored,por_activo,31,2016-01-04,2019-01-31,2019-02-01,AMZN,Crisis,False,,57,5.186018582457082,8,44,14,30,76,14,1.8224784183972336,1.9721869263921972,3.9247179846338947,30
anchored,por_activo,31,2016-01-04,2019-01-31,2019-02-01,TSLA,Global,True,sin trials válidos: θ global de la ventana 30,0,-1000000000.0,15,93,11,34,64,13,2.1252881676627107,1.1289268211433787,3.2691955437008478,36
anchored,por_activo,31,2016-01-04,2019-01-31,2019-02-01,TSLA,Tendencia,False,,59,0.5155258469934226,18,54,26,27,80,20,1.6276276123684226,2.051659793638402,5.767863419303358,28
anchored,por_activo,31,2016-01-04,2019-01-31,2019-02-01,TSLA,Reversión,False,,77,0.05385189669975225,26,20,8,21,62,34,2.314386923637019,1.3380204291679174,2.1882616999940794,13
anchored,por_activo,31,2016-01-04,2019-01-31,2019-02-01,TSLA,Crisis,False,,86,2.1420434488596096,20,82,20,40,62,34,1.9008084114450414,1.1764176772576214,1.8362735344489898,26
anchored,por_activo,31,2016-01-04,2019-01-31,2019-02-01,META,Global,True,sin trials válidos: θ global de la ventana 30,0,-1000000000.0,26,82,8,37,74,11,1.7565631475818988,1.4730612780667278,4.174760483540633,7
anchored,por_activo,31,2016-01-04,2019-01-31,2019-02-01,META,Tendencia,False,,77,0.6166731366087919,22,86,22,34,68,27,1.7000267612231008,2.50965444850482,5.688997753507643,21
anchored,por_activo,31,2016-01-04,2019-01-31,2019-02-01,META,Reversión,False,,71,1.4130553629309184,29,36,7,40,71,14,1.7429733048417215,3.8083483242611935,1.7545859504610113,14
anchored,por_activo,31,2016-01-04,2019-01-31,2019-02-01,META,Crisis,True,ningún trial cumple N_MIN,0,-1000000000.0,26,82,8,37,74,11,1.7565631475818988,1.4730612780667278,4.174760483540633,7
anchored,por_activo,31,2016-01-04,2019-01-31,2019-02-01,NFLX,Global,True,sin trials válidos: θ global de la ventana 28,0,-1000000000.0,28,38,18,34,61,10,1.6416263426938924,2.173254562395855,4.3083633075164816,10
anchored,por_activo,31,2016-01-04,2019-01-31,2019-02-01,NFLX,Tendencia,False,,72,1.63059895384796,8,76,27,38,71,11,1.6191688903532049,2.27483180237932,2.3275621546732412,30
anchored,por_activo,31,2016-01-04,2019-01-31,2019-02-01,NFLX,Reversión,False,,67,0.9576535475232806,28,20,14,39,70,15,1.6172074340549296,1.0609954690726122,2.3789642493408816,40
anchored,por_activo,31,2016-01-04,2019-01-31,2019-02-01,NFLX,Crisis,False,,74,0.20230907349596378,12,64,8,36,76,27,1.6874282814861157,2.7797361872090445,5.4216834209142455,34
anchored,por_activo,31,2016-01-04,2019-01-31,2019-02-01,GOOGL,Global,False,,23,1.1532481102970535,27,79,7,35,63,37,2.4968481939874887,1.3958804309559096,5.584545512309476,10
anchored,por_activo,31,2016-01-04,2019-01-31,2019-02-01,GOOGL,Tendencia,False,,72,1.7678943928992257,24,68,12,22,68,15,1.9584420139746128,1.1474054420869741,3.970065739273073,20
anchored,por_activo,31,2016-01-04,2019-01-31,2019-02-01,GOOGL,Reversión,False,,70,3.5926832576868377,25,14,7,23,61,38,1.8102684121199675,2.067357164607444,3.922448230825704,9
anchored,por_activo,31,2016-01-04,2019-01-31,2019-02-01,GOOGL,Crisis,False,,72,1.2858403299068437,20,90,17,30,63,18,1.616659182586972,2.7648698241424756,5.497099730257789,19
anchored,por_activo,32,2016-01-04,2019-02-28,2019-03-01,NVDA,Global,True,sin trials válidos: θ global de la ventana 31,0,-1000000000.0,21,88,8,40,66,40,2.436475121158824,1.7039183516436582,1.19283379017682,6
anchored,por_activo,32,2016-01-04,2019-02-28,2019-03-01,NVDA,Tendencia,False,,71,3.263017266655546,26,92,28,34,77,10,1.5736214910621282,1.7882310439768565,4.726549666058176,11
anchored,por_activo,32,2016-01-04,2019-02-28,2019-03-01,NVDA,Reversión,False,,55,0.996541746829864,15,95,11,34,60,36,2.2148959053091315,1.2821989229211264,5.950956567549948,40
anchored,por_activo,32,2016-01-04,2019-02-28,2019-03-01,NVDA,Crisis,False,,81,1.143795839038616,16,17,19,29,79,28,1.6463662037208557,1.105420091618569,3.238708868899766,17
anchored,por_activo,32,2016-01-04,2019-02-28,2019-03-01,AMZN,Global,False,,54,1.07049578116102,26,16,26,27,71,12,1.697636752288665,1.235202449029913,3.1831729527438037,22
anchored,por_activo,32,2016-01-04,2019-02-28,2019-03-01,AMZN,Tendencia,False,,71,1.9210163503313002,27,78,16,28,80,12,1.675550260327811,1.366056236398557,4.56834779777759,28
anchored,por_activo,32,2016-01-04,2019-02-28,2019-03-01,AMZN,Reversión,False,,68,1.826656843889743,26,22,26,30,70,11,1.552603065657642,2.6554408308474433,5.034969003765821,9
anchored,por_activo,32,2016-01-04,2019-02-28,2019-03-01,AMZN,Crisis,False,,68,3.3756676818152336,15,70,7,39,68,29,1.8429398579258716,1.8307257068649856,4.908505671299926,13
anchored,por_activo,32,2016-01-04,2019-02-28,2019-03-01,TSLA,Global,False,,58,0.047801519691696416,7,82,13,40,76,12,1.572942843625488,1.8068615944479292,1.8152190086866513,26
anchored,por_activo,32,2016-01-04,2019-02-28,2019-03-01,TSLA,Tendencia,False,,56,1.3066654799512272,13,74,7,22,70,15,1.5733681129064956,3.304662329393194,4.031604270099232,22
anchored,por_activo,32,2016-01-04,2019-02-28,2019-03-01,TSLA,Reversión,False,,63,0.20822880506385488,15,21,17,21,64,17,1.5767082080544799,1.8901479887253008,1.3397796185661337,35
anchored,por_activo,32,2016-01-04,2019-02-28,2019-03-01,TSLA,Crisis,False,,84,1.6239262770557696,29,76,10,32,76,35,1.7799329583634889,1.1536779404447457,1.8647711318262337,39
anchored,por_activo,32,2016-01-04,2019-02-28,2019-03-01,META,Global,True,sin trials válidos: θ global de la ventana 30,0,-1000000000.0,26,82,8,37,74,11,1.7565631475818988,1.4730612780667278,4.174760483540633,7
anchored,por_activo,32,2016-01-04,2019-02-28,2019-03-01,META,Tendencia,False,,75,0.5762561430169386,14,58,11,36,78,12,1.5858475076272274,3.9289966230462503,5.662726189336093,25
anchored,por_activo,32,2016-01-04,2019-02-28,2019-03-01,META,Reversión,False,,68,0.5380580216369552,29,42,8,28,61,14,1.839760637349367,2.52952308534396,1.0502420748416923,38
anchored,por_activo,32,2016-01-04,2019-02-28,2019-03-01,META,Crisis,False,,62,1.1037377379108029,21,96,7,37,62,37,2.26256915226831,3.813215401387659,2.8087775742489742,14
anchored,por_activo,32,2016-01-04,2019-02-28,2019-03-01,NFLX,Global,False,,48,0.11400443801242326,23,56,7,40,60,24,1.7040319222038354,1.6136146863685161,3.803560995451789,38
anchored,por_activo,32,2016-01-04,2019-02-28,2019-03-01,NFLX,Tendencia,False,,62,1.0369794618983192,28,65,14,32,62,19,1.5215799415758358,3.6127054628315585,3.364691873130722,39
anchored,por_activo,32,2016-01-04,2019-02-28,2019-03-01,NFLX,Reversión,False,,62,1.113907346729958,29,92,20,31,61,36,1.996542000960633,2.8075072509051933,4.191138526072464,6
anchored,por_activo,32,2016-01-04,2019-02-28,2019-03-01,NFLX,Crisis,False,,67,-0.04110523565352724,25,47,8,22,64,21,2.775943208704828,1.1492843865029185,3.4305625882911737,5
anchored,por_activo,32,2016-01-04,2019-02-28,2019-03-01,GOOGL,Global,False,,61,1.690784669114903,28,58,9,39,70,19,1.7236286635858824,2.078801205029174,2.196401276002988,8
anchored,por_activo,32,2016-01-04,2019-02-28,2019-03-01,GOOGL,Tendencia,False,,70,1.2634995067384922,28,27,26,27,74,21,1.7719525622873438,3.849334039481025,2.0653274456947814,26
anchored,por_activo,32,2016-01-04,2019-02-28,2019-03-01,GOOGL,Reversión,False,,53,1.5517065332065059,23,22,22,39,62,12,1.8498694668933693,2.060302123998198,1.1176008238593356,40
anchored,por_activo,32,2016-01-04,2019-02-28,2019-03-01,GOOGL,Crisis,False,,77,1.043818146484646,28,78,10,31,62,26,1.744487804458874,2.782147604434541,2.549939563655549,6
anchored,por_activo,33,2016-01-04,2019-03-29,2019-04-01,NVDA,Global,False,,1,0.3679097790327313,20,75,15,40,77,16,1.8093892304627424,1.003064634225999,3.94096729391151,17
anchored,por_activo,33,2016-01-04,2019-03-29,2019-04-01,NVDA,Tendencia,False,,69,3.636092647001413,9,74,13,35,73,12,1.820991488316023,1.4318253242154737,4.9174539242350335,38
anchored,por_activo,33,2016-01-04,2019-03-29,2019-04-01,NVDA,Reversión,False,,67,1.1293422262747828,27,86,27,36,74,38,1.5725148833128708,1.125153607005861,2.2480361688157324,7
anchored,por_activo,33,2016-01-04,2019-03-29,2019-04-01,NVDA,Crisis,False,,85,1.4979259319860727,27,96,10,39,76,25,2.350279881209772,1.6267777949765332,2.096044080132824,8
anchored,por_activo,33,2016-01-04,2019-03-29,2019-04-01,AMZN,Global,False,,23,0.597309298707408,29,95,8,38,63,22,2.874726887910889,2.1364817661939397,5.1223344183522315,9
anchored,por_activo,33,2016-01-04,2019-03-29,2019-04-01,AMZN,Tendencia,False,,9,1.3142009481061268,15,99,8,33,67,20,2.5873321928690225,3.2993355370115864,1.0531021282730837,34
anchored,por_activo,33,2016-01-04,2019-03-29,2019-04-01,AMZN,Reversión,False,,69,0.2057178560558267,26,96,9,40,72,10,2.1163254136239966,3.610156438215989,2.253453895575482,38
anchored,por_activo,33,2016-01-04,2019-03-29,2019-04-01,AMZN,Crisis,False,,25,2.6070615147737675,15,72,7,38,79,29,1.542924349745448,3.3434334457222374,1.3579960004632652,36
anchored,por_activo,33,2016-01-04,2019-03-29,2019-04-01,TSLA,Global,False,,51,0.044780244150130946,11,80,18,36,64,14,1.5468801747248677,1.8048103658202832,1.9880736049783974,38
anchored,por_activo,33,2016-01-04,2019-03-29,2019-04-01,TSLA,Tendencia,False,,50,0.9692843939074808,27,45,8,31,71,13,2.5794929272577276,1.9972782801031719,1.5615356091829704,34
anchored,por_activo,33,2016-01-04,2019-03-29,2019-04-01,TSLA,Reversión,False,,71,-0.05196449490281291,10,80,13,39,73,11,1.6003262852545812,1.8812999998676045,5.368232791822669,30
anchored,por_activo,33,2016-01-04,2019-03-29,2019-04-01,TSLA,Crisis,False,,83,0.3966071984817622,21,73,26,39,74,18,1.8992006573787579,3.796817800777864,5.646524031049955,10
anchored,por_activo,33,2016-01-04,2019-03-29,2019-04-01,META,Global,True,sin trials válidos: θ global de la ventana 30,0,-1000000000.0,26,82,8,37,74,11,1.7565631475818988,1.4730612780667278,4.174760483540633,7
anchored,por_activo,33,2016-01-04,2019-03-29,2019-04-01,META,Tendencia,False,,74,0.5001592555658524,26,81,10,34,78,36,1.991891296656512,3.778657957387985,1.1327065166298245,10
anchored,por_activo,33,2016-01-04,2019-03-29,2019-04-01,META,Reversión,False,,70,1.0018121602712902,18,20,25,23,67,13,1.668185369266491,3.1737331654474215,1.0704815787002995,29
anchored,por_activo,33,2016-01-04,2019-03-29,2019-04-01,META,Crisis,False,,61,3.102248977071455,27,18,19,38,64,17,1.5704099329769359,2.4919775073621313,5.303403289363841,5
anchored,por_activo,33,2016-01-04,2019-03-29,2019-04-01,NFLX,Global,False,,2,-0.16921683159801662,28,85,7,22,60,38,2.001010416841587,1.001018041879452,2.8037323244927004,17
anchored,por_activo,33,2016-01-04,2019-03-29,2019-04-01,NFLX,Tendencia,False,,67,1.734470381895135,7,73,8,38,64,26,1.9966754399653204,2.3559675185673794,1.9299908187491737,31
anchored,por_activo,33,2016-01-04,2019-03-29,2019-04-01,NFLX,Reversión,False,,42,0.4706861832339942,27,66,24,21,62,26,1.9448661755515548,1.0132453349378308,1.7999604251476633,11
anchored,por_activo,33,2016-01-04,2019-03-29,2019-04-01,NFLX,Crisis,False,,83,0.05107096447572626,29,45,11,31,76,11,1.607481404354627,3.752226454256546,1.3030184315194084,16
anchored,por_activo,33,2016-01-04,2019-03-29,2019-04-01,GOOGL,Global,False,,72,1.4252927303666785,22,96,10,38,80,15,2.029613635781758,1.3567305376516505,2.006200761738839,13
anchored,por_activo,33,2016-01-04,2019-03-29,2019-04-01,GOOGL,Tendencia,False,,65,1.61878580960808,29,85,9,24,64,23,1.6070743023686183,2.600745129838656,2.0494310834331726,31
anchored,por_activo,33,2016-01-04,2019-03-29,2019-04-01,GOOGL,Reversión,False,,47,0.6607980791239412,26,17,8,27,61,19,2.5837744026665432,3.225743022532283,2.634201717605231,28
anchored,por_activo,33,2016-01-04,2019-03-29,2019-04-01,GOOGL,Crisis,False,,59,1.314215159812155,22,91,9,40,72,12,2.8863230747324273,3.2212033788381733,4.94196326486173,27
anchored,por_activo,34,2016-01-04,2019-04-30,2019-05-01,NVDA,Global,False,,1,0.48021204638752346,27,32,7,38,67,11,1.8247073795626045,2.4755463615666224,2.954642992988456,15
anchored,por_activo,34,2016-01-04,2019-04-30,2019-05-01,NVDA,Tendencia,False,,73,3.873449703605718,12,79,14,28,62,11,1.760192744774912,1.60990301323434,5.435435581862665,10
anchored,por_activo,34,2016-01-04,2019-04-30,2019-05-01,NVDA,Reversión,False,,58,1.0105584691072589,26,75,13,39,61,20,2.7656224248675096,1.420217955774348,2.1543137213248222,10
anchored,por_activo,34,2016-01-04,2019-04-30,2019-05-01,NVDA,Crisis,False,,87,0.7039199208051983,5,67,16,24,62,18,1.8275825528256662,1.7601755723237063,5.382673870532195,9
anchored,por_activo,34,2016-01-04,2019-04-30,2019-05-01,AMZN,Global,True,sin trials válidos: θ global de la ventana 33,0,-1000000000.0,29,95,8,38,63,22,2.874726887910889,2.1364817661939397,5.1223344183522315,9
anchored,por_activo,34,2016-01-04,2019-04-30,2019-05-01,AMZN,Tendencia,False,,66,0.6782154623857315,25,97,10,37,67,19,1.6455464177131378,1.430393037830197,5.3567576463783935,24
anchored,por_activo,34,2016-01-04,2019-04-30,2019-05-01,AMZN,Reversión,False,,59,0.2679108469095957,18,24,7,40,64,38,1.841635961943855,2.0995435295567635,3.4244755182763997,40
anchored,por_activo,34,2016-01-04,2019-04-30,2019-05-01,AMZN,Crisis,False,,59,3.5891267965793077,29,46,12,38,62,12,2.448618208983701,1.1964828771809124,1.5231634552835962,8
anchored,por_activo,34,2016-01-04,2019-04-30,2019-05-01,TSLA,Global,False,,35,0.5094531659517659,15,25,24,36,72,12,1.7312816402878872,1.29350919674854,2.6038568883771194,10
anchored,por_activo,34,2016-01-04,2019-04-30,2019-05-01,TSLA,Tendencia,False,,43,0.9915877179085215,16,96,9,38,76,12,2.350151633249481,3.762215196907296,4.021514319288663,29
anchored,por_activo,34,2016-01-04,2019-04-30,2019-05-01,TSLA,Reversión,False,,51,0.6075931958565547,7,25,7,35,60,11,2.761846258983179,1.3912748609850616,5.6245313311921885,12
anchored,por_activo,34,2016-01-04,2019-04-30,2019-05-01,TSLA,Crisis,False,,82,5.265331897265679,25,59,24,24,70,37,2.1390337333895806,1.1194626561597985,2.0470818605827885,38
anchored,por_activo,34,2016-01-04,2019-04-30,2019-05-01,META,Global,True,sin trials válidos: θ global de la ventana 30,0,-1000000000.0,26,82,8,37,74,11,1.7565631475818988,1.4730612780667278,4.174760483540633,7
anchored,por_activo,34,2016-01-04,2019-04-30,2019-05-01,META,Tendencia,False,,74,0.3832142262068536,15,14,23,30,68,11,1.5498679882100719,1.954203720878263,3.3553653552123937,23
anchored,por_activo,34,2016-01-04,2019-04-30,2019-05-01,META,Reversión,False,,37,0.4560273954587957,20,25,16,38,76,11,1.575713640274289,2.193776078191201,5.564767527918338,35
anchored,por_activo,34,2016-01-04,2019-04-30,2019-05-01,META,Crisis,False,,50,2.6394261024624384,7,70,27,37,79,12,1.5173361533601213,3.0734734603648852,4.91861326888216,7
anchored,por_activo,34,2016-01-04,2019-04-30,2019-05-01,NFLX,Global,False,,38,0.3002915705695496,26,24,7,36,65,17,2.1533436735452907,1.4666747615155988,2.409341348375012,10
anchored,por_activo,34,2016-01-04,2019-04-30,2019-05-01,NFLX,Tendencia,False,,73,1.8033031724155484,10,66,10,38,76,12,1.607871733350641,2.157972318070973,2.028350925701286,22
anchored,por_activo,34,2016-01-04,2019-04-30,2019-05-01,NFLX,Reversión,False,,50,2.475366100560701,29,45,7,36,77,15,1.9128816201505265,1.2170654275961814,2.2253749472118947,35
anchored,por_activo,34,2016-01-04,2019-04-30,2019-05-01,NFLX,Crisis,False,,79,0.03657239284767322,23,92,20,26,71,11,1.5761696948398918,3.3386485826327608,3.449601577851656,36
anchored,por_activo,34,2016-01-04,2019-04-30,2019-05-01,GOOGL,Global,False,,55,1.1572008109280694,26,18,10,40,78,10,1.7996905848127522,2.1310139766408587,2.0658326966566416,34
anchored,por_activo,34,2016-01-04,2019-04-30,2019-05-01,GOOGL,Tendencia,False,,73,0.9656960783931436,25,35,10,31,64,38,1.7267082693696265,1.1558109438616104,3.6578850873876565,34
anchored,por_activo,34,2016-01-04,2019-04-30,2019-05-01,GOOGL,Reversión,False,,63,1.1168078901712817,5,97,10,38,63,14,2.5662679873707144,1.2103368097092408,1.9484763065070496,31
anchored,por_activo,34,2016-01-04,2019-04-30,2019-05-01,GOOGL,Crisis,False,,58,1.4611681677333417,7,52,8,36,66,12,2.5515861822095003,2.690003906818932,4.592758849938779,16
anchored,por_activo,35,2016-01-04,2019-05-31,2019-06-03,NVDA,Global,False,,57,1.233818838762114,29,75,26,24,69,10,1.7712092497161391,1.2932812406657455,3.1659662648124836,10
anchored,por_activo,35,2016-01-04,2019-05-31,2019-06-03,NVDA,Tendencia,False,,73,4.342578688555343,6,96,26,26,64,13,1.9237019572144538,1.410906752777518,5.6452771499094325,26
anchored,por_activo,35,2016-01-04,2019-05-31,2019-06-03,NVDA,Reversión,False,,76,0.8541503825683816,28,86,21,30,72,18,1.6062800611222623,1.1064720092405134,5.584704237534966,39
anchored,por_activo,35,2016-01-04,2019-05-31,2019-06-03,NVDA,Crisis,False,,77,2.2595838387159195,16,22,12,24,74,16,2.2460685350918816,1.071409245866053,3.406671530322981,38
anchored,por_activo,35,2016-01-04,2019-05-31,2019-06-03,AMZN,Global,True,sin trials válidos: θ global de la ventana 33,0,-1000000000.0,29,95,8,38,63,22,2.874726887910889,2.1364817661939397,5.1223344183522315,9
anchored,por_activo,35,2016-01-04,2019-05-31,2019-06-03,AMZN,Tendencia,False,,74,1.2343338965242228,27,14,26,34,62,10,1.7344802276523255,1.4402584406582024,4.67683154762011,22
anchored,por_activo,35,2016-01-04,2019-05-31,2019-06-03,AMZN,Reversión,False,,71,1.6878534187670897,29,93,14,31,67,18,2.250573311536841,1.2934314113194634,4.694337380509653,7
anchored,por_activo,35,2016-01-04,2019-05-31,2019-06-03,AMZN,Crisis,False,,63,3.1285364011488515,20,57,27,24,67,20,1.6062008041200642,3.658421999631701,1.4711846086178646,5
anchored,por_activo,35,2016-01-04,2019-05-31,2019-06-03,TSLA,Global,True,sin trials válidos: θ global de la ventana 34,0,-1000000000.0,15,25,24,36,72,12,1.7312816402878872,1.29350919674854,2.6038568883771194,10
anchored,por_activo,35,2016-01-04,2019-05-31,2019-06-03,TSLA,Tendencia,False,,63,1.454592476648138,15,12,9,37,61,19,1.7687334806234136,2.9117673448577466,1.8255164598926412,17
anchored,por_activo,35,2016-01-04,2019-05-31,2019-06-03,TSLA,Reversión,False,,64,0.03446882050604167,20,23,15,27,69,12,1.5954609250949916,1.5756602645360909,1.4548874632266822,37
anchored,por_activo,35,2016-01-04,2019-05-31,2019-06-03,TSLA,Crisis,False,,88,0.5256432340522824,18,39,13,30,79,16,2.0040866492223444,1.2299042313171609,3.053537882573838,25
anchored,por_activo,35,2016-01-04,2019-05-31,2019-06-03,META,Global,False,,31,0.22197249676597242,29,60,17,32,75,12,1.5142155404828723,2.2613542249954017,1.0700730255744724,22
anchored,por_activo,35,2016-01-04,2019-05-31,2019-06-03,META,Tendencia,False,,72,0.19434365103525345,5,52,12,22,72,12,1.5952466137824701,1.7595765991961891,2.5850154245082058,26
anchored,por_activo,35,2016-01-04,2019-05-31,2019-06-03,META,Reversión,False,,47,0.34651384673039826,19,90,7,24,61,16,1.9556569443556175,1.756142901763001,5.659972085237322,35
anchored,por_activo,35,2016-01-04,2019-05-31,2019-06-03,META,Crisis,False,,64,0.2717581705591908,27,85,7,38,62,27,2.8185033149050085,1.659405858189217,3.8914640676261407,37
anchored,por_activo,35,2016-01-04,2019-05-31,2019-06-03,NFLX,Global,False,,24,0.3840102388133015,24,71,22,37,78,11,1.5894428989634546,1.2164548100433563,5.790214417087647,10
anchored,por_activo,35,2016-01-04,2019-05-31,2019-06-03,NFLX,Tendencia,False,,77,2.4275250832304667,6,94,8,40,70,39,1.6635768819854886,1.712565634148415,5.450496420231781,40
anchored,por_activo,35,2016-01-04,2019-05-31,2019-06-03,NFLX,Reversión,False,,58,0.4695701664799809,28,94,8,38,66,20,2.6930411856462078,3.6576852186389806,1.1335546215204038,24
anchored,por_activo,35,2016-01-04,2019-05-31,2019-06-03,NFLX,Crisis,False,,81,0.010993987762909628,27,25,10,31,64,10,1.5631462973743275,1.8220105101593962,1.1545298878080152,7
anchored,por_activo,35,2016-01-04,2019-05-31,2019-06-03,GOOGL,Global,False,,64,0.8025175564409732,23,18,8,25,65,11,1.7287897061244255,1.1785285416244355,3.2944234980948757,10
anchored,por_activo,35,2016-01-04,2019-05-31,2019-06-03,GOOGL,Tendencia,False,,64,1.5615158689812658,24,89,11,36,61,15,1.9580623987882781,2.6924110078678414,4.449004227751982,22
anchored,por_activo,35,2016-01-04,2019-05-31,2019-06-03,GOOGL,Reversión,False,,64,2.366404834661338,7,96,24,31,60,38,1.5771292007720483,1.0311913691356998,1.699941219551425,6
anchored,por_activo,35,2016-01-04,2019-05-31,2019-06-03,GOOGL,Crisis,False,,80,1.1071605095880714,24,95,9,39,62,24,1.7339131195123505,2.1452195516968757,3.13924187287276,27
anchored,por_activo,36,2016-01-04,2019-06-28,2019-07-01,NVDA,Global,False,,1,-0.06183621024526801,16,90,7,40,74,36,2.836616807243246,3.7462933661437043,2.2931449606727097,7
anchored,por_activo,36,2016-01-04,2019-06-28,2019-07-01,NVDA,Tendencia,False,,66,2.2760717438616442,11,72,27,39,79,13,1.9339869107059455,1.5839767957718864,4.3729949078342685,28
anchored,por_activo,36,2016-01-04,2019-06-28,2019-07-01,NVDA,Reversión,False,,79,0.8013897232056922,27,88,24,24,72,19,1.6202540005408022,2.3907428743526853,2.3953029773641266,22
anchored,por_activo,36,2016-01-04,2019-06-28,2019-07-01,NVDA,Crisis,False,,76,1.600894900718816,9,14,8,20,78,11,1.5701974143412278,3.0327968439267328,5.431312995832021,14
anchored,por_activo,36,2016-01-04,2019-06-28,2019-07-01,AMZN,Global,False,,36,0.9683062238051233,22,34,7,40,68,39,1.9268143462463436,1.066424481824638,5.526863977843138,24
anchored,por_activo,36,2016-01-04,2019-06-28,2019-07-01,AMZN,Tendencia,False,,70,1.0897518154910462,29,93,22,22,71,11,1.5538645441922412,2.935129029806044,1.389701396475862,22
anchored,por_activo,36,2016-01-04,2019-06-28,2019-07-01,AMZN,Reversión,False,,77,1.858174500898987,14,61,25,39,78,14,1.5764001399642065,1.6178516438963646,1.9817750122296443,9
anchored,por_activo,36,2016-01-04,2019-06-28,2019-07-01,AMZN,Crisis,False,,62,1.1657323407535451,13,62,7,40,60,16,2.113013567895431,3.5921191515670094,2.4584477812335797,20
anchored,por_activo,36,2016-01-04,2019-06-28,2019-07-01,TSLA,Global,False,,65,-0.02103770684730956,26,27,8,40,60,14,2.7149570425993557,1.5381392750815528,4.220073700776884,9
anchored,por_activo,36,2016-01-04,2019-06-28,2019-07-01,TSLA,Tendencia,False,,61,0.6529318610593057,16,68,7,27,77,21,1.7772239395761738,1.2756743704788658,5.6638890140984905,26
anchored,por_activo,36,2016-01-04,2019-06-28,2019-07-01,TSLA,Reversión,False,,62,0.3271001426850366,8,30,27,22,75,15,1.5834495269402025,1.9473519188296426,1.063631701355375,29
anchored,por_activo,36,2016-01-04,2019-06-28,2019-07-01,TSLA,Crisis,False,,82,0.28890067512134027,15,94,21,40,63,17,1.8780542036276846,1.1509269183730555,5.342292983247804,14
anchored,por_activo,36,2016-01-04,2019-06-28,2019-07-01,META,Global,False,,58,0.4864617716030405,18,38,25,22,73,10,1.5629533524406378,1.5759386491203216,1.528814024341398,8
anchored,por_activo,36,2016-01-04,2019-06-28,2019-07-01,META,Tendencia,False,,81,0.41606939490084466,28,44,24,21,70,11,1.6057042762384308,1.2331200286086723,4.565778247630732,21
anchored,por_activo,36,2016-01-04,2019-06-28,2019-07-01,META,Reversión,False,,51,2.2500527267195873,24,14,9,39,78,17,2.3789409201652005,1.363789079770371,3.7982405985186674,18
anchored,por_activo,36,2016-01-04,2019-06-28,2019-07-01,META,Crisis,False,,16,1.7053276437767493,9,66,22,32,61,11,1.6105987644959556,2.654719469552708,4.258755245312619,8
anchored,por_activo,36,2016-01-04,2019-06-28,2019-07-01,NFLX,Global,True,sin trials válidos: θ global de la ventana 35,0,-1000000000.0,24,71,22,37,78,11,1.5894428989634546,1.2164548100433563,5.790214417087647,10
anchored,por_activo,36,2016-01-04,2019-06-28,2019-07-01,NFLX,Tendencia,False,,67,1.4312812276329951,8,71,10,39,64,36,2.7969247562730257,1.4561595196691108,1.977954462829775,9
anchored,por_activo,36,2016-01-04,2019-06-28,2019-07-01,NFLX,Reversión,False,,53,2.122135204845336,18,92,19,20,62,22,1.6751734145940642,2.204354935696833,3.9086780279751805,6
anchored,por_activo,36,2016-01-04,2019-06-28,2019-07-01,NFLX,Crisis,False,,73,0.30139636239131146,18,94,20,28,76,11,1.5573454531852091,3.6294291678204225,3.7613799518311337,5
anchored,por_activo,36,2016-01-04,2019-06-28,2019-07-01,GOOGL,Global,False,,53,0.49555673061322986,8,78,7,39,68,12,2.701445126147801,1.100395665002512,2.15025663628467,29
anchored,por_activo,36,2016-01-04,2019-06-28,2019-07-01,GOOGL,Tendencia,False,,74,1.6673098723916029,28,34,24,22,76,16,2.0168903288660607,1.1829445282366085,2.207385710878078,23
anchored,por_activo,36,2016-01-04,2019-06-28,2019-07-01,GOOGL,Reversión,False,,49,3.7156745223298593,30,94,12,24,60,15,2.3029550458454366,3.1425720048985184,1.722095199773394,5
anchored,por_activo,36,2016-01-04,2019-06-28,2019-07-01,GOOGL,Crisis,False,,58,0.9866530777302216,9,21,26,28,72,10,1.574697152200331,3.344166849382346,1.7165166334508202,12
anchored,por_activo,37,2016-01-04,2019-07-31,2019-08-01,NVDA,Global,False,,31,0.6061832788363342,20,26,24,36,70,10,1.580125009983784,2.563276441375784,3.5347624957275885,10
anchored,por_activo,37,2016-01-04,2019-07-31,2019-08-01,NVDA,Tendencia,False,,68,1.5208031542272076,9,90,7,40,66,11,2.7161420873478654,2.302677912148913,5.793330220782433,39
anchored,por_activo,37,2016-01-04,2019-07-31,2019-08-01,NVDA,Reversión,False,,66,1.0432009645114568,28,70,27,29,72,38,1.9404522781404194,2.091750255409547,3.1434243810791624,35
anchored,por_activo,37,2016-01-04,2019-07-31,2019-08-01,NVDA,Crisis,False,,42,2.1348636291872043,8,18,24,22,79,12,2.1330952077238314,3.192645333439988,1.3738074158398514,21
anchored,por_activo,37,2016-01-04,2019-07-31,2019-08-01,AMZN,Global,True,sin trials válidos: θ global de la ventana 36,0,-1000000000.0,22,34,7,40,68,39,1.9268143462463436,1.066424481824638,5.526863977843138,24
anchored,por_activo,37,2016-01-04,2019-07-31,2019-08-01,AMZN,Tendencia,False,,61,0.7650178675895255,27,20,22,27,69,12,1.728280803413619,3.364380796175477,1.2409681884964276,34
anchored,por_activo,37,2016-01-04,2019-07-31,2019-08-01,AMZN,Reversión,False,,83,2.2249224994088834,28,17,15,24,68,12,1.6523226525291872,1.4788991364495196,3.7654591302555827,9
anchored,por_activo,37,2016-01-04,2019-07-31,2019-08-01,AMZN,Crisis,False,,71,0.9899468604515931,29,63,7,39,60,26,2.0814941683919486,2.5312744523206594,4.0531675876468745,24
anchored,por_activo,37,2016-01-04,2019-07-31,2019-08-01,TSLA,Global,False,,29,0.02653875613122504,14,49,7,39,75,26,2.5356367062972867,1.258623317739662,1.774225136912924,12
anchored,por_activo,37,2016-01-04,2019-07-31,2019-08-01,TSLA,Tendencia,False,,69,0.6274210097917506,25,96,9,38,79,37,2.054268427680493,2.963808765998616,2.6327998445181238,6
anchored,por_activo,37,2016-01-04,2019-07-31,2019-08-01,TSLA,Reversión,False,,73,0.10024050175353409,28,93,14,36,70,23,2.141122911602136,3.2794514439061757,2.403058592381208,19
anchored,por_activo,37,2016-01-04,2019-07-31,2019-08-01,TSLA,Crisis,False,,82,0.3143999793189045,16,94,16,23,64,13,1.8603682485922302,1.1465183636767207,3.070467092471652,34
anchored,por_activo,37,2016-01-04,2019-07-31,2019-08-01,META,Global,False,,53,0.7575461002033576,24,20,26,24,68,11,1.541459907131308,2.1013141220309755,1.1624663686998784,12
anchored,por_activo,37,2016-01-04,2019-07-31,2019-08-01,META,Tendencia,False,,61,0.29776300369077247,15,18,22,24,69,11,1.90495122545593,3.7010505610733957,1.1672816297128183,16
anchored,por_activo,37,2016-01-04,2019-07-31,2019-08-01,META,Reversión,False,,59,0.9270233846415374,22,96,25,24,74,14,1.839012753908973,1.737915175205229,4.259155784281544,22
anchored,por_activo,37,2016-01-04,2019-07-31,2019-08-01,META,Crisis,False,,42,2.01111665968776,10,81,9,39,79,11,1.6470405299218678,2.8141727172894244,4.377650837193741,7
anchored,por_activo,37,2016-01-04,2019-07-31,2019-08-01,NFLX,Global,False,,51,0.7807610980601978,28,57,12,35,68,14,1.6213794804843564,1.6661446537253535,2.0508626230628066,10
anchored,por_activo,37,2016-01-04,2019-07-31,2019-08-01,NFLX,Tendencia,False,,56,1.7239206088653003,20,59,9,39,69,38,1.816036253905449,2.329411772279066,4.163680952270013,30
anchored,por_activo,37,2016-01-04,2019-07-31,2019-08-01,NFLX,Reversión,False,,67,1.2042304196659672,21,67,28,21,72,31,1.757593301316335,3.5419738619040486,3.8065905366555963,35
anchored,por_activo,37,2016-01-04,2019-07-31,2019-08-01,NFLX,Crisis,False,,75,0.08833361227236639,24,48,18,38,74,11,1.5289602690938962,1.7517010379375857,2.3607966714863107,30
anchored,por_activo,37,2016-01-04,2019-07-31,2019-08-01,GOOGL,Global,False,,35,0.7918283371390256,27,98,7,39,67,38,1.527212511445148,2.205595529830112,1.9507046647258486,11
anchored,por_activo,37,2016-01-04,2019-07-31,2019-08-01,GOOGL,Tendencia,False,,47,0.876114311166254,27,77,15,32,69,17,1.8421431800459707,2.261545372704472,2.6723090621890724,25
anchored,por_activo,37,2016-01-04,2019-07-31,2019-08-01,GOOGL,Reversión,False,,78,1.1956479731841803,18,14,9,37,78,12,1.8265943307069152,1.2321154947480124,2.103663980184076,37
anchored,por_activo,37,2016-01-04,2019-07-31,2019-08-01,GOOGL,Crisis,False,,49,0.6204261043877635,23,20,7,39,67,32,2.108118119085212,2.8459727400439263,4.441242258301461,27
anchored,por_activo,38,2016-01-04,2019-08-30,2019-09-03,NVDA,Global,False,,49,0.45033147654051275,28,71,7,40,65,28,1.5066696651868696,1.9274267002107728,3.058211942725461,13
anchored,por_activo,38,2016-01-04,2019-08-30,2019-09-03,NVDA,Tendencia,False,,72,2.313126000584284,6,91,16,25,74,11,1.8072978877560493,1.7137587590557462,2.7365176740647406,27
anchored,por_activo,38,2016-01-04,2019-08-30,2019-09-03,NVDA,Reversión,False,,74,1.6025326678760816,28,66,12,22,79,20,1.7821585925052756,1.840128817354631,2.7885460595229903,38
anchored,por_activo,38,2016-01-04,2019-08-30,2019-09-03,NVDA,Crisis,False,,73,0.7420179046890356,25,98,11,23,79,11,1.7026976703847803,2.8676863495273053,1.491172667090198,34
anchored,por_activo,38,2016-01-04,2019-08-30,2019-09-03,AMZN,Global,False,,66,0.7912658078691757,29,29,9,38,75,11,1.7267976314787492,1.7075956320746282,1.9318979581758449,18
anchored,por_activo,38,2016-01-04,2019-08-30,2019-09-03,AMZN,Tendencia,False,,56,0.6386625047006187,15,22,10,29,77,12,1.779862309932319,2.914461854769584,4.323530675100725,32
anchored,por_activo,38,2016-01-04,2019-08-30,2019-09-03,AMZN,Reversión,False,,81,1.1584736835758058,29,15,9,22,65,12,2.0324224702436298,3.650279376352197,2.6463723575084757,7
anchored,por_activo,38,2016-01-04,2019-08-30,2019-09-03,AMZN,Crisis,False,,58,0.831733007227404,10,68,10,38,62,15,2.02086160698798,1.9881254902160481,1.8417701569704823,24
anchored,por_activo,38,2016-01-04,2019-08-30,2019-09-03,TSLA,Global,False,,41,-0.03348733972374172,27,95,26,37,60,12,1.773062929062506,2.9337781687517532,3.3303788033604977,10
anchored,por_activo,38,2016-01-04,2019-08-30,2019-09-03,TSLA,Tendencia,False,,75,1.4397812831300845,21,14,12,37,79,15,1.7582987932648177,3.8641946862515804,1.8495131221152834,12
anchored,por_activo,38,2016-01-04,2019-08-30,2019-09-03,TSLA,Reversión,False,,63,0.12103306468883501,15,67,7,39,64,38,1.8573898754601008,1.6450215882908217,1.213989767973203,33
anchored,por_activo,38,2016-01-04,2019-08-30,2019-09-03,TSLA,Crisis,False,,81,0.4694877931556643,21,93,17,39,62,16,1.959562261882811,2.6489357240372673,1.789622046576751,39
anchored,por_activo,38,2016-01-04,2019-08-30,2019-09-03,META,Global,True,sin trials válidos: θ global de la ventana 37,0,-1000000000.0,24,20,26,24,68,11,1.541459907131308,2.1013141220309755,1.1624663686998784,12
anchored,por_activo,38,2016-01-04,2019-08-30,2019-09-03,META,Tendencia,False,,80,0.4470806183596593,21,90,26,21,62,27,1.7002746844892962,1.2755949919408893,5.689526434727605,20
anchored,por_activo,38,2016-01-04,2019-08-30,2019-09-03,META,Reversión,False,,45,0.7346971524525296,27,84,8,27,62,35,2.5179960061463333,1.1337000588038255,5.46872116541896,34
anchored,por_activo,38,2016-01-04,2019-08-30,2019-09-03,META,Crisis,False,,51,2.4129338104940983,25,14,16,30,75,10,1.555960288505416,1.1151660994255124,2.634103545132166,31
anchored,por_activo,38,2016-01-04,2019-08-30,2019-09-03,NFLX,Global,True,sin trials válidos: θ global de la ventana 37,0,-1000000000.0,28,57,12,35,68,14,1.6213794804843564,1.6661446537253535,2.0508626230628066,10
anchored,por_activo,38,2016-01-04,2019-08-30,2019-09-03,NFLX,Tendencia,False,,53,1.4808059214128924,28,24,26,22,73,32,1.5561782566292224,1.5504412035085644,5.578553825466482,6
anchored,por_activo,38,2016-01-04,2019-08-30,2019-09-03,NFLX,Reversión,False,,47,0.8888960574458206,15,97,8,22,62,33,1.6939248831840317,2.8160807079671066,3.8038962002484755,17
anchored,por_activo,38,2016-01-04,2019-08-30,2019-09-03,NFLX,Crisis,False,,75,0.014748421006586444,28,98,10,27,66,11,1.6169974752511131,1.361966267885589,1.482685969888276,8
anchored,por_activo,38,2016-01-04,2019-08-30,2019-09-03,GOOGL,Global,False,,29,0.6238925255357709,27,86,7,39,62,39,1.7101091488585665,3.6630521126635527,5.181919983996944,5
anchored,por_activo,38,2016-01-04,2019-08-30,2019-09-03,GOOGL,Tendencia,False,,49,0.45467644414660174,28,73,13,22,60,19,1.848695152575896,2.629857181698168,5.523786869452547,24
anchored,por_activo,38,2016-01-04,2019-08-30,2019-09-03,GOOGL,Reversión,False,,72,0.7913249753095788,26,75,12,37,79,36,1.7181156586800537,3.549231622545297,1.8729776873003168,6
anchored,por_activo,38,2016-01-04,2019-08-30,2019-09-03,GOOGL,Crisis,False,,64,0.5736269536543329,29,41,26,21,62,29,1.5609669955090086,3.86855248991452,2.41053540261998,5
anchored,por_activo,39,2016-01-04,2019-09-30,2019-10-01,NVDA,Global,False,,10,0.16336520895752082,29,58,14,36,64,21,1.67244688026009,1.0202477440589885,3.77663912159393,23
anchored,por_activo,39,2016-01-04,2019-09-30,2019-10-01,NVDA,Tendencia,False,,73,1.164626206216409,10,84,8,40,78,16,2.1061059769678505,3.431293155100594,1.5186565996649433,12
anchored,por_activo,39,2016-01-04,2019-09-30,2019-10-01,NVDA,Reversión,False,,74,1.9998106424568263,26,82,25,36,70,23,1.9349858227025138,2.265880778061587,5.798859951643612,7
anchored,por_activo,39,2016-01-04,2019-09-30,2019-10-01,NVDA,Crisis,False,,76,1.140514536356651,17,22,23,21,78,10,1.7600700012945278,2.4462139100065414,5.872289608162777,14
anchored,por_activo,39,2016-01-04,2019-09-30,2019-10-01,AMZN,Global,False,,12,0.3692091388742807,7,93,28,35,72,12,1.521116832274066,1.367194322504937,2.845004960994821,30
anchored,por_activo,39,2016-01-04,2019-09-30,2019-10-01,AMZN,Tendencia,False,,52,0.9445141925988445,6,24,9,29,78,11,1.6531184975325526,1.622624112165898,3.0191290410419107,38
anchored,por_activo,39,2016-01-04,2019-09-30,2019-10-01,AMZN,Reversión,False,,78,1.3466562287207031,27,28,13,22,76,10,2.131518744883425,1.1157296230241016,3.892846712788632,36
anchored,por_activo,39,2016-01-04,2019-09-30,2019-10-01,AMZN,Crisis,False,,52,0.6160100762111353,16,62,25,35,64,18,1.554133595770308,2.026783537837124,5.869722709815492,13
anchored,por_activo,39,2016-01-04,2019-09-30,2019-10-01,TSLA,Global,False,,39,0.1721554077622517,12,74,10,38,79,18,1.7108627996969585,1.305048818140726,4.783323935392886,10
anchored,por_activo,39,2016-01-04,2019-09-30,2019-10-01,TSLA,Tendencia,False,,70,2.5254816755400964,14,17,9,21,70,12,1.8026006291509349,3.436732482883131,1.9889780197577809,24
anchored,por_activo,39,2016-01-04,2019-09-30,2019-10-01,TSLA,Reversión,False,,72,0.44203347819686395,23,96,13,28,66,24,2.220302377422267,2.3082475848047546,3.6932170030344498,20
anchored,por_activo,39,2016-01-04,2019-09-30,2019-10-01,TSLA,Crisis,False,,81,0.6086137967817393,11,55,26,31,73,12,1.8633811641688718,1.2402302770901314,2.2921661696371514,9
anchored,por_activo,39,2016-01-04,2019-09-30,2019-10-01,META,Global,False,,31,0.760543743053992,22,22,22,34,62,11,1.5480629687651062,1.2494631035198656,5.23856045562231,36
anchored,por_activo,39,2016-01-04,2019-09-30,2019-10-01,META,Tendencia,False,,81,0.7838601974615321,6,57,28,22,76,12,1.5482811313935056,1.1347053892146512,5.631786504941428,27
anchored,por_activo,39,2016-01-04,2019-09-30,2019-10-01,META,Reversión,False,,75,1.2277916757804872,16,96,12,34,78,14,1.93321581955043,1.2611564562651831,5.496779403616754,22
anchored,por_activo,39,2016-01-04,2019-09-30,2019-10-01,META,Crisis,False,,55,1.513946370833168,26,62,8,38,70,10,1.8679658232543241,1.2568777586598419,1.1552394967578898,14
anchored,por_activo,39,2016-01-04,2019-09-30,2019-10-01,NFLX,Global,True,sin trials válidos: θ global de la ventana 37,0,-1000000000.0,28,57,12,35,68,14,1.6213794804843564,1.6661446537253535,2.0508626230628066,10
anchored,por_activo,39,2016-01-04,2019-09-30,2019-10-01,NFLX,Tendencia,False,,71,1.4003635663298684,28,38,26,25,66,13,1.8562604056880558,1.8190872283488548,5.297091288704973,40
anchored,por_activo,39,2016-01-04,2019-09-30,2019-10-01,NFLX,Reversión,False,,68,1.2677668103841486,28,16,9,24,73,17,1.648030187256251,3.513017853017798,1.045746095498901,37
anchored,por_activo,39,2016-01-04,2019-09-30,2019-10-01,NFLX,Crisis,False,,67,0.05897447106446752,27,36,20,21,79,11,1.589423139077416,1.3841432361517807,3.273531084287142,36
anchored,por_activo,39,2016-01-04,2019-09-30,2019-10-01,GOOGL,Global,False,,60,1.3776443107942187,28,58,7,39,78,19,1.6823690192194585,2.0945575925439135,3.606424749956031,10
anchored,por_activo,39,2016-01-04,2019-09-30,2019-10-01,GOOGL,Tendencia,False,,70,0.6856560039015556,17,78,8,37,64,26,2.769766550697709,1.975668952180098,4.47882785678628,32
anchored,por_activo,39,2016-01-04,2019-09-30,2019-10-01,GOOGL,Reversión,False,,76,0.8841772076150181,28,32,8,24,64,32,1.6312129144940264,2.6431075649496654,1.309821944403513,6
anchored,por_activo,39,2016-01-04,2019-09-30,2019-10-01,GOOGL,Crisis,False,,72,0.49029712506864337,18,86,26,22,65,23,1.6062146676865325,1.1449095479465632,4.602235025902129,25
anchored,por_activo,40,2016-01-04,2019-10-31,2019-11-01,NVDA,Global,False,,52,0.3860861884967987,28,72,28,38,62,14,1.6587779141576737,1.4892371992003726,2.9750058499878334,34
anchored,por_activo,40,2016-01-04,2019-10-31,2019-11-01,NVDA,Tendencia,False,,71,1.2907141196805811,12,80,7,39,66,22,2.856857397114623,3.7396729486275553,4.412831215063711,12
anchored,por_activo,40,2016-01-04,2019-10-31,2019-11-01,NVDA,Reversión,False,,37,0.27711020087583715,20,94,8,24,64,10,2.8951827200080107,3.388235776114268,4.825078807885639,10
anchored,por_activo,40,2016-01-04,2019-10-31,2019-11-01,NVDA,Crisis,False,,59,0.5263222192556997,26,22,10,24,79,26,1.6588634969499165,3.852869246861215,2.959209303704151,7
anchored,por_activo,40,2016-01-04,2019-10-31,2019-11-01,AMZN,Global,False,,53,0.9429021653519851,23,26,22,39,78,12,1.6080420257340406,1.3133974791042937,5.802434650900483,20
anchored,por_activo,40,2016-01-04,2019-10-31,2019-11-01,AMZN,Tendencia,False,,73,0.9651501469053915,25,86,25,30,62,10,1.577720088921348,1.8473941072487585,2.7186450302128016,32
anchored,por_activo,40,2016-01-04,2019-10-31,2019-11-01,AMZN,Reversión,False,,61,1.8461200613399775,28,91,10,28,70,39,2.796100109042886,2.162398328587257,5.825090970521393,6
anchored,por_activo,40,2016-01-04,2019-10-31,2019-11-01,AMZN,Crisis,False,,57,1.3767348458726354,12,95,10,38,62,38,1.9844754798305653,3.847877338685358,1.2447393346180573,7
anchored,por_activo,40,2016-01-04,2019-10-31,2019-11-01,TSLA,Global,False,,53,-0.10400353300167967,22,68,10,23,72,13,1.7562169076858876,1.2642525236981101,3.1049288755558315,28
anchored,por_activo,40,2016-01-04,2019-10-31,2019-11-01,TSLA,Tendencia,False,,63,0.7168259776476109,11,46,26,34,72,15,1.561695052568048,2.7330376521624657,2.1723635848241676,38
anchored,por_activo,40,2016-01-04,2019-10-31,2019-11-01,TSLA,Reversión,False,,71,0.20803655742829572,10,74,8,36,62,12,2.7273281336693387,1.4446548403505308,5.488879972820788,10
anchored,por_activo,40,2016-01-04,2019-10-31,2019-11-01,TSLA,Crisis,False,,68,0.520998094585777,26,86,26,24,70,16,2.058715225984031,2.9198989373366686,5.714104668245056,13
anchored,por_activo,40,2016-01-04,2019-10-31,2019-11-01,META,Global,True,sin trials válidos: θ global de la ventana 39,0,-1000000000.0,22,22,22,34,62,11,1.5480629687651062,1.2494631035198656,5.23856045562231,36
anchored,por_activo,40,2016-01-04,2019-10-31,2019-11-01,META,Tendencia,False,,69,0.6000034387479718,30,74,13,35,73,17,1.6312811682450894,3.649393536499553,1.0501673190522431,11
anchored,por_activo,40,2016-01-04,2019-10-31,2019-11-01,META,Reversión,False,,68,1.2123906528424486,29,96,19,39,79,21,1.9327895819306005,1.2051090677761285,3.9186827596550313,10
anchored,por_activo,40,2016-01-04,2019-10-31,2019-11-01,META,Crisis,True,ningún trial cumple N_MIN,0,-1000000000.0,22,22,22,34,62,11,1.5480629687651062,1.2494631035198656,5.23856045562231,36
anchored,por_activo,40,2016-01-04,2019-10-31,2019-11-01,NFLX,Global,True,sin trials válidos: θ global de la ventana 37,0,-1000000000.0,28,57,12,35,68,14,1.6213794804843564,1.6661446537253535,2.0508626230628066,10
anchored,por_activo,40,2016-01-04,2019-10-31,2019-11-01,NFLX,Tendencia,False,,55,1.244896153561221,21,22,26,22,78,26,1.6723385844975391,1.82335541963067,1.9290209954974027,8
anchored,por_activo,40,2016-01-04,2019-10-31,2019-11-01,NFLX,Reversión,False,,62,2.070296364489175,28,17,8,39,65,19,2.300104185821416,3.7135637357092053,1.0285860969834348,38
anchored,por_activo,40,2016-01-04,2019-10-31,2019-11-01,NFLX,Crisis,False,,76,0.17093150752128844,30,94,11,29,73,11,1.6124576104533836,3.0681716323140114,2.144036058990062,29
anchored,por_activo,40,2016-01-04,2019-10-31,2019-11-01,GOOGL,Global,False,,44,0.35255955725764027,27,61,11,30,73,11,1.6141970919333386,2.6977502828184403,1.4884219377642653,7
anchored,por_activo,40,2016-01-04,2019-10-31,2019-11-01,GOOGL,Tendencia,False,,72,1.7150023402267789,18,94,26,22,60,14,1.9065946081901615,1.145014780070278,5.352465548845235,24
anchored,por_activo,40,2016-01-04,2019-10-31,2019-11-01,GOOGL,Reversión,False,,68,0.6696481603773087,24,49,25,25,73,10,1.7295133438183299,1.5622011639503381,4.381966222166388,17
anchored,por_activo,40,2016-01-04,2019-10-31,2019-11-01,GOOGL,Crisis,False,,53,0.8171076547638183,6,92,17,36,74,11,1.523070604081099,2.638464825642072,4.222299642762536,14
anchored,por_activo,41,2016-01-04,2019-11-29,2019-12-02,NVDA,Global,False,,47,0.9494162129300341,16,95,23,40,63,11,1.6668050310335922,2.190678516495012,1.0506273293242543,30
anchored,por_activo,41,2016-01-04,2019-11-29,2019-12-02,NVDA,Tendencia,False,,74,1.520896274260022,8,80,26,35,76,11,1.7070378914103062,3.5485332363304547,2.988318834157587,31
anchored,por_activo,41,2016-01-04,2019-11-29,2019-12-02,NVDA,Reversión,False,,76,1.3616798925735965,28,79,17,21,73,21,1.8072942345474963,1.5969741067436163,3.1957994678469768,36
anchored,por_activo,41,2016-01-04,2019-11-29,2019-12-02,NVDA,Crisis,False,,79,0.3266359621737378,28,63,25,38,64,28,1.7490886546585243,1.9128964418686185,2.4036714248250144,6
anchored,por_activo,41,2016-01-04,2019-11-29,2019-12-02,AMZN,Global,True,sin trials válidos: θ global de la ventana 40,0,-1000000000.0,23,26,22,39,78,12,1.6080420257340406,1.3133974791042937,5.802434650900483,20
anchored,por_activo,41,2016-01-04,2019-11-29,2019-12-02,AMZN,Tendencia,False,,38,0.362250273464534,29,28,26,24,62,24,1.7932027500809142,1.3162986037041748,5.14494710357694,28
anchored,por_activo,41,2016-01-04,2019-11-29,2019-12-02,AMZN,Reversión,False,,68,1.258267508519373,17,38,11,32,60,36,2.5411971115183234,1.4647386890748053,1.2047632054997917,6
anchored,por_activo,41,2016-01-04,2019-11-29,2019-12-02,AMZN,Crisis,False,,53,1.1578551378491535,14,54,12,20,78,11,1.8871511143255462,1.443207981454624,5.780302967271198,17
anchored,por_activo,41,2016-01-04,2019-11-29,2019-12-02,TSLA,Global,False,,40,-0.15375497522082618,28,93,7,40,65,36,2.3594257287428704,3.4422850732390975,2.2655602801219095,17
anchored,por_activo,41,2016-01-04,2019-11-29,2019-12-02,TSLA,Tendencia,False,,54,0.4399358538925222,12,14,27,34,70,14,1.6032257707034812,3.197132670384743,3.647529846451664,6
anchored,por_activo,41,2016-01-04,2019-11-29,2019-12-02,TSLA,Reversión,False,,70,0.06533288453579163,21,61,12,33,71,12,1.9042780210218695,2.260342184780048,2.302390542420918,38
anchored,por_activo,41,2016-01-04,2019-11-29,2019-12-02,TSLA,Crisis,False,,66,0.6166037380868183,28,79,27,28,75,36,2.080531757187189,1.088985635907235,4.465205460284938,12
anchored,por_activo,41,2016-01-04,2019-11-29,2019-12-02,META,Global,False,,1,0.1374792750223495,20,36,10,35,65,11,1.5788802770706372,2.5736152936805237,3.736073852569934,20
anchored,por_activo,41,2016-01-04,2019-11-29,2019-12-02,META,Tendencia,False,,74,0.204986423907784,28,34,28,24,72,14,1.531848977690522,1.976425360670795,3.2723239005487175,10
anchored,por_activo,41,2016-01-04,2019-11-29,2019-12-02,META,Reversión,False,,74,1.0250652278490324,18,46,7,24,77,16,1.8891426534358193,2.259684941066654,5.827861224497881,34
anchored,por_activo,41,2016-01-04,2019-11-29,2019-12-02,META,Crisis,False,,44,1.5748307645820123,6,90,21,32,63,11,1.606350311020751,1.138386883108455,2.5314014870543264,24
anchored,por_activo,41,2016-01-04,2019-11-29,2019-12-02,NFLX,Global,False,,40,0.08054399262374469,14,72,8,32,64,11,1.616952616571276,1.8860438258311616,2.234908174230839,10
anchored,por_activo,41,2016-01-04,2019-11-29,2019-12-02,NFLX,Tendencia,False,,79,0.9067420716527325,22,92,16,36,70,11,1.7636717765136705,3.7154316821193882,5.459908900668644,11
anchored,por_activo,41,2016-01-04,2019-11-29,2019-12-02,NFLX,Reversión,False,,58,0.8104273513575061,24,67,8,37,80,12,2.7146458455433096,1.1781644433859086,1.826621100805578,10
anchored,por_activo,41,2016-01-04,2019-11-29,2019-12-02,NFLX,Crisis,False,,66,0.15089549087605275,25,76,12,39,66,32,1.5929357408008724,3.8969119783712136,3.923366354521984,5
anchored,por_activo,41,2016-01-04,2019-11-29,2019-12-02,GOOGL,Global,False,,54,0.5039017097610108,16,90,10,38,61,37,1.547701289532544,1.1622024476187076,3.854710397739004,10
anchored,por_activo,41,2016-01-04,2019-11-29,2019-12-02,GOOGL,Tendencia,False,,71,0.7777832186039224,18,94,16,34,75,21,1.7610264187871507,2.2764738106922255,3.096479031696237,36
anchored,por_activo,41,2016-01-04,2019-11-29,2019-12-02,GOOGL,Reversión,False,,61,1.945330569328764,7,59,11,24,76,12,1.852005814909426,2.706301675246012,1.1245964799025319,28
anchored,por_activo,41,2016-01-04,2019-11-29,2019-12-02,GOOGL,Crisis,False,,61,0.5350839754841389,27,39,18,38,64,11,1.8658868525565768,3.124790339584551,1.5641662911864413,13
anchored,por_activo,42,2016-01-04,2019-12-31,2020-01-02,NVDA,Global,False,,1,-0.02602098522254363,26,97,22,33,75,20,1.6625741170615083,1.0279020271305461,1.848850833197497,9
anchored,por_activo,42,2016-01-04,2019-12-31,2020-01-02,NVDA,Tendencia,False,,75,2.4989752580172238,8,62,15,20,76,13,1.9210005981172547,1.6713062146397988,5.569065225852995,26
anchored,por_activo,42,2016-01-04,2019-12-31,2020-01-02,NVDA,Reversión,False,,68,1.0010024862321578,28,76,7,34,76,16,2.7321202782145066,3.350506489114848,3.4120963780534965,34
anchored,por_activo,42,2016-01-04,2019-12-31,2020-01-02,NVDA,Crisis,False,,79,0.6558249197543747,11,31,8,21,65,14,2.068791781281332,2.2301979866243755,3.137047042170595,6
anchored,por_activo,42,2016-01-04,2019-12-31,2020-01-02,AMZN,Global,False,,1,-0.13987095111135978,30,66,14,37,72,15,1.642330299060326,1.2338192304875109,3.8167141181881403,13
anchored,por_activo,42,2016-01-04,2019-12-31,2020-01-02,AMZN,Tendencia,False,,73,1.460087812088659,26,41,14,34,62,12,2.0563609576641317,3.491386385864022,1.134417804398661,9
anchored,por_activo,42,2016-01-04,2019-12-31,2020-01-02,AMZN,Reversión,False,,79,0.6456130679926172,28,94,20,35,78,26,2.1974250344504784,1.6357656833344183,3.458517430994689,16
anchored,por_activo,42,2016-01-04,2019-12-31,2020-01-02,AMZN,Crisis,False,,64,1.8122012612748546,22,19,10,21,64,17,1.6240208963814864,1.316848549317034,5.653827156739403,14
anchored,por_activo,42,2016-01-04,2019-12-31,2020-01-02,TSLA,Global,True,sin trials válidos: θ global de la ventana 41,0,-1000000000.0,28,93,7,40,65,36,2.3594257287428704,3.4422850732390975,2.2655602801219095,17
anchored,por_activo,42,2016-01-04,2019-12-31,2020-01-02,TSLA,Tendencia,False,,66,1.7788849570986067,9,22,27,38,64,12,1.8787330090759913,2.9727916839854434,2.132276376381198,28
anchored,por_activo,42,2016-01-04,2019-12-31,2020-01-02,TSLA,Reversión,False,,76,0.2662139863972342,24,56,16,37,64,18,1.5922247542989565,3.172930029011754,1.5025747951120005,12
anchored,por_activo,42,2016-01-04,2019-12-31,2020-01-02,TSLA,Crisis,False,,75,0.647883213218326,28,46,26,30,79,23,1.8556698989129414,3.379758951745487,1.769475533548734,20
anchored,por_activo,42,2016-01-04,2019-12-31,2020-01-02,META,Global,True,sin trials válidos: θ global de la ventana 41,0,-1000000000.0,20,36,10,35,65,11,1.5788802770706372,2.5736152936805237,3.736073852569934,20
anchored,por_activo,42,2016-01-04,2019-12-31,2020-01-02,META,Tendencia,False,,80,0.6096320802322046,16,19,8,38,76,20,1.6275195820144979,2.1770716638742194,3.861479985289031,8
anchored,por_activo,42,2016-01-04,2019-12-31,2020-01-02,META,Reversión,False,,72,0.5689763818055793,29,96,7,37,62,14,2.8994277090534677,1.378034950063089,5.41351081600803,30
anchored,por_activo,42,2016-01-04,2019-12-31,2020-01-02,META,Crisis,False,,42,2.3284123549915616,10,30,28,32,69,10,1.546380076505645,3.777347462463093,3.0669687767983542,34
anchored,por_activo,42,2016-01-04,2019-12-31,2020-01-02,NFLX,Global,False,,65,0.4468586060724258,28,67,12,24,62,10,1.5756474566109742,1.6241718628721578,4.236816365835128,10
anchored,por_activo,42,2016-01-04,2019-12-31,2020-01-02,NFLX,Tendencia,False,,37,1.312794706601089,8,48,8,38,79,26,2.2037900002263697,2.345559495839525,4.533241765075832,24
anchored,por_activo,42,2016-01-04,2019-12-31,2020-01-02,NFLX,Reversión,False,,70,1.2426713231320896,15,72,16,36,79,14,1.8128525129017583,2.796400686436659,1.1260352477366038,21
anchored,por_activo,42,2016-01-04,2019-12-31,2020-01-02,NFLX,Crisis,False,,70,-0.011486149696677234,11,83,21,24,72,11,1.6666319664555027,3.67167610265732,2.2307208715556976,12
anchored,por_activo,42,2016-01-04,2019-12-31,2020-01-02,GOOGL,Global,True,sin trials válidos: θ global de la ventana 41,0,-1000000000.0,16,90,10,38,61,37,1.547701289532544,1.1622024476187076,3.854710397739004,10
anchored,por_activo,42,2016-01-04,2019-12-31,2020-01-02,GOOGL,Tendencia,False,,56,0.4606114192615981,17,74,10,38,66,25,2.5105340447703606,2.6941340315852855,3.5932179189410487,26
anchored,por_activo,42,2016-01-04,2019-12-31,2020-01-02,GOOGL,Reversión,False,,74,1.0854684508448806,22,36,11,38,69,16,1.6430935104469693,3.7123726863498865,5.706677710087268,18
anchored,por_activo,42,2016-01-04,2019-12-31,2020-01-02,GOOGL,Crisis,False,,61,0.5131454322919511,21,33,10,39,77,17,1.5559681665746194,3.1841063554024593,5.307822303280235,13
anchored,por_activo,43,2016-01-04,2020-01-31,2020-02-03,NVDA,Global,True,sin trials válidos: θ global de la ventana 42,0,-1000000000.0,26,97,22,33,75,20,1.6625741170615083,1.0279020271305461,1.848850833197497,9
anchored,por_activo,43,2016-01-04,2020-01-31,2020-02-03,NVDA,Tendencia,False,,58,2.2368662235391046,6,20,9,23,78,10,1.8857458628817028,3.6792286627436983,5.140220364507632,29
anchored,por_activo,43,2016-01-04,2020-01-31,2020-02-03,NVDA,Reversión,False,,68,0.843468605405664,25,79,15,27,62,24,1.6127418779648484,1.610801460664171,5.522502052816141,26
anchored,por_activo,43,2016-01-04,2020-01-31,2020-02-03,NVDA,Crisis,False,,59,1.2198894447934634,28,95,10,33,78,23,1.9431035407244557,2.8647080407491905,4.583791383646583,5
anchored,por_activo,43,2016-01-04,2020-01-31,2020-02-03,AMZN,Global,False,,48,1.1046307755398188,16,64,28,29,73,11,1.581769728683547,2.2321230794660964,1.998687681294218,31
anchored,por_activo,43,2016-01-04,2020-01-31,2020-02-03,AMZN,Tendencia,False,,47,0.38658795299280224,27,65,23,24,77,32,1.6649575541182888,1.4255048161204802,1.3794228796065657,23
anchored,por_activo,43,2016-01-04,2020-01-31,2020-02-03,AMZN,Reversión,False,,72,0.9282573837044862,12,14,24,40,63,12,1.8871611137775475,3.5272783832382317,2.0022237555640126,20
anchored,por_activo,43,2016-01-04,2020-01-31,2020-02-03,AMZN,Crisis,False,,60,1.7790635025279484,19,11,21,38,62,14,1.5927317829911192,1.6741702925134234,1.6779273438504902,6
anchored,por_activo,43,2016-01-04,2020-01-31,2020-02-03,TSLA,Global,False,,65,0.13557162377534632,22,50,8,39,61,35,2.8924490755516934,1.3361193041866493,4.264540011667862,10
anchored,por_activo,43,2016-01-04,2020-01-31,2020-02-03,TSLA,Tendencia,False,,54,1.0441148858110292,16,66,10,34,79,23,1.8076805243160285,1.1102699038345971,5.815065644791979,12
anchored,por_activo,43,2016-01-04,2020-01-31,2020-02-03,TSLA,Reversión,False,,76,0.2685429105085469,28,22,14,38,66,19,1.566485710772915,1.9582660698166587,1.8174322755314511,34
anchored,por_activo,43,2016-01-04,2020-01-31,2020-02-03,TSLA,Crisis,False,,77,0.6668061753068258,24,44,17,38,72,26,1.7662004034296848,2.2373999223096117,5.006084380715716,13
anchored,por_activo,43,2016-01-04,2020-01-31,2020-02-03,META,Global,False,,46,0.5610268593170502,18,94,23,39,63,12,1.6851949220392153,1.5311428799121738,4.988770265095349,7
anchored,por_activo,43,2016-01-04,2020-01-31,2020-02-03,META,Tendencia,False,,64,0.6379132428063394,19,11,7,38,60,35,2.024158805693306,2.246067754536046,5.654564839848666,8
anchored,por_activo,43,2016-01-04,2020-01-31,2020-02-03,META,Reversión,False,,51,0.9718431092240639,30,85,27,25,70,38,1.5405416564945775,1.7811450557588349,1.07924928231613,30
anchored,por_activo,43,2016-01-04,2020-01-31,2020-02-03,META,Crisis,False,,54,1.5815447272888654,25,89,10,21,78,17,1.534836439069081,1.521645076829708,3.2659373574910173,6
anchored,por_activo,43,2016-01-04,2020-01-31,2020-02-03,NFLX,Global,False,,41,0.4554378489095739,12,86,27,22,69,11,1.6227333069936023,2.002431190158064,4.162601770000022,9
anchored,por_activo,43,2016-01-04,2020-01-31,2020-02-03,NFLX,Tendencia,False,,65,2.2155849439188056,11,57,8,31,70,25,1.5757471061719919,1.4821190256884615,1.6630814738968567,23
anchored,por_activo,43,2016-01-04,2020-01-31,2020-02-03,NFLX,Reversión,False,,39,0.6546695847614225,14,98,7,27,75,33,1.5882233092845546,1.173198802616752,2.1135264133329907,25
anchored,por_activo,43,2016-01-04,2020-01-31,2020-02-03,NFLX,Crisis,False,,66,0.13167058267208262,28,55,19,25,80,32,1.634797584176574,2.979587297817647,2.0377343595834794,37
anchored,por_activo,43,2016-01-04,2020-01-31,2020-02-03,GOOGL,Global,True,sin trials válidos: θ global de la ventana 41,0,-1000000000.0,16,90,10,38,61,37,1.547701289532544,1.1622024476187076,3.854710397739004,10
anchored,por_activo,43,2016-01-04,2020-01-31,2020-02-03,GOOGL,Tendencia,False,,66,1.6850396260328195,24,88,17,28,61,14,1.892984504764775,1.2053869245865514,2.081123483846338,34
anchored,por_activo,43,2016-01-04,2020-01-31,2020-02-03,GOOGL,Reversión,False,,67,2.224546464998947,8,45,10,38,79,13,1.9190176881370844,3.0537848218404378,1.987651578362827,7
anchored,por_activo,43,2016-01-04,2020-01-31,2020-02-03,GOOGL,Crisis,False,,61,0.5903080701539203,19,94,7,40,64,11,2.535081909424656,2.4636683210240493,2.718179276852641,34
anchored,por_activo,44,2016-01-04,2020-02-28,2020-03-02,NVDA,Global,False,,65,0.7929089395337534,19,14,23,26,65,10,1.8023093626066635,1.4288120261388486,3.5891004529761514,11
anchored,por_activo,44,2016-01-04,2020-02-28,2020-03-02,NVDA,Tendencia,False,,76,1.2551731584138375,24,76,24,26,70,11,1.8047739104174134,3.9070002498316208,4.150604785815795,12
anchored,por_activo,44,2016-01-04,2020-02-28,2020-03-02,NVDA,Reversión,False,,62,0.6111551842025225,20,75,12,38,68,11,2.70909959975236,2.493388723446929,3.8434694473005924,7
anchored,por_activo,44,2016-01-04,2020-02-28,2020-03-02,NVDA,Crisis,False,,61,0.564509990794228,7,94,11,38,75,22,1.8365250247204936,1.3601344742307766,2.794850403949602,38
anchored,por_activo,44,2016-01-04,2020-02-28,2020-03-02,AMZN,Global,True,sin trials válidos: θ global de la ventana 43,0,-1000000000.0,16,64,28,29,73,11,1.581769728683547,2.2321230794660964,1.998687681294218,31
anchored,por_activo,44,2016-01-04,2020-02-28,2020-03-02,AMZN,Tendencia,False,,63,1.6801299207662175,15,98,13,23,76,11,1.8550497877546122,1.3472493405516832,4.858699676305561,30
anchored,por_activo,44,2016-01-04,2020-02-28,2020-03-02,AMZN,Reversión,False,,81,0.43553061277230554,26,14,10,20,64,12,1.6461050988451669,1.085470189287655,4.013276172934751,38
anchored,por_activo,44,2016-01-04,2020-02-28,2020-03-02,AMZN,Crisis,False,,66,1.3213577793413471,16,15,10,22,69,14,1.5290852750697337,2.002937626715298,5.399582096984251,16
anchored,por_activo,44,2016-01-04,2020-02-28,2020-03-02,TSLA,Global,True,sin trials válidos: θ global de la ventana 43,0,-1000000000.0,22,50,8,39,61,35,2.8924490755516934,1.3361193041866493,4.264540011667862,10
anchored,por_activo,44,2016-01-04,2020-02-28,2020-03-02,TSLA,Tendencia,False,,60,0.9057740993656295,15,34,8,38,63,38,1.6080605655474016,2.814068967727967,2.890190011929534,38
anchored,por_activo,44,2016-01-04,2020-02-28,2020-03-02,TSLA,Reversión,False,,66,0.15664387202947808,28,66,9,26,63,36,2.1076865838172028,3.0132569143503627,1.1605493085210616,37
anchored,por_activo,44,2016-01-04,2020-02-28,2020-03-02,TSLA,Crisis,False,,80,0.7334938280443541,10,94,26,23,62,12,1.8356037685682727,2.336451894920363,3.66007414645387,14
anchored,por_activo,44,2016-01-04,2020-02-28,2020-03-02,META,Global,False,,53,0.8389456256379434,29,45,16,20,78,12,1.5530722312932494,2.2006968021338977,4.959040057753834,8
anchored,por_activo,44,2016-01-04,2020-02-28,2020-03-02,META,Tendencia,False,,63,0.6169936214050495,17,93,10,37,65,38,2.9584165895284857,2.387661398010028,4.904265996157419,20
anchored,por_activo,44,2016-01-04,2020-02-28,2020-03-02,META,Reversión,False,,76,0.45527362912209207,28,94,9,31,64,16,1.7722594586341738,2.1441660177659765,5.652793077876902,32
anchored,por_activo,44,2016-01-04,2020-02-28,2020-03-02,META,Crisis,False,,13,1.0431652600756791,10,45,7,40,73,20,2.20578232092475,1.6873809324523974,5.2168766439644925,7
anchored,por_activo,44,2016-01-04,2020-02-28,2020-03-02,NFLX,Global,False,,39,0.08878201620197629,10,80,7,40,60,14,2.7333638327384273,1.5662453781388344,1.8773995469753604,19
anchored,por_activo,44,2016-01-04,2020-02-28,2020-03-02,NFLX,Tendencia,False,,77,1.682293915723058,17,81,24,40,78,12,1.7951621218202836,2.1060432430415417,5.080716320527822,31
anchored,por_activo,44,2016-01-04,2020-02-28,2020-03-02,NFLX,Reversión,False,,72,0.6645690739188957,16,80,18,40,78,12,1.8454666371712465,1.3528937716905438,3.5497040543591094,6
anchored,por_activo,44,2016-01-04,2020-02-28,2020-03-02,NFLX,Crisis,False,,53,0.21273976761054134,28,84,16,38,61,15,2.9568836559588974,1.975105709328067,4.567974706987966,5
anchored,por_activo,44,2016-01-04,2020-02-28,2020-03-02,GOOGL,Global,True,sin trials válidos: θ global de la ventana 41,0,-1000000000.0,16,90,10,38,61,37,1.547701289532544,1.1622024476187076,3.854710397739004,10
anchored,por_activo,44,2016-01-04,2020-02-28,2020-03-02,GOOGL,Tendencia,False,,47,0.3763204203724947,15,74,8,24,62,17,1.8655645527755276,1.1273815656091548,3.0326818955395187,9
anchored,por_activo,44,2016-01-04,2020-02-28,2020-03-02,GOOGL,Reversión,False,,52,0.8617655422189164,6,54,8,34,61,14,2.557213154631878,3.9073716376682346,2.0435074493262233,8
anchored,por_activo,44,2016-01-04,2020-02-28,2020-03-02,GOOGL,Crisis,False,,38,0.2599707136138202,8,55,8,26,60,10,2.456209872766272,3.5373330731461734,1.718272213411326,33
anchored,por_activo,45,2016-01-04,2020-03-31,2020-04-01,NVDA,Global,False,,57,0.7687974575756797,28,74,27,30,63,11,1.7538664587753063,1.266892534299365,5.1914837771305535,29
anchored,por_activo,45,2016-01-04,2020-03-31,2020-04-01,NVDA,Tendencia,False,,77,1.5036155280818413,26,96,16,36,64,14,1.8835224091643106,1.7244094157888963,4.486599413372952,11
anchored,por_activo,45,2016-01-04,2020-03-31,2020-04-01,NVDA,Reversión,False,,55,0.4790868127269408,11,18,16,22,68,13,1.703306124474369,3.770382639933633,1.4070861268626007,18
anchored,por_activo,45,2016-01-04,2020-03-31,2020-04-01,NVDA,Crisis,False,,60,1.04323066472901,12,26,10,38,62,14,2.324987794244962,3.6809597151265185,3.116234465956114,10
anchored,por_activo,45,2016-01-04,2020-03-31,2020-04-01,AMZN,Global,False,,52,0.856727410716598,14,90,9,28,63,12,1.585765473455909,2.5639767260211674,5.170561503384293,7
anchored,por_activo,45,2016-01-04,2020-03-31,2020-04-01,AMZN,Tendencia,False,,58,0.536347074466532,5,89,22,23,62,12,1.9813639165882715,1.6632728089433573,2.8805887628829776,10
anchored,por_activo,45,2016-01-04,2020-03-31,2020-04-01,AMZN,Reversión,False,,81,0.533638306399926,26,29,22,31,64,12,1.846496370354752,3.542591979014512,4.237388893372341,8
anchored,por_activo,45,2016-01-04,2020-03-31,2020-04-01,AMZN,Crisis,False,,51,3.548244479053131,14,43,8,40,68,20,2.633154687140599,1.601136652107068,1.5199809495674634,29
anchored,por_activo,45,2016-01-04,2020-03-31,2020-04-01,TSLA,Global,False,,33,-0.03271099478137286,12,49,7,38,62,11,2.8875207647490706,3.2583331965049185,1.7494238008551464,8
anchored,por_activo,45,2016-01-04,2020-03-31,2020-04-01,TSLA,Tendencia,False,,42,0.33600474676757774,6,42,23,32,66,13,1.7301606614251437,2.8355930469947306,4.480013116684062,29
anchored,por_activo,45,2016-01-04,2020-03-31,2020-04-01,TSLA,Reversión,False,,76,0.37689281712749906,12,68,8,39,62,17,1.643169164471734,1.5176358118111803,4.823281952261617,10
anchored,por_activo,45,2016-01-04,2020-03-31,2020-04-01,TSLA,Crisis,False,,65,1.4590888073469102,29,95,21,40,64,11,2.594358264422353,1.820422374910943,1.892898619602048,9
anchored,por_activo,45,2016-01-04,2020-03-31,2020-04-01,META,Global,True,sin trials válidos: θ global de la ventana 44,0,-1000000000.0,29,45,16,20,78,12,1.5530722312932494,2.2006968021338977,4.959040057753834,8
anchored,por_activo,45,2016-01-04,2020-03-31,2020-04-01,META,Tendencia,False,,74,0.1999662760294538,10,96,27,23,78,12,1.6067091521398829,1.590230392353658,2.5392287200498767,8
anchored,por_activo,45,2016-01-04,2020-03-31,2020-04-01,META,Reversión,False,,71,0.5875433151380204,6,84,13,22,70,16,1.793880640852063,3.851088056512251,3.975177056419354,14
anchored,por_activo,45,2016-01-04,2020-03-31,2020-04-01,META,Crisis,False,,62,1.2337083481400735,14,86,8,38,78,16,1.6782513317493808,3.60556838769437,4.362403964618165,38
anchored,por_activo,45,2016-01-04,2020-03-31,2020-04-01,NFLX,Global,False,,57,0.6484245038683087,26,68,24,37,62,14,1.6710288780848066,1.373248478481265,2.309140252708791,10
anchored,por_activo,45,2016-01-04,2020-03-31,2020-04-01,NFLX,Tendencia,False,,76,0.9722540711267215,29,76,28,28,68,11,1.6734087521274867,3.7990488354632803,5.416535801543677,11
anchored,por_activo,45,2016-01-04,2020-03-31,2020-04-01,NFLX,Reversión,False,,71,1.27503378303721,12,13,19,33,63,15,1.617484812992651,3.2265614700984395,1.2074582321376421,34
anchored,por_activo,45,2016-01-04,2020-03-31,2020-04-01,NFLX,Crisis,False,,80,0.059667729701309395,22,92,28,28,78,10,1.555835045754455,1.7103274566211524,1.2925337507295358,14
anchored,por_activo,45,2016-01-04,2020-03-31,2020-04-01,GOOGL,Global,False,,30,-0.07910761924488162,8,84,8,31,62,32,1.608218313326265,1.2809828282721678,2.181896184014732,19
anchored,por_activo,45,2016-01-04,2020-03-31,2020-04-01,GOOGL,Tendencia,False,,68,0.9919210629827228,10,83,10,25,72,10,1.7218952127504437,3.7850750273807443,1.9478166771326042,34
anchored,por_activo,45,2016-01-04,2020-03-31,2020-04-01,GOOGL,Reversión,False,,69,1.241900565122336,17,95,21,21,71,11,1.7622756552896348,1.2381742022182143,1.9154993507092057,24
anchored,por_activo,45,2016-01-04,2020-03-31,2020-04-01,GOOGL,Crisis,False,,65,0.5872823405982325,18,89,9,32,62,38,1.6677172227098644,2.6869179140131485,2.848075565286282,6
anchored,por_activo,46,2016-01-04,2020-04-30,2020-05-01,NVDA,Global,False,,12,0.10683035293173242,9,89,7,40,63,10,2.533502061413201,2.6460873682729966,5.810690725473544,6
anchored,por_activo,46,2016-01-04,2020-04-30,2020-05-01,NVDA,Tendencia,False,,71,1.4427003018962414,28,71,27,22,61,15,2.221130058008629,1.5071619521527344,3.9061297735616174,31
anchored,por_activo,46,2016-01-04,2020-04-30,2020-05-01,NVDA,Reversión,False,,61,0.3049961702231127,26,12,25,28,63,14,1.9090488245907478,3.0689270500850854,3.3229586266786826,23
anchored,por_activo,46,2016-01-04,2020-04-30,2020-05-01,NVDA,Crisis,False,,32,0.5006504156495227,24,18,14,38,66,10,1.8352263342447457,3.300674617958858,1.5958132638114746,26
anchored,por_activo,46,2016-01-04,2020-04-30,2020-05-01,AMZN,Global,True,sin trials válidos: θ global de la ventana 45,0,-1000000000.0,14,90,9,28,63,12,1.585765473455909,2.5639767260211674,5.170561503384293,7
anchored,por_activo,46,2016-01-04,2020-04-30,2020-05-01,AMZN,Tendencia,False,,74,0.6346877318549125,26,32,28,31,78,12,1.782705937028632,2.5902010471183416,3.458020844968363,15
anchored,por_activo,46,2016-01-04,2020-04-30,2020-05-01,AMZN,Reversión,False,,72,0.8706229724525815,10,83,20,40,64,29,1.651638365516838,1.3397663335728716,2.1566619691372706,30
anchored,por_activo,46,2016-01-04,2020-04-30,2020-05-01,AMZN,Crisis,False,,61,0.886318318344944,26,72,11,20,60,29,2.100199524643864,1.0655019477906862,5.8588681100891575,14
anchored,por_activo,46,2016-01-04,2020-04-30,2020-05-01,TSLA,Global,False,,62,0.08257479712760919,28,84,10,27,66,12,1.7500532875807435,2.747200670572703,2.229778803562735,10
anchored,por_activo,46,2016-01-04,2020-04-30,2020-05-01,TSLA,Tendencia,False,,76,0.16985030361665968,30,72,15,29,68,20,1.658862309534452,1.196167498658029,4.100114725201735,34
anchored,por_activo,46,2016-01-04,2020-04-30,2020-05-01,TSLA,Reversión,False,,58,0.15230545188427194,25,76,16,38,79,12,1.9467261549287431,1.5959078710792338,3.276702135100966,34
anchored,por_activo,46,2016-01-04,2020-04-30,2020-05-01,TSLA,Crisis,False,,65,1.5935511373189306,28,43,9,37,71,27,1.7377439330043385,1.1603442349037087,2.300278784680579,35
anchored,por_activo,46,2016-01-04,2020-04-30,2020-05-01,META,Global,False,,31,0.4571272881833143,15,74,7,38,66,20,2.630037324220786,2.1923085800044912,2.23913689127414,8
anchored,por_activo,46,2016-01-04,2020-04-30,2020-05-01,META,Tendencia,False,,76,0.23452876811709433,20,98,10,40,76,11,2.6573226387835467,1.1611149666645315,5.219191020203767,18
anchored,por_activo,46,2016-01-04,2020-04-30,2020-05-01,META,Reversión,False,,52,0.6950474570568157,14,52,7,38,64,16,2.8690860800762947,3.2240245329235457,2.8344174094238967,22
anchored,por_activo,46,2016-01-04,2020-04-30,2020-05-01,META,Crisis,False,,61,0.6306221463007513,29,48,24,37,74,15,1.7748548831995348,2.6209975721845895,4.345794303766683,37
anchored,por_activo,46,2016-01-04,2020-04-30,2020-05-01,NFLX,Global,True,sin trials válidos: θ global de la ventana 45,0,-1000000000.0,26,68,24,37,62,14,1.6710288780848066,1.373248478481265,2.309140252708791,10
anchored,por_activo,46,2016-01-04,2020-04-30,2020-05-01,NFLX,Tendencia,False,,65,1.2270710435522196,12,71,9,39,74,31,2.859682018117126,1.5557332124012038,5.2670913716498315,31
anchored,por_activo,46,2016-01-04,2020-04-30,2020-05-01,NFLX,Reversión,False,,73,1.0328573242761125,25,18,8,22,62,23,1.7515047284564393,3.754000741684445,1.7466016157419373,6
anchored,por_activo,46,2016-01-04,2020-04-30,2020-05-01,NFLX,Crisis,False,,54,-0.03955229674074978,27,64,27,28,72,38,1.5786212484663937,1.0596315675797607,2.104886675440797,37
anchored,por_activo,46,2016-01-04,2020-04-30,2020-05-01,GOOGL,Global,False,,71,0.5367974445657853,17,90,8,39,79,12,1.8997519696797873,2.040355648186253,1.9495843253365597,14
anchored,por_activo,46,2016-01-04,2020-04-30,2020-05-01,GOOGL,Tendencia,False,,74,0.7913612449363598,28,24,10,27,70,12,1.6546746872233893,2.091253849995069,3.410717675372813,24
anchored,por_activo,46,2016-01-04,2020-04-30,2020-05-01,GOOGL,Reversión,False,,74,1.4624998722772213,20,15,12,31,66,12,1.8315566598059208,2.9884110044284142,1.1445923395536597,36
anchored,por_activo,46,2016-01-04,2020-04-30,2020-05-01,GOOGL,Crisis,False,,33,0.3590444267642387,24,20,10,40,64,27,2.2099638469478196,2.9280802280747134,5.661837089567564,14
anchored,por_activo,47,2016-01-04,2020-05-29,2020-06-01,NVDA,Global,True,sin trials válidos: θ global de la ventana 46,0,-1000000000.0,9,89,7,40,63,10,2.533502061413201,2.6460873682729966,5.810690725473544,6
anchored,por_activo,47,2016-01-04,2020-05-29,2020-06-01,NVDA,Tendencia,False,,79,1.8441758563458273,12,82,13,40,62,12,1.6746966001102943,3.251844227927821,5.332751994056947,13
anchored,por_activo,47,2016-01-04,2020-05-29,2020-06-01,NVDA,Reversión,False,,58,0.24435026247350722,22,90,26,20,69,20,1.7965692822599992,2.1918121196031395,1.8444943309543025,16
anchored,por_activo,47,2016-01-04,2020-05-29,2020-06-01,NVDA,Crisis,False,,52,0.40893777447529717,28,42,8,24,62,26,1.8824560636686967,1.0765364190349318,2.0170335083219815,14
anchored,por_activo,47,2016-01-04,2020-05-29,2020-06-01,AMZN,Global,False,,65,1.4154718214850481,27,93,15,39,80,11,1.6619662722660256,2.0443207120761473,2.2165614384554226,32
anchored,por_activo,47,2016-01-04,2020-05-29,2020-06-01,AMZN,Tendencia,False,,72,0.5507876699984209,26,74,8,39,71,32,1.640888298773815,1.8149255825817732,4.882943880873137,23
anchored,por_activo,47,2016-01-04,2020-05-29,2020-06-01,AMZN,Reversión,False,,75,0.9622510076763936,28,97,9,33,66,12,2.4020562929036258,1.1822293077937975,2.165441888792409,22
anchored,por_activo,47,2016-01-04,2020-05-29,2020-06-01,AMZN,Crisis,False,,49,0.8426307197457518,14,13,8,23,76,12,1.6539308495936786,1.6060726635230251,2.122840842180085,35
anchored,por_activo,47,2016-01-04,2020-05-29,2020-06-01,TSLA,Global,False,,55,0.232872536914456,14,54,26,30,67,12,1.846305765603713,1.3800171980532894,2.7271789008205065,10
anchored,por_activo,47,2016-01-04,2020-05-29,2020-06-01,TSLA,Tendencia,False,,67,1.25096255154556,26,95,15,33,74,11,2.0692814491088267,2.8395304087822435,2.2668130498547434,36
anchored,por_activo,47,2016-01-04,2020-05-29,2020-06-01,TSLA,Reversión,False,,77,0.5466182970601106,10,74,28,22,73,11,1.8631984922924816,1.2218822387134622,5.484881016156278,12
anchored,por_activo,47,2016-01-04,2020-05-29,2020-06-01,TSLA,Crisis,False,,67,2.6065487820189817,21,37,10,37,66,39,1.6608065563721433,1.8567231472921175,5.313508648100841,33
anchored,por_activo,47,2016-01-04,2020-05-29,2020-06-01,META,Global,True,sin trials válidos: θ global de la ventana 46,0,-1000000000.0,15,74,7,38,66,20,2.630037324220786,2.1923085800044912,2.23913689127414,8
anchored,por_activo,47,2016-01-04,2020-05-29,2020-06-01,META,Tendencia,False,,73,0.3227221126154029,26,95,20,34,62,12,1.6526849670343082,2.0055419218221058,2.298728426446895,10
anchored,por_activo,47,2016-01-04,2020-05-29,2020-06-01,META,Reversión,False,,74,0.8968754311352203,19,45,10,26,68,14,1.675691361485654,2.466517098585662,5.803286388106374,30
anchored,por_activo,47,2016-01-04,2020-05-29,2020-06-01,META,Crisis,False,,64,0.2234428417165379,12,16,9,38,68,10,1.5368760520282048,1.5529573715557834,5.140348339064485,26
anchored,por_activo,47,2016-01-04,2020-05-29,2020-06-01,NFLX,Global,False,,19,0.744759679024129,30,26,9,26,78,10,1.5962368235273896,3.5285348125523317,4.541810128431373,5
anchored,por_activo,47,2016-01-04,2020-05-29,2020-06-01,NFLX,Tendencia,False,,75,1.4761805333718017,12,64,25,40,64,17,1.6473523922275728,1.5621398949833933,5.710867313542286,30
anchored,por_activo,47,2016-01-04,2020-05-29,2020-06-01,NFLX,Reversión,False,,70,0.6078410354358013,28,41,14,24,62,12,1.6592627149089387,3.7135442722736736,3.837207970369403,8
anchored,por_activo,47,2016-01-04,2020-05-29,2020-06-01,NFLX,Crisis,True,ningún trial cumple N_MIN,0,-1000000000.0,30,26,9,26,78,10,1.5962368235273896,3.5285348125523317,4.541810128431373,5
anchored,por_activo,47,2016-01-04,2020-05-29,2020-06-01,GOOGL,Global,False,,60,0.2314407939589164,28,95,11,39,79,10,1.6393167336983265,2.0909656135911976,5.445723093842253,10
anchored,por_activo,47,2016-01-04,2020-05-29,2020-06-01,GOOGL,Tendencia,False,,61,0.49056222287303014,12,95,10,29,71,29,2.1336775913554047,1.1508191030276902,2.0345438966951135,14
anchored,por_activo,47,2016-01-04,2020-05-29,2020-06-01,GOOGL,Reversión,False,,78,0.5054448731518962,28,15,8,24,80,14,1.7365061085281868,2.887835569805396,2.0856285517228423,23
anchored,por_activo,47,2016-01-04,2020-05-29,2020-06-01,GOOGL,Crisis,False,,57,-0.09252744990843151,24,50,26,34,63,18,1.5513387952540334,2.427539580101466,5.030449247366595,10
anchored,por_activo,48,2016-01-04,2020-06-30,2020-07-01,NVDA,Global,False,,31,0.40581321656970276,19,94,7,40,78,12,2.860206263919925,1.1388552716831162,1.419252673326519,16
anchored,por_activo,48,2016-01-04,2020-06-30,2020-07-01,NVDA,Tendencia,False,,79,2.457659679280916,17,46,24,22,74,12,2.113966431850394,1.5677252366150949,5.879430194208171,28
anchored,por_activo,48,2016-01-04,2020-06-30,2020-07-01,NVDA,Reversión,False,,62,0.7629336167884813,25,81,11,37,73,37,2.8533999546531215,1.1053563787006715,5.37283121407199,7
anchored,por_activo,48,2016-01-04,2020-06-30,2020-07-01,NVDA,Crisis,False,,58,0.6874236746667686,6,42,14,34,61,10,1.6553028109874375,2.9113928905656774,2.001440443656145,8
anchored,por_activo,48,2016-01-04,2020-06-30,2020-07-01,AMZN,Global,True,sin trials válidos: θ global de la ventana 47,0,-1000000000.0,27,93,15,39,80,11,1.6619662722660256,2.0443207120761473,2.2165614384554226,32
anchored,por_activo,48,2016-01-04,2020-06-30,2020-07-01,AMZN,Tendencia,False,,75,0.6593807462044311,29,76,14,28,63,11,1.6434821957480787,1.4298679701591464,3.2228895012442953,14
anchored,por_activo,48,2016-01-04,2020-06-30,2020-07-01,AMZN,Reversión,False,,51,0.7363054195622043,12,34,7,21,65,36,1.7616525539960497,1.604838492889623,3.674130791682959,37
anchored,por_activo,48,2016-01-04,2020-06-30,2020-07-01,AMZN,Crisis,False,,43,1.4968284368218685,23,41,10,21,64,32,2.850827320457386,3.1094926897509594,2.4883036556639038,35
anchored,por_activo,48,2016-01-04,2020-06-30,2020-07-01,TSLA,Global,False,,38,-0.10662827440880901,7,41,10,22,68,12,1.627603816785202,1.2089989909081202,1.5607375408704702,10
anchored,por_activo,48,2016-01-04,2020-06-30,2020-07-01,TSLA,Tendencia,False,,73,1.0210684478271894,12,76,26,38,76,13,1.5882293782981023,3.5902734319056497,2.6083859866792833,22
anchored,por_activo,48,2016-01-04,2020-06-30,2020-07-01,TSLA,Reversión,False,,65,0.13281258165329782,25,17,14,32,67,12,1.9567461405954543,1.9021790503463798,5.639912614610501,26
anchored,por_activo,48,2016-01-04,2020-06-30,2020-07-01,TSLA,Crisis,False,,74,0.4789461139767253,26,62,19,22,74,12,1.6041411873338252,1.2196127515623791,2.9779886930265915,29
anchored,por_activo,48,2016-01-04,2020-06-30,2020-07-01,META,Global,False,,34,0.5025082880772342,11,36,10,29,72,11,1.6227968226841523,1.4082600143968094,4.647086210038953,10
anchored,por_activo,48,2016-01-04,2020-06-30,2020-07-01,META,Tendencia,False,,69,0.40665608563754424,15,35,7,40,80,36,2.8388782373732964,2.760359044092878,3.1573232841469236,11
anchored,por_activo,48,2016-01-04,2020-06-30,2020-07-01,META,Reversión,False,,65,0.9669438360846522,10,85,8,21,66,13,1.675364254190203,2.1840150762257156,5.736609626418182,26
anchored,por_activo,48,2016-01-04,2020-06-30,2020-07-01,META,Crisis,False,,52,0.5344297786196185,26,84,26,39,62,34,1.7669640868228567,3.4475938179485586,1.0593941746487179,10
anchored,por_activo,48,2016-01-04,2020-06-30,2020-07-01,NFLX,Global,False,,44,0.44121568584378523,27,71,23,22,79,19,1.5432110797022909,1.4755883259517637,1.8975587588262641,27
anchored,por_activo,48,2016-01-04,2020-06-30,2020-07-01,NFLX,Tendencia,False,,73,1.3700773030920317,12,84,11,21,64,12,1.853680662234983,2.7768187698744047,5.505646846524995,26
anchored,por_activo,48,2016-01-04,2020-06-30,2020-07-01,NFLX,Reversión,False,,72,0.7714090209129774,20,54,11,21,60,15,1.7384938368087066,3.6390466523766745,5.295916625758691,7
anchored,por_activo,48,2016-01-04,2020-06-30,2020-07-01,NFLX,Crisis,False,,69,0.18287510944423316,23,63,12,38,66,11,1.7674025192658431,2.6408447066785032,1.8794949132017056,13
anchored,por_activo,48,2016-01-04,2020-06-30,2020-07-01,GOOGL,Global,False,,64,-0.0073494160131866715,29,38,10,31,65,19,1.6180995836305792,1.1213858578633757,2.07480463181012,25
anchored,por_activo,48,2016-01-04,2020-06-30,2020-07-01,GOOGL,Tendencia,False,,77,0.27649418389590796,28,22,26,22,79,12,1.7229279312884636,1.357774724565357,2.1664920567487878,27
anchored,por_activo,48,2016-01-04,2020-06-30,2020-07-01,GOOGL,Reversión,False,,74,0.9086128850237051,28,93,18,37,76,11,1.7807638753752908,1.0230054223599323,2.025676385706444,10
anchored,por_activo,48,2016-01-04,2020-06-30,2020-07-01,GOOGL,Crisis,False,,74,0.24222412532495843,24,52,14,28,65,11,1.565114957494439,2.4898084505022258,3.558528488020916,5
anchored,por_activo,49,2016-01-04,2020-07-31,2020-08-03,NVDA,Global,False,,34,0.5998730444313013,20,38,21,32,76,11,1.6029785638972802,1.3125707929747428,5.434837830738851,38
anchored,por_activo,49,2016-01-04,2020-07-31,2020-08-03,NVDA,Tendencia,False,,59,1.2945723588120561,12,14,10,22,75,11,1.9745819183901983,1.354762422298869,2.7219124401110886,20
anchored,por_activo,49,2016-01-04,2020-07-31,2020-08-03,NVDA,Reversión,False,,58,0.6278836366117053,24,89,13,22,64,20,1.7698425398465787,1.5648847371490096,2.266821172065449,21
anchored,por_activo,49,2016-01-04,2020-07-31,2020-08-03,NVDA,Crisis,False,,56,0.8222321175974053,29,42,14,24,72,29,1.6469881534383655,2.741633278192132,1.3012668300735366,7
anchored,por_activo,49,2016-01-04,2020-07-31,2020-08-03,AMZN,Global,False,,39,1.1602002074676114,29,33,25,28,68,11,1.5999766389060417,2.782048364906582,2.487443883189802,8
anchored,por_activo,49,2016-01-04,2020-07-31,2020-08-03,AMZN,Tendencia,False,,74,1.2430341391663704,17,94,19,31,61,11,1.7578025070170389,2.1801767415295563,5.720150540029575,28
anchored,por_activo,49,2016-01-04,2020-07-31,2020-08-03,AMZN,Reversión,False,,79,0.32606530283917823,24,28,10,21,76,30,1.614069187899092,1.199226555120401,4.001402407464724,23
anchored,por_activo,49,2016-01-04,2020-07-31,2020-08-03,AMZN,Crisis,False,,41,1.001367638061494,11,38,12,38,67,13,1.6884499628007232,1.3809858174384384,4.437722369587976,21
anchored,por_activo,49,2016-01-04,2020-07-31,2020-08-03,TSLA,Global,False,,48,0.04628475597565676,13,56,15,25,61,12,1.7579104389496383,1.893931801926283,1.9974590715111866,33
anchored,por_activo,49,2016-01-04,2020-07-31,2020-08-03,TSLA,Tendencia,False,,51,1.0984374632733915,27,62,8,33,66,12,2.8293978484145423,3.73303766196526,2.0045436358785746,14
anchored,por_activo,49,2016-01-04,2020-07-31,2020-08-03,TSLA,Reversión,False,,60,0.1353685147155033,11,76,11,38,62,30,2.8834943600725875,1.652230769514763,5.393533747795023,39
anchored,por_activo,49,2016-01-04,2020-07-31,2020-08-03,TSLA,Crisis,False,,64,2.308110249359399,17,96,17,40,64,16,1.8801093773769966,1.6102566180761975,2.007192288431683,20
anchored,por_activo,49,2016-01-04,2020-07-31,2020-08-03,META,Global,False,,36,0.31761821784549693,6,90,28,22,62,12,1.5210833271818338,2.137011657423615,5.696982811032295,8
anchored,por_activo,49,2016-01-04,2020-07-31,2020-08-03,META,Tendencia,False,,72,0.8543418342193684,20,14,8,40,78,35,2.4767126520999168,1.514477324471901,3.607235266750561,10
anchored,por_activo,49,2016-01-04,2020-07-31,2020-08-03,META,Reversión,False,,73,0.6642193018844255,29,17,7,39,78,14,1.8173441116267366,2.147608751745648,3.1352676034961533,36
anchored,por_activo,49,2016-01-04,2020-07-31,2020-08-03,META,Crisis,False,,72,0.5417893060756896,22,72,20,21,79,12,1.7628176793935442,1.6194074307976432,4.917143544740496,12
anchored,por_activo,49,2016-01-04,2020-07-31,2020-08-03,NFLX,Global,True,sin trials válidos: θ global de la ventana 48,0,-1000000000.0,27,71,23,22,79,19,1.5432110797022909,1.4755883259517637,1.8975587588262641,27
anchored,por_activo,49,2016-01-04,2020-07-31,2020-08-03,NFLX,Tendencia,False,,78,0.8071000440329462,14,94,16,22,62,15,1.6073214804951257,1.609004079841843,2.356484385455146,34
anchored,por_activo,49,2016-01-04,2020-07-31,2020-08-03,NFLX,Reversión,False,,62,0.8183695767792409,13,71,26,22,73,13,1.7980248625289161,2.7923696502027218,1.1828794525191064,28
anchored,por_activo,49,2016-01-04,2020-07-31,2020-08-03,NFLX,Crisis,False,,47,0.4276737470722692,21,19,25,36,66,11,1.657515765440901,3.097150665269919,2.8058994175351306,38
anchored,por_activo,49,2016-01-04,2020-07-31,2020-08-03,GOOGL,Global,True,sin trials válidos: θ global de la ventana 48,0,-1000000000.0,29,38,10,31,65,19,1.6180995836305792,1.1213858578633757,2.07480463181012,25
anchored,por_activo,49,2016-01-04,2020-07-31,2020-08-03,GOOGL,Tendencia,False,,68,0.6358823644492265,27,24,26,25,69,11,1.598227945811039,2.0126258750154946,3.4647076174400233,34
anchored,por_activo,49,2016-01-04,2020-07-31,2020-08-03,GOOGL,Reversión,False,,63,1.2999160728637875,18,15,17,37,62,14,1.902039533436379,1.9350742260930458,3.3608090410084563,12
anchored,por_activo,49,2016-01-04,2020-07-31,2020-08-03,GOOGL,Crisis,False,,61,0.678628004608199,19,81,8,31,63,24,1.701783663267673,3.7301435829933247,2.517158437340698,5
anchored,por_activo,50,2016-01-04,2020-08-31,2020-09-01,NVDA,Global,False,,18,0.7686195573599998,9,18,21,37,80,10,1.6227366539102492,1.7173863615252252,4.864759476269361,8
anchored,por_activo,50,2016-01-04,2020-08-31,2020-09-01,NVDA,Tendencia,False,,72,1.6570297375309642,12,16,8,34,62,10,1.6836335412139447,1.1610117711645302,5.037519350747775,36
anchored,por_activo,50,2016-01-04,2020-08-31,2020-09-01,NVDA,Reversión,False,,52,-0.0010244860813539054,14,67,18,28,66,16,1.6131349138794437,3.472354593831393,2.681556317947664,38
anchored,por_activo,50,2016-01-04,2020-08-31,2020-09-01,NVDA,Crisis,True,ningún trial cumple N_MIN,0,-1000000000.0,9,18,21,37,80,10,1.6227366539102492,1.7173863615252252,4.864759476269361,8
anchored,por_activo,50,2016-01-04,2020-08-31,2020-09-01,AMZN,Global,False,,34,0.7508342061168781,28,74,9,30,66,18,1.6160238925330725,1.2183501333268278,2.5800933479423342,11
anchored,por_activo,50,2016-01-04,2020-08-31,2020-09-01,AMZN,Tendencia,False,,76,0.9734099961457947,28,91,8,38,72,12,1.7163189372403926,1.8619474762758323,5.778495581889356,28
anchored,por_activo,50,2016-01-04,2020-08-31,2020-09-01,AMZN,Reversión,False,,81,0.9002846250641258,18,53,19,30,80,12,1.675625280651908,1.674047629004879,2.2350418966705945,37
anchored,por_activo,50,2016-01-04,2020-08-31,2020-09-01,AMZN,Crisis,False,,13,1.707974623946558,6,94,8,22,61,12,2.947836627272525,1.1613456241163511,4.591417027542549,6
anchored,por_activo,50,2016-01-04,2020-08-31,2020-09-01,TSLA,Global,False,,57,0.07011099032794978,23,96,8,38,62,17,1.6366413401415247,2.73699427307142,2.0827725214998605,11
anchored,por_activo,50,2016-01-04,2020-08-31,2020-09-01,TSLA,Tendencia,False,,77,0.38729885351266174,20,95,27,26,62,13,1.5856022235787561,3.6276572964000415,5.690703268488182,24
anchored,por_activo,50,2016-01-04,2020-08-31,2020-09-01,TSLA,Reversión,False,,75,0.3470680206511437,25,94,7,21,78,25,1.7568875254777123,2.3973842570583885,2.223282368927923,38
anchored,por_activo,50,2016-01-04,2020-08-31,2020-09-01,TSLA,Crisis,False,,74,4.036713082670188,28,78,26,38,80,13,1.8932627479649782,1.191306224496905,2.390342419676994,11
anchored,por_activo,50,2016-01-04,2020-08-31,2020-09-01,META,Global,False,,57,0.3853821130308723,27,48,27,39,73,12,1.536344171081831,2.507097631288315,5.7953688885759895,10
anchored,por_activo,50,2016-01-04,2020-08-31,2020-09-01,META,Tendencia,False,,74,0.09518054902162526,16,96,10,39,62,30,1.55153491680367,1.2339167299469223,2.209149669557621,36
anchored,por_activo,50,2016-01-04,2020-08-31,2020-09-01,META,Reversión,False,,73,0.4528784551320232,20,33,8,21,62,14,1.8007746685510697,2.7192395737317847,2.628313000532051,34
anchored,por_activo,50,2016-01-04,2020-08-31,2020-09-01,META,Crisis,False,,35,0.5799515546405501,18,98,14,36,72,15,1.7192674330481181,2.9886855281805222,5.624279840246504,7
anchored,por_activo,50,2016-01-04,2020-08-31,2020-09-01,NFLX,Global,False,,36,0.19787787144270183,28,70,24,28,60,13,1.6935568400509986,1.4714208392944137,4.541583658675287,32
anchored,por_activo,50,2016-01-04,2020-08-31,2020-09-01,NFLX,Tendencia,False,,68,0.6021082867369664,18,73,24,35,75,17,1.6500938779108327,3.507755105186939,3.316247284471784,13
anchored,por_activo,50,2016-01-04,2020-08-31,2020-09-01,NFLX,Reversión,False,,62,0.5543341307686644,24,62,26,35,64,28,1.7316854377101794,1.1060592003888385,2.1638624087464664,14
anchored,por_activo,50,2016-01-04,2020-08-31,2020-09-01,NFLX,Crisis,False,,33,0.15761474303687323,28,22,16,39,65,16,1.8926622943499631,1.2600359524142162,1.7722437277251335,39
anchored,por_activo,50,2016-01-04,2020-08-31,2020-09-01,GOOGL,Global,True,sin trials válidos: θ global de la ventana 48,0,-1000000000.0,29,38,10,31,65,19,1.6180995836305792,1.1213858578633757,2.07480463181012,25
anchored,por_activo,50,2016-01-04,2020-08-31,2020-09-01,GOOGL,Tendencia,False,,78,0.31931942739930574,26,70,27,22,78,14,1.9177744256689704,1.1594416865629076,5.211538897122372,30
anchored,por_activo,50,2016-01-04,2020-08-31,2020-09-01,GOOGL,Reversión,False,,73,1.0638605789535274,12,13,8,33,60,16,1.9470926407769835,2.841268512808641,3.6144035007055932,11
anchored,por_activo,50,2016-01-04,2020-08-31,2020-09-01,GOOGL,Crisis,False,,61,0.3820033802674666,22,64,23,22,72,21,1.544223884875832,2.9451119787628968,5.384207826053349,12
anchored,por_activo,51,2016-01-04,2020-09-30,2020-10-01,NVDA,Global,True,sin trials válidos: θ global de la ventana 50,0,-1000000000.0,9,18,21,37,80,10,1.6227366539102492,1.7173863615252252,4.864759476269361,8
anchored,por_activo,51,2016-01-04,2020-09-30,2020-10-01,NVDA,Tendencia,False,,80,1.2260261467856335,12,82,22,39,76,13,1.911481050103626,1.379089297453679,2.759869919976623,14
anchored,por_activo,51,2016-01-04,2020-09-30,2020-10-01,NVDA,Reversión,False,,62,0.015905994377918765,22,34,26,23,79,17,1.6138238995390222,3.434557842184859,2.834816068426248,12
anchored,por_activo,51,2016-01-04,2020-09-30,2020-10-01,NVDA,Crisis,False,,23,0.11901389029004351,27,34,27,34,62,15,1.5759270532525658,1.3587312567129617,4.084082697028591,27
anchored,por_activo,51,2016-01-04,2020-09-30,2020-10-01,AMZN,Global,True,sin trials válidos: θ global de la ventana 50,0,-1000000000.0,28,74,9,30,66,18,1.6160238925330725,1.2183501333268278,2.5800933479423342,11
anchored,por_activo,51,2016-01-04,2020-09-30,2020-10-01,AMZN,Tendencia,False,,63,0.7219600979016403,28,35,21,38,71,20,1.646027217578314,2.085211311129717,2.0037864888883377,36
anchored,por_activo,51,2016-01-04,2020-09-30,2020-10-01,AMZN,Reversión,False,,82,0.6417751482558776,11,78,15,37,76,14,1.6261496228929349,1.469123820772827,2.327702655162325,8
anchored,por_activo,51,2016-01-04,2020-09-30,2020-10-01,AMZN,Crisis,False,,21,0.6263431476771114,10,18,18,30,65,13,1.6248355184168894,1.4819196620919273,3.589712974222158,13
anchored,por_activo,51,2016-01-04,2020-09-30,2020-10-01,TSLA,Global,False,,56,0.255496074349757,26,80,14,20,62,12,1.7093412850538707,2.81709690707325,2.006002490067241,23
anchored,por_activo,51,2016-01-04,2020-09-30,2020-10-01,TSLA,Tendencia,False,,72,0.6171310770656598,10,97,10,35,64,13,1.6889258704041274,3.2680989813125576,5.485788468950938,24
anchored,por_activo,51,2016-01-04,2020-09-30,2020-10-01,TSLA,Reversión,False,,73,0.355161754071162,22,76,12,32,62,17,1.5406320768073587,3.2649079533975893,1.0873233129051207,36
anchored,por_activo,51,2016-01-04,2020-09-30,2020-10-01,TSLA,Crisis,False,,67,1.4965723693048893,30,58,12,24,74,12,1.8597275460947915,2.54071611207603,5.602103208492106,25
anchored,por_activo,51,2016-01-04,2020-09-30,2020-10-01,META,Global,True,sin trials válidos: θ global de la ventana 50,0,-1000000000.0,27,48,27,39,73,12,1.536344171081831,2.507097631288315,5.7953688885759895,10
anchored,por_activo,51,2016-01-04,2020-09-30,2020-10-01,META,Tendencia,False,,59,0.012851769888188515,10,82,8,37,78,36,1.6170903839569162,3.7141893851498295,3.992161980768648,26
anchored,por_activo,51,2016-01-04,2020-09-30,2020-10-01,META,Reversión,False,,50,1.0238948807738786,15,94,7,40,75,38,2.7673597107921735,2.0924402665982056,5.660284395964979,30
anchored,por_activo,51,2016-01-04,2020-09-30,2020-10-01,META,Crisis,False,,57,0.9947036030851228,9,47,22,23,60,13,1.707587502671989,1.2606087555681125,2.644567154284806,38
anchored,por_activo,51,2016-01-04,2020-09-30,2020-10-01,NFLX,Global,True,sin trials válidos: θ global de la ventana 50,0,-1000000000.0,28,70,24,28,60,13,1.6935568400509986,1.4714208392944137,4.541583658675287,32
anchored,por_activo,51,2016-01-04,2020-09-30,2020-10-01,NFLX,Tendencia,False,,75,1.2961707336334687,26,34,8,29,62,12,1.587659770197313,2.4560187318210973,5.190326961659597,39
anchored,por_activo,51,2016-01-04,2020-09-30,2020-10-01,NFLX,Reversión,False,,73,0.7814784475229477,29,42,27,34,61,16,1.570457615433333,3.670812157845109,1.891625103910978,9
anchored,por_activo,51,2016-01-04,2020-09-30,2020-10-01,NFLX,Crisis,False,,64,0.9037769136241313,16,75,24,24,64,10,1.580026671609304,1.4131549524984333,2.2379516198918585,33
anchored,por_activo,51,2016-01-04,2020-09-30,2020-10-01,GOOGL,Global,True,sin trials válidos: θ global de la ventana 48,0,-1000000000.0,29,38,10,31,65,19,1.6180995836305792,1.1213858578633757,2.07480463181012,25
anchored,por_activo,51,2016-01-04,2020-09-30,2020-10-01,GOOGL,Tendencia,False,,77,0.3741304120303216,19,76,22,34,68,10,1.7144790268492385,3.508652058399406,5.098733087573079,34
anchored,por_activo,51,2016-01-04,2020-09-30,2020-10-01,GOOGL,Reversión,False,,76,0.7537955996104033,27,14,8,24,70,12,1.805256744214431,2.876727663108029,4.552925463823431,22
anchored,por_activo,51,2016-01-04,2020-09-30,2020-10-01,GOOGL,Crisis,False,,70,0.5332443189295609,29,52,15,36,80,24,1.7214377493704391,3.1136963253260275,3.2587912307265974,5
anchored,por_activo,52,2016-01-04,2020-10-30,2020-11-02,NVDA,Global,False,,6,0.05061596420638526,30,39,16,27,74,12,1.6976918292773284,1.362713697346098,1.0360586906274554,17
anchored,por_activo,52,2016-01-04,2020-10-30,2020-11-02,NVDA,Tendencia,False,,55,1.6201540962769683,29,30,10,40,68,26,2.651191797054759,3.793563540016917,4.964370586676898,32
anchored,por_activo,52,2016-01-04,2020-10-30,2020-11-02,NVDA,Reversión,False,,67,0.3628416205391028,22,96,8,35,78,12,1.6282845845546456,2.363818833729086,3.315936157530695,11
anchored,por_activo,52,2016-01-04,2020-10-30,2020-11-02,NVDA,Crisis,True,ningún trial cumple N_MIN,0,-1000000000.0,30,39,16,27,74,12,1.6976918292773284,1.362713697346098,1.0360586906274554,17
anchored,por_activo,52,2016-01-04,2020-10-30,2020-11-02,AMZN,Global,False,,50,1.2432935032645336,26,30,8,22,67,12,1.619279546127916,2.2689201799846077,1.9902826950394579,29
anchored,por_activo,52,2016-01-04,2020-10-30,2020-11-02,AMZN,Tendencia,False,,70,0.7640777264910806,25,87,10,21,71,20,1.7298156839720957,1.825641209552781,5.674721875817677,23
anchored,por_activo,52,2016-01-04,2020-10-30,2020-11-02,AMZN,Reversión,False,,73,1.112123325440892,18,48,16,35,61,26,1.8296149173508391,1.1602240787587554,4.593516504096392,5
anchored,por_activo,52,2016-01-04,2020-10-30,2020-11-02,AMZN,Crisis,False,,41,0.420017273513978,9,92,25,39,80,10,1.623424490338896,1.2948346078240205,1.217321822489355,27
anchored,por_activo,52,2016-01-04,2020-10-30,2020-11-02,TSLA,Global,True,sin trials válidos: θ global de la ventana 51,0,-1000000000.0,26,80,14,20,62,12,1.7093412850538707,2.81709690707325,2.006002490067241,23
anchored,por_activo,52,2016-01-04,2020-10-30,2020-11-02,TSLA,Tendencia,False,,62,1.2715542791943995,20,20,27,31,78,11,2.0179586476768625,3.221011846136442,2.136517429929706,36
anchored,por_activo,52,2016-01-04,2020-10-30,2020-11-02,TSLA,Reversión,False,,55,0.04868742529973533,13,40,26,30,62,12,2.014887155496611,1.1418227371168959,5.6340427682760215,36
anchored,por_activo,52,2016-01-04,2020-10-30,2020-11-02,TSLA,Crisis,False,,70,1.6022445315341076,30,70,12,34,75,12,1.8119849920059914,1.6011980410048356,4.15749048637874,39
anchored,por_activo,52,2016-01-04,2020-10-30,2020-11-02,META,Global,False,,35,0.06740130220346237,28,68,13,38,72,12,1.5774487938556239,1.9512234798009356,2.8271273162737147,40
anchored,por_activo,52,2016-01-04,2020-10-30,2020-11-02,META,Tendencia,False,,77,0.18161711983687445,16,96,25,38,73,28,1.5324350207281996,1.806930382492186,5.618025999758393,22
anchored,por_activo,52,2016-01-04,2020-10-30,2020-11-02,META,Reversión,False,,74,0.718311637826828,30,14,18,38,78,16,1.7009144350347578,2.189449367893367,5.593450886941103,21
anchored,por_activo,52,2016-01-04,2020-10-30,2020-11-02,META,Crisis,False,,59,0.4957879201864383,12,46,27,26,61,11,1.5779950660293376,2.519489686253661,4.513850068032983,38
anchored,por_activo,52,2016-01-04,2020-10-30,2020-11-02,NFLX,Global,False,,39,0.2198746816002901,26,78,10,32,68,12,1.6728275384033247,1.2219356458061827,4.6195917361840415,28
anchored,por_activo,52,2016-01-04,2020-10-30,2020-11-02,NFLX,Tendencia,False,,80,0.7726238239493953,10,94,26,39,64,12,1.9995614446424719,1.5107394766005324,1.9838442163308838,25
anchored,por_activo,52,2016-01-04,2020-10-30,2020-11-02,NFLX,Reversión,False,,55,0.22038782170277232,12,82,8,36,62,18,2.0197487708883513,1.1822038117160338,2.0718065548471434,39
anchored,por_activo,52,2016-01-04,2020-10-30,2020-11-02,NFLX,Crisis,False,,48,0.5112717114901927,24,17,26,29,78,11,1.6728229330983244,3.7259304635221797,3.3307193015601357,15
anchored,por_activo,52,2016-01-04,2020-10-30,2020-11-02,GOOGL,Global,False,,1,-0.09009632188108807,20,68,8,39,72,26,2.2365732502493696,1.8091947503040549,4.966744990349883,14
anchored,por_activo,52,2016-01-04,2020-10-30,2020-11-02,GOOGL,Tendencia,False,,65,0.7608421851314031,27,33,22,36,63,16,2.077268526338606,1.127420460849237,2.241725340292911,35
anchored,por_activo,52,2016-01-04,2020-10-30,2020-11-02,GOOGL,Reversión,False,,67,1.2040883430834202,7,53,16,21,60,12,1.8467891822490783,2.287997092673029,4.800281505169823,12
anchored,por_activo,52,2016-01-04,2020-10-30,2020-11-02,GOOGL,Crisis,False,,56,0.8423257101435809,14,36,25,20,78,20,1.6920479852950803,1.2884502538177443,4.866820904665719,9
anchored,por_activo,53,2016-01-04,2020-11-30,2020-12-01,NVDA,Global,False,,46,0.510958480228646,25,22,23,40,80,11,1.5892077238167146,1.3971540674852774,5.9209965198771926,25
anchored,por_activo,53,2016-01-04,2020-11-30,2020-12-01,NVDA,Tendencia,False,,81,1.966119288409657,29,94,8,33,61,11,2.047173037129822,1.3555427772004724,4.975852693712551,31
anchored,por_activo,53,2016-01-04,2020-11-30,2020-12-01,NVDA,Reversión,False,,45,0.9116007437544396,25,85,13,38,70,11,2.3295816083584477,3.419228876618614,4.891453560547902,29
anchored,por_activo,53,2016-01-04,2020-11-30,2020-12-01,NVDA,Crisis,False,,21,0.05548850584030936,25,70,26,21,78,11,1.6450723137058092,2.9170236422342675,3.5794022705428086,20
anchored,por_activo,53,2016-01-04,2020-11-30,2020-12-01,AMZN,Global,True,sin trials válidos: θ global de la ventana 52,0,-1000000000.0,26,30,8,22,67,12,1.619279546127916,2.2689201799846077,1.9902826950394579,29
anchored,por_activo,53,2016-01-04,2020-11-30,2020-12-01,AMZN,Tendencia,False,,42,0.21340577391486462,28,69,8,38,61,17,2.2734705246699702,3.628132614635985,4.759565988293896,24
anchored,por_activo,53,2016-01-04,2020-11-30,2020-12-01,AMZN,Reversión,False,,77,0.45272364865810166,25,94,8,40,68,12,1.9742397465619932,3.4826645204200943,2.31619580094799,23
anchored,por_activo,53,2016-01-04,2020-11-30,2020-12-01,AMZN,Crisis,False,,61,0.9582857735220256,24,96,9,38,63,12,2.761092969516709,2.835036224023117,1.247120414715374,39
anchored,por_activo,53,2016-01-04,2020-11-30,2020-12-01,TSLA,Global,False,,54,0.2365238726184378,28,70,26,38,65,12,1.5285535467957228,2.250160599036719,2.0087020064887966,16
anchored,por_activo,53,2016-01-04,2020-11-30,2020-12-01,TSLA,Tendencia,False,,66,0.1945082545379588,21,60,9,21,74,12,2.160562659107884,1.4633512182389685,4.908651273193875,30
anchored,por_activo,53,2016-01-04,2020-11-30,2020-12-01,TSLA,Reversión,False,,72,0.1221708983004429,29,66,24,25,62,30,1.7589418128729666,1.4852511326431137,2.163840982699419,31
anchored,por_activo,53,2016-01-04,2020-11-30,2020-12-01,TSLA,Crisis,False,,75,2.006396949289938,27,82,26,32,66,12,1.788374070075367,3.869991488083272,5.831374606371098,32
anchored,por_activo,53,2016-01-04,2020-11-30,2020-12-01,META,Global,True,sin trials válidos: θ global de la ventana 52,0,-1000000000.0,28,68,13,38,72,12,1.5774487938556239,1.9512234798009356,2.8271273162737147,40
anchored,por_activo,53,2016-01-04,2020-11-30,2020-12-01,META,Tendencia,False,,81,0.23906056235640508,28,49,28,37,72,11,1.5622798018112112,1.2752783752013235,4.824102809551695,10
anchored,por_activo,53,2016-01-04,2020-11-30,2020-12-01,META,Reversión,False,,70,0.3478984781181783,14,90,13,24,66,13,1.5774661834695476,3.6703661692117135,5.760762573818937,15
anchored,por_activo,53,2016-01-04,2020-11-30,2020-12-01,META,Crisis,False,,46,1.1560284308205075,11,17,10,36,67,14,1.618426599744033,1.2183532032376903,2.894521336944499,11
anchored,por_activo,53,2016-01-04,2020-11-30,2020-12-01,NFLX,Global,True,sin trials válidos: θ global de la ventana 52,0,-1000000000.0,26,78,10,32,68,12,1.6728275384033247,1.2219356458061827,4.6195917361840415,28
anchored,por_activo,53,2016-01-04,2020-11-30,2020-12-01,NFLX,Tendencia,False,,65,1.2083451655625455,11,88,27,23,79,16,1.5642329189613053,2.6079941267752287,5.837945347641106,39
anchored,por_activo,53,2016-01-04,2020-11-30,2020-12-01,NFLX,Reversión,False,,59,0.5964639358553718,12,84,28,33,60,19,1.7006216116055888,3.467526893604215,3.592870165237266,7
anchored,por_activo,53,2016-01-04,2020-11-30,2020-12-01,NFLX,Crisis,False,,52,0.5027720909276214,28,37,8,40,64,38,1.8624380184538358,3.8592615231354754,4.276893495422906,24
anchored,por_activo,53,2016-01-04,2020-11-30,2020-12-01,GOOGL,Global,False,,15,0.39561939420508097,18,88,7,40,76,22,1.6334894489001184,2.2970649488021713,4.049238803318938,10
anchored,por_activo,53,2016-01-04,2020-11-30,2020-12-01,GOOGL,Tendencia,False,,83,0.34025306459571825,15,80,27,30,78,12,1.7271254249299255,1.984991848409056,5.4753514198022515,23
anchored,por_activo,53,2016-01-04,2020-11-30,2020-12-01,GOOGL,Reversión,False,,70,0.9227090955595316,8,24,12,39,61,12,1.7390254294157117,2.683204303643843,1.9480734668126576,29
anchored,por_activo,53,2016-01-04,2020-11-30,2020-12-01,GOOGL,Crisis,False,,71,0.5193833410680101,30,46,8,21,67,12,1.6529663551718032,1.3778346051525008,2.7833929004621005,6
anchored,por_activo,54,2016-01-04,2020-12-31,2021-01-04,NVDA,Global,True,sin trials válidos: θ global de la ventana 53,0,-1000000000.0,25,22,23,40,80,11,1.5892077238167146,1.3971540674852774,5.9209965198771926,25
anchored,por_activo,54,2016-01-04,2020-12-31,2021-01-04,NVDA,Tendencia,False,,74,3.40658717106124,9,28,14,38,65,12,1.9588955094397407,1.809441152322567,5.825259184011895,24
anchored,por_activo,54,2016-01-04,2020-12-31,2021-01-04,NVDA,Reversión,False,,59,0.548794427157354,26,92,26,40,66,14,1.8285188850785392,3.0249363388345536,3.929651592016011,12
anchored,por_activo,54,2016-01-04,2020-12-31,2021-01-04,NVDA,Crisis,False,,28,0.573053591253704,30,65,19,34,65,32,1.5216124827843343,1.0591330952670608,1.277186248050946,9
anchored,por_activo,54,2016-01-04,2020-12-31,2021-01-04,AMZN,Global,True,sin trials válidos: θ global de la ventana 52,0,-1000000000.0,26,30,8,22,67,12,1.619279546127916,2.2689201799846077,1.9902826950394579,29
anchored,por_activo,54,2016-01-04,2020-12-31,2021-01-04,AMZN,Tendencia,False,,65,0.6388411754992854,9,98,15,39,63,15,2.3258098123993753,3.8182596868041454,1.1933240011680213,7
anchored,por_activo,54,2016-01-04,2020-12-31,2021-01-04,AMZN,Reversión,False,,79,1.4095099204940615,21,24,19,38,79,12,2.0260312112053125,3.30650663291539,3.9835467074409756,8
anchored,por_activo,54,2016-01-04,2020-12-31,2021-01-04,AMZN,Crisis,False,,44,1.0521633371921655,27,62,8,32,64,24,2.2821799977250494,1.2957986381248683,2.3177808419776347,14
anchored,por_activo,54,2016-01-04,2020-12-31,2021-01-04,TSLA,Global,False,,49,0.20716267650474643,30,50,16,34,61,13,1.7265202789890268,1.1797614692365055,5.674861853736191,21
anchored,por_activo,54,2016-01-04,2020-12-31,2021-01-04,TSLA,Tendencia,False,,32,0.2971259763890613,18,42,7,30,64,40,1.8397894915307356,2.9299468136359765,1.6793302422421896,36
anchored,por_activo,54,2016-01-04,2020-12-31,2021-01-04,TSLA,Reversión,False,,73,0.10378114461372816,28,30,13,30,66,12,1.8048417970413388,3.4170747361554303,4.391266165748316,16
anchored,por_activo,54,2016-01-04,2020-12-31,2021-01-04,TSLA,Crisis,False,,71,1.73424426715497,22,36,16,34,70,10,1.8952446114490202,1.1383031100825443,5.6932473393008,16
anchored,por_activo,54,2016-01-04,2020-12-31,2021-01-04,META,Global,False,,23,0.21020134633857437,6,92,24,38,68,10,1.5563274382064471,1.1091677210944102,4.816707706176507,27
anchored,por_activo,54,2016-01-04,2020-12-31,2021-01-04,META,Tendencia,False,,75,0.1253422548327565,26,71,26,37,76,28,1.7452699595163783,1.1765107160349175,5.476866579749323,10
anchored,por_activo,54,2016-01-04,2020-12-31,2021-01-04,META,Reversión,False,,67,0.4632490471446508,21,58,7,39,62,28,2.6909138726207624,3.5503446683749518,3.5553704590934663,24
anchored,por_activo,54,2016-01-04,2020-12-31,2021-01-04,META,Crisis,False,,61,0.7441232275908254,30,14,18,27,71,15,1.6856775845834775,3.8660125585725034,4.951439564609449,7
anchored,por_activo,54,2016-01-04,2020-12-31,2021-01-04,NFLX,Global,False,,8,0.33261247722811127,23,55,7,39,72,38,2.34948903132577,1.498354618101755,5.962092496657174,26
anchored,por_activo,54,2016-01-04,2020-12-31,2021-01-04,NFLX,Tendencia,False,,78,1.153974603193371,14,72,21,22,80,14,1.5884540294503147,2.559597830325207,5.520788564001029,31
anchored,por_activo,54,2016-01-04,2020-12-31,2021-01-04,NFLX,Reversión,False,,54,0.297710885174971,13,14,20,24,76,17,1.6893568231232816,1.2813388473886893,3.5781481833457165,19
anchored,por_activo,54,2016-01-04,2020-12-31,2021-01-04,NFLX,Crisis,False,,59,0.2693236302397504,28,43,25,29,68,10,1.5966387510944413,3.6577271251000623,5.544538797855003,14
anchored,por_activo,54,2016-01-04,2020-12-31,2021-01-04,GOOGL,Global,False,,49,0.4990433358444432,12,82,8,25,77,12,1.6317478114316644,1.184926209913708,2.040543229083697,37
anchored,por_activo,54,2016-01-04,2020-12-31,2021-01-04,GOOGL,Tendencia,False,,71,0.23959943368724781,26,16,24,27,75,16,1.7715834880645884,2.793768565337122,3.2137761305310555,37
anchored,por_activo,54,2016-01-04,2020-12-31,2021-01-04,GOOGL,Reversión,False,,74,1.3897610936639033,29,53,8,27,77,12,1.715686675298855,1.2499725162951203,1.8797034466492144,11
anchored,por_activo,54,2016-01-04,2020-12-31,2021-01-04,GOOGL,Crisis,False,,72,0.21331826554706937,25,20,26,20,78,12,1.6094591790849833,2.527111764690984,4.08989348704047,22
anchored,por_activo,55,2016-01-04,2021-01-29,2021-02-01,NVDA,Global,True,sin trials válidos: θ global de la ventana 53,0,-1000000000.0,25,22,23,40,80,11,1.5892077238167146,1.3971540674852774,5.9209965198771926,25
anchored,por_activo,55,2016-01-04,2021-01-29,2021-02-01,NVDA,Tendencia,False,,78,2.3583890911936325,26,97,8,20,70,10,1.997108801121027,1.2692522576905505,5.617173468291771,37
anchored,por_activo,55,2016-01-04,2021-01-29,2021-02-01,NVDA,Reversión,False,,61,0.644452825899072,26,59,12,40,77,18,1.9681036842203974,1.3116064731607244,1.8591839080394972,37
anchored,por_activo,55,2016-01-04,2021-01-29,2021-02-01,NVDA,Crisis,False,,59,0.9516378758015149,28,90,23,40,68,10,1.7060961963567223,1.6073702217368135,1.0523303150674188,36
anchored,por_activo,55,2016-01-04,2021-01-29,2021-02-01,AMZN,Global,False,,31,1.6225726522439325,16,86,28,40,71,11,1.6359356806418168,2.191743296496173,2.11663780900222,27
anchored,por_activo,55,2016-01-04,2021-01-29,2021-02-01,AMZN,Tendencia,False,,68,0.5668640501104119,10,18,22,35,69,13,1.5582583051660368,1.6983309436911214,2.831845667118974,24
anchored,por_activo,55,2016-01-04,2021-01-29,2021-02-01,AMZN,Reversión,False,,77,1.2476067568531013,20,43,13,36,71,10,2.1195845774353117,1.1469145367583644,2.2227110511841244,8
anchored,por_activo,55,2016-01-04,2021-01-29,2021-02-01,AMZN,Crisis,False,,35,1.1999029352776163,28,23,8,30,63,39,2.70117622276178,3.5268216804799177,5.887105265864544,5
anchored,por_activo,55,2016-01-04,2021-01-29,2021-02-01,TSLA,Global,True,sin trials válidos: θ global de la ventana 54,0,-1000000000.0,30,50,16,34,61,13,1.7265202789890268,1.1797614692365055,5.674861853736191,21
anchored,por_activo,55,2016-01-04,2021-01-29,2021-02-01,TSLA,Tendencia,False,,71,0.9284687499776275,29,84,12,30,73,10,2.0880100483656676,1.9656989119898223,2.6200831446179045,30
anchored,por_activo,55,2016-01-04,2021-01-29,2021-02-01,TSLA,Reversión,False,,68,0.11917994654055458,21,67,8,22,61,28,2.818823199400802,2.976247938683401,1.0909528699802649,27
anchored,por_activo,55,2016-01-04,2021-01-29,2021-02-01,TSLA,Crisis,False,,38,0.924196206706152,30,68,25,24,66,28,1.5537949771100852,2.7479546468201894,1.341513475911582,36
anchored,por_activo,55,2016-01-04,2021-01-29,2021-02-01,META,Global,True,sin trials válidos: θ global de la ventana 54,0,-1000000000.0,6,92,24,38,68,10,1.5563274382064471,1.1091677210944102,4.816707706176507,27
anchored,por_activo,55,2016-01-04,2021-01-29,2021-02-01,META,Tendencia,False,,80,0.3201553240626108,26,70,10,24,80,14,1.8525317461834898,1.582705358313258,1.903265534264927,8
anchored,por_activo,55,2016-01-04,2021-01-29,2021-02-01,META,Reversión,False,,55,0.5169402977583577,20,24,23,24,62,16,1.9760937888190617,3.600133488279095,2.0047767026906773,7
anchored,por_activo,55,2016-01-04,2021-01-29,2021-02-01,META,Crisis,False,,60,0.3206420337474807,22,70,26,32,61,15,1.5981725332694943,1.7131278612275906,4.879273709930217,29
anchored,por_activo,55,2016-01-04,2021-01-29,2021-02-01,NFLX,Global,True,sin trials válidos: θ global de la ventana 54,0,-1000000000.0,23,55,7,39,72,38,2.34948903132577,1.498354618101755,5.962092496657174,26
anchored,por_activo,55,2016-01-04,2021-01-29,2021-02-01,NFLX,Tendencia,False,,63,0.8517953822996968,28,90,10,31,72,19,1.7914521340655158,3.450733568646561,4.952332106091661,38
anchored,por_activo,55,2016-01-04,2021-01-29,2021-02-01,NFLX,Reversión,False,,70,1.060969623037532,25,74,9,26,61,34,1.6500352509447445,3.6296773538566587,1.077499318662951,23
anchored,por_activo,55,2016-01-04,2021-01-29,2021-02-01,NFLX,Crisis,False,,68,0.4782110520299898,19,20,24,39,63,11,1.6181811759061493,1.1681144627989624,4.788021305945057,37
anchored,por_activo,55,2016-01-04,2021-01-29,2021-02-01,GOOGL,Global,False,,35,0.4342492630762488,16,50,10,37,75,10,1.5775699541941413,2.1876217280774277,5.577603029144518,5
anchored,por_activo,55,2016-01-04,2021-01-29,2021-02-01,GOOGL,Tendencia,False,,76,0.45346298193077855,28,26,10,29,72,13,1.8374249048019182,1.1304510768295222,3.564127374473812,22
anchored,por_activo,55,2016-01-04,2021-01-29,2021-02-01,GOOGL,Reversión,False,,66,1.3568122269727496,30,85,11,39,76,20,2.8160354246140127,1.2809015962874772,2.170987968516024,23
anchored,por_activo,55,2016-01-04,2021-01-29,2021-02-01,GOOGL,Crisis,False,,65,0.35467348138470933,23,30,18,20,79,18,1.6399039166731837,1.1043843815859269,5.675483155708504,37
anchored,por_activo,56,2016-01-04,2021-02-26,2021-03-01,NVDA,Global,False,,30,0.48256090946883495,24,78,7,40,79,17,2.0695779921835977,2.8915234425798797,1.4698452228472376,6
anchored,por_activo,56,2016-01-04,2021-02-26,2021-03-01,NVDA,Tendencia,False,,70,1.8297039020026458,28,67,26,22,64,16,1.8597049286139142,3.862513408090356,4.854665273186707,29
anchored,por_activo,56,2016-01-04,2021-02-26,2021-03-01,NVDA,Reversión,False,,54,0.01643982828282773,20,22,8,36,74,12,1.9483075846177347,2.3341555687075988,2.9649532930889846,10
anchored,por_activo,56,2016-01-04,2021-02-26,2021-03-01,NVDA,Crisis,False,,3,0.46859081403370423,17,71,8,40,66,36,2.0351916021087453,3.4177083637873293,2.040335997262648,38
anchored,por_activo,56,2016-01-04,2021-02-26,2021-03-01,AMZN,Global,False,,29,0.6137401316733432,26,45,8,40,70,11,2.0917759399962264,2.739788639282331,1.1959770585815173,8
anchored,por_activo,56,2016-01-04,2021-02-26,2021-03-01,AMZN,Tendencia,False,,80,0.5384912808724212,26,55,16,38,76,20,1.603831119210762,1.3236534041556962,5.584002947812941,38
anchored,por_activo,56,2016-01-04,2021-02-26,2021-03-01,AMZN,Reversión,False,,79,1.6264201663074571,19,49,27,40,67,10,2.149937030793308,1.4574632677059252,2.0347922549265696,33
anchored,por_activo,56,2016-01-04,2021-02-26,2021-03-01,AMZN,Crisis,False,,1,0.19792352585027612,17,93,25,23,76,20,1.5718698626029173,2.3337150310716397,2.2756445108264187,36
anchored,por_activo,56,2016-01-04,2021-02-26,2021-03-01,TSLA,Global,False,,21,0.030527769027427393,15,71,15,29,78,11,1.521182925368606,2.9339765073542594,5.001535619670355,6
anchored,por_activo,56,2016-01-04,2021-02-26,2021-03-01,TSLA,Tendencia,False,,69,0.4643971825691107,21,41,9,22,68,14,1.751679268504359,3.5392930808759573,4.775138226096766,28
anchored,por_activo,56,2016-01-04,2021-02-26,2021-03-01,TSLA,Reversión,False,,72,0.07468102473998162,18,20,8,38,78,14,1.611460836471641,1.2551482303358152,5.354975040773665,36
anchored,por_activo,56,2016-01-04,2021-02-26,2021-03-01,TSLA,Crisis,False,,39,0.9782007119339265,26,26,8,39,75,18,2.9081810498301515,3.24655214499483,5.196971296097224,20
anchored,por_activo,56,2016-01-04,2021-02-26,2021-03-01,META,Global,True,sin trials válidos: θ global de la ventana 54,0,-1000000000.0,6,92,24,38,68,10,1.5563274382064471,1.1091677210944102,4.816707706176507,27
anchored,por_activo,56,2016-01-04,2021-02-26,2021-03-01,META,Tendencia,False,,70,0.2999815542813082,13,21,7,39,61,19,1.6694826682354957,1.1666596627192478,2.3834787329203135,29
anchored,por_activo,56,2016-01-04,2021-02-26,2021-03-01,META,Reversión,False,,68,0.5857168465409512,9,74,15,38,67,16,1.9968532483177346,2.2569764014081914,5.413443911243064,36
anchored,por_activo,56,2016-01-04,2021-02-26,2021-03-01,META,Crisis,False,,64,0.6558929005795369,16,77,27,23,78,13,1.6174173473859699,2.7792469283443135,4.993252274428941,13
anchored,por_activo,56,2016-01-04,2021-02-26,2021-03-01,NFLX,Global,False,,43,0.4199314290726894,22,84,8,39,65,22,2.6930492552436625,1.5331809075022886,3.33306855003846,20
anchored,por_activo,56,2016-01-04,2021-02-26,2021-03-01,NFLX,Tendencia,False,,70,0.8438939019670032,25,74,8,39,74,13,2.8927961057643627,1.419967461707949,5.456310356499742,26
anchored,por_activo,56,2016-01-04,2021-02-26,2021-03-01,NFLX,Reversión,False,,67,0.9221168405519669,24,96,27,21,63,23,1.7160520802957628,3.6219215073116935,2.94971381154752,6
anchored,por_activo,56,2016-01-04,2021-02-26,2021-03-01,NFLX,Crisis,False,,54,1.0486047060281614,28,92,11,22,80,11,1.5938372500486415,1.4130217538104457,3.650151827073238,39
anchored,por_activo,56,2016-01-04,2021-02-26,2021-03-01,GOOGL,Global,False,,54,0.003481137325604238,24,77,9,27,63,18,1.6692901571759353,1.111842434877566,1.7661311858564526,30
anchored,por_activo,56,2016-01-04,2021-02-26,2021-03-01,GOOGL,Tendencia,False,,63,0.6721873527002475,6,33,15,24,74,11,1.6396628301061904,2.046562759793371,5.657116315720909,35
anchored,por_activo,56,2016-01-04,2021-02-26,2021-03-01,GOOGL,Reversión,False,,66,0.4444575791706888,16,19,28,38,78,18,1.6883231191665684,2.514711120123609,5.816178793156571,25
anchored,por_activo,56,2016-01-04,2021-02-26,2021-03-01,GOOGL,Crisis,False,,48,0.3424152428600793,5,18,16,21,64,13,1.5213060552851478,3.7921117777515447,4.986066235828362,17
anchored,por_activo,57,2016-01-04,2021-03-31,2021-04-01,NVDA,Global,True,sin trials válidos: θ global de la ventana 56,0,-1000000000.0,24,78,7,40,79,17,2.0695779921835977,2.8915234425798797,1.4698452228472376,6
anchored,por_activo,57,2016-01-04,2021-03-31,2021-04-01,NVDA,Tendencia,False,,75,1.622041559000405,25,45,26,28,66,14,2.081857974377206,1.607336344323485,5.32385016615409,29
anchored,por_activo,57,2016-01-04,2021-03-31,2021-04-01,NVDA,Reversión,False,,60,0.7944800482214722,25,79,12,38,69,37,2.5028495417233563,1.490084078364579,5.658589512756869,40
anchored,por_activo,57,2016-01-04,2021-03-31,2021-04-01,NVDA,Crisis,False,,29,0.4034438525089939,10,68,11,24,61,26,1.6516445014764949,1.0651867821682846,1.0828641618625274,26
anchored,por_activo,57,2016-01-04,2021-03-31,2021-04-01,AMZN,Global,False,,36,0.7334548026291231,10,74,8,24,73,12,1.6881004740725287,1.2545464518305307,5.249975801435941,28
anchored,por_activo,57,2016-01-04,2021-03-31,2021-04-01,AMZN,Tendencia,False,,75,0.6320874693805694,29,88,20,33,61,11,1.8523543087480188,1.8448920535799425,4.364830347699841,15
anchored,por_activo,57,2016-01-04,2021-03-31,2021-04-01,AMZN,Reversión,False,,67,0.36996535671129877,16,43,8,39,61,17,2.8022091814421186,3.4559357734779366,2.048729055781343,18
anchored,por_activo,57,2016-01-04,2021-03-31,2021-04-01,AMZN,Crisis,False,,57,1.2247242857644145,14,42,10,31,65,12,1.6827356240849598,1.2933532401915002,4.588658054082002,16
anchored,por_activo,57,2016-01-04,2021-03-31,2021-04-01,TSLA,Global,False,,43,0.2606934794531112,23,68,14,27,76,12,1.8511514366849735,1.2783621967667098,5.846903966742285,23
anchored,por_activo,57,2016-01-04,2021-03-31,2021-04-01,TSLA,Tendencia,False,,74,0.22515800789991602,25,16,10,24,70,10,2.146845989722755,1.812675541889284,5.496298018281798,34
anchored,por_activo,57,2016-01-04,2021-03-31,2021-04-01,TSLA,Reversión,False,,56,0.024242491877123795,12,38,22,29,69,12,1.7168358487050597,3.5790783619971904,4.00707005105178,13
anchored,por_activo,57,2016-01-04,2021-03-31,2021-04-01,TSLA,Crisis,False,,69,2.6671607948979212,29,90,27,22,63,19,1.80362186496559,3.600947570683942,4.5002361632323735,5
anchored,por_activo,57,2016-01-04,2021-03-31,2021-04-01,META,Global,False,,60,0.38328710347094136,29,66,8,22,76,11,1.618098873570009,1.2896323542391732,2.570262693482519,6
anchored,por_activo,57,2016-01-04,2021-03-31,2021-04-01,META,Tendencia,False,,64,0.4850091441638352,19,14,8,38,78,16,2.3469220238070445,1.7994962841850652,2.0785903110719883,12
anchored,por_activo,57,2016-01-04,2021-03-31,2021-04-01,META,Reversión,False,,69,0.5230786364760986,9,68,13,39,77,16,1.940794128029978,1.5037510739794966,5.117874502092592,32
anchored,por_activo,57,2016-01-04,2021-03-31,2021-04-01,META,Crisis,False,,69,0.34807987471418544,19,50,25,37,64,10,1.5776134888377806,1.2479155851774548,2.8921893606886213,38
anchored,por_activo,57,2016-01-04,2021-03-31,2021-04-01,NFLX,Global,True,sin trials válidos: θ global de la ventana 56,0,-1000000000.0,22,84,8,39,65,22,2.6930492552436625,1.5331809075022886,3.33306855003846,20
anchored,por_activo,57,2016-01-04,2021-03-31,2021-04-01,NFLX,Tendencia,False,,72,0.9650237916235207,22,52,8,38,68,12,2.1059877108466374,3.37030658396658,2.560872795402047,39
anchored,por_activo,57,2016-01-04,2021-03-31,2021-04-01,NFLX,Reversión,False,,62,0.5095815491845209,25,33,19,38,79,21,1.8368084479556388,2.0199372734746186,5.887467796491776,5
anchored,por_activo,57,2016-01-04,2021-03-31,2021-04-01,NFLX,Crisis,False,,59,0.8179808763765948,20,87,26,22,63,11,1.5674678295274989,2.0816647732129834,2.5845934733057345,12
anchored,por_activo,57,2016-01-04,2021-03-31,2021-04-01,GOOGL,Global,False,,34,0.36190224924314784,18,19,26,22,68,11,1.6474403675480813,1.663897750006913,5.8039866829765,8
anchored,por_activo,57,2016-01-04,2021-03-31,2021-04-01,GOOGL,Tendencia,False,,76,0.9482860117862271,26,62,17,36,70,15,1.8477615880650062,1.1059213724366255,1.4240474101640643,36
anchored,por_activo,57,2016-01-04,2021-03-31,2021-04-01,GOOGL,Reversión,False,,44,0.44210602614942257,7,96,8,39,80,37,2.3599079328676087,2.1702650376343517,2.576696459392375,38
anchored,por_activo,57,2016-01-04,2021-03-31,2021-04-01,GOOGL,Crisis,False,,74,0.9691501794193048,26,68,7,39,78,34,1.6015567640045718,1.264083861271262,5.66590209884116,20
anchored,por_activo,58,2016-01-04,2021-04-30,2021-05-03,NVDA,Global,True,sin trials válidos: θ global de la ventana 56,0,-1000000000.0,24,78,7,40,79,17,2.0695779921835977,2.8915234425798797,1.4698452228472376,6
anchored,por_activo,58,2016-01-04,2021-04-30,2021-05-03,NVDA,Tendencia,False,,77,0.867762732713382,10,91,8,37,80,18,2.335840425365893,2.196597355950932,4.839987754613613,12
anchored,por_activo,58,2016-01-04,2021-04-30,2021-05-03,NVDA,Reversión,False,,61,-0.03981715743663272,29,15,15,21,77,22,1.668343027352789,3.7622180408852604,2.3448180430067542,5
anchored,por_activo,58,2016-01-04,2021-04-30,2021-05-03,NVDA,Crisis,False,,63,0.6345342249912693,25,98,12,21,68,26,1.5396753844703308,1.4829718514451393,1.2548262180758096,8
anchored,por_activo,58,2016-01-04,2021-04-30,2021-05-03,AMZN,Global,True,sin trials válidos: θ global de la ventana 57,0,-1000000000.0,10,74,8,24,73,12,1.6881004740725287,1.2545464518305307,5.249975801435941,28
anchored,por_activo,58,2016-01-04,2021-04-30,2021-05-03,AMZN,Tendencia,False,,78,0.905270747506888,30,76,10,24,64,13,1.6450668219065867,1.814754424270867,2.5106943029738655,30
anchored,por_activo,58,2016-01-04,2021-04-30,2021-05-03,AMZN,Reversión,False,,77,1.411697625783464,6,16,22,24,64,12,1.670797225055514,1.707835553117889,1.7326471917307036,12
anchored,por_activo,58,2016-01-04,2021-04-30,2021-05-03,AMZN,Crisis,False,,54,0.6252570955351119,21,86,27,30,79,15,1.5460652773731849,2.0118814049901514,1.8815192460325496,27
anchored,por_activo,58,2016-01-04,2021-04-30,2021-05-03,TSLA,Global,True,sin trials válidos: θ global de la ventana 57,0,-1000000000.0,23,68,14,27,76,12,1.8511514366849735,1.2783621967667098,5.846903966742285,23
anchored,por_activo,58,2016-01-04,2021-04-30,2021-05-03,TSLA,Tendencia,False,,69,0.33260759504954873,27,53,8,34,79,12,1.916572476282321,2.390229182613704,2.4520540521333083,28
anchored,por_activo,58,2016-01-04,2021-04-30,2021-05-03,TSLA,Reversión,False,,58,0.24964398606986302,29,18,18,38,64,12,2.1695046447641375,1.6299036103053481,3.1277457895907483,26
anchored,por_activo,58,2016-01-04,2021-04-30,2021-05-03,TSLA,Crisis,False,,66,0.7841539376373354,21,88,8,24,63,32,1.5560063909810782,1.797984760383616,1.3258054907556334,7
anchored,por_activo,58,2016-01-04,2021-04-30,2021-05-03,META,Global,False,,40,0.5173604538576488,22,26,14,20,72,10,1.5363341570527442,2.0638946108183718,5.146254309067469,9
anchored,por_activo,58,2016-01-04,2021-04-30,2021-05-03,META,Tendencia,False,,75,0.5082639798505816,6,88,8,40,62,39,2.5247523195657013,2.1083643532006766,4.470710959139698,10
anchored,por_activo,58,2016-01-04,2021-04-30,2021-05-03,META,Reversión,False,,79,0.39800738805084324,8,56,24,38,66,12,1.7793093304076577,3.374286343406598,5.438571139351601,8
anchored,por_activo,58,2016-01-04,2021-04-30,2021-05-03,META,Crisis,False,,47,0.601375070660524,17,16,21,23,62,15,1.6509016591502554,2.0027498576641496,2.900780798274196,27
anchored,por_activo,58,2016-01-04,2021-04-30,2021-05-03,NFLX,Global,False,,37,0.2667906434279414,9,86,22,36,64,14,1.628539443486248,1.3281508996798501,4.444063583548324,8
anchored,por_activo,58,2016-01-04,2021-04-30,2021-05-03,NFLX,Tendencia,False,,74,1.4115422475974813,17,66,8,38,68,40,1.6787189496330162,2.5456260229121765,5.337114328887222,30
anchored,por_activo,58,2016-01-04,2021-04-30,2021-05-03,NFLX,Reversión,False,,56,0.6108516297486837,26,57,26,24,62,36,1.555340554196393,3.8638538547415617,5.247360689112312,6
anchored,por_activo,58,2016-01-04,2021-04-30,2021-05-03,NFLX,Crisis,False,,57,0.295739841264636,18,80,12,39,64,17,1.641255728520182,1.4117641638548148,5.210832163850407,11
anchored,por_activo,58,2016-01-04,2021-04-30,2021-05-03,GOOGL,Global,False,,17,-0.09810516574660583,7,34,24,36,62,12,1.5606514585368747,1.1179849687944237,1.3756423679281167,38
anchored,por_activo,58,2016-01-04,2021-04-30,2021-05-03,GOOGL,Tendencia,False,,68,0.2239455162430718,23,72,25,21,77,16,1.7985145645605871,2.4320299571853963,2.4508816433046623,10
anchored,por_activo,58,2016-01-04,2021-04-30,2021-05-03,GOOGL,Reversión,False,,77,0.8097773527859816,28,20,7,39,66,12,1.80907059137949,2.990951941991242,1.1025804558050387,36
anchored,por_activo,58,2016-01-04,2021-04-30,2021-05-03,GOOGL,Crisis,False,,51,0.7783205216979086,6,24,7,40,64,24,2.7667765786526743,1.767204913739087,3.25393143595074,32
anchored,por_activo,59,2016-01-04,2021-05-28,2021-06-01,NVDA,Global,True,sin trials válidos: θ global de la ventana 56,0,-1000000000.0,24,78,7,40,79,17,2.0695779921835977,2.8915234425798797,1.4698452228472376,6
anchored,por_activo,59,2016-01-04,2021-05-28,2021-06-01,NVDA,Tendencia,False,,58,1.8269722087501363,6,26,22,37,71,12,1.94694670950082,1.5250027047109516,5.444077322951891,28
anchored,por_activo,59,2016-01-04,2021-05-28,2021-06-01,NVDA,Reversión,False,,65,0.8910910110292695,28,75,22,26,79,22,1.6926937630716081,1.242655322448356,4.275105761878999,11
anchored,por_activo,59,2016-01-04,2021-05-28,2021-06-01,NVDA,Crisis,False,,25,0.22825165273945347,12,24,12,32,64,15,1.5481848953347659,1.2461392524196642,5.377873094258438,22
anchored,por_activo,59,2016-01-04,2021-05-28,2021-06-01,AMZN,Global,False,,63,0.6774516104209702,23,45,8,37,66,11,1.7088007151739304,2.3699156540105433,4.15711242038557,7
anchored,por_activo,59,2016-01-04,2021-05-28,2021-06-01,AMZN,Tendencia,False,,71,0.3826887293103642,28,26,7,40,62,24,2.088430163177961,3.609672665663968,4.79670451412848,30
anchored,por_activo,59,2016-01-04,2021-05-28,2021-06-01,AMZN,Reversión,False,,78,0.42797795099364355,28,96,26,36,78,27,1.5762955181399165,1.3737449069269072,3.914359277952751,24
anchored,por_activo,59,2016-01-04,2021-05-28,2021-06-01,AMZN,Crisis,False,,50,0.46608747728808825,12,72,7,40,61,12,2.521070719430857,2.316755069416909,4.194868047342369,25
anchored,por_activo,59,2016-01-04,2021-05-28,2021-06-01,TSLA,Global,False,,40,0.06675010888265137,24,96,7,40,65,28,2.7191641205854684,2.4497572334992803,5.206674324481566,7
anchored,por_activo,59,2016-01-04,2021-05-28,2021-06-01,TSLA,Tendencia,False,,63,0.3417840537331471,27,92,27,40,74,22,2.2258282411631485,1.4648700209490393,4.047958028270314,24
anchored,por_activo,59,2016-01-04,2021-05-28,2021-06-01,TSLA,Reversión,False,,65,0.14274303706744393,14,32,8,37,78,11,2.026498731214088,1.3229909519489491,4.993697035555345,29
anchored,por_activo,59,2016-01-04,2021-05-28,2021-06-01,TSLA,Crisis,False,,43,2.0630769428598863,29,45,12,21,77,34,1.8746514866138497,2.45861553553162,1.0781719949919177,10
anchored,por_activo,59,2016-01-04,2021-05-28,2021-06-01,META,Global,False,,9,0.2262154945841938,19,18,20,38,75,10,1.5395943138624284,2.5936601732635562,1.985308489860646,18
anchored,por_activo,59,2016-01-04,2021-05-28,2021-06-01,META,Tendencia,False,,72,0.11538894990048056,6,98,7,36,80,14,1.559895361783529,3.7256393220668835,1.2161877702723998,22
anchored,por_activo,59,2016-01-04,2021-05-28,2021-06-01,META,Reversión,False,,57,0.46828220793409053,24,25,20,38,78,14,1.7725611497156502,2.2334748428527504,4.09447364161878,7
anchored,por_activo,59,2016-01-04,2021-05-28,2021-06-01,META,Crisis,False,,65,0.3815444385158459,15,72,9,26,78,12,1.7764061549035008,1.6002440591149836,4.358591300186374,34
anchored,por_activo,59,2016-01-04,2021-05-28,2021-06-01,NFLX,Global,False,,60,0.5836773037819109,27,51,8,39,64,11,1.7997054126825183,1.567477783389639,5.298391713269687,20
anchored,por_activo,59,2016-01-04,2021-05-28,2021-06-01,NFLX,Tendencia,False,,62,0.8592719151711538,28,23,8,38,74,24,2.788909022740276,3.389343734717946,3.4817229504055085,35
anchored,por_activo,59,2016-01-04,2021-05-28,2021-06-01,NFLX,Reversión,False,,71,0.9345843269037508,30,36,14,34,63,25,1.673862655684776,2.1284684403058964,1.9805019365988383,6
anchored,por_activo,59,2016-01-04,2021-05-28,2021-06-01,NFLX,Crisis,False,,47,0.30183104154835455,14,48,23,39,61,11,1.9516905668895954,3.6095732748683123,3.795205216722077,12
anchored,por_activo,59,2016-01-04,2021-05-28,2021-06-01,GOOGL,Global,True,sin trials válidos: θ global de la ventana 58,0,-1000000000.0,7,34,24,36,62,12,1.5606514585368747,1.1179849687944237,1.3756423679281167,38
anchored,por_activo,59,2016-01-04,2021-05-28,2021-06-01,GOOGL,Tendencia,False,,79,0.7924434583979229,10,58,16,37,72,14,1.8393373611758257,3.870434542834806,3.2357865118977127,26
anchored,por_activo,59,2016-01-04,2021-05-28,2021-06-01,GOOGL,Reversión,False,,46,0.2571348704185734,28,89,7,37,80,37,2.3195559013532816,3.9113125843580656,4.047544776376803,26
anchored,por_activo,59,2016-01-04,2021-05-28,2021-06-01,GOOGL,Crisis,False,,73,0.4347222745842508,26,65,8,35,65,18,1.6662353274428443,2.6070578281197165,4.753483768669463,36
anchored,por_activo,60,2016-01-04,2021-06-30,2021-07-01,NVDA,Global,True,sin trials válidos: θ global de la ventana 56,0,-1000000000.0,24,78,7,40,79,17,2.0695779921835977,2.8915234425798797,1.4698452228472376,6
anchored,por_activo,60,2016-01-04,2021-06-30,2021-07-01,NVDA,Tendencia,False,,79,1.2463969398929589,26,78,7,31,60,14,1.9747803875574772,1.7312317057163797,5.413936091577122,30
anchored,por_activo,60,2016-01-04,2021-06-30,2021-07-01,NVDA,Reversión,False,,68,0.8032393036799744,23,93,8,35,79,16,1.9305982589051307,2.8294054529255432,5.410748962723612,34
anchored,por_activo,60,2016-01-04,2021-06-30,2021-07-01,NVDA,Crisis,False,,44,0.6393010532856634,22,51,20,23,79,23,1.7510187000420345,1.1704014348536085,2.860924318349219,39
anchored,por_activo,60,2016-01-04,2021-06-30,2021-07-01,AMZN,Global,False,,30,0.445605091892129,21,38,7,33,71,11,2.149474451428397,1.5339306383945215,1.1156039164330291,36
anchored,por_activo,60,2016-01-04,2021-06-30,2021-07-01,AMZN,Tendencia,False,,66,1.4104026207427995,29,79,11,21,77,17,1.8859823848957649,3.0761144333391175,1.3552752033250166,6
anchored,por_activo,60,2016-01-04,2021-06-30,2021-07-01,AMZN,Reversión,False,,77,0.26073712083709566,14,66,10,30,62,28,1.5894367905784228,1.1593645878828913,5.053253051876908,39
anchored,por_activo,60,2016-01-04,2021-06-30,2021-07-01,AMZN,Crisis,False,,22,0.8397830497344277,30,53,23,38,79,12,1.6242322613462963,1.4766564275341107,2.3394246580106373,6
anchored,por_activo,60,2016-01-04,2021-06-30,2021-07-01,TSLA,Global,False,,62,0.2112678024517305,24,86,8,39,77,11,1.7111943474052285,2.9607914529201445,5.454684454534533,10
anchored,por_activo,60,2016-01-04,2021-06-30,2021-07-01,TSLA,Tendencia,False,,79,0.8377066362100004,26,40,26,22,60,12,2.0486343256547253,2.571303316922811,1.5495643036934874,30
anchored,por_activo,60,2016-01-04,2021-06-30,2021-07-01,TSLA,Reversión,False,,50,0.5810155409646098,29,30,9,38,73,23,2.1838698410575077,2.559260271693067,5.69528062050467,37
anchored,por_activo,60,2016-01-04,2021-06-30,2021-07-01,TSLA,Crisis,False,,48,0.7947624704691788,7,34,26,22,69,10,1.7400393859073593,2.3213460300979545,5.311014220358262,25
anchored,por_activo,60,2016-01-04,2021-06-30,2021-07-01,META,Global,True,sin trials válidos: θ global de la ventana 59,0,-1000000000.0,19,18,20,38,75,10,1.5395943138624284,2.5936601732635562,1.985308489860646,18
anchored,por_activo,60,2016-01-04,2021-06-30,2021-07-01,META,Tendencia,False,,75,0.1805379637235161,22,61,9,23,74,10,1.541541976426048,1.1954207831581223,1.9487518239845616,38
anchored,por_activo,60,2016-01-04,2021-06-30,2021-07-01,META,Reversión,False,,76,0.9539334979596092,14,77,8,39,75,12,1.6232959279359607,3.7247885090573742,4.215608617554302,16
anchored,por_activo,60,2016-01-04,2021-06-30,2021-07-01,META,Crisis,False,,71,0.7648388601274356,26,41,10,39,69,13,1.8056116529559625,1.4929343658588312,1.1396357097115444,10
anchored,por_activo,60,2016-01-04,2021-06-30,2021-07-01,NFLX,Global,True,sin trials válidos: θ global de la ventana 59,0,-1000000000.0,27,51,8,39,64,11,1.7997054126825183,1.567477783389639,5.298391713269687,20
anchored,por_activo,60,2016-01-04,2021-06-30,2021-07-01,NFLX,Tendencia,False,,66,1.3787340138686939,16,82,15,35,78,15,2.161902513731138,1.6719400853621902,5.567264991232099,37
anchored,por_activo,60,2016-01-04,2021-06-30,2021-07-01,NFLX,Reversión,False,,80,0.524361511916856,25,70,10,36,64,13,1.6087506472364592,3.1023989591493812,4.411745763206284,6
anchored,por_activo,60,2016-01-04,2021-06-30,2021-07-01,NFLX,Crisis,False,,30,0.14387242373279926,17,13,9,39,64,36,2.249722282582531,3.207487838399395,4.287568584230298,28
anchored,por_activo,60,2016-01-04,2021-06-30,2021-07-01,GOOGL,Global,False,,52,0.3059959188403215,11,97,7,40,65,37,2.7063766403872647,1.1014738246864813,2.2530100365245014,18
anchored,por_activo,60,2016-01-04,2021-06-30,2021-07-01,GOOGL,Tendencia,False,,79,0.7333199083326346,20,54,26,39,61,12,1.7342715814758423,1.8846427778354564,5.309609311749249,38
anchored,por_activo,60,2016-01-04,2021-06-30,2021-07-01,GOOGL,Reversión,False,,75,0.23553319704100623,14,92,10,33,79,14,1.651753854044859,3.7585538163590453,5.224938692009776,10
anchored,por_activo,60,2016-01-04,2021-06-30,2021-07-01,GOOGL,Crisis,False,,62,0.5117036993762057,29,14,9,39,63,37,2.7688999038886024,2.5248983705611936,4.12536541203683,5
anchored,por_activo,61,2016-01-04,2021-07-30,2021-08-02,NVDA,Global,False,,59,0.5051893649707987,30,68,9,38,64,13,2.121845066692482,1.4241458753288683,3.895449390155779,10
anchored,por_activo,61,2016-01-04,2021-07-30,2021-08-02,NVDA,Tendencia,False,,76,1.8773758706896908,19,68,16,35,68,10,1.6787694296248072,1.3458265199709194,5.746929548817897,26
anchored,por_activo,61,2016-01-04,2021-07-30,2021-08-02,NVDA,Reversión,False,,66,0.5211358163517956,27,87,9,38,62,10,2.001840178816943,2.9332814651511425,3.6585260190403313,33
anchored,por_activo,61,2016-01-04,2021-07-30,2021-08-02,NVDA,Crisis,False,,48,0.42549674957013656,24,60,11,29,79,10,1.5822239044363207,1.894072563170783,1.7740541997726011,17
anchored,por_activo,61,2016-01-04,2021-07-30,2021-08-02,AMZN,Global,False,,1,0.11239257696551314,10,100,8,38,67,19,1.9252601397499531,1.4180498362348881,3.1246723381262305,7
anchored,por_activo,61,2016-01-04,2021-07-30,2021-08-02,AMZN,Tendencia,False,,59,1.3876624068284682,5,30,7,40,72,19,2.1944124434001377,1.721099874633599,4.662626164494249,24
anchored,por_activo,61,2016-01-04,2021-07-30,2021-08-02,AMZN,Reversión,False,,72,0.5669093753010593,27,96,18,36,68,12,2.2085047295917306,1.9992646595850916,2.068512793851098,38
anchored,por_activo,61,2016-01-04,2021-07-30,2021-08-02,AMZN,Crisis,False,,24,0.7682915204067802,29,43,8,40,66,40,2.159626448618793,2.168417740021419,1.6924544211251438,14
anchored,por_activo,61,2016-01-04,2021-07-30,2021-08-02,TSLA,Global,False,,57,0.11753116281517473,15,98,19,24,71,10,1.5753919033013823,1.251631085823667,5.189597288429968,8
anchored,por_activo,61,2016-01-04,2021-07-30,2021-08-02,TSLA,Tendencia,False,,72,0.394333420559619,28,20,8,36,78,24,1.650095018687272,3.420137481223307,5.606609748087916,28
anchored,por_activo,61,2016-01-04,2021-07-30,2021-08-02,TSLA,Reversión,False,,71,0.2869769121295743,8,89,8,39,66,18,1.565332855489511,1.410121346371093,3.7812782369207945,9
anchored,por_activo,61,2016-01-04,2021-07-30,2021-08-02,TSLA,Crisis,False,,70,1.4431975700220585,24,77,14,28,77,12,1.8229469838077175,3.259746502547226,4.987335328089757,14
anchored,por_activo,61,2016-01-04,2021-07-30,2021-08-02,META,Global,False,,1,0.0771834297499602,24,47,7,39,73,29,1.9010921426801586,3.500502525272897,1.216326850683461,18
anchored,por_activo,61,2016-01-04,2021-07-30,2021-08-02,META,Tendencia,False,,54,0.7666033818195126,8,28,8,38,66,36,2.8593160486163645,1.217060451797162,2.6588162338720553,28
anchored,por_activo,61,2016-01-04,2021-07-30,2021-08-02,META,Reversión,False,,67,0.709799676767731,25,24,7,39,63,14,2.05550574918025,2.1391052356661864,5.2127567126584315,33
anchored,por_activo,61,2016-01-04,2021-07-30,2021-08-02,META,Crisis,False,,40,0.28779482387978006,14,88,26,37,70,12,1.848585909436003,1.8962837796090453,4.582254943601801,32
anchored,por_activo,61,2016-01-04,2021-07-30,2021-08-02,NFLX,Global,False,,67,0.4267735632196142,27,79,12,25,67,13,1.75260477972473,1.3314555825608196,3.684740844231371,6
anchored,por_activo,61,2016-01-04,2021-07-30,2021-08-02,NFLX,Tendencia,False,,70,1.0609648613689402,26,20,9,38,76,26,1.672514856136357,2.5499325458358206,3.6988935175222277,34
anchored,por_activo,61,2016-01-04,2021-07-30,2021-08-02,NFLX,Reversión,False,,54,0.8834562518266224,26,57,8,40,79,25,2.4322473705648413,3.495227425294691,1.3120283519528266,30
anchored,por_activo,61,2016-01-04,2021-07-30,2021-08-02,NFLX,Crisis,False,,41,0.24335856330669042,17,65,9,40,65,13,2.794438829133986,1.7673003945125498,3.7303370364412607,9
anchored,por_activo,61,2016-01-04,2021-07-30,2021-08-02,GOOGL,Global,False,,59,0.2901257618947864,22,38,18,22,70,12,1.7248822843547633,1.1344366307611211,1.8821898543637254,14
anchored,por_activo,61,2016-01-04,2021-07-30,2021-08-02,GOOGL,Tendencia,False,,53,0.24288713835340128,28,38,16,38,78,34,2.862906870041478,1.181269708630237,3.3972664894852596,23
anchored,por_activo,61,2016-01-04,2021-07-30,2021-08-02,GOOGL,Reversión,False,,74,0.6138972399559983,12,57,9,28,80,10,1.648154289340205,2.9922598812182617,1.45015359621256,25
anchored,por_activo,61,2016-01-04,2021-07-30,2021-08-02,GOOGL,Crisis,False,,58,1.0403803537617236,28,94,7,40,68,24,2.5085520082895467,3.7077959424879277,5.830220713889869,5
anchored,por_activo,62,2016-01-04,2021-08-31,2021-09-01,NVDA,Global,False,,1,0.04028839597595933,18,68,18,25,67,10,1.5276986980621676,2.59322600799597,2.5224322829933583,15
anchored,por_activo,62,2016-01-04,2021-08-31,2021-09-01,NVDA,Tendencia,False,,81,2.460392561949476,30,90,18,27,72,10,1.968487996127902,1.7772686466388348,5.504976678483958,26
anchored,por_activo,62,2016-01-04,2021-08-31,2021-09-01,NVDA,Reversión,False,,65,0.39628761060238804,19,96,15,20,63,12,1.8528706377733948,2.937085271041358,2.9460179036987415,16
anchored,por_activo,62,2016-01-04,2021-08-31,2021-09-01,NVDA,Crisis,False,,60,1.5306437779828175,28,95,8,39,77,10,1.6788182328000805,2.945416877841704,1.2784785834261412,34
anchored,por_activo,62,2016-01-04,2021-08-31,2021-09-01,AMZN,Global,False,,54,0.16791904924886664,7,72,7,40,60,13,1.5634509798400238,1.3785597771068114,4.177568399243549,8
anchored,por_activo,62,2016-01-04,2021-08-31,2021-09-01,AMZN,Tendencia,False,,69,0.41416076041759253,21,94,7,36,71,18,1.634001777200964,2.602613935207087,5.5320340372059045,34
anchored,por_activo,62,2016-01-04,2021-08-31,2021-09-01,AMZN,Reversión,False,,72,0.7467222993916662,29,96,25,36,77,11,2.0367154068520623,1.8642639338593265,1.6591460368211068,19
anchored,por_activo,62,2016-01-04,2021-08-31,2021-09-01,AMZN,Crisis,True,ningún trial cumple N_MIN,0,-1000000000.0,7,72,7,40,60,13,1.5634509798400238,1.3785597771068114,4.177568399243549,8
anchored,por_activo,62,2016-01-04,2021-08-31,2021-09-01,TSLA,Global,False,,41,0.26988398824307014,23,66,27,30,75,12,1.5927406160970863,2.6452465446256994,1.8318361275900916,25
anchored,por_activo,62,2016-01-04,2021-08-31,2021-09-01,TSLA,Tendencia,False,,79,0.7266849683152595,28,28,9,25,75,13,2.0366776921784733,2.1472300584597113,1.9657581304983065,37
anchored,por_activo,62,2016-01-04,2021-08-31,2021-09-01,TSLA,Reversión,False,,65,0.42021196328452554,29,61,9,31,71,24,1.8249404639944342,2.6748656690966293,2.081473308884829,20
anchored,por_activo,62,2016-01-04,2021-08-31,2021-09-01,TSLA,Crisis,False,,78,3.6487298445289524,29,58,10,39,78,14,1.948980906476279,1.8846708150414497,2.110119309879151,7
anchored,por_activo,62,2016-01-04,2021-08-31,2021-09-01,META,Global,True,sin trials válidos: θ global de la ventana 61,0,-1000000000.0,24,47,7,39,73,29,1.9010921426801586,3.500502525272897,1.216326850683461,18
anchored,por_activo,62,2016-01-04,2021-08-31,2021-09-01,META,Tendencia,False,,56,1.0727417633966136,7,38,8,39,78,28,1.6758228057944675,1.2467896499215838,5.390057910167487,10
anchored,por_activo,62,2016-01-04,2021-08-31,2021-09-01,META,Reversión,False,,68,0.5162442767257946,10,34,14,40,62,12,1.65999673148009,3.54458325493906,4.011669667641511,28
anchored,por_activo,62,2016-01-04,2021-08-31,2021-09-01,META,Crisis,False,,50,0.4652296890223093,25,57,10,39,68,18,2.6336137932928905,1.0408474527821838,5.081107909811729,37
anchored,por_activo,62,2016-01-04,2021-08-31,2021-09-01,NFLX,Global,False,,49,0.3204972993801472,28,76,25,23,64,11,1.6397567497275516,1.4701455833469401,2.203616980374808,34
anchored,por_activo,62,2016-01-04,2021-08-31,2021-09-01,NFLX,Tendencia,False,,60,1.0726215239113297,16,78,9,28,63,16,2.299937333411583,2.852855387955365,2.94940914011036,40
anchored,por_activo,62,2016-01-04,2021-08-31,2021-09-01,NFLX,Reversión,False,,78,0.7679515165622692,27,19,28,38,60,14,1.6417581440064983,2.9890955690149648,1.2642705842096706,37
anchored,por_activo,62,2016-01-04,2021-08-31,2021-09-01,NFLX,Crisis,False,,26,0.12089989276229977,27,43,17,21,80,28,1.5676334089010173,1.1536083749980106,3.623428358617533,30
anchored,por_activo,62,2016-01-04,2021-08-31,2021-09-01,GOOGL,Global,False,,63,0.5116153015414556,28,95,23,36,65,12,1.6103069632511562,1.0800833155632195,3.656453735851158,39
anchored,por_activo,62,2016-01-04,2021-08-31,2021-09-01,GOOGL,Tendencia,False,,71,0.36801018994136586,23,80,26,32,67,12,1.6682593169752133,2.3497776422967904,5.790453885128545,36
anchored,por_activo,62,2016-01-04,2021-08-31,2021-09-01,GOOGL,Reversión,False,,64,0.14224912523481903,30,72,27,34,75,10,1.7179904083228892,2.1763637741348814,5.749331004660886,38
anchored,por_activo,62,2016-01-04,2021-08-31,2021-09-01,GOOGL,Crisis,False,,62,0.852278501408694,14,32,23,22,78,12,1.8382003582687285,3.3812836947260942,2.954857506225016,5
anchored,por_activo,63,2016-01-04,2021-09-30,2021-10-01,NVDA,Global,False,,13,0.09049239445841586,16,88,16,38,63,11,1.578550360885355,2.000778707429922,1.800696788504718,6
anchored,por_activo,63,2016-01-04,2021-09-30,2021-10-01,NVDA,Tendencia,False,,75,1.7462616414184982,28,30,19,34,79,12,1.9838619522927643,3.882370483985519,4.655626913857349,28
anchored,por_activo,63,2016-01-04,2021-09-30,2021-10-01,NVDA,Reversión,False,,52,0.12868262351033644,16,25,20,30,60,16,1.6962863852056647,1.4060327896471323,5.511061547283339,29
anchored,por_activo,63,2016-01-04,2021-09-30,2021-10-01,NVDA,Crisis,False,,49,0.7429981423239627,29,44,9,34,66,22,1.6886263933676289,1.7657634351303253,5.692068233644346,6
anchored,por_activo,63,2016-01-04,2021-09-30,2021-10-01,AMZN,Global,False,,1,0.030843815896096687,7,54,25,22,77,13,1.578540263034224,1.2414520350862084,1.298191443197069,8
anchored,por_activo,63,2016-01-04,2021-09-30,2021-10-01,AMZN,Tendencia,False,,77,0.46390073332006193,14,14,20,24,72,12,1.6902969559667207,3.615256379364987,1.778758581686192,34
anchored,por_activo,63,2016-01-04,2021-09-30,2021-10-01,AMZN,Reversión,False,,68,1.137548621325956,29,23,8,21,61,30,2.8119867400437752,1.163401413527902,2.195666405977585,8
anchored,por_activo,63,2016-01-04,2021-09-30,2021-10-01,AMZN,Crisis,False,,62,1.1394250714903416,19,79,14,36,76,11,1.5976671608887711,3.704145486744146,4.831570931099875,5
anchored,por_activo,63,2016-01-04,2021-09-30,2021-10-01,TSLA,Global,False,,40,0.4534174793609407,25,42,7,39,66,30,1.9106064634683433,2.8904647932187366,2.330805342269196,10
anchored,por_activo,63,2016-01-04,2021-09-30,2021-10-01,TSLA,Tendencia,False,,76,0.1673919511198421,28,59,26,22,72,13,1.5756286676603364,2.2426924511474526,1.769682377881579,16
anchored,por_activo,63,2016-01-04,2021-09-30,2021-10-01,TSLA,Reversión,False,,76,0.04056011404207809,26,68,8,21,62,18,2.7712503753177273,1.6019566719147016,4.987944494074325,9
anchored,por_activo,63,2016-01-04,2021-09-30,2021-10-01,TSLA,Crisis,False,,71,1.2354585151831368,23,76,7,40,60,12,2.59472312322197,1.1862009402705023,5.3716931744173255,5
anchored,por_activo,63,2016-01-04,2021-09-30,2021-10-01,META,Global,True,sin trials válidos: θ global de la ventana 61,0,-1000000000.0,24,47,7,39,73,29,1.9010921426801586,3.500502525272897,1.216326850683461,18
anchored,por_activo,63,2016-01-04,2021-09-30,2021-10-01,META,Tendencia,False,,76,0.2974810553719292,19,12,8,39,70,18,1.571275809290165,1.1870752756385627,2.303433941166526,24
anchored,por_activo,63,2016-01-04,2021-09-30,2021-10-01,META,Reversión,False,,46,0.39825211145063033,6,20,16,37,78,11,1.618421446415558,1.2065445573843572,1.2662639996203853,14
anchored,por_activo,63,2016-01-04,2021-09-30,2021-10-01,META,Crisis,False,,69,0.5622053801951269,18,79,16,22,61,14,1.6824617797826118,2.2291626708967636,5.438818296241871,12
anchored,por_activo,63,2016-01-04,2021-09-30,2021-10-01,NFLX,Global,False,,1,0.03329347692634652,18,30,7,40,68,28,2.4083117681420245,1.718937409195421,2.1568640644910104,25
anchored,por_activo,63,2016-01-04,2021-09-30,2021-10-01,NFLX,Tendencia,False,,53,0.5167938105253495,28,80,8,32,65,12,2.946336885349164,3.8804346420236824,4.920079034371531,11
anchored,por_activo,63,2016-01-04,2021-09-30,2021-10-01,NFLX,Reversión,False,,76,0.26530092233392544,29,18,24,36,76,20,1.571301553388996,1.7143281980130944,5.370835956788287,6
anchored,por_activo,63,2016-01-04,2021-09-30,2021-10-01,NFLX,Crisis,False,,49,0.32710012682721334,21,78,10,25,77,11,1.9282845304004659,1.3902498916436348,5.28338979128263,10
anchored,por_activo,63,2016-01-04,2021-09-30,2021-10-01,GOOGL,Global,False,,56,0.24949997099000754,13,92,11,36,66,12,1.7305621567990972,1.1136669207058507,2.010842883975268,8
anchored,por_activo,63,2016-01-04,2021-09-30,2021-10-01,GOOGL,Tendencia,False,,66,0.7179996375486306,6,30,27,22,75,11,1.6257879072407158,3.8483090596676246,5.7122587643496745,11
anchored,por_activo,63,2016-01-04,2021-09-30,2021-10-01,GOOGL,Reversión,False,,61,0.8070563229583632,28,98,19,26,66,12,1.8962259775954773,1.2040559240421083,2.0746590415675503,38
anchored,por_activo,63,2016-01-04,2021-09-30,2021-10-01,GOOGL,Crisis,False,,51,0.3870202713339579,16,40,16,36,61,18,1.6102876841267841,2.5302518261740237,4.658106255524999,17
anchored,por_activo,64,2016-01-04,2021-10-29,2021-11-01,NVDA,Global,True,sin trials válidos: θ global de la ventana 63,0,-1000000000.0,16,88,16,38,63,11,1.578550360885355,2.000778707429922,1.800696788504718,6
anchored,por_activo,64,2016-01-04,2021-10-29,2021-11-01,NVDA,Tendencia,False,,69,1.3254475595456991,10,89,18,36,75,10,2.033293623895412,3.3757727338804506,2.6814764531445925,15
anchored,por_activo,64,2016-01-04,2021-10-29,2021-11-01,NVDA,Reversión,False,,57,0.17326586238908148,12,78,9,38,79,20,2.1613248781927927,1.245988642085239,5.869951827114379,10
anchored,por_activo,64,2016-01-04,2021-10-29,2021-11-01,NVDA,Crisis,False,,42,0.8505360254117675,29,86,7,39,77,12,2.860632645456563,1.389230630294893,2.1242303296196368,22
anchored,por_activo,64,2016-01-04,2021-10-29,2021-11-01,AMZN,Global,True,sin trials válidos: θ global de la ventana 63,0,-1000000000.0,7,54,25,22,77,13,1.578540263034224,1.2414520350862084,1.298191443197069,8
anchored,por_activo,64,2016-01-04,2021-10-29,2021-11-01,AMZN,Tendencia,False,,69,0.40581925013772435,26,29,12,27,62,20,1.607354785346872,3.7568321346692026,1.9574863492452355,5
anchored,por_activo,64,2016-01-04,2021-10-29,2021-11-01,AMZN,Reversión,False,,71,0.7597084822588648,8,89,9,21,72,13,1.9712439178603613,2.795217530126167,1.8870148151009345,36
anchored,por_activo,64,2016-01-04,2021-10-29,2021-11-01,AMZN,Crisis,False,,1,0.2099462885610415,22,33,8,39,62,32,1.8306874042136245,2.875755880732472,3.677996347146866,12
anchored,por_activo,64,2016-01-04,2021-10-29,2021-11-01,TSLA,Global,True,sin trials válidos: θ global de la ventana 63,0,-1000000000.0,25,42,7,39,66,30,1.9106064634683433,2.8904647932187366,2.330805342269196,10
anchored,por_activo,64,2016-01-04,2021-10-29,2021-11-01,TSLA,Tendencia,False,,61,0.3863372887459363,30,17,7,33,62,20,2.835617968637806,2.9130125457955574,2.2866566689128165,33
anchored,por_activo,64,2016-01-04,2021-10-29,2021-11-01,TSLA,Reversión,False,,47,0.21804729109516546,15,20,8,33,62,34,1.818523893669839,3.253179695423093,1.9465787005429394,21
anchored,por_activo,64,2016-01-04,2021-10-29,2021-11-01,TSLA,Crisis,False,,61,2.24892819203029,21,46,20,25,71,12,1.8836303596961654,2.541224930714572,5.476823330712925,8
anchored,por_activo,64,2016-01-04,2021-10-29,2021-11-01,META,Global,False,,1,0.014851406848535573,18,86,12,36,60,10,1.5321632142588408,1.7990458022470768,5.1941246873264335,18
anchored,por_activo,64,2016-01-04,2021-10-29,2021-11-01,META,Tendencia,False,,61,0.009806221749093022,20,34,7,39,70,16,2.7719956347959744,3.526086120329179,1.1326976241788993,31
anchored,por_activo,64,2016-01-04,2021-10-29,2021-11-01,META,Reversión,False,,73,0.5266650790898013,28,12,13,30,70,15,1.8511802307175622,1.9433150808689295,5.573279081779095,20
anchored,por_activo,64,2016-01-04,2021-10-29,2021-11-01,META,Crisis,False,,59,0.5164778640296522,24,52,12,20,67,12,1.5786227510788486,1.5570183125023178,4.476610130457235,10
anchored,por_activo,64,2016-01-04,2021-10-29,2021-11-01,NFLX,Global,False,,68,0.4518936635150132,22,74,9,40,79,12,1.5984914840250233,1.34224444258543,3.9409902811393214,12
anchored,por_activo,64,2016-01-04,2021-10-29,2021-11-01,NFLX,Tendencia,False,,76,0.8592628828371952,12,60,28,35,65,11,1.828851064401663,2.476142057244222,2.4190129611895297,28
anchored,por_activo,64,2016-01-04,2021-10-29,2021-11-01,NFLX,Reversión,False,,75,0.478483939247533,28,70,10,39,78,14,1.6958495241139016,1.3548938714125027,2.042265333179299,7
anchored,por_activo,64,2016-01-04,2021-10-29,2021-11-01,NFLX,Crisis,False,,67,0.6066276136811388,8,21,27,34,73,11,1.583260134473371,1.301189508430702,2.3775430173115764,36
anchored,por_activo,64,2016-01-04,2021-10-29,2021-11-01,GOOGL,Global,False,,43,0.23895434904200305,16,78,26,39,60,11,1.5856197786914068,1.6338066967981721,1.98292777582546,20
anchored,por_activo,64,2016-01-04,2021-10-29,2021-11-01,GOOGL,Tendencia,False,,71,0.7035164833722637,11,25,11,38,66,12,1.7528470857662093,2.076256554410549,5.574115084071531,29
anchored,por_activo,64,2016-01-04,2021-10-29,2021-11-01,GOOGL,Reversión,False,,60,0.9009286298261645,8,69,10,22,64,12,1.814231596516359,1.0560541893780546,4.989579567880109,10
anchored,por_activo,64,2016-01-04,2021-10-29,2021-11-01,GOOGL,Crisis,False,,53,0.4939737148984422,8,66,14,28,69,20,1.707620885672464,1.1445340646226096,4.675090445613481,22
anchored,por_activo,65,2016-01-04,2021-11-30,2021-12-01,NVDA,Global,False,,49,0.34312024037348676,26,86,15,24,63,11,1.570953144540283,1.9513364426694162,1.3559721080447127,35
anchored,por_activo,65,2016-01-04,2021-11-30,2021-12-01,NVDA,Tendencia,False,,73,1.442814445892129,18,98,14,22,74,16,1.6643967057558475,1.792326716760693,4.9639593297058795,27
anchored,por_activo,65,2016-01-04,2021-11-30,2021-12-01,NVDA,Reversión,False,,66,0.2981939588762793,30,52,23,38,63,18,1.590172882829327,3.28879125464559,3.51480464669673,19
anchored,por_activo,65,2016-01-04,2021-11-30,2021-12-01,NVDA,Crisis,False,,69,0.8246142976209181,26,67,8,39,73,11,1.5910506422363568,2.1457350011865257,3.8757935516201942,14
anchored,por_activo,65,2016-01-04,2021-11-30,2021-12-01,AMZN,Global,True,sin trials válidos: θ global de la ventana 63,0,-1000000000.0,7,54,25,22,77,13,1.578540263034224,1.2414520350862084,1.298191443197069,8
anchored,por_activo,65,2016-01-04,2021-11-30,2021-12-01,AMZN,Tendencia,False,,65,0.5472601987048343,22,74,19,29,64,13,2.2434336615607164,2.6802155849067106,1.3084888821159484,6
anchored,por_activo,65,2016-01-04,2021-11-30,2021-12-01,AMZN,Reversión,False,,66,0.4699150286135008,8,95,8,32,69,27,1.613629844882406,1.0265203987997558,1.9386539824916087,34
anchored,por_activo,65,2016-01-04,2021-11-30,2021-12-01,AMZN,Crisis,True,ningún trial cumple N_MIN,0,-1000000000.0,7,54,25,22,77,13,1.578540263034224,1.2414520350862084,1.298191443197069,8
anchored,por_activo,65,2016-01-04,2021-11-30,2021-12-01,TSLA,Global,False,,60,0.39287259949336956,27,61,21,29,70,12,1.7894591413445506,1.589137851830606,1.9210829893226489,22
anchored,por_activo,65,2016-01-04,2021-11-30,2021-12-01,TSLA,Tendencia,False,,75,0.4557265599204205,16,92,20,39,71,14,1.6178445772513763,3.4762897836902935,5.645231206618899,30
anchored,por_activo,65,2016-01-04,2021-11-30,2021-12-01,TSLA,Reversión,False,,71,0.2979806552616635,22,34,26,36,61,11,1.8972822540382905,1.338726379303876,1.6656683882667285,12
anchored,por_activo,65,2016-01-04,2021-11-30,2021-12-01,TSLA,Crisis,False,,64,2.587894088744918,21,74,16,39,77,12,1.9136320774682207,2.6592016424507556,2.18745815921787,6
anchored,por_activo,65,2016-01-04,2021-11-30,2021-12-01,META,Global,True,sin trials válidos: θ global de la ventana 64,0,-1000000000.0,18,86,12,36,60,10,1.5321632142588408,1.7990458022470768,5.1941246873264335,18
anchored,por_activo,65,2016-01-04,2021-11-30,2021-12-01,META,Tendencia,False,,76,0.25028187750094555,5,98,26,20,73,10,1.5750888196346564,1.8461721311943178,5.103731253331638,29
anchored,por_activo,65,2016-01-04,2021-11-30,2021-12-01,META,Reversión,False,,74,0.739849110912882,18,22,20,20,78,12,1.6254991748009342,3.673748640132437,2.51933355552863,7
anchored,por_activo,65,2016-01-04,2021-11-30,2021-12-01,META,Crisis,False,,52,0.33652547790791515,12,91,24,28,70,15,1.6188287286179155,3.4514709511459265,1.2929073386867957,12
anchored,por_activo,65,2016-01-04,2021-11-30,2021-12-01,NFLX,Global,False,,37,0.39753108967556733,26,42,8,40,72,38,2.586876217502711,1.4165849649373468,1.2396615702331637,12
anchored,por_activo,65,2016-01-04,2021-11-30,2021-12-01,NFLX,Tendencia,False,,74,0.9192671256380263,28,42,20,38,61,17,1.573215081745523,3.425086872934301,3.1480688817862563,36
anchored,por_activo,65,2016-01-04,2021-11-30,2021-12-01,NFLX,Reversión,False,,65,0.3507256622905661,19,87,13,22,76,10,1.958964348575095,3.1330211702582824,1.0685966301243492,37
anchored,por_activo,65,2016-01-04,2021-11-30,2021-12-01,NFLX,Crisis,False,,54,0.3435430929937,7,45,9,38,62,12,2.0513015978158284,1.4539617978254054,5.35496880615904,16
anchored,por_activo,65,2016-01-04,2021-11-30,2021-12-01,GOOGL,Global,False,,46,0.5845359975750721,27,70,14,36,77,13,1.5474095282972882,2.062209777636752,2.400828207881894,9
anchored,por_activo,65,2016-01-04,2021-11-30,2021-12-01,GOOGL,Tendencia,False,,74,0.45135826843377813,12,95,17,37,64,12,1.8039365250503825,2.1385535315031143,5.8687868187025405,28
anchored,por_activo,65,2016-01-04,2021-11-30,2021-12-01,GOOGL,Reversión,False,,67,0.3831418141032078,13,98,22,40,77,10,1.7812634494956407,2.691177227671009,5.568458563071686,15
anchored,por_activo,65,2016-01-04,2021-11-30,2021-12-01,GOOGL,Crisis,False,,63,0.5309115126093265,10,33,18,22,74,13,1.5775489672964735,3.6814696079633586,1.964073199562977,6
anchored,por_activo,66,2016-01-04,2021-12-31,2022-01-03,NVDA,Global,True,sin trials válidos: θ global de la ventana 65,0,-1000000000.0,26,86,15,24,63,11,1.570953144540283,1.9513364426694162,1.3559721080447127,35
anchored,por_activo,66,2016-01-04,2021-12-31,2022-01-03,NVDA,Tendencia,False,,77,1.6297485705658366,26,36,11,40,68,13,1.9617785079927836,3.7799187461121924,2.827858892165762,36
anchored,por_activo,66,2016-01-04,2021-12-31,2022-01-03,NVDA,Reversión,False,,59,0.6890635856181461,28,82,21,22,79,11,1.9086117881147673,1.4464636161986981,5.404325598156589,10
anchored,por_activo,66,2016-01-04,2021-12-31,2022-01-03,NVDA,Crisis,False,,1,0.5670039360291687,13,96,7,36,74,18,2.405200301138623,3.6507980433950715,1.5708878689981072,5
anchored,por_activo,66,2016-01-04,2021-12-31,2022-01-03,AMZN,Global,False,,40,0.5057032437008822,28,95,8,39,69,26,1.7178540655912575,2.7708614536675804,2.795384673032862,12
anchored,por_activo,66,2016-01-04,2021-12-31,2022-01-03,AMZN,Tendencia,False,,59,0.568663834752843,7,13,7,39,78,12,1.8093955387366756,3.378384276658724,3.9871759338613177,36
anchored,por_activo,66,2016-01-04,2021-12-31,2022-01-03,AMZN,Reversión,False,,55,0.725340790224069,28,88,14,24,66,17,2.3060818841178925,1.0979516061182144,1.8232188997871859,8
anchored,por_activo,66,2016-01-04,2021-12-31,2022-01-03,AMZN,Crisis,False,,37,0.8984026921837246,12,36,10,38,60,14,1.9584149309203251,3.5907262949204988,1.2786409524650375,6
anchored,por_activo,66,2016-01-04,2021-12-31,2022-01-03,TSLA,Global,False,,60,0.24653444006961298,29,93,24,22,66,11,1.8386937791372502,2.010277871505068,1.7300288116168139,22
anchored,por_activo,66,2016-01-04,2021-12-31,2022-01-03,TSLA,Tendencia,False,,65,0.3114628557152679,24,25,7,40,67,19,2.8268572796583347,2.4899249497471505,1.9746183681853224,23
anchored,por_activo,66,2016-01-04,2021-12-31,2022-01-03,TSLA,Reversión,False,,65,0.17792670294419552,24,19,8,39,62,40,2.9225972814887773,2.6762580926643795,1.256926480262853,38
anchored,por_activo,66,2016-01-04,2021-12-31,2022-01-03,TSLA,Crisis,False,,73,1.0852801395499128,28,90,7,38,66,30,1.9552770847118905,1.1185805078991586,2.2388630591909155,24
anchored,por_activo,66,2016-01-04,2021-12-31,2022-01-03,META,Global,False,,9,0.19769135976271712,21,25,22,29,71,12,1.5395497146471921,2.8712663863349492,4.189162505855283,9
anchored,por_activo,66,2016-01-04,2021-12-31,2022-01-03,META,Tendencia,False,,72,0.15985126178659323,26,63,9,39,78,38,2.8201436941391416,1.0978367256740444,5.801299070906634,36
anchored,por_activo,66,2016-01-04,2021-12-31,2022-01-03,META,Reversión,False,,64,0.6443089287595174,28,17,14,26,73,11,1.758212933452319,3.6917834127561355,4.267988264406271,18
anchored,por_activo,66,2016-01-04,2021-12-31,2022-01-03,META,Crisis,False,,47,0.007326444307560186,25,37,8,29,61,17,2.0472911622048002,1.1993254506119975,2.8710395378498847,28
anchored,por_activo,66,2016-01-04,2021-12-31,2022-01-03,NFLX,Global,False,,49,0.2986125249870901,17,76,8,38,64,36,1.779844260958764,1.1281653399692069,2.273518224274632,6
anchored,por_activo,66,2016-01-04,2021-12-31,2022-01-03,NFLX,Tendencia,False,,73,0.9057971868054653,14,89,8,39,74,16,1.6076569137285133,1.6935093208694139,5.72959485603364,23
anchored,por_activo,66,2016-01-04,2021-12-31,2022-01-03,NFLX,Reversión,False,,61,0.43524154772982854,26,65,13,37,79,36,1.7850230054008456,1.5576287308957881,2.7086400957881285,5
anchored,por_activo,66,2016-01-04,2021-12-31,2022-01-03,NFLX,Crisis,False,,52,0.829070009649979,5,26,14,21,62,11,1.565347960368284,3.737798420861183,2.105742330844272,20
anchored,por_activo,66,2016-01-04,2021-12-31,2022-01-03,GOOGL,Global,False,,54,0.6961393356763136,10,84,20,39,78,11,1.545776486009506,1.191276070083789,3.546236612327513,8
anchored,por_activo,66,2016-01-04,2021-12-31,2022-01-03,GOOGL,Tendencia,False,,55,0.3934371025386506,19,42,25,26,78,15,1.9877170751759263,2.976994338448335,2.0310430784048292,12
anchored,por_activo,66,2016-01-04,2021-12-31,2022-01-03,GOOGL,Reversión,False,,79,0.9089791990566934,18,14,16,29,77,12,1.7729958798237913,3.7908329235135603,2.073197787162959,11
anchored,por_activo,66,2016-01-04,2021-12-31,2022-01-03,GOOGL,Crisis,False,,72,0.5329859890415697,26,94,11,30,72,12,1.5415558669292844,1.5541984943697011,5.557562459427111,10
anchored,por_activo,67,2016-01-04,2022-01-31,2022-02-01,NVDA,Global,False,,61,0.24947370439672426,30,45,10,37,63,11,1.7077893942139515,1.3761856155600987,1.7927962628416563,35
anchored,por_activo,67,2016-01-04,2022-01-31,2022-02-01,NVDA,Tendencia,False,,79,1.9760784511383267,25,99,18,28,79,13,1.8385449975161086,1.483840562129029,5.555140645617755,28
anchored,por_activo,67,2016-01-04,2022-01-31,2022-02-01,NVDA,Reversión,False,,61,0.7895245227864957,28,74,27,38,78,23,1.8489628677601215,1.0457587712491652,5.70310381854275,36
anchored,por_activo,67,2016-01-04,2022-01-31,2022-02-01,NVDA,Crisis,False,,6,0.29242246458080423,29,71,8,40,72,32,1.9246213545583744,2.527098266389509,4.334268902263426,13
anchored,por_activo,67,2016-01-04,2022-01-31,2022-02-01,AMZN,Global,True,sin trials válidos: θ global de la ventana 66,0,-1000000000.0,28,95,8,39,69,26,1.7178540655912575,2.7708614536675804,2.795384673032862,12
anchored,por_activo,67,2016-01-04,2022-01-31,2022-02-01,AMZN,Tendencia,False,,72,0.3926841279638369,8,62,27,36,74,10,2.13304692367866,1.4886790409945616,5.770670436578756,34
anchored,por_activo,67,2016-01-04,2022-01-31,2022-02-01,AMZN,Reversión,False,,76,0.30101956283795,29,98,27,36,74,18,1.6888975360717904,1.0511225474949333,3.6084469358559703,34
anchored,por_activo,67,2016-01-04,2022-01-31,2022-02-01,AMZN,Crisis,False,,1,0.587067125426999,26,73,13,22,60,30,1.553888683533069,1.4887689733016485,1.2843478567315607,38
anchored,por_activo,67,2016-01-04,2022-01-31,2022-02-01,TSLA,Global,False,,38,0.18031737551359642,27,21,14,26,74,12,1.754290399975024,1.3648742901463966,4.08552495061639,32
anchored,por_activo,67,2016-01-04,2022-01-31,2022-02-01,TSLA,Tendencia,False,,74,0.43769647176400805,14,96,7,21,78,14,1.6681824564649916,3.2691267986923074,5.413982228088635,26
anchored,por_activo,67,2016-01-04,2022-01-31,2022-02-01,TSLA,Reversión,False,,72,0.2707530367089167,23,38,8,20,78,18,1.6871958322084928,1.4497295795084353,2.297060361722374,12
anchored,por_activo,67,2016-01-04,2022-01-31,2022-02-01,TSLA,Crisis,False,,63,2.1507264784152795,23,97,10,38,79,15,1.898578444591639,1.0761854324504145,2.034353340864237,36
anchored,por_activo,67,2016-01-04,2022-01-31,2022-02-01,META,Global,True,sin trials válidos: θ global de la ventana 66,0,-1000000000.0,21,25,22,29,71,12,1.5395497146471921,2.8712663863349492,4.189162505855283,9
anchored,por_activo,67,2016-01-04,2022-01-31,2022-02-01,META,Tendencia,False,,86,0.48433722127008105,27,22,21,36,77,11,1.5781706836829312,1.557381296707218,2.0982959711947746,8
anchored,por_activo,67,2016-01-04,2022-01-31,2022-02-01,META,Reversión,False,,2,0.11764275257494652,26,31,9,24,60,17,2.8277959537614006,2.3877998893547825,2.4944837238478574,22
anchored,por_activo,67,2016-01-04,2022-01-31,2022-02-01,META,Crisis,False,,60,0.42391809111753814,26,17,14,20,76,12,1.6536162915134451,1.6342104829295838,4.378774250039825,6
anchored,por_activo,67,2016-01-04,2022-01-31,2022-02-01,NFLX,Global,True,sin trials válidos: θ global de la ventana 66,0,-1000000000.0,17,76,8,38,64,36,1.779844260958764,1.1281653399692069,2.273518224274632,6
anchored,por_activo,67,2016-01-04,2022-01-31,2022-02-01,NFLX,Tendencia,False,,77,1.1632806345174316,26,46,16,34,76,13,1.5574872078521758,2.5214496816022662,5.691720407371099,30
anchored,por_activo,67,2016-01-04,2022-01-31,2022-02-01,NFLX,Reversión,False,,54,0.5463410436510099,16,91,20,35,78,36,1.5390624145611866,2.103714167280059,1.767178323495574,6
anchored,por_activo,67,2016-01-04,2022-01-31,2022-02-01,NFLX,Crisis,False,,60,0.6277084075240541,15,36,16,38,74,11,1.6850607495729488,2.1587095805578675,2.2934296667547898,22
anchored,por_activo,67,2016-01-04,2022-01-31,2022-02-01,GOOGL,Global,True,sin trials válidos: θ global de la ventana 66,0,-1000000000.0,10,84,20,39,78,11,1.545776486009506,1.191276070083789,3.546236612327513,8
anchored,por_activo,67,2016-01-04,2022-01-31,2022-02-01,GOOGL,Tendencia,False,,78,0.39467812374634964,22,87,9,37,68,10,1.5974205527742713,2.2019413539808252,3.4043725980333654,10
anchored,por_activo,67,2016-01-04,2022-01-31,2022-02-01,GOOGL,Reversión,False,,70,0.7653800620274628,7,25,8,26,75,12,1.7151828812318015,3.1132462044167033,1.9131952468473892,28
anchored,por_activo,67,2016-01-04,2022-01-31,2022-02-01,GOOGL,Crisis,False,,69,0.26950574506555414,23,91,21,33,61,11,1.5465900316172982,1.1136876486705194,2.574799377653054,33
anchored,por_activo,68,2016-01-04,2022-02-28,2022-03-01,NVDA,Global,False,,51,0.9213066664499524,28,72,25,38,79,11,1.7146446400875703,1.3513930259922793,5.232368905880843,33
anchored,por_activo,68,2016-01-04,2022-02-28,2022-03-01,NVDA,Tendencia,False,,52,0.7597951672263694,21,64,17,36,79,26,1.614988571346518,3.526646071589406,1.371403276621804,33
anchored,por_activo,68,2016-01-04,2022-02-28,2022-03-01,NVDA,Reversión,False,,50,0.33386933229588756,27,67,27,31,70,25,1.760464810667251,1.5610868984332174,2.6784535705415387,16
anchored,por_activo,68,2016-01-04,2022-02-28,2022-03-01,NVDA,Crisis,False,,71,0.5066294317533696,28,69,8,26,62,12,1.5522354431417886,2.9727696988593753,1.3028079380271649,11
anchored,por_activo,68,2016-01-04,2022-02-28,2022-03-01,AMZN,Global,True,sin trials válidos: θ global de la ventana 66,0,-1000000000.0,28,95,8,39,69,26,1.7178540655912575,2.7708614536675804,2.795384673032862,12
anchored,por_activo,68,2016-01-04,2022-02-28,2022-03-01,AMZN,Tendencia,False,,70,0.8358619294238776,21,96,17,32,68,17,1.9582770641100515,3.564611599544465,1.3087092335732988,32
anchored,por_activo,68,2016-01-04,2022-02-28,2022-03-01,AMZN,Reversión,False,,77,0.12050900958944143,28,94,8,38,64,34,1.7301113361268536,2.9111890133675336,5.083830609897753,9
anchored,por_activo,68,2016-01-04,2022-02-28,2022-03-01,AMZN,Crisis,False,,46,1.2183066889077439,17,92,8,26,64,23,1.9313026219951879,3.0077443328476767,1.1871016758806425,14
anchored,por_activo,68,2016-01-04,2022-02-28,2022-03-01,TSLA,Global,True,sin trials válidos: θ global de la ventana 67,0,-1000000000.0,27,21,14,26,74,12,1.754290399975024,1.3648742901463966,4.08552495061639,32
anchored,por_activo,68,2016-01-04,2022-02-28,2022-03-01,TSLA,Tendencia,False,,73,0.4523941846065631,22,42,8,35,64,14,2.1702730615068972,2.293221913933726,2.5201115835035406,36
anchored,por_activo,68,2016-01-04,2022-02-28,2022-03-01,TSLA,Reversión,False,,69,0.1365375267979132,24,35,7,31,65,23,2.2644983103290115,3.752398802598937,4.64189345362388,21
anchored,por_activo,68,2016-01-04,2022-02-28,2022-03-01,TSLA,Crisis,False,,48,0.9051180103182452,25,33,9,37,70,26,1.5603207477410115,3.6500683481534413,5.073899762886059,18
anchored,por_activo,68,2016-01-04,2022-02-28,2022-03-01,META,Global,False,,12,0.3125153009559201,15,22,14,38,64,12,1.5775484129837047,1.3742978319943375,2.0614515224344063,12
anchored,por_activo,68,2016-01-04,2022-02-28,2022-03-01,META,Tendencia,False,,57,0.3499205561313034,8,10,28,30,80,11,1.560294931076433,3.0868015221484613,3.138517782672776,22
anchored,por_activo,68,2016-01-04,2022-02-28,2022-03-01,META,Reversión,False,,69,0.45957762262566726,27,16,17,39,64,12,1.8210681045043584,2.6152587388017703,5.7335954358348316,33
anchored,por_activo,68,2016-01-04,2022-02-28,2022-03-01,META,Crisis,False,,35,0.5472590386170756,9,18,8,27,74,10,1.7507655787784557,1.2143555307592413,2.956305389948416,17
anchored,por_activo,68,2016-01-04,2022-02-28,2022-03-01,NFLX,Global,False,,53,0.3714163871851659,27,46,16,40,64,14,1.5762514938149683,1.532975736957714,1.9009784790977025,24
anchored,por_activo,68,2016-01-04,2022-02-28,2022-03-01,NFLX,Tendencia,False,,66,0.7885415269697235,20,43,8,38,66,35,2.0754972134877563,2.514496360895788,3.4018043040158457,29
anchored,por_activo,68,2016-01-04,2022-02-28,2022-03-01,NFLX,Reversión,False,,68,0.4869931544064893,29,21,24,34,62,23,1.7114379507949655,2.0351394114635664,2.2585444472101917,7
anchored,por_activo,68,2016-01-04,2022-02-28,2022-03-01,NFLX,Crisis,False,,24,0.08133402491460869,27,25,8,34,63,36,1.558366660968361,2.7420353145093364,1.8423879579882156,22
anchored,por_activo,68,2016-01-04,2022-02-28,2022-03-01,GOOGL,Global,False,,35,0.3785626115575412,17,86,14,20,76,18,1.6037944316839612,1.0568225887253764,3.8560903085244767,38
anchored,por_activo,68,2016-01-04,2022-02-28,2022-03-01,GOOGL,Tendencia,False,,75,0.37796265598942497,26,79,13,31,77,38,1.7466015567934172,1.3212477706125436,1.5053048802340814,20
anchored,por_activo,68,2016-01-04,2022-02-28,2022-03-01,GOOGL,Reversión,False,,64,1.3673290692828877,8,21,24,29,65,15,1.7191861803809796,2.358245703677556,1.9358483125647292,29
anchored,por_activo,68,2016-01-04,2022-02-28,2022-03-01,GOOGL,Crisis,False,,74,0.6625414636381061,22,86,12,31,66,12,1.58567015875952,3.5692523918439107,4.380539770380822,5
anchored,por_activo,69,2016-01-04,2022-03-31,2022-04-01,NVDA,Global,True,sin trials válidos: θ global de la ventana 68,0,-1000000000.0,28,72,25,38,79,11,1.7146446400875703,1.3513930259922793,5.232368905880843,33
anchored,por_activo,69,2016-01-04,2022-03-31,2022-04-01,NVDA,Tendencia,False,,75,1.4869790291605711,12,94,15,26,78,18,1.9340353788939262,3.2041881803303984,3.537487253864157,25
anchored,por_activo,69,2016-01-04,2022-03-31,2022-04-01,NVDA,Reversión,False,,73,0.3652704662695228,20,92,26,21,67,18,1.735176784014763,1.7457868361879827,5.671042496086756,15
anchored,por_activo,69,2016-01-04,2022-03-31,2022-04-01,NVDA,Crisis,False,,50,0.6402122456078224,28,48,22,35,74,19,1.6847825787236759,3.964445752732437,2.9963923796877117,10
anchored,por_activo,69,2016-01-04,2022-03-31,2022-04-01,AMZN,Global,False,,60,0.3610783022028902,17,45,10,38,64,12,1.6967100305221101,1.2487795770660606,5.910400626970265,27
anchored,por_activo,69,2016-01-04,2022-03-31,2022-04-01,AMZN,Tendencia,False,,79,0.42741837210832817,29,88,8,39,75,19,1.6313700134183782,1.9366684977474864,5.170275684460027,38
anchored,por_activo,69,2016-01-04,2022-03-31,2022-04-01,AMZN,Reversión,False,,64,1.0307235601299676,22,26,13,29,71,10,2.111665439209551,1.3731877102169174,1.3551135849880767,23
anchored,por_activo,69,2016-01-04,2022-03-31,2022-04-01,AMZN,Crisis,False,,48,1.491325054504246,19,56,10,30,64,28,1.5234062438463951,3.8153384278611298,1.4656607789360936,29
anchored,por_activo,69,2016-01-04,2022-03-31,2022-04-01,TSLA,Global,False,,47,0.04045489638830712,29,98,10,40,76,20,1.8426050447361293,1.1961854571713137,4.649305188877053,7
anchored,por_activo,69,2016-01-04,2022-03-31,2022-04-01,TSLA,Tendencia,False,,75,0.442981628007455,21,60,10,20,64,13,1.8282755433857885,2.8179941838198665,2.6462590790028164,31
anchored,por_activo,69,2016-01-04,2022-03-31,2022-04-01,TSLA,Reversión,False,,70,0.3517754782097859,28,98,14,25,64,28,2.177702268910621,2.4322059381848264,2.092252314775993,37
anchored,por_activo,69,2016-01-04,2022-03-31,2022-04-01,TSLA,Crisis,False,,65,2.403196446450218,19,71,17,21,68,14,1.9384303536044125,2.3522050504763703,2.574660977600866,6
anchored,por_activo,69,2016-01-04,2022-03-31,2022-04-01,META,Global,False,,20,0.3469032071369393,18,96,21,24,67,11,1.7188356471740207,1.1618070758220282,3.662526441404932,30
anchored,por_activo,69,2016-01-04,2022-03-31,2022-04-01,META,Tendencia,False,,79,0.549060040350969,22,96,9,22,63,10,1.5674217668163766,1.7058179978440933,2.34454695301773,25
anchored,por_activo,69,2016-01-04,2022-03-31,2022-04-01,META,Reversión,False,,67,0.8653948940096569,7,90,15,32,77,10,1.5535964273218945,2.1590485518137514,5.121837084795642,37
anchored,por_activo,69,2016-01-04,2022-03-31,2022-04-01,META,Crisis,False,,61,0.9595704733254097,5,58,26,34,79,14,1.583665175449368,2.601159402089488,5.7572359344961574,12
anchored,por_activo,69,2016-01-04,2022-03-31,2022-04-01,NFLX,Global,True,sin trials válidos: θ global de la ventana 68,0,-1000000000.0,27,46,16,40,64,14,1.5762514938149683,1.532975736957714,1.9009784790977025,24
anchored,por_activo,69,2016-01-04,2022-03-31,2022-04-01,NFLX,Tendencia,False,,74,0.8906417757343226,12,85,12,32,62,12,2.1161422375881855,1.8168227453396044,2.3523081983335317,27
anchored,por_activo,69,2016-01-04,2022-03-31,2022-04-01,NFLX,Reversión,False,,70,0.6838367372989443,30,41,13,21,69,19,1.7421461242747251,3.6176761644742137,1.9183657181346543,7
anchored,por_activo,69,2016-01-04,2022-03-31,2022-04-01,NFLX,Crisis,False,,60,0.4279201053917586,15,22,10,40,70,11,1.661437091775615,3.8817920679134694,5.6652040194059605,16
anchored,por_activo,69,2016-01-04,2022-03-31,2022-04-01,GOOGL,Global,True,sin trials válidos: θ global de la ventana 68,0,-1000000000.0,17,86,14,20,76,18,1.6037944316839612,1.0568225887253764,3.8560903085244767,38
anchored,por_activo,69,2016-01-04,2022-03-31,2022-04-01,GOOGL,Tendencia,False,,73,0.3255608000471126,18,89,16,27,70,11,1.7596119124508682,3.361459934087998,5.326115483345729,27
anchored,por_activo,69,2016-01-04,2022-03-31,2022-04-01,GOOGL,Reversión,False,,76,0.7580805184561374,30,87,12,22,70,13,1.8278117085573253,3.4583783943824518,2.7104212205329263,6
anchored,por_activo,69,2016-01-04,2022-03-31,2022-04-01,GOOGL,Crisis,False,,70,0.6722811455973136,16,98,7,39,65,15,2.597322175568809,1.801287542729722,5.516631073192961,6
anchored,por_activo,70,2016-01-04,2022-04-29,2022-05-02,NVDA,Global,False,,1,0.0997370301326653,15,88,9,39,69,34,2.3939867533295125,1.031580224700604,3.8133416934795403,37
anchored,por_activo,70,2016-01-04,2022-04-29,2022-05-02,NVDA,Tendencia,False,,75,1.0239491933475529,24,84,14,22,78,19,1.5384543199580123,1.2537761317985598,5.894829008683044,11
anchored,por_activo,70,2016-01-04,2022-04-29,2022-05-02,NVDA,Reversión,False,,70,0.17159722130977734,21,93,10,39,62,24,2.0057671484226747,3.7282425414733376,1.6756166662277083,18
anchored,por_activo,70,2016-01-04,2022-04-29,2022-05-02,NVDA,Crisis,False,,69,0.5295557221409982,28,41,26,39,70,21,1.5470430007451708,1.2064210794847892,1.6904764837670365,37
anchored,por_activo,70,2016-01-04,2022-04-29,2022-05-02,AMZN,Global,True,sin trials válidos: θ global de la ventana 69,0,-1000000000.0,17,45,10,38,64,12,1.6967100305221101,1.2487795770660606,5.910400626970265,27
anchored,por_activo,70,2016-01-04,2022-04-29,2022-05-02,AMZN,Tendencia,False,,72,1.2214996862735519,30,84,28,40,62,18,1.8937746968303037,2.751118264125659,1.2785472676702434,8
anchored,por_activo,70,2016-01-04,2022-04-29,2022-05-02,AMZN,Reversión,False,,76,0.5993373828157496,30,98,18,35,62,38,1.6289574490619105,1.7696392000678083,1.3657242555242632,8
anchored,por_activo,70,2016-01-04,2022-04-29,2022-05-02,AMZN,Crisis,False,,59,0.5339640830503726,13,38,26,21,74,11,1.6075748698258652,1.9380501599828084,3.5103641188986936,38
anchored,por_activo,70,2016-01-04,2022-04-29,2022-05-02,TSLA,Global,True,sin trials válidos: θ global de la ventana 69,0,-1000000000.0,29,98,10,40,76,20,1.8426050447361293,1.1961854571713137,4.649305188877053,7
anchored,por_activo,70,2016-01-04,2022-04-29,2022-05-02,TSLA,Tendencia,False,,74,0.3642824547977312,22,29,8,21,64,14,1.8564307344827577,2.6158003021753933,1.9739710547986853,34
anchored,por_activo,70,2016-01-04,2022-04-29,2022-05-02,TSLA,Reversión,False,,69,0.1561002233564553,17,80,8,25,62,24,2.1431952430164767,3.486039253289023,4.164807169001385,16
anchored,por_activo,70,2016-01-04,2022-04-29,2022-05-02,TSLA,Crisis,False,,33,0.698200399244579,26,46,22,40,60,23,1.663090220885063,3.4459339554702955,4.7441921690597955,32
anchored,por_activo,70,2016-01-04,2022-04-29,2022-05-02,META,Global,False,,5,0.29827552868372664,15,37,23,37,66,10,1.530563907781586,3.480217005029843,1.2366715817889506,16
anchored,por_activo,70,2016-01-04,2022-04-29,2022-05-02,META,Tendencia,False,,81,0.34775085537520684,10,76,17,38,76,10,1.5416420316782578,3.4214726332084195,4.633541366048276,10
anchored,por_activo,70,2016-01-04,2022-04-29,2022-05-02,META,Reversión,False,,60,0.1894510579856805,29,40,24,38,72,14,2.089005225374502,2.401534994027759,1.091313301836673,18
anchored,por_activo,70,2016-01-04,2022-04-29,2022-05-02,META,Crisis,False,,57,0.9216455456992725,10,48,14,26,76,12,1.6975328622639312,1.3369280120116411,5.779858107143282,6
anchored,por_activo,70,2016-01-04,2022-04-29,2022-05-02,NFLX,Global,True,sin trials válidos: θ global de la ventana 68,0,-1000000000.0,27,46,16,40,64,14,1.5762514938149683,1.532975736957714,1.9009784790977025,24
anchored,por_activo,70,2016-01-04,2022-04-29,2022-05-02,NFLX,Tendencia,False,,72,0.9361125999009309,8,80,8,22,66,14,1.7300304156476056,2.4476961467906175,5.771693178413547,9
anchored,por_activo,70,2016-01-04,2022-04-29,2022-05-02,NFLX,Reversión,False,,69,0.363558982220334,24,52,13,26,77,14,1.7392468952647617,3.5622570068894746,5.180833277841463,7
anchored,por_activo,70,2016-01-04,2022-04-29,2022-05-02,NFLX,Crisis,False,,22,0.893013335729718,26,77,26,24,70,10,1.536002873128867,3.2342750340930184,4.877910099139031,39
anchored,por_activo,70,2016-01-04,2022-04-29,2022-05-02,GOOGL,Global,False,,38,0.39967395932169714,28,94,13,40,71,11,1.6284651768415594,2.2605506899693975,2.2408826717644947,36
anchored,por_activo,70,2016-01-04,2022-04-29,2022-05-02,GOOGL,Tendencia,False,,72,0.23555531050708153,20,20,10,32,74,18,1.6940688891609534,2.3893268241460826,1.728844240880857,14
anchored,por_activo,70,2016-01-04,2022-04-29,2022-05-02,GOOGL,Reversión,False,,74,0.5487209181430205,6,96,13,27,75,12,1.7057070757670751,1.2847748189451507,1.807013035973618,11
anchored,por_activo,70,2016-01-04,2022-04-29,2022-05-02,GOOGL,Crisis,False,,62,0.32058104249333896,18,79,9,38,72,20,1.64263001391143,1.5516507524206762,4.868282518655323,16
anchored,por_activo,71,2016-01-04,2022-05-31,2022-06-01,NVDA,Global,False,,60,0.2906433261213204,22,90,8,22,62,18,1.7128615992023748,1.2133791822985471,1.7479863422704645,28
anchored,por_activo,71,2016-01-04,2022-05-31,2022-06-01,NVDA,Tendencia,False,,77,1.3112278535679107,25,40,26,24,78,16,1.8641521055613097,3.82252056182663,5.678951773170279,8
anchored,por_activo,71,2016-01-04,2022-05-31,2022-06-01,NVDA,Reversión,False,,57,0.47305363124063154,20,87,17,36,66,24,1.7477552735187665,1.6845114232943368,2.3974692041838157,37
anchored,por_activo,71,2016-01-04,2022-05-31,2022-06-01,NVDA,Crisis,False,,61,0.4371486631091313,25,45,27,21,62,20,1.6538648297101646,1.7526452751550916,5.633248022791653,18
anchored,por_activo,71,2016-01-04,2022-05-31,2022-06-01,AMZN,Global,False,,42,0.21356985848520094,28,60,7,39,68,37,2.494099635126629,1.7898085207779366,1.4561455600264388,19
anchored,por_activo,71,2016-01-04,2022-05-31,2022-06-01,AMZN,Tendencia,False,,76,0.9943122790403518,28,96,24,38,68,18,1.916752272841776,3.2788108873893487,3.5047513747518018,6
anchored,por_activo,71,2016-01-04,2022-05-31,2022-06-01,AMZN,Reversión,False,,67,0.5947167623752246,25,18,13,38,77,31,1.6197678640106774,1.337474562201092,2.217285022057167,32
anchored,por_activo,71,2016-01-04,2022-05-31,2022-06-01,AMZN,Crisis,False,,63,0.6127790065641942,26,76,27,36,79,13,1.6174457065605459,1.3720789660483494,2.491226340480199,33
anchored,por_activo,71,2016-01-04,2022-05-31,2022-06-01,TSLA,Global,True,sin trials válidos: θ global de la ventana 69,0,-1000000000.0,29,98,10,40,76,20,1.8426050447361293,1.1961854571713137,4.649305188877053,7
anchored,por_activo,71,2016-01-04,2022-05-31,2022-06-01,TSLA,Tendencia,False,,78,0.3006596505055392,22,48,9,22,72,12,1.6616849685911257,3.6505406950306796,2.639515690383593,38
anchored,por_activo,71,2016-01-04,2022-05-31,2022-06-01,TSLA,Reversión,False,,44,0.06812756157484086,29,20,21,24,61,12,2.034993405568591,3.7316122300163315,1.7106766087582947,38
anchored,por_activo,71,2016-01-04,2022-05-31,2022-06-01,TSLA,Crisis,False,,71,1.2086285053161152,28,58,14,35,64,14,1.9433168717767852,3.03745455599391,5.151061635299093,5
anchored,por_activo,71,2016-01-04,2022-05-31,2022-06-01,META,Global,False,,20,0.6966029255314047,26,46,27,26,76,11,1.6188486568685274,3.6230271138422223,1.0916833989104462,10
anchored,por_activo,71,2016-01-04,2022-05-31,2022-06-01,META,Tendencia,False,,74,0.26197741334038754,28,40,9,24,69,13,1.618462701354325,1.9194892764737774,2.243893533925804,10
anchored,por_activo,71,2016-01-04,2022-05-31,2022-06-01,META,Reversión,False,,73,1.2957931110776135,12,66,26,38,73,10,1.564376915136819,3.8846182662091313,3.5463928698905414,14
anchored,por_activo,71,2016-01-04,2022-05-31,2022-06-01,META,Crisis,False,,56,0.9275454436451702,12,73,8,37,78,17,1.531942936570359,3.26772095162433,4.335415905809651,26
anchored,por_activo,71,2016-01-04,2022-05-31,2022-06-01,NFLX,Global,False,,43,0.4585892878781908,25,60,8,39,64,32,2.8353391721604724,1.0688954925762477,5.552145000128917,26
anchored,por_activo,71,2016-01-04,2022-05-31,2022-06-01,NFLX,Tendencia,False,,75,0.6734472307538668,15,87,13,34,79,12,1.8845222660041046,2.4256494403784945,2.4517396110764436,22
anchored,por_activo,71,2016-01-04,2022-05-31,2022-06-01,NFLX,Reversión,False,,71,0.4811247179914736,28,60,13,39,64,34,2.6739674018455504,1.0632509191624266,2.096931571308108,39
anchored,por_activo,71,2016-01-04,2022-05-31,2022-06-01,NFLX,Crisis,True,ningún trial cumple N_MIN,0,-1000000000.0,25,60,8,39,64,32,2.8353391721604724,1.0688954925762477,5.552145000128917,26
anchored,por_activo,71,2016-01-04,2022-05-31,2022-06-01,GOOGL,Global,False,,45,0.10829864687982971,5,94,7,39,64,16,2.031065665923107,1.2706967229883308,1.983724279980113,37
anchored,por_activo,71,2016-01-04,2022-05-31,2022-06-01,GOOGL,Tendencia,False,,56,0.22292774677225569,27,82,16,40,75,35,2.9229211503910992,1.179066359995956,3.493713083086856,36
anchored,por_activo,71,2016-01-04,2022-05-31,2022-06-01,GOOGL,Reversión,False,,70,0.8559037104230183,12,18,9,21,63,11,1.7095445030598817,1.114151898138827,2.7474885993767133,12
anchored,por_activo,71,2016-01-04,2022-05-31,2022-06-01,GOOGL,Crisis,False,,27,0.21345638391409516,20,85,7,40,62,33,2.5732259041998966,3.6996800844755566,5.054932419769133,32
anchored,por_activo,72,2016-01-04,2022-06-30,2022-07-01,NVDA,Global,True,sin trials válidos: θ global de la ventana 71,0,-1000000000.0,22,90,8,22,62,18,1.7128615992023748,1.2133791822985471,1.7479863422704645,28
anchored,por_activo,72,2016-01-04,2022-06-30,2022-07-01,NVDA,Tendencia,False,,69,1.5518276563178628,8,77,25,39,64,16,1.9212763814493643,3.6348256451008085,5.711760195873248,25
anchored,por_activo,72,2016-01-04,2022-06-30,2022-07-01,NVDA,Reversión,False,,68,0.3696517640448147,28,86,9,31,66,37,2.477834269432952,1.4065951234279357,5.205339406401568,21
anchored,por_activo,72,2016-01-04,2022-06-30,2022-07-01,NVDA,Crisis,False,,57,0.6121538340858464,28,93,11,26,80,21,1.57027498791636,1.8562356895851975,2.3530258174483833,39
anchored,por_activo,72,2016-01-04,2022-06-30,2022-07-01,AMZN,Global,False,,46,0.252196577891538,11,79,7,39,63,37,2.7275390950753815,2.1184989708623365,3.7491078862418448,7
anchored,por_activo,72,2016-01-04,2022-06-30,2022-07-01,AMZN,Tendencia,False,,73,0.6689920048246323,28,90,26,36,80,16,1.9619352830451633,1.8610341454627033,4.883956408670576,34
anchored,por_activo,72,2016-01-04,2022-06-30,2022-07-01,AMZN,Reversión,False,,76,0.6738405005382188,18,38,10,24,60,13,2.1154577895169373,1.5106563516848646,1.7086347664956087,7
anchored,por_activo,72,2016-01-04,2022-06-30,2022-07-01,AMZN,Crisis,False,,58,0.6674178891059233,28,76,18,25,70,11,1.6826514347395443,3.7235655826929146,4.017870760581822,12
anchored,por_activo,72,2016-01-04,2022-06-30,2022-07-01,TSLA,Global,False,,18,-0.08583152302271616,12,84,16,22,76,12,1.5346139943980401,3.221305846477949,1.586475980400391,6
anchored,por_activo,72,2016-01-04,2022-06-30,2022-07-01,TSLA,Tendencia,False,,68,0.31444640712278066,7,94,11,24,78,10,1.9169878546873158,1.791207940664145,5.725580016845971,33
anchored,por_activo,72,2016-01-04,2022-06-30,2022-07-01,TSLA,Reversión,False,,53,0.3368843876766187,15,87,21,40,76,12,1.9178277016350453,1.6649930424949058,1.280821709717542,13
anchored,por_activo,72,2016-01-04,2022-06-30,2022-07-01,TSLA,Crisis,False,,52,1.1323162823807182,26,48,24,34,66,30,1.8740051575900951,1.0543111585677702,2.061449436575333,16
anchored,por_activo,72,2016-01-04,2022-06-30,2022-07-01,META,Global,False,,33,0.47866824621294163,16,55,24,37,69,10,1.5524796420067175,1.154983428802919,3.5859272276932277,38
anchored,por_activo,72,2016-01-04,2022-06-30,2022-07-01,META,Tendencia,False,,66,0.2265421405181301,24,97,27,24,75,11,2.0359281910512776,1.4222641002749323,5.80252782566039,39
anchored,por_activo,72,2016-01-04,2022-06-30,2022-07-01,META,Reversión,False,,70,0.5794405666915627,28,89,20,20,61,15,1.7365605398017736,1.4698530741479177,4.532653424282292,5
anchored,por_activo,72,2016-01-04,2022-06-30,2022-07-01,META,Crisis,False,,66,0.6216591067154125,22,44,22,36,74,12,1.6371857197470652,1.1889831954396706,3.2140667724852556,7
anchored,por_activo,72,2016-01-04,2022-06-30,2022-07-01,NFLX,Global,False,,9,0.15288585183416356,13,99,7,23,61,11,1.7424560060520737,1.5292843677800283,2.074372392025877,28
anchored,por_activo,72,2016-01-04,2022-06-30,2022-07-01,NFLX,Tendencia,False,,72,0.7987363661384776,28,21,20,38,76,16,1.8198596323416236,1.6378487663766415,2.971042601181752,39
anchored,por_activo,72,2016-01-04,2022-06-30,2022-07-01,NFLX,Reversión,False,,72,0.40633454884291315,25,79,26,30,62,16,1.9223273322688086,1.0752330463953903,5.669105100338756,5
anchored,por_activo,72,2016-01-04,2022-06-30,2022-07-01,NFLX,Crisis,False,,69,0.3564972296576377,25,80,9,39,66,12,1.6523424552903874,1.4008397597761162,1.8144832189468274,5
anchored,por_activo,72,2016-01-04,2022-06-30,2022-07-01,GOOGL,Global,False,,54,0.3575939670332512,28,74,10,38,68,11,1.644384155360855,2.249451504867002,2.38799818120709,18
anchored,por_activo,72,2016-01-04,2022-06-30,2022-07-01,GOOGL,Tendencia,False,,73,0.3740469555150398,24,50,24,20,68,14,1.7908441204498209,1.1078824898459465,3.5913504743680775,28
anchored,por_activo,72,2016-01-04,2022-06-30,2022-07-01,GOOGL,Reversión,False,,66,1.1284353989805815,13,17,26,38,63,14,1.9464063251022474,3.7838252981701848,4.83802425777282,13
anchored,por_activo,72,2016-01-04,2022-06-30,2022-07-01,GOOGL,Crisis,False,,69,0.3023485219897863,17,48,9,24,78,13,1.671466342202717,1.8858813904135303,4.423234969205854,5
anchored,por_activo,73,2016-01-04,2022-07-29,2022-08-01,NVDA,Global,False,,1,-0.03646336436273938,10,31,7,39,61,34,2.6889926481136985,3.57482545578741,1.2611715536412604,24
anchored,por_activo,73,2016-01-04,2022-07-29,2022-08-01,NVDA,Tendencia,False,,80,1.2612997104056485,22,78,7,38,76,28,2.3960607784101535,1.2040620754819429,5.65673167343844,27
anchored,por_activo,73,2016-01-04,2022-07-29,2022-08-01,NVDA,Reversión,False,,68,0.4012005642095746,29,68,10,35,62,22,2.113006415171996,1.261849158977476,4.595242718361059,25
anchored,por_activo,73,2016-01-04,2022-07-29,2022-08-01,NVDA,Crisis,False,,67,0.40544857136754464,20,14,20,39,62,17,1.6429295731817137,2.680005042591167,5.638830239390358,18
anchored,por_activo,73,2016-01-04,2022-07-29,2022-08-01,AMZN,Global,True,sin trials válidos: θ global de la ventana 72,0,-1000000000.0,11,79,7,39,63,37,2.7275390950753815,2.1184989708623365,3.7491078862418448,7
anchored,por_activo,73,2016-01-04,2022-07-29,2022-08-01,AMZN,Tendencia,False,,49,0.13173317240812568,7,75,9,22,63,20,1.6625863973487638,3.1007527214679236,1.4106827219067044,19
anchored,por_activo,73,2016-01-04,2022-07-29,2022-08-01,AMZN,Reversión,False,,63,0.8051739990048792,9,23,24,31,79,11,1.8402423598892794,1.5971712290184907,1.8117870034532473,30
anchored,por_activo,73,2016-01-04,2022-07-29,2022-08-01,AMZN,Crisis,False,,72,0.9065509689998271,24,92,9,38,61,12,1.6801124716718003,1.7039366033806815,4.718908882000893,20
anchored,por_activo,73,2016-01-04,2022-07-29,2022-08-01,TSLA,Global,False,,40,0.10919961061526205,14,48,7,40,69,24,2.295608492707384,1.2581878654425454,2.375478933751152,10
anchored,por_activo,73,2016-01-04,2022-07-29,2022-08-01,TSLA,Tendencia,False,,65,0.7121868645092986,10,16,12,22,63,12,1.7601858115879003,1.468652472514446,1.986259114481658,24
anchored,por_activo,73,2016-01-04,2022-07-29,2022-08-01,TSLA,Reversión,False,,77,0.19090421792370962,17,74,10,31,64,13,1.6159944716148298,1.3717126127748274,1.160953986987541,11
anchored,por_activo,73,2016-01-04,2022-07-29,2022-08-01,TSLA,Crisis,False,,68,0.7709918339435176,27,34,14,39,69,33,1.6911584414298224,1.3686173206386048,5.4430894225477156,36
anchored,por_activo,73,2016-01-04,2022-07-29,2022-08-01,META,Global,False,,38,0.8742675036954586,25,98,20,20,65,10,1.552495734934912,1.549277682919587,1.1872054844669107,6
anchored,por_activo,73,2016-01-04,2022-07-29,2022-08-01,META,Tendencia,False,,53,0.5925793477799441,11,20,7,38,79,23,2.3890344734457836,1.1687503825884107,5.127829004912439,10
anchored,por_activo,73,2016-01-04,2022-07-29,2022-08-01,META,Reversión,False,,71,0.7479530319816549,21,84,24,22,62,10,1.537675603610897,2.8524190255527566,3.0851797682220568,10
anchored,por_activo,73,2016-01-04,2022-07-29,2022-08-01,META,Crisis,False,,59,0.46551104479455635,25,80,10,39,70,28,1.8986861635184917,3.093709468812803,3.0838621698013395,34
anchored,por_activo,73,2016-01-04,2022-07-29,2022-08-01,NFLX,Global,True,sin trials válidos: θ global de la ventana 72,0,-1000000000.0,13,99,7,23,61,11,1.7424560060520737,1.5292843677800283,2.074372392025877,28
anchored,por_activo,73,2016-01-04,2022-07-29,2022-08-01,NFLX,Tendencia,False,,76,0.6838108441116797,14,76,26,26,76,13,1.582945142787652,3.7766139593798296,5.083814848515939,26
anchored,por_activo,73,2016-01-04,2022-07-29,2022-08-01,NFLX,Reversión,False,,64,0.6732004510152806,29,44,27,38,72,23,1.6268233183040508,3.770119530464671,2.0097454904422074,7
anchored,por_activo,73,2016-01-04,2022-07-29,2022-08-01,NFLX,Crisis,False,,50,0.5614449166478818,18,42,16,32,72,11,1.5445262624681606,3.4641464547442316,2.866191041262134,30
anchored,por_activo,73,2016-01-04,2022-07-29,2022-08-01,GOOGL,Global,False,,28,0.639024568155406,14,62,13,29,61,11,1.5617923278789736,3.714989185785059,3.885909897413989,6
anchored,por_activo,73,2016-01-04,2022-07-29,2022-08-01,GOOGL,Tendencia,False,,69,0.6696886210617483,14,13,8,20,78,10,1.5855414184797931,3.6930905671569243,5.754346884445187,33
anchored,por_activo,73,2016-01-04,2022-07-29,2022-08-01,GOOGL,Reversión,False,,58,0.5577208093590859,7,72,8,22,74,19,1.6118020312175743,1.4633103236282814,1.7177397099770277,11
anchored,por_activo,73,2016-01-04,2022-07-29,2022-08-01,GOOGL,Crisis,False,,57,1.072503349567094,28,66,8,34,65,26,2.733880247050953,3.3555021455019514,2.497033055660285,5
anchored,por_activo,74,2016-01-04,2022-08-31,2022-09-01,NVDA,Global,True,sin trials válidos: θ global de la ventana 73,0,-1000000000.0,10,31,7,39,61,34,2.6889926481136985,3.57482545578741,1.2611715536412604,24
anchored,por_activo,74,2016-01-04,2022-08-31,2022-09-01,NVDA,Tendencia,False,,75,1.6843484720466146,28,84,27,39,64,13,1.934512241924602,1.255452297711944,5.584275659413247,27
anchored,por_activo,74,2016-01-04,2022-08-31,2022-09-01,NVDA,Reversión,False,,65,0.2098755185169412,7,52,8,21,69,16,1.6687067879415889,1.3685355703439834,5.751711011489363,21
anchored,por_activo,74,2016-01-04,2022-08-31,2022-09-01,NVDA,Crisis,False,,48,0.38492850831125536,19,95,8,39,76,30,1.5743415956846458,2.7916810686027578,1.3155138868076772,36
anchored,por_activo,74,2016-01-04,2022-08-31,2022-09-01,AMZN,Global,True,sin trials válidos: θ global de la ventana 72,0,-1000000000.0,11,79,7,39,63,37,2.7275390950753815,2.1184989708623365,3.7491078862418448,7
anchored,por_activo,74,2016-01-04,2022-08-31,2022-09-01,AMZN,Tendencia,False,,73,0.2765404330660648,6,40,23,22,74,12,1.6593838653042563,2.5805389221916544,3.963743263722682,5
anchored,por_activo,74,2016-01-04,2022-08-31,2022-09-01,AMZN,Reversión,False,,76,0.9172396744296832,16,62,25,40,60,11,1.8604575831597598,1.3724892956364196,4.5809314405955615,7
anchored,por_activo,74,2016-01-04,2022-08-31,2022-09-01,AMZN,Crisis,False,,73,0.2632748665892777,26,46,12,30,62,21,1.5851294388843555,1.3887596754497593,5.296230460739091,19
anchored,por_activo,74,2016-01-04,2022-08-31,2022-09-01,TSLA,Global,False,,2,-0.1472810346922569,10,48,12,21,66,14,1.567356154962081,2.7621415595063707,1.0091772120328764,21
anchored,por_activo,74,2016-01-04,2022-08-31,2022-09-01,TSLA,Tendencia,False,,77,0.5469315116973018,22,88,20,38,78,13,1.6415390098023004,3.4580643811391125,5.560413408152858,22
anchored,por_activo,74,2016-01-04,2022-08-31,2022-09-01,TSLA,Reversión,False,,73,0.08933650474445974,20,92,11,23,74,29,1.8245168164448655,2.4136299009274795,2.8872283593746975,22
anchored,por_activo,74,2016-01-04,2022-08-31,2022-09-01,TSLA,Crisis,False,,73,0.5215176354440876,26,64,10,22,66,10,1.653334004587046,2.9801249482312153,3.808926250298273,18
anchored,por_activo,74,2016-01-04,2022-08-31,2022-09-01,META,Global,False,,43,0.39953535359825576,28,24,8,37,78,10,1.6336867348102515,1.1343562243006189,4.800421156534939,21
anchored,por_activo,74,2016-01-04,2022-08-31,2022-09-01,META,Tendencia,False,,74,0.2923073704711736,11,68,24,40,66,12,1.5435300947040775,3.6175956685675468,1.1401206483806807,22
anchored,por_activo,74,2016-01-04,2022-08-31,2022-09-01,META,Reversión,False,,73,0.4702839055442247,23,36,26,25,75,14,1.7555249096076575,2.336719053201213,2.781240688262516,16
anchored,por_activo,74,2016-01-04,2022-08-31,2022-09-01,META,Crisis,False,,60,0.5991047569626454,26,44,8,38,68,19,2.403191796872277,3.896640976943726,5.56698451668346,34
anchored,por_activo,74,2016-01-04,2022-08-31,2022-09-01,NFLX,Global,False,,1,-0.1424063109404997,19,12,21,32,74,13,1.570029616016042,1.9273383017132761,1.7088083134638885,11
anchored,por_activo,74,2016-01-04,2022-08-31,2022-09-01,NFLX,Tendencia,False,,68,0.8109973213215116,17,86,9,38,75,21,2.841775932813495,3.494051169117262,3.5995033491046375,38
anchored,por_activo,74,2016-01-04,2022-08-31,2022-09-01,NFLX,Reversión,False,,68,0.46472802674495434,14,88,26,23,79,12,1.8020324460077588,2.923102841855135,1.235999679423917,37
anchored,por_activo,74,2016-01-04,2022-08-31,2022-09-01,NFLX,Crisis,False,,52,0.2577068673452581,17,31,10,24,80,12,1.6715838166843608,1.2559380854804474,5.624212401180941,36
anchored,por_activo,74,2016-01-04,2022-08-31,2022-09-01,GOOGL,Global,False,,17,0.8165510772688245,12,75,7,39,70,22,2.3862233250850724,1.909433262768678,2.9181954620741477,7
anchored,por_activo,74,2016-01-04,2022-08-31,2022-09-01,GOOGL,Tendencia,False,,65,0.25536056205123137,10,89,15,20,61,16,1.5898646934085985,3.8215344938749327,5.284505048328501,28
anchored,por_activo,74,2016-01-04,2022-08-31,2022-09-01,GOOGL,Reversión,False,,77,0.9063022290678481,28,56,28,36,62,10,1.769677330349752,2.323639429169398,1.8446410725265943,24
anchored,por_activo,74,2016-01-04,2022-08-31,2022-09-01,GOOGL,Crisis,False,,75,0.8058889308181328,18,84,22,30,67,13,1.6358252434059202,1.570031183506107,4.980385927786427,5
anchored,por_activo,75,2016-01-04,2022-09-30,2022-10-03,NVDA,Global,True,sin trials válidos: θ global de la ventana 73,0,-1000000000.0,10,31,7,39,61,34,2.6889926481136985,3.57482545578741,1.2611715536412604,24
anchored,por_activo,75,2016-01-04,2022-09-30,2022-10-03,NVDA,Tendencia,False,,73,0.8371598652444854,29,20,28,39,66,16,1.9064791240555672,3.8470705925924165,5.812491677624861,9
anchored,por_activo,75,2016-01-04,2022-09-30,2022-10-03,NVDA,Reversión,False,,55,0.12167204652818688,14,32,8,32,62,18,1.7236665246955913,1.4125232503215577,3.0312492432133036,26
anchored,por_activo,75,2016-01-04,2022-09-30,2022-10-03,NVDA,Crisis,False,,1,-0.04237236162633208,24,16,10,22,69,11,1.9182894101881014,3.4176207849026903,5.15888140217819,27
anchored,por_activo,75,2016-01-04,2022-09-30,2022-10-03,AMZN,Global,False,,59,0.11810587073104133,28,28,10,31,68,11,1.7326799668210922,1.3893284955851402,2.3480557224988927,26
anchored,por_activo,75,2016-01-04,2022-09-30,2022-10-03,AMZN,Tendencia,False,,59,0.213072546360287,20,12,10,22,65,19,1.6759560352771325,1.4242038198807387,2.478913057541501,30
anchored,por_activo,75,2016-01-04,2022-09-30,2022-10-03,AMZN,Reversión,False,,79,0.2517094174945114,11,74,8,40,76,24,1.5854829703277318,1.0913592333299804,4.052323317104214,38
anchored,por_activo,75,2016-01-04,2022-09-30,2022-10-03,AMZN,Crisis,False,,39,0.4106589787396628,28,82,28,23,78,29,1.5405948952050612,2.355710770384551,1.092110115596109,19
anchored,por_activo,75,2016-01-04,2022-09-30,2022-10-03,TSLA,Global,True,sin trials válidos: θ global de la ventana 74,0,-1000000000.0,10,48,12,21,66,14,1.567356154962081,2.7621415595063707,1.0091772120328764,21
anchored,por_activo,75,2016-01-04,2022-09-30,2022-10-03,TSLA,Tendencia,False,,71,0.8008515455823819,8,90,18,38,80,10,2.100142722568962,3.3720644349880358,2.5286537849074486,38
anchored,por_activo,75,2016-01-04,2022-09-30,2022-10-03,TSLA,Reversión,False,,64,0.11728526594086015,27,82,9,38,78,26,2.510060648612744,2.1956876177847597,1.508957251425607,13
anchored,por_activo,75,2016-01-04,2022-09-30,2022-10-03,TSLA,Crisis,False,,55,0.9842087604051999,30,22,16,30,68,32,1.8828410630339496,1.0753852869279128,2.302544301365816,19
anchored,por_activo,75,2016-01-04,2022-09-30,2022-10-03,META,Global,True,sin trials válidos: θ global de la ventana 74,0,-1000000000.0,28,24,8,37,78,10,1.6336867348102515,1.1343562243006189,4.800421156534939,21
anchored,por_activo,75,2016-01-04,2022-09-30,2022-10-03,META,Tendencia,False,,70,0.5420339505236641,6,32,20,36,76,14,1.5915409149160635,1.1269445154136795,5.591433161968757,12
anchored,por_activo,75,2016-01-04,2022-09-30,2022-10-03,META,Reversión,False,,26,0.7522192512528353,25,37,7,40,79,40,2.3734635259683454,3.6512058522720863,3.577240783184777,13
anchored,por_activo,75,2016-01-04,2022-09-30,2022-10-03,META,Crisis,False,,72,0.5334921135376055,28,54,10,40,62,26,1.6558413734401367,1.437341227089496,5.79281563010748,36
anchored,por_activo,75,2016-01-04,2022-09-30,2022-10-03,NFLX,Global,True,sin trials válidos: θ global de la ventana 74,0,-1000000000.0,19,12,21,32,74,13,1.570029616016042,1.9273383017132761,1.7088083134638885,11
anchored,por_activo,75,2016-01-04,2022-09-30,2022-10-03,NFLX,Tendencia,False,,81,0.6445730876442809,28,96,12,33,72,11,1.9310397897353584,1.870979977258144,2.6059350477683085,37
anchored,por_activo,75,2016-01-04,2022-09-30,2022-10-03,NFLX,Reversión,False,,75,0.1842251107162707,29,15,9,36,60,15,1.759779148977997,3.198189669617875,4.0439778415631045,26
anchored,por_activo,75,2016-01-04,2022-09-30,2022-10-03,NFLX,Crisis,False,,67,0.3532090664722721,28,25,10,40,70,13,1.6293867887191582,2.796086730496479,3.311009347501557,12
anchored,por_activo,75,2016-01-04,2022-09-30,2022-10-03,GOOGL,Global,False,,30,0.38673078319964255,7,58,21,27,69,10,1.6488968223753688,1.287699048698005,3.241823520018708,7
anchored,por_activo,75,2016-01-04,2022-09-30,2022-10-03,GOOGL,Tendencia,False,,54,0.31139085573382097,8,53,9,24,72,16,1.8569746972814039,3.9512405381192894,1.6464190274651627,25
anchored,por_activo,75,2016-01-04,2022-09-30,2022-10-03,GOOGL,Reversión,False,,72,0.133178229717696,29,54,7,39,60,32,1.7345697723493552,3.737345109246496,5.52740557818532,38
anchored,por_activo,75,2016-01-04,2022-09-30,2022-10-03,GOOGL,Crisis,False,,61,0.21925597399243113,22,21,8,25,77,11,1.557585536052606,3.718670617122062,2.3093184863313274,27
anchored,por_activo,76,2016-01-04,2022-10-31,2022-11-01,NVDA,Global,False,,40,0.3710859246586372,13,96,8,38,66,21,1.640400560191226,1.3730583962575817,5.635350850304842,9
anchored,por_activo,76,2016-01-04,2022-10-31,2022-11-01,NVDA,Tendencia,False,,79,1.4714424182959256,5,74,20,36,63,14,1.814803661438316,1.4984813654054767,5.535244689854217,27
anchored,por_activo,76,2016-01-04,2022-10-31,2022-11-01,NVDA,Reversión,False,,58,0.3154817783513283,27,74,9,38,70,40,2.5498399514283356,2.719402465514613,3.10484405729287,12
anchored,por_activo,76,2016-01-04,2022-10-31,2022-11-01,NVDA,Crisis,False,,63,0.5673586567193791,27,24,28,23,63,21,1.6605510990387167,1.0542541393638427,4.782889370320315,21
anchored,por_activo,76,2016-01-04,2022-10-31,2022-11-01,AMZN,Global,False,,47,0.5915360791834587,27,71,10,35,77,10,1.8564802777945446,2.6598033740811564,1.4187714972720407,38
anchored,por_activo,76,2016-01-04,2022-10-31,2022-11-01,AMZN,Tendencia,False,,74,0.7637085451004207,29,96,18,38,70,12,1.6902882601899147,1.7286590520874854,4.646169970115828,27
anchored,por_activo,76,2016-01-04,2022-10-31,2022-11-01,AMZN,Reversión,False,,64,0.5012255922943297,27,17,9,36,61,38,2.7048505596241927,1.7060738898844845,5.4654545235527365,5
anchored,por_activo,76,2016-01-04,2022-10-31,2022-11-01,AMZN,Crisis,False,,60,0.1691428936715159,23,20,9,38,63,11,2.6457327440126788,2.1066032317231995,5.390311319984672,27
anchored,por_activo,76,2016-01-04,2022-10-31,2022-11-01,TSLA,Global,False,,49,0.08262953580157996,17,95,15,25,77,13,1.8214557536605487,1.5635241059915443,1.3130807632873815,24
anchored,por_activo,76,2016-01-04,2022-10-31,2022-11-01,TSLA,Tendencia,False,,52,0.25057281367809814,12,63,10,31,64,12,2.22871862018681,2.876189517411909,5.521039694056497,10
anchored,por_activo,76,2016-01-04,2022-10-31,2022-11-01,TSLA,Reversión,False,,67,0.22537344843753157,27,59,10,21,74,28,1.7011637223486955,2.6088119980337283,1.5978743401690831,14
anchored,por_activo,76,2016-01-04,2022-10-31,2022-11-01,TSLA,Crisis,False,,79,0.6019165617160955,26,79,9,39,78,31,1.63033551455129,1.5343732720700156,1.312346543210507,38
anchored,por_activo,76,2016-01-04,2022-10-31,2022-11-01,META,Global,True,sin trials válidos: θ global de la ventana 74,0,-1000000000.0,28,24,8,37,78,10,1.6336867348102515,1.1343562243006189,4.800421156534939,21
anchored,por_activo,76,2016-01-04,2022-10-31,2022-11-01,META,Tendencia,False,,57,0.22374265723737471,10,69,8,38,64,34,2.2172597361485846,3.54982216954365,5.710404729080989,26
anchored,por_activo,76,2016-01-04,2022-10-31,2022-11-01,META,Reversión,False,,25,0.5204028515015766,9,77,8,28,76,13,1.5890269950328264,1.8749179780353882,5.9027879519465305,33
anchored,por_activo,76,2016-01-04,2022-10-31,2022-11-01,META,Crisis,False,,59,0.5368717074076109,8,60,8,24,60,11,1.861362342915995,1.5203577346574246,2.694833790116911,26
anchored,por_activo,76,2016-01-04,2022-10-31,2022-11-01,NFLX,Global,False,,41,0.6891553162920816,26,42,24,39,79,11,1.6012353461413498,1.6618611658228306,5.621434700928983,10
anchored,por_activo,76,2016-01-04,2022-10-31,2022-11-01,NFLX,Tendencia,False,,58,0.7983303718352539,29,25,8,39,75,30,2.91413072800598,3.023853477090092,4.891158428230677,30
anchored,por_activo,76,2016-01-04,2022-10-31,2022-11-01,NFLX,Reversión,False,,65,0.6847846824968133,26,21,19,20,68,20,1.6720130959945305,3.390035305905107,1.1290945476166787,25
anchored,por_activo,76,2016-01-04,2022-10-31,2022-11-01,NFLX,Crisis,False,,47,0.12300219769461425,28,29,19,29,65,20,1.5459992009347587,1.2941663133196855,2.1682169915091,35
anchored,por_activo,76,2016-01-04,2022-10-31,2022-11-01,GOOGL,Global,False,,52,0.3040999165239008,28,72,7,39,63,20,2.692818159935401,2.059092054028878,2.054563657753053,28
anchored,por_activo,76,2016-01-04,2022-10-31,2022-11-01,GOOGL,Tendencia,False,,53,0.2724045971548892,12,15,8,32,68,10,1.805139461600222,2.0517086982261525,4.880587459927646,22
anchored,por_activo,76,2016-01-04,2022-10-31,2022-11-01,GOOGL,Reversión,False,,66,0.6980064949113337,28,96,14,39,71,20,2.0765281932366983,1.5988778465935167,1.8209582731084244,6
anchored,por_activo,76,2016-01-04,2022-10-31,2022-11-01,GOOGL,Crisis,False,,65,0.3914493182409614,29,57,27,35,63,11,1.5843042500279416,2.469718947359726,2.164859012576516,20
anchored,por_activo,77,2016-01-04,2022-11-30,2022-12-01,NVDA,Global,False,,46,0.5416939366157797,26,85,7,39,73,11,2.5582619061854426,1.5642836223359926,3.0698095000696055,37
anchored,por_activo,77,2016-01-04,2022-11-30,2022-12-01,NVDA,Tendencia,False,,71,1.0567483628593521,14,89,10,26,79,12,1.9727888451604922,3.8273327592134088,4.053229898494216,36
anchored,por_activo,77,2016-01-04,2022-11-30,2022-12-01,NVDA,Reversión,False,,75,0.24033255714349103,28,82,13,40,63,16,1.6510725242357198,2.5909783502423815,3.01314330629486,14
anchored,por_activo,77,2016-01-04,2022-11-30,2022-12-01,NVDA,Crisis,False,,55,0.23301388722242503,16,16,8,40,64,20,2.505107957295097,1.8687891335611377,3.969279335746422,19
anchored,por_activo,77,2016-01-04,2022-11-30,2022-12-01,AMZN,Global,False,,34,0.08289488955657,18,72,8,39,65,25,2.885127264687667,2.6256844880994077,1.4318764218215438,6
anchored,por_activo,77,2016-01-04,2022-11-30,2022-12-01,AMZN,Tendencia,False,,74,0.5536191480985123,28,81,11,29,79,12,2.071854345079137,1.9578395872913756,1.2935295800888587,8
anchored,por_activo,77,2016-01-04,2022-11-30,2022-12-01,AMZN,Reversión,False,,70,0.31459643147649063,29,96,14,34,64,36,1.5329838639544366,1.4247328770341894,5.496193996463345,23
anchored,por_activo,77,2016-01-04,2022-11-30,2022-12-01,AMZN,Crisis,False,,73,0.5099258881597734,26,87,16,23,62,10,1.7421387514410975,1.2103266553246743,1.583621530400356,35
anchored,por_activo,77,2016-01-04,2022-11-30,2022-12-01,TSLA,Global,False,,26,0.12708703047076872,14,92,13,34,72,10,1.551350688856884,3.7037861118684083,5.765761807219414,5
anchored,por_activo,77,2016-01-04,2022-11-30,2022-12-01,TSLA,Tendencia,False,,64,0.9312054964201562,26,25,23,23,67,11,2.0748228209149473,3.4356470210414933,1.845798329008322,32
anchored,por_activo,77,2016-01-04,2022-11-30,2022-12-01,TSLA,Reversión,False,,75,0.13949745453261259,24,73,10,30,63,30,1.742484191420667,2.8582826967600115,1.5110787874054452,12
anchored,por_activo,77,2016-01-04,2022-11-30,2022-12-01,TSLA,Crisis,False,,71,0.5215776206862737,12,92,8,38,67,24,2.5149416552789896,1.6783238809154106,3.4097318620452017,5
anchored,por_activo,77,2016-01-04,2022-11-30,2022-12-01,META,Global,True,sin trials válidos: θ global de la ventana 74,0,-1000000000.0,28,24,8,37,78,10,1.6336867348102515,1.1343562243006189,4.800421156534939,21
anchored,por_activo,77,2016-01-04,2022-11-30,2022-12-01,META,Tendencia,False,,72,0.14838502572952134,26,53,12,22,78,11,1.6070058497410598,1.9249489020455108,5.012887433182312,38
anchored,por_activo,77,2016-01-04,2022-11-30,2022-12-01,META,Reversión,False,,61,0.9174531998187732,11,56,7,39,62,13,1.9472962303994872,2.253975313502364,2.734660311549881,20
anchored,por_activo,77,2016-01-04,2022-11-30,2022-12-01,META,Crisis,False,,70,0.5134403760422749,22,19,28,37,63,11,1.5750098763797222,3.490537222218241,1.5803722268751903,33
anchored,por_activo,77,2016-01-04,2022-11-30,2022-12-01,NFLX,Global,True,sin trials válidos: θ global de la ventana 76,0,-1000000000.0,26,42,24,39,79,11,1.6012353461413498,1.6618611658228306,5.621434700928983,10
anchored,por_activo,77,2016-01-04,2022-11-30,2022-12-01,NFLX,Tendencia,False,,61,0.7278721970641324,15,88,8,39,78,36,2.8716007897301714,3.440613750413255,3.491505768275737,31
anchored,por_activo,77,2016-01-04,2022-11-30,2022-12-01,NFLX,Reversión,False,,76,0.6172423694281128,20,20,9,21,66,13,1.6963324520091225,3.0547025146677678,1.5706914038839388,24
anchored,por_activo,77,2016-01-04,2022-11-30,2022-12-01,NFLX,Crisis,False,,59,0.6430795117342386,27,16,27,26,61,11,1.720054688170331,1.283977041363996,2.4196083089207283,14
anchored,por_activo,77,2016-01-04,2022-11-30,2022-12-01,GOOGL,Global,False,,25,0.6559502511543983,14,63,7,39,67,35,2.406737843644728,2.1192813801136863,5.620857086127372,9
anchored,por_activo,77,2016-01-04,2022-11-30,2022-12-01,GOOGL,Tendencia,False,,70,0.5253591769956641,21,16,21,39,71,10,1.7855861421690606,3.652706865092223,3.8472914913035643,23
anchored,por_activo,77,2016-01-04,2022-11-30,2022-12-01,GOOGL,Reversión,False,,56,0.8673645264797646,11,30,8,39,63,14,2.5734864664733714,3.3942626790664376,5.628008105784049,5
anchored,por_activo,77,2016-01-04,2022-11-30,2022-12-01,GOOGL,Crisis,False,,43,0.6689090387890864,28,65,25,21,74,28,1.5406967887486154,3.781957514219449,2.425085878270653,14
anchored,por_activo,78,2016-01-04,2022-12-30,2023-01-03,NVDA,Global,False,,44,0.3092459600750478,14,95,11,39,71,18,1.5940513822165894,1.3723745477514204,1.8005620151481445,17
anchored,por_activo,78,2016-01-04,2022-12-30,2023-01-03,NVDA,Tendencia,False,,80,1.9657669847494748,28,95,24,20,61,12,1.9421240714196522,1.7930172933928419,5.2870490102470225,28
anchored,por_activo,78,2016-01-04,2022-12-30,2023-01-03,NVDA,Reversión,False,,58,0.41412462761448615,24,92,9,35,78,27,1.796679415458252,2.708614646379165,2.007345161713948,14
anchored,por_activo,78,2016-01-04,2022-12-30,2023-01-03,NVDA,Crisis,False,,60,0.06776625953143092,18,18,14,38,70,18,1.7035406155867983,1.1397879321838813,1.1664320338924223,38
anchored,por_activo,78,2016-01-04,2022-12-30,2023-01-03,AMZN,Global,False,,47,0.38303726906508284,9,55,17,33,77,10,1.6756486388887613,1.4275469931398854,2.351289354247797,16
anchored,por_activo,78,2016-01-04,2022-12-30,2023-01-03,AMZN,Tendencia,False,,71,0.6830141873228031,23,94,16,22,60,20,1.5984720015720142,3.298222582568817,2.4938349763547105,24
anchored,por_activo,78,2016-01-04,2022-12-30,2023-01-03,AMZN,Reversión,False,,45,0.4540874309910091,18,61,8,23,63,39,2.027660108541058,2.5293893354189927,4.161073189758314,7
anchored,por_activo,78,2016-01-04,2022-12-30,2023-01-03,AMZN,Crisis,False,,49,0.6568270657899072,22,89,28,23,71,23,1.558487596924681,1.072631152086558,2.040457665263068,6
anchored,por_activo,78,2016-01-04,2022-12-30,2023-01-03,TSLA,Global,False,,22,0.05874092868927871,29,26,7,36,80,17,2.8357760446240863,1.2096117031626403,3.2542899527851237,5
anchored,por_activo,78,2016-01-04,2022-12-30,2023-01-03,TSLA,Tendencia,False,,69,0.4608121447372302,9,92,8,35,62,12,2.1490277687121724,3.1005032306816505,5.362154283633203,31
anchored,por_activo,78,2016-01-04,2022-12-30,2023-01-03,TSLA,Reversión,False,,58,0.1986385833728065,26,20,10,38,74,30,2.1623910221095572,1.6273998853757075,5.031971110799649,22
anchored,por_activo,78,2016-01-04,2022-12-30,2023-01-03,TSLA,Crisis,False,,68,1.0719442753919228,27,64,18,38,76,35,1.8544930549636172,1.2966843072331842,1.3844169896360412,20
anchored,por_activo,78,2016-01-04,2022-12-30,2023-01-03,META,Global,False,,11,0.3221115881695649,19,70,7,36,61,26,1.83054609754643,3.0832105874018936,1.2172387839091257,10
anchored,por_activo,78,2016-01-04,2022-12-30,2023-01-03,META,Tendencia,False,,78,0.1112402189623446,20,86,12,28,77,13,1.5696054000487036,1.8369351477555704,4.5863926656063665,10
anchored,por_activo,78,2016-01-04,2022-12-30,2023-01-03,META,Reversión,False,,49,0.8318291207856279,22,29,8,40,70,37,2.540722212503697,2.7636382381243574,5.08076781054822,21
anchored,por_activo,78,2016-01-04,2022-12-30,2023-01-03,META,Crisis,False,,61,1.3027350908292517,8,89,25,32,60,12,1.7302718053622579,1.1720709288709912,5.447445093896504,6
anchored,por_activo,78,2016-01-04,2022-12-30,2023-01-03,NFLX,Global,True,sin trials válidos: θ global de la ventana 76,0,-1000000000.0,26,42,24,39,79,11,1.6012353461413498,1.6618611658228306,5.621434700928983,10
anchored,por_activo,78,2016-01-04,2022-12-30,2023-01-03,NFLX,Tendencia,False,,73,0.6483373137211466,12,68,8,39,77,16,1.5660745925358557,3.5750182684792797,5.426259062124808,14
anchored,por_activo,78,2016-01-04,2022-12-30,2023-01-03,NFLX,Reversión,False,,73,0.7771742253724498,27,22,8,39,68,24,1.88984996720211,2.840744103841806,2.3028636289059756,37
anchored,por_activo,78,2016-01-04,2022-12-30,2023-01-03,NFLX,Crisis,False,,49,1.7478910775577972,6,23,18,22,77,11,1.6071226736539117,3.739670570986604,1.9782346452023023,39
anchored,por_activo,78,2016-01-04,2022-12-30,2023-01-03,GOOGL,Global,False,,1,0.16470903727823547,24,47,12,26,70,13,1.590706405201382,1.5826909544129737,1.9122553569637266,9
anchored,por_activo,78,2016-01-04,2022-12-30,2023-01-03,GOOGL,Tendencia,False,,56,0.7281119388174309,8,48,26,30,75,15,1.7006111125240575,1.9258004690936077,5.656952435549682,32
anchored,por_activo,78,2016-01-04,2022-12-30,2023-01-03,GOOGL,Reversión,False,,72,0.29395913458238376,24,95,12,40,70,20,1.5894523589525253,3.760840704130996,1.1227586059022707,22
anchored,por_activo,78,2016-01-04,2022-12-30,2023-01-03,GOOGL,Crisis,False,,42,0.5761019237732522,21,84,9,36,61,14,2.917820256267893,2.3197004641819015,3.4903469606896382,33
anchored,por_activo,79,2016-01-04,2023-01-31,2023-02-01,NVDA,Global,False,,28,0.07738255781716388,26,92,27,36,68,11,1.560603171531765,3.574557889148739,1.4639229577326636,5
anchored,por_activo,79,2016-01-04,2023-01-31,2023-02-01,NVDA,Tendencia,False,,73,1.4176562596159108,23,50,26,40,78,10,1.8232559878589925,3.7648196190078105,5.780585495951298,26
anchored,por_activo,79,2016-01-04,2023-01-31,2023-02-01,NVDA,Reversión,False,,60,0.26711945176857826,17,24,10,32,78,20,1.5767882393125956,1.211489438971512,5.899732773269604,38
anchored,por_activo,79,2016-01-04,2023-01-31,2023-02-01,NVDA,Crisis,False,,51,0.3105843876614592,22,74,8,38,75,39,1.9168216905099165,1.834147553205383,2.3031110090251783,32
anchored,por_activo,79,2016-01-04,2023-01-31,2023-02-01,AMZN,Global,True,sin trials válidos: θ global de la ventana 78,0,-1000000000.0,9,55,17,33,77,10,1.6756486388887613,1.4275469931398854,2.351289354247797,16
anchored,por_activo,79,2016-01-04,2023-01-31,2023-02-01,AMZN,Tendencia,False,,78,0.4579953163591105,24,88,7,40,77,18,2.4267448743257454,2.1429585236230215,2.681308545252113,35
anchored,por_activo,79,2016-01-04,2023-01-31,2023-02-01,AMZN,Reversión,False,,71,0.6030756422878734,28,94,24,36,78,19,2.112963850927684,1.1073564548903245,2.7311004947101925,8
anchored,por_activo,79,2016-01-04,2023-01-31,2023-02-01,AMZN,Crisis,False,,55,0.3249712920312821,22,88,26,20,77,24,1.5516791157653902,2.608346831612274,2.372977424014244,26
anchored,por_activo,79,2016-01-04,2023-01-31,2023-02-01,TSLA,Global,False,,71,0.1128883015754715,24,72,7,36,61,13,1.8497048970001182,1.3174656124883009,2.166455647355142,6
anchored,por_activo,79,2016-01-04,2023-01-31,2023-02-01,TSLA,Tendencia,False,,75,0.2860946648386967,20,41,20,37,79,12,1.6593575328278083,2.138636582334086,2.380456790067671,7
anchored,por_activo,79,2016-01-04,2023-01-31,2023-02-01,TSLA,Reversión,False,,63,0.10205188123626527,29,83,13,32,70,34,1.813308605701962,2.5661415320645924,4.561973247282279,37
anchored,por_activo,79,2016-01-04,2023-01-31,2023-02-01,TSLA,Crisis,False,,74,0.31756493898182203,24,90,15,34,68,10,1.5930507607300362,3.6206580366565713,5.149023685632587,31
anchored,por_activo,79,2016-01-04,2023-01-31,2023-02-01,META,Global,True,sin trials válidos: θ global de la ventana 78,0,-1000000000.0,19,70,7,36,61,26,1.83054609754643,3.0832105874018936,1.2172387839091257,10
anchored,por_activo,79,2016-01-04,2023-01-31,2023-02-01,META,Tendencia,False,,78,0.36649277566461647,16,13,26,36,64,10,1.5694028397934368,1.1294922277606112,5.077690953079831,12
anchored,por_activo,79,2016-01-04,2023-01-31,2023-02-01,META,Reversión,False,,70,0.6871653634893179,28,72,18,29,68,15,1.83948859582998,1.326529859635774,3.7753244240301287,15
anchored,por_activo,79,2016-01-04,2023-01-31,2023-02-01,META,Crisis,False,,70,1.8417448404697367,16,14,13,36,70,13,1.582154532516286,3.8154429759548956,1.974066545583623,5
anchored,por_activo,79,2016-01-04,2023-01-31,2023-02-01,NFLX,Global,False,,15,0.4326384945330352,26,76,10,38,70,10,1.7237298925242972,2.4015600628326395,4.495473002315924,10
anchored,por_activo,79,2016-01-04,2023-01-31,2023-02-01,NFLX,Tendencia,False,,69,0.7835827055946533,23,51,26,39,80,11,1.9250023428743455,3.846826634509101,1.6010159199548797,36
anchored,por_activo,79,2016-01-04,2023-01-31,2023-02-01,NFLX,Reversión,False,,76,0.4162498878994155,30,49,11,21,66,17,1.588602722805538,3.3308992322046196,4.707549073266225,7
anchored,por_activo,79,2016-01-04,2023-01-31,2023-02-01,NFLX,Crisis,False,,50,0.5924511992612083,27,21,8,39,63,34,2.7925966594805645,1.2084985854148727,5.081327085934743,16
anchored,por_activo,79,2016-01-04,2023-01-31,2023-02-01,GOOGL,Global,True,sin trials válidos: θ global de la ventana 78,0,-1000000000.0,24,47,12,26,70,13,1.590706405201382,1.5826909544129737,1.9122553569637266,9
anchored,por_activo,79,2016-01-04,2023-01-31,2023-02-01,GOOGL,Tendencia,False,,69,0.4040185705312252,18,52,7,39,76,35,2.043065550537005,3.7368994496284844,3.755329062208324,32
anchored,por_activo,79,2016-01-04,2023-01-31,2023-02-01,GOOGL,Reversión,False,,59,0.21474591105276655,28,76,13,40,65,11,2.852797492422151,1.66429370181477,3.820434290240218,18
anchored,por_activo,79,2016-01-04,2023-01-31,2023-02-01,GOOGL,Crisis,False,,63,0.9351096644006399,29,34,24,24,76,26,1.5666129052995723,3.0982063361037806,2.8585180256243468,6
anchored,por_activo,80,2016-01-04,2023-02-28,2023-03-01,NVDA,Global,False,,45,0.10979337096956544,26,71,25,22,76,12,1.7020756055267066,1.2717854517550684,2.0111809029757675,31
anchored,por_activo,80,2016-01-04,2023-02-28,2023-03-01,NVDA,Tendencia,False,,53,1.0377628762644195,10,24,23,37,62,20,1.6168564553860956,1.6330485241326325,5.022476312517931,11
anchored,por_activo,80,2016-01-04,2023-02-28,2023-03-01,NVDA,Reversión,False,,75,0.6088211260760121,20,95,8,40,78,20,1.8056025946204688,1.3853392925380483,5.223405888593791,28
anchored,por_activo,80,2016-01-04,2023-02-28,2023-03-01,NVDA,Crisis,False,,65,0.06678316310376639,17,15,7,22,64,21,1.6118397619395852,1.0724008135009615,2.5525082913892554,10
anchored,por_activo,80,2016-01-04,2023-02-28,2023-03-01,AMZN,Global,True,sin trials válidos: θ global de la ventana 78,0,-1000000000.0,9,55,17,33,77,10,1.6756486388887613,1.4275469931398854,2.351289354247797,16
anchored,por_activo,80,2016-01-04,2023-02-28,2023-03-01,AMZN,Tendencia,False,,58,0.7956759894716383,21,94,14,34,74,18,1.943298824925913,3.6971645801957624,1.3533971888721852,6
anchored,por_activo,80,2016-01-04,2023-02-28,2023-03-01,AMZN,Reversión,False,,73,0.808355750647845,7,93,8,36,62,35,2.924322957537651,1.0473813569276935,2.0982702810347957,31
anchored,por_activo,80,2016-01-04,2023-02-28,2023-03-01,AMZN,Crisis,False,,52,0.33792098296405154,12,18,26,25,78,10,1.6545366433961286,1.574796478509597,5.820115326145073,8
anchored,por_activo,80,2016-01-04,2023-02-28,2023-03-01,TSLA,Global,True,sin trials válidos: θ global de la ventana 79,0,-1000000000.0,24,72,7,36,61,13,1.8497048970001182,1.3174656124883009,2.166455647355142,6
anchored,por_activo,80,2016-01-04,2023-02-28,2023-03-01,TSLA,Tendencia,False,,73,0.45691352164931964,18,70,8,38,66,22,1.8142155951099723,3.438409818306771,5.109658242107221,26
anchored,por_activo,80,2016-01-04,2023-02-28,2023-03-01,TSLA,Reversión,False,,65,0.00667985371269893,25,77,9,24,73,17,2.186415095345715,2.7896800951015153,3.196185047350302,9
anchored,por_activo,80,2016-01-04,2023-02-28,2023-03-01,TSLA,Crisis,False,,79,0.4482843205792311,27,68,24,39,78,38,1.577707519276758,1.1346959767928555,1.3392615390072007,24
anchored,por_activo,80,2016-01-04,2023-02-28,2023-03-01,META,Global,False,,50,0.49374944520415676,19,63,16,32,62,11,1.5476752727776333,2.1950025859460824,2.525325715743514,10
anchored,por_activo,80,2016-01-04,2023-02-28,2023-03-01,META,Tendencia,False,,72,0.5165900009139209,5,49,10,22,62,10,1.54444373886524,1.2131926918319111,4.489019986985667,14
anchored,por_activo,80,2016-01-04,2023-02-28,2023-03-01,META,Reversión,False,,70,0.7044263970697727,27,44,15,28,66,14,1.8272723888840394,3.5851980957186242,3.587937051767646,7
anchored,por_activo,80,2016-01-04,2023-02-28,2023-03-01,META,Crisis,False,,57,0.8023136747135947,6,90,9,22,72,10,1.7019719615785922,2.697038015990044,5.667475382302676,8
anchored,por_activo,80,2016-01-04,2023-02-28,2023-03-01,NFLX,Global,False,,36,0.7205833250501603,28,30,26,38,70,11,1.5892393233989484,1.6404609168160116,4.845384531389161,29
anchored,por_activo,80,2016-01-04,2023-02-28,2023-03-01,NFLX,Tendencia,False,,72,0.7771598826186811,14,94,25,31,76,12,1.8285792913492842,1.7486896037817994,5.35686129774443,20
anchored,por_activo,80,2016-01-04,2023-02-28,2023-03-01,NFLX,Reversión,False,,44,0.4452216206312691,27,39,23,39,64,30,1.5185186287227483,2.9386325146552417,1.654993373173853,5
anchored,por_activo,80,2016-01-04,2023-02-28,2023-03-01,NFLX,Crisis,False,,29,0.5972847258481213,28,40,17,40,65,20,1.5509777991839284,3.860648660201112,4.532500650572917,8
anchored,por_activo,80,2016-01-04,2023-02-28,2023-03-01,GOOGL,Global,False,,52,0.4918589416765331,29,78,14,30,78,13,1.6180813969329157,1.0696100932808388,3.659825622551837,35
anchored,por_activo,80,2016-01-04,2023-02-28,2023-03-01,GOOGL,Tendencia,False,,76,0.13002497148870787,8,68,10,38,78,12,1.7494197272625582,2.979166511935729,1.542159478749106,36
anchored,por_activo,80,2016-01-04,2023-02-28,2023-03-01,GOOGL,Reversión,False,,46,0.7101528603494168,10,64,8,23,60,37,1.60323518117802,1.5792246106867527,3.5294950408117387,5
anchored,por_activo,80,2016-01-04,2023-02-28,2023-03-01,GOOGL,Crisis,False,,59,0.6034735751612527,30,41,10,40,62,32,1.6687261907276925,3.9169472147521462,2.800650152314561,21
anchored,por_activo,81,2016-01-04,2023-03-31,2023-04-03,NVDA,Global,False,,38,0.18220897597285032,21,94,8,38,62,22,1.5928324940228062,1.2357069385960657,3.1811872123977993,22
anchored,por_activo,81,2016-01-04,2023-03-31,2023-04-03,NVDA,Tendencia,False,,75,1.4566376228813402,28,24,24,40,76,11,1.8402202300384067,3.7572488649672198,5.82073515546562,26
anchored,por_activo,81,2016-01-04,2023-03-31,2023-04-03,NVDA,Reversión,False,,65,1.004084292421799,24,88,24,34,69,20,1.7555954894820178,1.6852804024400478,3.417590363571085,40
anchored,por_activo,81,2016-01-04,2023-03-31,2023-04-03,NVDA,Crisis,False,,39,0.215357489166227,26,22,10,36,61,24,2.7432654783206063,3.29048042464851,3.363321660177048,14
anchored,por_activo,81,2016-01-04,2023-03-31,2023-04-03,AMZN,Global,False,,17,0.2534573208155344,11,83,7,36,61,10,1.8688140750082276,2.0024245917001915,4.242113735285393,6
anchored,por_activo,81,2016-01-04,2023-03-31,2023-04-03,AMZN,Tendencia,False,,64,0.34304316627330755,28,42,26,35,62,19,1.656111475438577,3.268906125432985,2.372613469522851,38
anchored,por_activo,81,2016-01-04,2023-03-31,2023-04-03,AMZN,Reversión,False,,52,0.945051804997184,9,17,15,25,74,11,1.828342389732192,1.8219331389020565,1.42795678639121,22
anchored,por_activo,81,2016-01-04,2023-03-31,2023-04-03,AMZN,Crisis,False,,75,0.4503135400847511,28,96,21,30,75,12,1.589744917259801,1.3047138602167432,2.7864257784656,24
anchored,por_activo,81,2016-01-04,2023-03-31,2023-04-03,TSLA,Global,False,,52,0.1371991164755185,29,22,10,25,78,12,1.8929777828214767,1.6399773051016706,1.27849344296257,10
anchored,por_activo,81,2016-01-04,2023-03-31,2023-04-03,TSLA,Tendencia,False,,57,1.0458260547926939,6,20,8,40,78,14,1.7186534514354672,1.5057659348534376,2.749923988405736,7
anchored,por_activo,81,2016-01-04,2023-03-31,2023-04-03,TSLA,Reversión,False,,77,0.056887432780586965,27,36,7,26,66,25,1.62851532314123,2.0343101223972715,2.1704130137088153,12
anchored,por_activo,81,2016-01-04,2023-03-31,2023-04-03,TSLA,Crisis,False,,71,1.2892768347472503,22,88,18,36,64,28,2.578564727347448,1.4553817049566804,1.3025227068071987,37
anchored,por_activo,81,2016-01-04,2023-03-31,2023-04-03,META,Global,True,sin trials válidos: θ global de la ventana 80,0,-1000000000.0,19,63,16,32,62,11,1.5476752727776333,2.1950025859460824,2.525325715743514,10
anchored,por_activo,81,2016-01-04,2023-03-31,2023-04-03,META,Tendencia,False,,76,0.19872320894304535,23,62,24,30,72,11,1.6697345369802459,1.9381165474766693,1.7749961017798497,36
anchored,por_activo,81,2016-01-04,2023-03-31,2023-04-03,META,Reversión,False,,75,0.5872030648138632,28,42,10,34,79,11,1.8499844217512829,2.2606283223486057,3.2792929684751773,8
anchored,por_activo,81,2016-01-04,2023-03-31,2023-04-03,META,Crisis,True,ningún trial cumple N_MIN,0,-1000000000.0,19,63,16,32,62,11,1.5476752727776333,2.1950025859460824,2.525325715743514,10
anchored,por_activo,81,2016-01-04,2023-03-31,2023-04-03,NFLX,Global,True,sin trials válidos: θ global de la ventana 80,0,-1000000000.0,28,30,26,38,70,11,1.5892393233989484,1.6404609168160116,4.845384531389161,29
anchored,por_activo,81,2016-01-04,2023-03-31,2023-04-03,NFLX,Tendencia,False,,71,0.5247122234780603,10,65,12,22,70,12,1.7525309235029214,1.8244865014940124,2.1494427206034707,22
anchored,por_activo,81,2016-01-04,2023-03-31,2023-04-03,NFLX,Reversión,False,,67,0.418765039548993,11,53,13,34,70,13,1.6545402724115301,2.7428107307940732,1.9759648454196133,8
anchored,por_activo,81,2016-01-04,2023-03-31,2023-04-03,NFLX,Crisis,False,,61,0.32380137184666596,28,76,20,21,74,16,1.5751485186559684,3.292156476370009,2.6006569267959594,19
anchored,por_activo,81,2016-01-04,2023-03-31,2023-04-03,GOOGL,Global,True,sin trials válidos: θ global de la ventana 80,0,-1000000000.0,29,78,14,30,78,13,1.6180813969329157,1.0696100932808388,3.659825622551837,35
anchored,por_activo,81,2016-01-04,2023-03-31,2023-04-03,GOOGL,Tendencia,False,,74,0.10707813696234807,28,80,8,38,70,33,2.815977318683186,1.092069732110228,3.7420676080666606,22
anchored,por_activo,81,2016-01-04,2023-03-31,2023-04-03,GOOGL,Reversión,False,,74,0.7773973852794092,20,39,26,21,78,11,1.8223007606035309,1.2653385012683416,4.7894107220546225,10
anchored,por_activo,81,2016-01-04,2023-03-31,2023-04-03,GOOGL,Crisis,False,,71,0.30468329043121345,29,40,7,22,75,12,1.6840401236742888,3.222621030267772,2.5495902695044963,24
anchored,por_activo,82,2016-01-04,2023-04-28,2023-05-01,NVDA,Global,False,,38,0.18489581605591082,22,73,8,38,63,16,2.8771482349481543,1.2573511941188578,2.9828928702719635,16
anchored,por_activo,82,2016-01-04,2023-04-28,2023-05-01,NVDA,Tendencia,False,,75,1.6026749206897464,14,99,22,20,66,14,1.8429882782727969,1.5946431230894715,5.562853189259474,32
anchored,por_activo,82,2016-01-04,2023-04-28,2023-05-01,NVDA,Reversión,False,,63,0.30107916810654095,19,90,8,38,77,32,1.9571965613373836,3.853223068735997,2.6267378576329965,33
anchored,por_activo,82,2016-01-04,2023-04-28,2023-05-01,NVDA,Crisis,False,,72,0.12205625081983969,15,67,10,32,61,10,1.5552462129336986,1.1152791046218342,2.5368586971909446,30
anchored,por_activo,82,2016-01-04,2023-04-28,2023-05-01,AMZN,Global,False,,51,0.1610889435223951,18,44,20,22,78,10,1.6799283099057358,1.3716865467415418,2.5918953189615,38
anchored,por_activo,82,2016-01-04,2023-04-28,2023-05-01,AMZN,Tendencia,False,,80,0.1595088168572411,16,13,22,39,80,12,1.7785046951584689,1.4218476835452951,3.1948236476238945,29
anchored,por_activo,82,2016-01-04,2023-04-28,2023-05-01,AMZN,Reversión,False,,76,0.6903047746640195,9,92,27,32,68,10,1.5698660075375601,2.648410941655274,1.8939230214361167,10
anchored,por_activo,82,2016-01-04,2023-04-28,2023-05-01,AMZN,Crisis,False,,67,0.2179518468932511,19,60,16,36,66,10,1.6328636107970227,1.278190376699569,2.527232173659471,22
anchored,por_activo,82,2016-01-04,2023-04-28,2023-05-01,TSLA,Global,True,sin trials válidos: θ global de la ventana 81,0,-1000000000.0,29,22,10,25,78,12,1.8929777828214767,1.6399773051016706,1.27849344296257,10
anchored,por_activo,82,2016-01-04,2023-04-28,2023-05-01,TSLA,Tendencia,False,,74,0.3358241376213796,22,85,22,36,75,11,1.596894390602967,3.0441591767894387,5.589388080934015,34
anchored,por_activo,82,2016-01-04,2023-04-28,2023-05-01,TSLA,Reversión,False,,67,0.2332583000793092,28,26,10,20,75,10,2.1519374936521753,2.0822181587707704,5.619153676762863,24
anchored,por_activo,82,2016-01-04,2023-04-28,2023-05-01,TSLA,Crisis,False,,65,0.39719318579447305,28,89,12,26,69,35,1.8797564393040938,1.461348419598304,5.470314342582593,26
anchored,por_activo,82,2016-01-04,2023-04-28,2023-05-01,META,Global,True,sin trials válidos: θ global de la ventana 80,0,-1000000000.0,19,63,16,32,62,11,1.5476752727776333,2.1950025859460824,2.525325715743514,10
anchored,por_activo,82,2016-01-04,2023-04-28,2023-05-01,META,Tendencia,False,,67,0.017166675919075045,26,78,16,39,78,12,2.414225471792653,1.609519921672749,4.661584408458606,11
anchored,por_activo,82,2016-01-04,2023-04-28,2023-05-01,META,Reversión,False,,74,0.589423200631042,16,72,18,36,72,11,1.5527195099757694,2.1178954117241027,2.7675634443799333,27
anchored,por_activo,82,2016-01-04,2023-04-28,2023-05-01,META,Crisis,False,,73,0.9509706793244206,22,16,10,34,61,12,1.659887633404848,1.6819395566749096,2.597850249914983,10
anchored,por_activo,82,2016-01-04,2023-04-28,2023-05-01,NFLX,Global,False,,36,0.22860974647857643,18,51,24,32,72,13,1.648108099389482,1.2211805883543398,5.017113176736094,38
anchored,por_activo,82,2016-01-04,2023-04-28,2023-05-01,NFLX,Tendencia,False,,75,1.1846521075196779,28,44,14,30,77,14,1.9718953941064936,1.5388106263401073,4.752836598373228,38
anchored,por_activo,82,2016-01-04,2023-04-28,2023-05-01,NFLX,Reversión,False,,59,0.31638014498423384,8,95,16,34,79,20,1.6505208851848168,1.0962044262821835,2.308242010203613,10
anchored,por_activo,82,2016-01-04,2023-04-28,2023-05-01,NFLX,Crisis,False,,61,0.5385963951537093,16,16,9,24,77,11,1.6931124465775658,3.7232758891340993,1.6439476299511107,14
anchored,por_activo,82,2016-01-04,2023-04-28,2023-05-01,GOOGL,Global,False,,15,0.1667359903424793,24,16,12,24,80,11,1.6170598815080657,1.4066654601358746,4.519414514631659,30
anchored,por_activo,82,2016-01-04,2023-04-28,2023-05-01,GOOGL,Tendencia,False,,64,0.7224215826078776,8,92,8,21,77,11,1.7684649283096354,3.816046025784203,3.794658949744038,10
anchored,por_activo,82,2016-01-04,2023-04-28,2023-05-01,GOOGL,Reversión,False,,55,0.9768835911784528,8,39,15,38,80,13,1.870125564343579,2.629647765223938,4.069983397002756,24
anchored,por_activo,82,2016-01-04,2023-04-28,2023-05-01,GOOGL,Crisis,False,,59,0.3427250430723017,18,86,8,34,78,20,1.606184976595534,1.6948890486208081,5.208105338110498,34
anchored,por_activo,83,2016-01-04,2023-05-31,2023-06-01,NVDA,Global,True,sin trials válidos: θ global de la ventana 82,0,-1000000000.0,22,73,8,38,63,16,2.8771482349481543,1.2573511941188578,2.9828928702719635,16
anchored,por_activo,83,2016-01-04,2023-05-31,2023-06-01,NVDA,Tendencia,False,,71,1.1485313067561653,28,36,25,37,80,11,1.859632994322197,3.7939947765659094,5.202861213659489,36
anchored,por_activo,83,2016-01-04,2023-05-31,2023-06-01,NVDA,Reversión,False,,45,0.1912066771032283,28,92,19,24,79,12,1.9762169917828134,3.5491156447522827,1.5781266453586644,9
anchored,por_activo,83,2016-01-04,2023-05-31,2023-06-01,NVDA,Crisis,False,,72,0.25973647944557043,22,54,20,38,79,12,1.5643963537591445,1.3447242420383783,5.519276391725395,28
anchored,por_activo,83,2016-01-04,2023-05-31,2023-06-01,AMZN,Global,True,sin trials válidos: θ global de la ventana 82,0,-1000000000.0,18,44,20,22,78,10,1.6799283099057358,1.3716865467415418,2.5918953189615,38
anchored,por_activo,83,2016-01-04,2023-05-31,2023-06-01,AMZN,Tendencia,False,,80,0.6995984602368964,28,89,26,38,64,11,1.7582222777416154,1.841139299447618,5.233115024476696,30
anchored,por_activo,83,2016-01-04,2023-05-31,2023-06-01,AMZN,Reversión,False,,68,0.09674902386842978,27,77,8,39,74,24,2.660017878278275,3.0984189035423224,4.9003217051070305,9
anchored,por_activo,83,2016-01-04,2023-05-31,2023-06-01,AMZN,Crisis,False,,71,0.24034070719026165,6,71,20,39,79,11,1.5417738937462064,2.302849326079746,1.723736120096609,5
anchored,por_activo,83,2016-01-04,2023-05-31,2023-06-01,TSLA,Global,False,,51,-0.07797934269208136,28,51,10,38,62,32,2.395026540550884,1.4208261314213626,4.483724226610507,6
anchored,por_activo,83,2016-01-04,2023-05-31,2023-06-01,TSLA,Tendencia,False,,70,0.43762429354912863,10,97,8,30,73,12,2.0930285115266116,2.668115817121836,1.9968358371576627,27
anchored,por_activo,83,2016-01-04,2023-05-31,2023-06-01,TSLA,Reversión,False,,78,0.0338884429621295,26,78,21,22,62,31,1.6586686418532264,1.687710934073141,1.9161230797706952,10
anchored,por_activo,83,2016-01-04,2023-05-31,2023-06-01,TSLA,Crisis,False,,62,0.24227706527133094,29,74,20,22,61,37,2.247010840388808,1.0498781815872615,2.988954196808061,20
anchored,por_activo,83,2016-01-04,2023-05-31,2023-06-01,META,Global,True,sin trials válidos: θ global de la ventana 80,0,-1000000000.0,19,63,16,32,62,11,1.5476752727776333,2.1950025859460824,2.525325715743514,10
anchored,por_activo,83,2016-01-04,2023-05-31,2023-06-01,META,Tendencia,False,,79,0.4054218265293912,6,34,17,24,75,10,1.613804393077296,2.4715514713433446,4.664983772298774,7
anchored,por_activo,83,2016-01-04,2023-05-31,2023-06-01,META,Reversión,False,,61,0.6049621311913705,28,29,16,38,63,14,1.9038279111931842,1.6180306373382516,5.853021828427424,33
anchored,por_activo,83,2016-01-04,2023-05-31,2023-06-01,META,Crisis,False,,70,0.6202668019470271,27,45,19,25,79,10,1.7395420856908141,1.169927502057798,2.5678181939186078,39
anchored,por_activo,83,2016-01-04,2023-05-31,2023-06-01,NFLX,Global,True,sin trials válidos: θ global de la ventana 82,0,-1000000000.0,18,51,24,32,72,13,1.648108099389482,1.2211805883543398,5.017113176736094,38
anchored,por_activo,83,2016-01-04,2023-05-31,2023-06-01,NFLX,Tendencia,False,,81,0.6926594662711179,21,41,22,38,64,16,1.576700200259998,2.722172404800088,3.0203780915741665,34
anchored,por_activo,83,2016-01-04,2023-05-31,2023-06-01,NFLX,Reversión,False,,72,0.5988501164477179,21,22,28,32,71,20,1.6322715211255787,2.508207871598374,2.3354663857390836,39
anchored,por_activo,83,2016-01-04,2023-05-31,2023-06-01,NFLX,Crisis,False,,57,0.4056843768153382,26,97,11,25,74,10,1.8279175036393092,3.1771078690275965,2.8660527796337743,12
anchored,por_activo,83,2016-01-04,2023-05-31,2023-06-01,GOOGL,Global,False,,45,0.5420136660422677,19,94,10,33,61,11,1.5442897981876755,2.0969318256050715,3.6131935176482584,10
anchored,por_activo,83,2016-01-04,2023-05-31,2023-06-01,GOOGL,Tendencia,False,,70,0.3791639025575438,29,24,26,25,77,17,1.8487022288988262,1.2731545809015015,3.8053945173415804,37
anchored,por_activo,83,2016-01-04,2023-05-31,2023-06-01,GOOGL,Reversión,False,,61,0.412204991032668,16,87,8,36,69,17,2.762274123876507,3.8879151101969858,1.1744040139176761,37
anchored,por_activo,83,2016-01-04,2023-05-31,2023-06-01,GOOGL,Crisis,False,,56,0.4319091030406754,30,74,17,30,70,16,1.5581232371207863,3.339596811606646,4.051182159831128,29
anchored,por_activo,84,2016-01-04,2023-06-30,2023-07-03,NVDA,Global,False,,29,0.0447693301937037,28,92,17,24,61,12,1.9083235105611764,1.2670614855103395,1.136141082263723,29
anchored,por_activo,84,2016-01-04,2023-06-30,2023-07-03,NVDA,Tendencia,False,,78,1.140097142365573,28,51,22,39,62,14,2.154422251772152,1.561197575825922,5.6914806975284,38
anchored,por_activo,84,2016-01-04,2023-06-30,2023-07-03,NVDA,Reversión,False,,61,0.14183625959826207,17,19,26,37,70,16,1.8607519680944857,1.581371843005961,4.1011495328117,12
anchored,por_activo,84,2016-01-04,2023-06-30,2023-07-03,NVDA,Crisis,False,,61,0.13736541335264657,16,15,10,37,64,17,1.6289500723517198,1.2611005652202685,3.214146350018514,13
anchored,por_activo,84,2016-01-04,2023-06-30,2023-07-03,AMZN,Global,False,,39,-0.06251244348288108,19,32,8,36,61,14,1.8556911839516816,1.099709210463566,5.887299530935998,20
anchored,por_activo,84,2016-01-04,2023-06-30,2023-07-03,AMZN,Tendencia,False,,65,0.2270389589038974,8,26,18,21,78,12,1.7558364808179108,3.803486631887526,1.2559483200462276,21
anchored,por_activo,84,2016-01-04,2023-06-30,2023-07-03,AMZN,Reversión,False,,74,0.28610288895153496,27,23,23,27,64,24,1.7450161307118024,1.1761049519359434,5.004371902514176,6
anchored,por_activo,84,2016-01-04,2023-06-30,2023-07-03,AMZN,Crisis,False,,57,0.17909397455313064,29,66,10,24,64,21,1.546538529692631,2.3211510459761326,5.784725210043686,27
anchored,por_activo,84,2016-01-04,2023-06-30,2023-07-03,TSLA,Global,False,,59,-0.10353951667356952,30,78,19,23,65,10,1.782415095773879,1.3837470518501434,3.7116256540654256,33
anchored,por_activo,84,2016-01-04,2023-06-30,2023-07-03,TSLA,Tendencia,False,,70,1.0819823136102538,16,87,21,27,62,12,2.042608298448143,2.6392468008793553,1.997588174261544,36
anchored,por_activo,84,2016-01-04,2023-06-30,2023-07-03,TSLA,Reversión,False,,65,0.01277089757222071,23,41,10,23,61,24,2.3896102653367333,2.79576977001905,3.108444116831927,17
anchored,por_activo,84,2016-01-04,2023-06-30,2023-07-03,TSLA,Crisis,False,,54,0.40600436692363573,23,96,9,24,75,30,2.421479320902236,1.2145911138911034,1.361557945619158,16
anchored,por_activo,84,2016-01-04,2023-06-30,2023-07-03,META,Global,True,sin trials válidos: θ global de la ventana 80,0,-1000000000.0,19,63,16,32,62,11,1.5476752727776333,2.1950025859460824,2.525325715743514,10
anchored,por_activo,84,2016-01-04,2023-06-30,2023-07-03,META,Tendencia,False,,72,0.13501039487379574,22,84,12,26,71,27,1.7092694412234757,1.1742609485219768,5.137326232477381,23
anchored,por_activo,84,2016-01-04,2023-06-30,2023-07-03,META,Reversión,False,,70,0.6707464721405303,9,84,8,38,63,11,1.5892294631798074,3.8062216277531764,3.6871135266626007,16
anchored,por_activo,84,2016-01-04,2023-06-30,2023-07-03,META,Crisis,False,,68,2.351736427463844,13,23,17,38,77,13,1.6515783529339816,1.1484431923542773,2.496501061018647,6
anchored,por_activo,84,2016-01-04,2023-06-30,2023-07-03,NFLX,Global,True,sin trials válidos: θ global de la ventana 82,0,-1000000000.0,18,51,24,32,72,13,1.648108099389482,1.2211805883543398,5.017113176736094,38
anchored,por_activo,84,2016-01-04,2023-06-30,2023-07-03,NFLX,Tendencia,False,,73,0.6087174039277711,16,25,11,34,66,15,1.7479794628649348,3.1054226051240175,2.804923685560831,38
anchored,por_activo,84,2016-01-04,2023-06-30,2023-07-03,NFLX,Reversión,False,,69,0.5786551575680529,8,50,8,26,61,16,1.5607251419738446,3.4767876891461458,1.966234227709712,28
anchored,por_activo,84,2016-01-04,2023-06-30,2023-07-03,NFLX,Crisis,False,,73,1.0710429690995085,24,39,8,40,78,11,1.7829664159286063,3.25538026490094,5.727394842066747,28
anchored,por_activo,84,2016-01-04,2023-06-30,2023-07-03,GOOGL,Global,True,sin trials válidos: θ global de la ventana 83,0,-1000000000.0,19,94,10,33,61,11,1.5442897981876755,2.0969318256050715,3.6131935176482584,10
anchored,por_activo,84,2016-01-04,2023-06-30,2023-07-03,GOOGL,Tendencia,False,,54,0.6139935019564576,10,14,24,23,72,11,1.7782570335480412,2.040826754538822,1.6553958910525841,29
anchored,por_activo,84,2016-01-04,2023-06-30,2023-07-03,GOOGL,Reversión,False,,71,0.4499123791962694,12,92,8,40,70,22,1.8239372420633053,3.209970616189004,2.921837428419693,9
anchored,por_activo,84,2016-01-04,2023-06-30,2023-07-03,GOOGL,Crisis,False,,66,0.825386140283451,20,70,8,26,64,25,1.5893115683109058,2.8597544976148206,2.695848156270868,5
anchored,por_activo,85,2016-01-04,2023-07-31,2023-08-01,NVDA,Global,True,sin trials válidos: θ global de la ventana 84,0,-1000000000.0,28,92,17,24,61,12,1.9083235105611764,1.2670614855103395,1.136141082263723,29
anchored,por_activo,85,2016-01-04,2023-07-31,2023-08-01,NVDA,Tendencia,False,,76,1.0276337761349907,26,32,8,29,74,11,1.7337336454806485,3.8740252537795206,5.3668827668519885,30
anchored,por_activo,85,2016-01-04,2023-07-31,2023-08-01,NVDA,Reversión,False,,73,0.44173173800476906,22,84,10,36,64,31,1.8536201528824177,1.2667957530107261,4.601980381706369,12
anchored,por_activo,85,2016-01-04,2023-07-31,2023-08-01,NVDA,Crisis,False,,68,0.40707548133505905,29,22,25,30,77,21,1.6008368407125826,1.2316102704955663,5.909908182318254,38
anchored,por_activo,85,2016-01-04,2023-07-31,2023-08-01,AMZN,Global,False,,1,-0.07158397440320012,16,78,18,34,79,12,1.7791647248377318,1.372688925601822,1.1031518829495122,31
anchored,por_activo,85,2016-01-04,2023-07-31,2023-08-01,AMZN,Tendencia,False,,39,0.48756033024113077,28,51,26,38,64,20,1.9148441499227582,3.7481363191461314,1.521554046058021,16
anchored,por_activo,85,2016-01-04,2023-07-31,2023-08-01,AMZN,Reversión,False,,43,0.31304236877040126,17,58,7,22,61,22,2.0958547994811565,3.8728529054045815,4.87990100840988,36
anchored,por_activo,85,2016-01-04,2023-07-31,2023-08-01,AMZN,Crisis,False,,65,0.21736461488515113,15,93,8,37,78,20,1.8110372728503745,1.2311780360546318,2.092936905654358,40
anchored,por_activo,85,2016-01-04,2023-07-31,2023-08-01,TSLA,Global,False,,2,-0.07974113057635367,29,65,21,38,69,13,1.6522894023475085,2.710108325235954,2.02672594762949,29
anchored,por_activo,85,2016-01-04,2023-07-31,2023-08-01,TSLA,Tendencia,False,,63,1.0012379534674944,28,18,16,25,69,12,2.0868925766086575,2.5840403471806033,1.3639390186985354,35
anchored,por_activo,85,2016-01-04,2023-07-31,2023-08-01,TSLA,Reversión,False,,61,0.3469334577350958,30,60,13,33,71,29,1.7250114841366506,2.7929479411224576,2.231001795877807,39
anchored,por_activo,85,2016-01-04,2023-07-31,2023-08-01,TSLA,Crisis,False,,74,0.6794450075235393,22,88,14,36,72,37,2.0511860904881285,1.4738275246122305,1.3919744080402157,26
anchored,por_activo,85,2016-01-04,2023-07-31,2023-08-01,META,Global,True,sin trials válidos: θ global de la ventana 80,0,-1000000000.0,19,63,16,32,62,11,1.5476752727776333,2.1950025859460824,2.525325715743514,10
anchored,por_activo,85,2016-01-04,2023-07-31,2023-08-01,META,Tendencia,False,,71,0.17590103711051022,8,88,12,21,63,15,1.6456358720504296,1.9266048051717415,5.819688060370762,23
anchored,por_activo,85,2016-01-04,2023-07-31,2023-08-01,META,Reversión,False,,63,0.43410066505407413,11,68,25,24,80,15,1.9296593764136687,2.1929772975739947,2.5999085632437344,38
anchored,por_activo,85,2016-01-04,2023-07-31,2023-08-01,META,Crisis,False,,70,0.6570392392104696,23,55,10,28,62,13,1.6139152513058554,1.4141381736298375,2.7523229315406437,8
anchored,por_activo,85,2016-01-04,2023-07-31,2023-08-01,NFLX,Global,False,,33,0.2541327780863315,14,98,26,20,74,10,1.6779284045706273,1.7376857217887447,2.3805907654800134,10
anchored,por_activo,85,2016-01-04,2023-07-31,2023-08-01,NFLX,Tendencia,False,,78,0.8213832778957254,22,36,26,37,68,14,1.6052368105465011,1.649007631419511,5.418549548785352,28
anchored,por_activo,85,2016-01-04,2023-07-31,2023-08-01,NFLX,Reversión,False,,72,0.3718461051096924,29,40,7,38,60,16,1.6623812165669167,3.779270577862591,5.700756026369723,36
anchored,por_activo,85,2016-01-04,2023-07-31,2023-08-01,NFLX,Crisis,False,,72,1.2514204767449406,18,62,8,40,74,12,1.7235213949278803,3.6638891701075016,4.881706159754421,26
anchored,por_activo,85,2016-01-04,2023-07-31,2023-08-01,GOOGL,Global,True,sin trials válidos: θ global de la ventana 83,0,-1000000000.0,19,94,10,33,61,11,1.5442897981876755,2.0969318256050715,3.6131935176482584,10
anchored,por_activo,85,2016-01-04,2023-07-31,2023-08-01,GOOGL,Tendencia,False,,74,0.6504780563259999,16,68,8,25,76,16,2.083625571894051,1.339419967422865,1.805161540702065,36
anchored,por_activo,85,2016-01-04,2023-07-31,2023-08-01,GOOGL,Reversión,False,,62,1.5716051831012519,26,94,14,25,73,16,2.0382321558730645,3.7152517831153564,1.8065416146194784,26
anchored,por_activo,85,2016-01-04,2023-07-31,2023-08-01,GOOGL,Crisis,False,,57,0.45708495177970454,24,46,9,30,74,26,1.60976070359302,1.0867276157242687,3.7357374773216048,30
anchored,por_activo,86,2016-01-04,2023-08-31,2023-09-01,NVDA,Global,False,,51,0.5523408183065641,23,91,23,39,66,12,1.6115239630456273,1.2382035817162793,5.072046317832236,28
anchored,por_activo,86,2016-01-04,2023-08-31,2023-09-01,NVDA,Tendencia,False,,71,1.0857917298894924,12,94,20,24,68,15,1.755666400812723,2.9536475309125443,4.662035467094276,12
anchored,por_activo,86,2016-01-04,2023-08-31,2023-09-01,NVDA,Reversión,False,,68,0.36880828840976654,25,83,10,36,62,32,2.02499980467116,1.589690351645661,4.755930987855517,39
anchored,por_activo,86,2016-01-04,2023-08-31,2023-09-01,NVDA,Crisis,False,,72,0.22888515513278382,28,32,26,32,72,10,1.5828725027349013,2.1944175605630565,2.7245804545409413,14
anchored,por_activo,86,2016-01-04,2023-08-31,2023-09-01,AMZN,Global,True,sin trials válidos: θ global de la ventana 85,0,-1000000000.0,16,78,18,34,79,12,1.7791647248377318,1.372688925601822,1.1031518829495122,31
anchored,por_activo,86,2016-01-04,2023-08-31,2023-09-01,AMZN,Tendencia,False,,59,0.19846247526911714,30,24,7,38,80,19,1.6424271337660277,3.4842503057880183,2.1580211658040094,38
anchored,por_activo,86,2016-01-04,2023-08-31,2023-09-01,AMZN,Reversión,False,,70,0.4184646791894374,14,69,8,22,60,32,1.8024177792100908,1.1914370667513379,2.118942752575321,30
anchored,por_activo,86,2016-01-04,2023-08-31,2023-09-01,AMZN,Crisis,False,,75,0.3124429500913039,29,62,14,39,79,11,1.558125081394937,3.891041141934065,2.272271482543146,22
anchored,por_activo,86,2016-01-04,2023-08-31,2023-09-01,TSLA,Global,False,,52,-0.10028762004040878,26,88,8,40,80,12,1.9615291360235816,2.5150313566872526,5.391930114612368,7
anchored,por_activo,86,2016-01-04,2023-08-31,2023-09-01,TSLA,Tendencia,False,,73,0.35185878551006444,23,41,7,39,66,13,1.611253319908951,2.5596381029800095,2.1008933751687406,30
anchored,por_activo,86,2016-01-04,2023-08-31,2023-09-01,TSLA,Reversión,False,,77,0.2626713743119454,27,48,10,24,61,16,1.8220965850982238,2.2377361575444725,1.141213153791718,34
anchored,por_activo,86,2016-01-04,2023-08-31,2023-09-01,TSLA,Crisis,False,,69,0.39709245859307996,14,95,10,38,75,36,2.2872514626599827,1.4858302959769683,5.488626495382818,24
anchored,por_activo,86,2016-01-04,2023-08-31,2023-09-01,META,Global,True,sin trials válidos: θ global de la ventana 80,0,-1000000000.0,19,63,16,32,62,11,1.5476752727776333,2.1950025859460824,2.525325715743514,10
anchored,por_activo,86,2016-01-04,2023-08-31,2023-09-01,META,Tendencia,False,,79,0.5081550616309822,27,17,23,30,64,11,1.5370021707652652,1.6882772144101543,1.5740759353162939,6
anchored,por_activo,86,2016-01-04,2023-08-31,2023-09-01,META,Reversión,False,,54,0.5561523752852964,24,61,7,38,74,19,1.8885757691466225,3.2630610646732414,4.01611444041028,10
anchored,por_activo,86,2016-01-04,2023-08-31,2023-09-01,META,Crisis,False,,69,0.7709166339593514,6,92,21,21,73,10,1.710946111186674,1.0970682809708123,2.6163255363603293,35
anchored,por_activo,86,2016-01-04,2023-08-31,2023-09-01,NFLX,Global,False,,25,0.2780137347735247,23,31,17,38,78,14,1.5207360135394827,3.5925201827761666,2.1548073917413837,5
anchored,por_activo,86,2016-01-04,2023-08-31,2023-09-01,NFLX,Tendencia,False,,71,0.7581138352594061,28,30,16,36,62,18,1.639037237605394,3.3304795402969214,5.487333341182411,39
anchored,por_activo,86,2016-01-04,2023-08-31,2023-09-01,NFLX,Reversión,False,,64,0.31878467927481635,9,73,24,38,69,12,1.883253369788564,3.351079879904694,4.294943268478595,8
anchored,por_activo,86,2016-01-04,2023-08-31,2023-09-01,NFLX,Crisis,False,,74,0.490806671129546,17,96,27,36,74,10,1.5783702280979692,2.8537767347161624,1.815329562863936,36
anchored,por_activo,86,2016-01-04,2023-08-31,2023-09-01,GOOGL,Global,False,,44,0.6937820604717837,14,78,11,33,71,10,1.5820912638964586,1.6905408693817556,3.209441499172123,6
anchored,por_activo,86,2016-01-04,2023-08-31,2023-09-01,GOOGL,Tendencia,False,,74,0.5858481037139726,15,34,7,40,76,14,1.8050528226237392,3.7889969761063425,3.7254209596799015,36
anchored,por_activo,86,2016-01-04,2023-08-31,2023-09-01,GOOGL,Reversión,False,,68,1.2819617031762192,28,92,21,36,61,12,2.0462913162885212,1.7730507242475104,4.567249869275959,7
anchored,por_activo,86,2016-01-04,2023-08-31,2023-09-01,GOOGL,Crisis,False,,69,0.23803533853523878,27,61,9,34,62,11,2.0528951299620397,1.8173666896234428,3.6470957110116164,15
anchored,por_activo,87,2016-01-04,2023-09-29,2023-10-02,NVDA,Global,False,,35,0.4391334323431215,14,84,9,33,69,12,1.674629851240951,1.3918027210857464,5.554108583941772,28
anchored,por_activo,87,2016-01-04,2023-09-29,2023-10-02,NVDA,Tendencia,False,,75,1.9761600917010764,29,98,12,37,64,11,1.6186116526854526,3.5555190808359827,5.19319588997875,27
anchored,por_activo,87,2016-01-04,2023-09-29,2023-10-02,NVDA,Reversión,False,,71,0.5365342489639968,27,80,11,37,70,28,1.689440277536391,2.0601809222985246,5.806374900061317,27
anchored,por_activo,87,2016-01-04,2023-09-29,2023-10-02,NVDA,Crisis,False,,72,0.08464943558336811,22,70,25,25,76,11,1.5286656392683489,1.7341241171239585,1.652128351959019,32
anchored,por_activo,87,2016-01-04,2023-09-29,2023-10-02,AMZN,Global,False,,43,0.25366110449027784,28,70,12,26,71,10,1.7882323860560008,1.245354673017315,1.4014001017995108,30
anchored,por_activo,87,2016-01-04,2023-09-29,2023-10-02,AMZN,Tendencia,False,,39,0.5078636704960681,25,95,7,24,66,34,1.6652203358020572,3.7167384938282106,1.2138166863822821,34
anchored,por_activo,87,2016-01-04,2023-09-29,2023-10-02,AMZN,Reversión,False,,61,0.7221958810319591,7,14,25,35,64,10,1.7844798278147473,3.67664144698171,1.7074487959896627,31
anchored,por_activo,87,2016-01-04,2023-09-29,2023-10-02,AMZN,Crisis,False,,46,0.6321421159531213,6,12,19,38,78,10,1.5630697851179787,2.54006258183005,4.959750515093411,31
anchored,por_activo,87,2016-01-04,2023-09-29,2023-10-02,TSLA,Global,True,sin trials válidos: θ global de la ventana 86,0,-1000000000.0,26,88,8,40,80,12,1.9615291360235816,2.5150313566872526,5.391930114612368,7
anchored,por_activo,87,2016-01-04,2023-09-29,2023-10-02,TSLA,Tendencia,False,,69,0.2938909868716511,27,58,8,38,77,16,2.861203777617702,2.882849992109157,3.2251713274282334,25
anchored,por_activo,87,2016-01-04,2023-09-29,2023-10-02,TSLA,Reversión,False,,47,-0.029522677073972013,11,74,7,33,65,33,1.675844011127786,1.853989291423671,5.684049342517452,39
anchored,por_activo,87,2016-01-04,2023-09-29,2023-10-02,TSLA,Crisis,False,,53,0.290561394001611,28,84,9,22,80,36,1.6845532911296535,3.8218893053828378,1.115848529484591,36
anchored,por_activo,87,2016-01-04,2023-09-29,2023-10-02,META,Global,False,,1,-0.06442539793275595,29,54,11,34,65,12,2.0096606299124398,1.009795403748363,2.762670410571428,16
anchored,por_activo,87,2016-01-04,2023-09-29,2023-10-02,META,Tendencia,False,,75,0.16535303243453928,20,96,8,38,77,12,1.5771598711302848,1.857340326590002,5.559104810561925,38
anchored,por_activo,87,2016-01-04,2023-09-29,2023-10-02,META,Reversión,False,,63,0.5073567717020673,15,90,8,24,79,15,1.9908782461982923,1.7403027101262019,5.581376283788187,33
anchored,por_activo,87,2016-01-04,2023-09-29,2023-10-02,META,Crisis,False,,69,0.874528454425262,22,20,19,34,76,11,1.5295983710965766,1.2237689679077706,1.2349689025222952,33
anchored,por_activo,87,2016-01-04,2023-09-29,2023-10-02,NFLX,Global,True,sin trials válidos: θ global de la ventana 86,0,-1000000000.0,23,31,17,38,78,14,1.5207360135394827,3.5925201827761666,2.1548073917413837,5
anchored,por_activo,87,2016-01-04,2023-09-29,2023-10-02,NFLX,Tendencia,False,,59,0.6398823460106984,12,74,24,40,66,28,1.5182524209178256,3.3602761032894075,3.2597088549750506,11
anchored,por_activo,87,2016-01-04,2023-09-29,2023-10-02,NFLX,Reversión,False,,82,0.3054187912170545,10,82,26,30,74,14,1.7596180231509946,2.8025938874074248,1.7443249561199052,28
anchored,por_activo,87,2016-01-04,2023-09-29,2023-10-02,NFLX,Crisis,False,,69,0.5346806708753848,20,19,17,29,67,10,1.7943743211513854,1.2166922196385903,1.176636967310193,6
anchored,por_activo,87,2016-01-04,2023-09-29,2023-10-02,GOOGL,Global,False,,69,0.5520120662806324,29,94,11,39,61,11,1.575122133598903,2.1435088333370556,2.5408341420836793,7
anchored,por_activo,87,2016-01-04,2023-09-29,2023-10-02,GOOGL,Tendencia,False,,61,0.4842421935810638,7,40,9,22,69,12,1.5781303875438517,3.6465321911433497,5.344185589045602,37
anchored,por_activo,87,2016-01-04,2023-09-29,2023-10-02,GOOGL,Reversión,False,,68,0.5218543901035247,10,91,22,39,66,12,1.750271187469584,1.3068826810148555,1.8144907604335092,31
anchored,por_activo,87,2016-01-04,2023-09-29,2023-10-02,GOOGL,Crisis,False,,64,0.28851056341841996,21,64,8,31,63,20,2.894641219774183,1.0212355768438706,2.4376987394564265,39
anchored,por_activo,88,2016-01-04,2023-10-31,2023-11-01,NVDA,Global,False,,53,0.18059075474194156,24,20,7,24,79,12,1.6708850176559475,1.18660555852864,2.8598870223408044,35
anchored,por_activo,88,2016-01-04,2023-10-31,2023-11-01,NVDA,Tendencia,False,,75,1.3366189349877493,27,93,24,24,74,12,1.8032123284388955,1.3405507336098776,5.360244177440505,36
anchored,por_activo,88,2016-01-04,2023-10-31,2023-11-01,NVDA,Reversión,False,,49,0.22160024714649146,13,11,7,40,73,25,1.9684987767579556,1.4218724459127197,5.407047222691937,26
anchored,por_activo,88,2016-01-04,2023-10-31,2023-11-01,NVDA,Crisis,False,,66,0.25841251562425316,28,54,18,21,60,19,1.8662880065048442,1.1018704676974818,4.016519665130769,22
anchored,por_activo,88,2016-01-04,2023-10-31,2023-11-01,AMZN,Global,True,sin trials válidos: θ global de la ventana 87,0,-1000000000.0,28,70,12,26,71,10,1.7882323860560008,1.245354673017315,1.4014001017995108,30
anchored,por_activo,88,2016-01-04,2023-10-31,2023-11-01,AMZN,Tendencia,False,,50,0.11468667947661049,7,22,7,39,66,31,1.851761517430166,1.4529664642971505,5.187303239360407,12
anchored,por_activo,88,2016-01-04,2023-10-31,2023-11-01,AMZN,Reversión,False,,77,0.8399441126584861,17,60,20,38,67,10,1.791790710220587,1.1237881686991293,2.0727799921675905,9
anchored,por_activo,88,2016-01-04,2023-10-31,2023-11-01,AMZN,Crisis,False,,61,0.1699778332613138,22,59,8,21,61,19,2.9720943866297898,2.1089530365042988,5.103790139052039,19
anchored,por_activo,88,2016-01-04,2023-10-31,2023-11-01,TSLA,Global,True,sin trials válidos: θ global de la ventana 86,0,-1000000000.0,26,88,8,40,80,12,1.9615291360235816,2.5150313566872526,5.391930114612368,7
anchored,por_activo,88,2016-01-04,2023-10-31,2023-11-01,TSLA,Tendencia,False,,69,0.6782617495553945,18,87,20,37,74,13,2.1306568464780926,3.2087271527752748,5.910847533503331,30
anchored,por_activo,88,2016-01-04,2023-10-31,2023-11-01,TSLA,Reversión,False,,50,0.06387270224450725,22,91,25,36,63,25,2.042008729623526,2.089240883473898,1.5035911581589128,10
anchored,por_activo,88,2016-01-04,2023-10-31,2023-11-01,TSLA,Crisis,False,,67,0.43881182809701585,29,29,13,21,75,32,1.8623660040261776,1.5414234719041018,5.422367047634997,23
anchored,por_activo,88,2016-01-04,2023-10-31,2023-11-01,META,Global,True,sin trials válidos: θ global de la ventana 87,0,-1000000000.0,29,54,11,34,65,12,2.0096606299124398,1.009795403748363,2.762670410571428,16
anchored,por_activo,88,2016-01-04,2023-10-31,2023-11-01,META,Tendencia,False,,71,0.3060589286372719,23,13,20,21,79,22,1.562117942425456,1.3556660566963201,5.170534226069602,10
anchored,por_activo,88,2016-01-04,2023-10-31,2023-11-01,META,Reversión,False,,1,0.3568821505111436,8,89,19,36,77,16,2.0250005550544614,1.3335622185154632,5.148936665817228,24
anchored,por_activo,88,2016-01-04,2023-10-31,2023-11-01,META,Crisis,False,,68,1.5497283402999196,5,47,16,37,69,12,1.7526062503346993,1.7809137197294274,2.8666054921633717,8
anchored,por_activo,88,2016-01-04,2023-10-31,2023-11-01,NFLX,Global,False,,52,0.4246420163649883,29,24,10,27,75,11,1.6625156452116072,1.9275474636088372,3.6600021289381934,10
anchored,por_activo,88,2016-01-04,2023-10-31,2023-11-01,NFLX,Tendencia,False,,53,0.549108620858817,6,82,9,39,66,17,2.6782091989915293,3.3889328457155914,1.9456725022076427,30
anchored,por_activo,88,2016-01-04,2023-10-31,2023-11-01,NFLX,Reversión,False,,77,0.22445191428630226,23,54,27,21,69,12,1.654422048355457,3.8463699485207403,1.1729678532620114,40
anchored,por_activo,88,2016-01-04,2023-10-31,2023-11-01,NFLX,Crisis,False,,71,0.36917329468484783,28,96,8,39,62,38,2.875480574328232,1.2527622525585935,2.306768166997472,38
anchored,por_activo,88,2016-01-04,2023-10-31,2023-11-01,GOOGL,Global,True,sin trials válidos: θ global de la ventana 87,0,-1000000000.0,29,94,11,39,61,11,1.575122133598903,2.1435088333370556,2.5408341420836793,7
anchored,por_activo,88,2016-01-04,2023-10-31,2023-11-01,GOOGL,Tendencia,False,,72,0.6255066058383384,7,78,22,38,63,17,1.5598559195095811,3.471693488710499,3.264302546957693,10
anchored,por_activo,88,2016-01-04,2023-10-31,2023-11-01,GOOGL,Reversión,False,,76,0.6537278858026798,10,63,26,37,63,10,1.7895003965828469,1.0824941409857414,1.6952008039013493,28
anchored,por_activo,88,2016-01-04,2023-10-31,2023-11-01,GOOGL,Crisis,False,,68,0.26404330103316986,22,88,18,27,61,12,1.6338842993326508,3.188929796039778,4.436390459675915,23
anchored,por_activo,89,2016-01-04,2023-11-30,2023-12-01,NVDA,Global,True,sin trials válidos: θ global de la ventana 88,0,-1000000000.0,24,20,7,24,79,12,1.6708850176559475,1.18660555852864,2.8598870223408044,35
anchored,por_activo,89,2016-01-04,2023-11-30,2023-12-01,NVDA,Tendencia,False,,64,1.1813312170482324,17,96,8,23,64,12,1.8844903664024566,1.793734332066789,5.584394091787837,26
anchored,por_activo,89,2016-01-04,2023-11-30,2023-12-01,NVDA,Reversión,False,,72,0.6492035637931601,29,92,17,28,75,20,1.7960207573411342,1.6933725827121042,5.4354706684012655,14
anchored,por_activo,89,2016-01-04,2023-11-30,2023-12-01,NVDA,Crisis,False,,64,0.3042496139767562,29,63,25,21,79,21,1.6310017805161112,2.4604322228448545,5.204125123805795,19
anchored,por_activo,89,2016-01-04,2023-11-30,2023-12-01,AMZN,Global,False,,39,0.29509032972068877,14,16,26,30,76,12,1.5804857662043177,1.4361429918001556,2.427738156542278,5
anchored,por_activo,89,2016-01-04,2023-11-30,2023-12-01,AMZN,Tendencia,False,,61,0.18996386161635553,9,49,10,39,63,16,2.7351968489720977,1.2285261272515493,1.3694929937745282,11
anchored,por_activo,89,2016-01-04,2023-11-30,2023-12-01,AMZN,Reversión,False,,74,0.9811027495079777,23,36,11,25,74,10,1.9339250774189454,2.630366026487769,1.4890733002872247,14
anchored,por_activo,89,2016-01-04,2023-11-30,2023-12-01,AMZN,Crisis,False,,69,0.239364915901239,14,89,27,39,75,10,1.7239101522825089,3.5674118551522165,1.6382880721690811,12
anchored,por_activo,89,2016-01-04,2023-11-30,2023-12-01,TSLA,Global,True,sin trials válidos: θ global de la ventana 86,0,-1000000000.0,26,88,8,40,80,12,1.9615291360235816,2.5150313566872526,5.391930114612368,7
anchored,por_activo,89,2016-01-04,2023-11-30,2023-12-01,TSLA,Tendencia,False,,65,0.5690328709100761,28,86,19,23,61,11,2.0255602050422,2.291007612953542,1.6851300084019978,28
anchored,por_activo,89,2016-01-04,2023-11-30,2023-12-01,TSLA,Reversión,False,,78,0.21281971337932243,21,84,20,21,75,20,1.699027162292281,2.204169266671057,1.2145408536904125,35
anchored,por_activo,89,2016-01-04,2023-11-30,2023-12-01,TSLA,Crisis,False,,76,0.10848608951517144,28,70,28,38,72,10,1.637704415396977,3.3346504120052805,3.1949638563512552,37
anchored,por_activo,89,2016-01-04,2023-11-30,2023-12-01,META,Global,True,sin trials válidos: θ global de la ventana 87,0,-1000000000.0,29,54,11,34,65,12,2.0096606299124398,1.009795403748363,2.762670410571428,16
anchored,por_activo,89,2016-01-04,2023-11-30,2023-12-01,META,Tendencia,False,,73,0.5243685245873811,26,98,25,30,78,16,1.5350610574743966,2.2616293274989054,5.548694971208828,10
anchored,por_activo,89,2016-01-04,2023-11-30,2023-12-01,META,Reversión,False,,46,0.7050148846667516,11,11,7,38,65,38,1.5469694806575116,3.0867605424590936,1.5251116968273337,14
anchored,por_activo,89,2016-01-04,2023-11-30,2023-12-01,META,Crisis,False,,52,0.5671215688398863,7,38,12,25,72,11,1.7076779813388248,3.329988352451844,2.3997317626775145,26
anchored,por_activo,89,2016-01-04,2023-11-30,2023-12-01,NFLX,Global,False,,56,0.34557877193755043,14,90,16,36,63,12,1.6826595885544153,1.640932779899466,2.402211132843925,38
anchored,por_activo,89,2016-01-04,2023-11-30,2023-12-01,NFLX,Tendencia,False,,60,0.8251161000275985,10,70,8,40,80,40,2.6664463809250867,2.5501179555857845,4.892122138780904,28
anchored,por_activo,89,2016-01-04,2023-11-30,2023-12-01,NFLX,Reversión,False,,67,0.08615770163882935,15,86,11,27,79,12,1.8906816661878274,3.881658585958792,1.6042509037592592,8
anchored,por_activo,89,2016-01-04,2023-11-30,2023-12-01,NFLX,Crisis,False,,69,0.867714251563904,21,52,24,37,79,12,1.7811325617600366,1.8646737040981434,4.041742190233384,27
anchored,por_activo,89,2016-01-04,2023-11-30,2023-12-01,GOOGL,Global,True,sin trials válidos: θ global de la ventana 87,0,-1000000000.0,29,94,11,39,61,11,1.575122133598903,2.1435088333370556,2.5408341420836793,7
anchored,por_activo,89,2016-01-04,2023-11-30,2023-12-01,GOOGL,Tendencia,False,,71,0.30626283650621405,21,80,24,32,61,12,1.6031171395642403,3.6472955829911227,4.4808190067095754,25
anchored,por_activo,89,2016-01-04,2023-11-30,2023-12-01,GOOGL,Reversión,False,,73,0.9239407345331923,11,45,11,33,62,15,1.8144261101939834,2.6002667518517955,1.14429392921077,38
anchored,por_activo,89,2016-01-04,2023-11-30,2023-12-01,GOOGL,Crisis,False,,66,0.562943020840274,16,90,10,33,61,33,1.6484440822466844,1.18880443280087,1.8943184389210381,7
anchored,por_activo,90,2016-01-04,2023-12-29,2024-01-02,NVDA,Global,False,,55,0.2327020752876382,21,82,23,40,62,15,1.6320011143589905,1.4241470984539633,1.8069062051348301,24
anchored,por_activo,90,2016-01-04,2023-12-29,2024-01-02,NVDA,Tendencia,False,,65,0.6380420399590725,6,61,7,38,65,29,2.069800501064562,2.3205461812807484,5.607089882035486,30
anchored,por_activo,90,2016-01-04,2023-12-29,2024-01-02,NVDA,Reversión,False,,65,0.6041126154104797,28,57,10,37,70,37,2.3834317626998964,1.5900480489762159,2.837891297614696,38
anchored,por_activo,90,2016-01-04,2023-12-29,2024-01-02,NVDA,Crisis,False,,52,0.3267092214949701,28,38,8,36,78,20,1.8061790452929642,3.622727919086956,5.382344476492138,7
anchored,por_activo,90,2016-01-04,2023-12-29,2024-01-02,AMZN,Global,False,,55,0.22008408924762907,21,96,22,26,78,11,1.6470948905881606,1.4408916005230903,5.013859056499891,11
anchored,por_activo,90,2016-01-04,2023-12-29,2024-01-02,AMZN,Tendencia,False,,74,0.16936189062256607,16,88,14,34,70,12,1.8108209133913205,2.0529618767069078,1.2780755064624554,12
anchored,por_activo,90,2016-01-04,2023-12-29,2024-01-02,AMZN,Reversión,False,,69,0.2890677719632176,26,92,8,40,67,37,2.7339630597453484,1.4317745081899445,5.609537621326382,39
anchored,por_activo,90,2016-01-04,2023-12-29,2024-01-02,AMZN,Crisis,False,,63,0.20382849922587584,28,26,23,39,76,11,1.5745136167108924,2.1963950242870416,4.841163988645079,35
anchored,por_activo,90,2016-01-04,2023-12-29,2024-01-02,TSLA,Global,False,,22,-0.046928255224768956,30,21,13,31,70,11,1.5452286615327757,3.7456068258943174,4.7646630699470585,5
anchored,por_activo,90,2016-01-04,2023-12-29,2024-01-02,TSLA,Tendencia,False,,77,0.17392691388527107,28,60,7,40,68,17,2.6161850344676933,2.283313736961462,5.534076443694969,7
anchored,por_activo,90,2016-01-04,2023-12-29,2024-01-02,TSLA,Reversión,False,,73,0.08380637266576904,13,64,10,22,78,12,1.6006386133054542,1.7225696409543034,1.1461381921185856,34
anchored,por_activo,90,2016-01-04,2023-12-29,2024-01-02,TSLA,Crisis,False,,76,0.3546458541341564,30,82,27,37,62,22,2.116888239408063,1.406593984245302,1.1920742250530796,8
anchored,por_activo,90,2016-01-04,2023-12-29,2024-01-02,META,Global,False,,47,0.4686765299172009,11,87,8,39,64,11,1.528004508542012,2.5466038103068542,1.1736925382988275,33
anchored,por_activo,90,2016-01-04,2023-12-29,2024-01-02,META,Tendencia,False,,78,0.23021728654767515,22,76,24,39,68,13,1.6819861595027044,1.8694468079919235,5.58959076714212,38
anchored,por_activo,90,2016-01-04,2023-12-29,2024-01-02,META,Reversión,False,,56,0.6801041367603222,14,55,26,32,78,15,1.8581307043046738,1.5118354433162688,3.7238365681290233,14
anchored,por_activo,90,2016-01-04,2023-12-29,2024-01-02,META,Crisis,False,,63,1.4629972456687301,7,73,23,39,79,13,1.642985503643401,1.3070433016765834,1.8203803708528672,7
anchored,por_activo,90,2016-01-04,2023-12-29,2024-01-02,NFLX,Global,True,sin trials válidos: θ global de la ventana 89,0,-1000000000.0,14,90,16,36,63,12,1.6826595885544153,1.640932779899466,2.402211132843925,38
anchored,por_activo,90,2016-01-04,2023-12-29,2024-01-02,NFLX,Tendencia,False,,73,0.55748659259761,19,50,18,21,65,16,1.9516855397079533,1.6750815479241195,5.067392748302604,14
anchored,por_activo,90,2016-01-04,2023-12-29,2024-01-02,NFLX,Reversión,False,,73,0.32632640914247274,7,50,7,33,60,16,1.7227259845219984,3.046429604981765,2.024115699167374,7
anchored,por_activo,90,2016-01-04,2023-12-29,2024-01-02,NFLX,Crisis,False,,59,0.8328756874198727,16,49,22,21,68,12,1.7797029448845652,1.769789391303187,5.898481037684093,22
anchored,por_activo,90,2016-01-04,2023-12-29,2024-01-02,GOOGL,Global,False,,53,0.33364608612517,30,23,7,39,65,34,1.781607041703802,1.1019608428952596,4.986785502850786,6
anchored,por_activo,90,2016-01-04,2023-12-29,2024-01-02,GOOGL,Tendencia,False,,75,0.3328331041142462,28,70,15,39,70,17,1.723862252582269,2.309406851870256,5.164805122562099,32
anchored,por_activo,90,2016-01-04,2023-12-29,2024-01-02,GOOGL,Reversión,False,,59,0.9953410398151371,7,64,17,26,62,18,1.8302182391869053,1.288065780298097,1.786050982280866,38
anchored,por_activo,90,2016-01-04,2023-12-29,2024-01-02,GOOGL,Crisis,False,,68,0.6464547724183634,27,18,10,24,61,32,1.6052520946803988,1.3510377047751303,3.5788580648880393,5
anchored,por_activo,91,2016-01-04,2024-01-31,2024-02-01,NVDA,Global,True,sin trials válidos: θ global de la ventana 90,0,-1000000000.0,21,82,23,40,62,15,1.6320011143589905,1.4241470984539633,1.8069062051348301,24
anchored,por_activo,91,2016-01-04,2024-01-31,2024-02-01,NVDA,Tendencia,False,,69,0.8522620900047353,11,81,25,30,78,16,1.8883320807099075,3.803218456187508,4.407280137259593,12
anchored,por_activo,91,2016-01-04,2024-01-31,2024-02-01,NVDA,Reversión,False,,51,0.38009410924387776,25,94,8,32,72,34,2.2840057200294392,1.6619971364549129,2.9406642430195786,31
anchored,por_activo,91,2016-01-04,2024-01-31,2024-02-01,NVDA,Crisis,False,,52,0.16245824530661232,6,14,13,22,78,10,1.6620469135132574,3.684993128316953,3.7934964991041227,15
anchored,por_activo,91,2016-01-04,2024-01-31,2024-02-01,AMZN,Global,False,,48,0.1851063481353359,29,28,7,39,78,14,1.8995589247843456,2.242628698538059,2.62771252629619,5
anchored,por_activo,91,2016-01-04,2024-01-31,2024-02-01,AMZN,Tendencia,False,,63,0.38826586491146353,29,99,17,29,67,18,1.775999606525132,2.5770169979366555,5.074908678387297,21
anchored,por_activo,91,2016-01-04,2024-01-31,2024-02-01,AMZN,Reversión,False,,69,0.8496119991136977,28,25,25,38,67,11,1.975107855483468,2.7692213601488183,2.0498851379125447,37
anchored,por_activo,91,2016-01-04,2024-01-31,2024-02-01,AMZN,Crisis,False,,63,0.2275031085163062,19,72,8,23,61,38,2.656381491950875,1.2878284140439988,5.802823785085641,38
anchored,por_activo,91,2016-01-04,2024-01-31,2024-02-01,TSLA,Global,False,,66,-0.024299716198448104,18,92,14,39,68,10,1.7534532772298301,1.260134645278275,5.618574195137275,10
anchored,por_activo,91,2016-01-04,2024-01-31,2024-02-01,TSLA,Tendencia,False,,80,0.2975427861936264,27,24,12,27,61,10,1.5349075850199347,3.2690282092851586,2.960781429763176,27
anchored,por_activo,91,2016-01-04,2024-01-31,2024-02-01,TSLA,Reversión,False,,70,0.308327952914151,29,91,17,38,66,31,1.7250473458939335,2.509873369555139,1.9432952266087598,36
anchored,por_activo,91,2016-01-04,2024-01-31,2024-02-01,TSLA,Crisis,False,,77,0.36982563724733303,19,86,15,40,80,10,1.6788751064971084,2.230674385682365,1.243566245392622,24
anchored,por_activo,91,2016-01-04,2024-01-31,2024-02-01,META,Global,True,sin trials válidos: θ global de la ventana 90,0,-1000000000.0,11,87,8,39,64,11,1.528004508542012,2.5466038103068542,1.1736925382988275,33
anchored,por_activo,91,2016-01-04,2024-01-31,2024-02-01,META,Tendencia,False,,67,0.14459005687766982,9,95,25,38,61,12,1.5608382600292603,3.4294911920557576,3.9876321592263833,24
anchored,por_activo,91,2016-01-04,2024-01-31,2024-02-01,META,Reversión,False,,70,0.47639555056392835,12,62,9,23,62,13,1.639032832347553,2.5476900534536284,2.7528598803547495,37
anchored,por_activo,91,2016-01-04,2024-01-31,2024-02-01,META,Crisis,False,,63,0.6214078523296195,7,84,10,26,69,11,1.7169022051355378,1.3251559769725516,4.584411559914395,33
anchored,por_activo,91,2016-01-04,2024-01-31,2024-02-01,NFLX,Global,False,,35,0.21568032272619952,14,57,10,32,68,10,1.6114823048777636,2.66121038003825,1.0684748287489139,14
anchored,por_activo,91,2016-01-04,2024-01-31,2024-02-01,NFLX,Tendencia,False,,76,0.4681406854211988,29,26,26,38,67,18,1.657458985213497,3.4981523525328724,3.0969427263227565,10
anchored,por_activo,91,2016-01-04,2024-01-31,2024-02-01,NFLX,Reversión,False,,77,0.2128237679592351,28,57,8,35,77,14,1.8254598630416035,3.7396885342352117,4.317372757853038,7
anchored,por_activo,91,2016-01-04,2024-01-31,2024-02-01,NFLX,Crisis,False,,66,0.6642071102999739,21,58,26,29,77,11,1.611743080247651,3.789248441933269,4.407854118370142,30
anchored,por_activo,91,2016-01-04,2024-01-31,2024-02-01,GOOGL,Global,False,,45,0.4760927869212157,28,78,26,38,79,14,1.6143445072524019,1.0617333757096434,1.6874077742876084,13
anchored,por_activo,91,2016-01-04,2024-01-31,2024-02-01,GOOGL,Tendencia,False,,56,0.37235385081970157,7,32,8,40,60,26,1.6099430285160907,2.3474375585143186,5.314052059084417,36
anchored,por_activo,91,2016-01-04,2024-01-31,2024-02-01,GOOGL,Reversión,False,,72,1.2379986897056532,24,14,8,33,62,30,2.7642066864775003,3.4776183959358047,5.149403743169343,8
anchored,por_activo,91,2016-01-04,2024-01-31,2024-02-01,GOOGL,Crisis,False,,59,0.19032657972240014,20,92,23,40,71,13,1.60647036259961,2.466903710099878,5.066086639138907,39
anchored,por_activo,92,2016-01-04,2024-02-29,2024-03-01,NVDA,Global,True,sin trials válidos: θ global de la ventana 90,0,-1000000000.0,21,82,23,40,62,15,1.6320011143589905,1.4241470984539633,1.8069062051348301,24
anchored,por_activo,92,2016-01-04,2024-02-29,2024-03-01,NVDA,Tendencia,False,,77,1.118700454520417,28,84,12,40,62,10,1.7764468126395205,1.3643280013942962,5.471645357135168,24
anchored,por_activo,92,2016-01-04,2024-02-29,2024-03-01,NVDA,Reversión,False,,48,0.23170443728314846,27,88,22,24,65,38,1.5288111589725695,1.4567104020649977,5.5156407125943065,12
anchored,por_activo,92,2016-01-04,2024-02-29,2024-03-01,NVDA,Crisis,False,,48,0.4287772458720306,16,87,9,30,79,21,1.645743807420679,3.12169566812199,3.5401417973479394,25
anchored,por_activo,92,2016-01-04,2024-02-29,2024-03-01,AMZN,Global,False,,45,0.18107411459440464,9,58,25,30,78,11,1.5604917861223422,1.3086067003681954,2.0678550552490997,33
anchored,por_activo,92,2016-01-04,2024-02-29,2024-03-01,AMZN,Tendencia,False,,56,0.27001739735823993,28,96,8,23,66,28,1.665383210525532,1.9003422943732593,2.4340447465692927,34
anchored,por_activo,92,2016-01-04,2024-02-29,2024-03-01,AMZN,Reversión,False,,77,0.36487402011775744,28,95,22,34,62,30,1.6041783632327,1.1086378710232863,3.5252952107033675,26
anchored,por_activo,92,2016-01-04,2024-02-29,2024-03-01,AMZN,Crisis,False,,57,0.5944733134749951,28,29,18,37,73,25,1.5832253375067569,1.2180531519815352,1.135187964291395,26
anchored,por_activo,92,2016-01-04,2024-02-29,2024-03-01,TSLA,Global,False,,54,-0.1819773355742192,23,92,10,28,63,14,1.6745603505297844,1.2115395534716775,2.936088473011912,36
anchored,por_activo,92,2016-01-04,2024-02-29,2024-03-01,TSLA,Tendencia,False,,62,0.45545720863784767,16,91,23,23,71,13,2.10588364798266,1.6346084615497198,1.5509866030656132,11
anchored,por_activo,92,2016-01-04,2024-02-29,2024-03-01,TSLA,Reversión,False,,53,0.3400082648860844,11,17,22,20,69,10,1.711242576443672,1.1296723204055685,5.510627317826655,32
anchored,por_activo,92,2016-01-04,2024-02-29,2024-03-01,TSLA,Crisis,False,,76,0.23444013702727617,28,82,26,36,62,27,1.778159742001773,1.5911873049452518,2.5063858758602855,6
anchored,por_activo,92,2016-01-04,2024-02-29,2024-03-01,META,Global,True,sin trials válidos: θ global de la ventana 90,0,-1000000000.0,11,87,8,39,64,11,1.528004508542012,2.5466038103068542,1.1736925382988275,33
anchored,por_activo,92,2016-01-04,2024-02-29,2024-03-01,META,Tendencia,False,,58,0.1506750698339753,28,42,8,39,78,26,2.8431548644175937,3.5112751334236423,5.815017002208979,39
anchored,por_activo,92,2016-01-04,2024-02-29,2024-03-01,META,Reversión,False,,68,0.5691423714652671,12,97,23,39,62,12,1.5801809485276432,1.2206106471681684,3.2680533092369206,8
anchored,por_activo,92,2016-01-04,2024-02-29,2024-03-01,META,Crisis,False,,61,0.01043694207171948,26,69,21,31,61,13,1.5659575382517126,3.110855928337437,1.6969080808375328,20
anchored,por_activo,92,2016-01-04,2024-02-29,2024-03-01,NFLX,Global,True,sin trials válidos: θ global de la ventana 91,0,-1000000000.0,14,57,10,32,68,10,1.6114823048777636,2.66121038003825,1.0684748287489139,14
anchored,por_activo,92,2016-01-04,2024-02-29,2024-03-01,NFLX,Tendencia,False,,75,0.8902276754070646,14,84,8,40,79,36,1.6612925202026545,2.569033969067371,4.692838954501395,31
anchored,por_activo,92,2016-01-04,2024-02-29,2024-03-01,NFLX,Reversión,False,,73,0.228971992951949,28,53,10,32,78,18,2.046175692743604,1.2850593557401497,3.4711123288406407,5
anchored,por_activo,92,2016-01-04,2024-02-29,2024-03-01,NFLX,Crisis,False,,73,0.6613427583222624,28,28,10,39,73,12,1.7026529280058076,2.1936001543759938,5.618580797075264,20
anchored,por_activo,92,2016-01-04,2024-02-29,2024-03-01,GOOGL,Global,True,sin trials válidos: θ global de la ventana 91,0,-1000000000.0,28,78,26,38,79,14,1.6143445072524019,1.0617333757096434,1.6874077742876084,13
anchored,por_activo,92,2016-01-04,2024-02-29,2024-03-01,GOOGL,Tendencia,False,,52,0.14500017254676903,18,36,25,34,63,17,1.8757619213845298,1.8828135974234026,1.6537523960879097,23
anchored,por_activo,92,2016-01-04,2024-02-29,2024-03-01,GOOGL,Reversión,False,,76,1.3290729659419602,29,92,25,33,64,14,1.9166664624879215,1.2666554564409556,5.854416789711491,9
anchored,por_activo,92,2016-01-04,2024-02-29,2024-03-01,GOOGL,Crisis,False,,65,0.3019997321769621,27,56,18,34,77,26,1.5427236778472282,1.0694256956462114,5.631354265425743,27
anchored,por_activo,93,2016-01-04,2024-03-28,2024-04-01,NVDA,Global,True,sin trials válidos: θ global de la ventana 90,0,-1000000000.0,21,82,23,40,62,15,1.6320011143589905,1.4241470984539633,1.8069062051348301,24
anchored,por_activo,93,2016-01-04,2024-03-28,2024-04-01,NVDA,Tendencia,False,,73,1.0796967611623107,22,38,8,23,72,11,1.7392095593395154,3.8935504540499233,5.0943290235616665,34
anchored,por_activo,93,2016-01-04,2024-03-28,2024-04-01,NVDA,Reversión,False,,57,0.6562799276579572,22,96,22,22,78,16,1.8852422134890312,3.314863386346513,3.8704664735167733,39
anchored,por_activo,93,2016-01-04,2024-03-28,2024-04-01,NVDA,Crisis,False,,49,0.2343370805664898,13,15,11,24,75,14,1.6436608168868547,1.9628045938949423,5.574585269503362,23
anchored,por_activo,93,2016-01-04,2024-03-28,2024-04-01,AMZN,Global,True,sin trials válidos: θ global de la ventana 92,0,-1000000000.0,9,58,25,30,78,11,1.5604917861223422,1.3086067003681954,2.0678550552490997,33
anchored,por_activo,93,2016-01-04,2024-03-28,2024-04-01,AMZN,Tendencia,False,,74,0.3756652861298718,28,88,12,33,78,19,1.715910829664464,1.928113255442511,2.0911369480487663,14
anchored,por_activo,93,2016-01-04,2024-03-28,2024-04-01,AMZN,Reversión,False,,75,0.2844165631379178,26,95,8,34,68,14,1.5933723550972099,1.7534704571739859,2.201399169634368,30
anchored,por_activo,93,2016-01-04,2024-03-28,2024-04-01,AMZN,Crisis,False,,72,0.16245618210979884,24,60,19,37,77,10,1.6354765674959197,2.319135137335964,2.335661231868661,8
anchored,por_activo,93,2016-01-04,2024-03-28,2024-04-01,TSLA,Global,False,,61,-0.029852157907130663,24,82,15,30,69,10,1.7324161266891194,2.7488932962742463,1.8512806474662558,8
anchored,por_activo,93,2016-01-04,2024-03-28,2024-04-01,TSLA,Tendencia,False,,75,0.29583871535964,24,94,26,38,76,14,1.9796066754535975,1.610533261357196,4.264753621778416,26
anchored,por_activo,93,2016-01-04,2024-03-28,2024-04-01,TSLA,Reversión,False,,73,0.05545321107033117,22,79,27,37,60,12,1.7958623587033393,3.550419204101959,1.2684422391276513,6
anchored,por_activo,93,2016-01-04,2024-03-28,2024-04-01,TSLA,Crisis,False,,63,0.3214864964241015,25,83,11,39,73,12,2.825034899969091,3.204859011198832,1.306636013913804,39
anchored,por_activo,93,2016-01-04,2024-03-28,2024-04-01,META,Global,False,,2,0.08050030169245435,23,93,9,38,62,23,2.7489438811824662,1.20279315372819,4.821269631803539,17
anchored,por_activo,93,2016-01-04,2024-03-28,2024-04-01,META,Tendencia,False,,65,0.21581370389413748,29,71,24,23,70,11,1.565008868494722,3.436505468903456,5.676713387379689,36
anchored,por_activo,93,2016-01-04,2024-03-28,2024-04-01,META,Reversión,False,,54,0.9363869500682664,30,92,8,40,76,14,2.922405401848224,1.9017596327724289,2.987412253863538,36
anchored,por_activo,93,2016-01-04,2024-03-28,2024-04-01,META,Crisis,False,,68,1.5468512306598043,21,27,27,31,76,12,1.6416020180818554,1.3163088730983574,5.616354793151709,7
anchored,por_activo,93,2016-01-04,2024-03-28,2024-04-01,NFLX,Global,False,,46,0.4192434837029202,28,38,13,23,63,12,1.6193051296926682,1.520138175413106,3.5906067654388063,24
anchored,por_activo,93,2016-01-04,2024-03-28,2024-04-01,NFLX,Tendencia,False,,60,0.45329841404791577,11,74,16,27,62,16,1.6561278089864082,2.5221076896370755,4.072760458832659,24
anchored,por_activo,93,2016-01-04,2024-03-28,2024-04-01,NFLX,Reversión,False,,53,0.2836314000290401,7,17,16,23,76,15,1.599410881075248,3.1343565963441087,4.2707412822236535,7
anchored,por_activo,93,2016-01-04,2024-03-28,2024-04-01,NFLX,Crisis,False,,71,0.8122636704754805,22,90,8,39,74,38,2.943088546068058,1.1550763595459212,5.439650740509946,20
anchored,por_activo,93,2016-01-04,2024-03-28,2024-04-01,GOOGL,Global,False,,45,0.5214075876384087,18,51,21,22,66,11,1.6295352391406663,1.7150570325159715,3.0904173894376843,6
anchored,por_activo,93,2016-01-04,2024-03-28,2024-04-01,GOOGL,Tendencia,False,,67,0.513520071021451,7,22,25,39,78,11,1.5257588785769862,3.9028680629516788,4.145551669467524,34
anchored,por_activo,93,2016-01-04,2024-03-28,2024-04-01,GOOGL,Reversión,False,,66,1.2019294413795771,29,92,9,24,79,15,2.2030405910605686,1.1109112583139151,3.696462559463739,7
anchored,por_activo,93,2016-01-04,2024-03-28,2024-04-01,GOOGL,Crisis,False,,58,0.5253081784239164,27,56,10,40,62,13,2.392651525240936,3.608108630672474,2.6379244253556555,6
anchored,por_activo,94,2016-01-04,2024-04-26,,NVDA,Global,True,sin trials válidos: θ global de la ventana 90,0,-1000000000.0,21,82,23,40,62,15,1.6320011143589905,1.4241470984539633,1.8069062051348301,24
anchored,por_activo,94,2016-01-04,2024-04-26,,NVDA,Tendencia,False,,71,1.4423605037684424,22,93,23,23,63,13,1.843460702548355,1.4847620225348208,5.538700766347334,24
anchored,por_activo,94,2016-01-04,2024-04-26,,NVDA,Reversión,False,,74,0.3371169720807566,18,97,16,22,66,18,1.562115847833534,2.6139906844098943,5.266362139060371,24
anchored,por_activo,94,2016-01-04,2024-04-26,,NVDA,Crisis,False,,66,0.14647609887371615,18,11,28,23,67,10,1.6716283916623509,2.0318478492939254,4.557795477953444,20
anchored,por_activo,94,2016-01-04,2024-04-26,,AMZN,Global,True,sin trials válidos: θ global de la ventana 92,0,-1000000000.0,9,58,25,30,78,11,1.5604917861223422,1.3086067003681954,2.0678550552490997,33
anchored,por_activo,94,2016-01-04,2024-04-26,,AMZN,Tendencia,False,,47,0.1564149193859633,6,20,7,40,68,34,1.5630407856314863,3.074512066524743,5.519254695099129,9
anchored,por_activo,94,2016-01-04,2024-04-26,,AMZN,Reversión,False,,51,0.33427382414909274,22,27,10,40,77,10,2.8212636694811177,1.7086152579630083,5.8110829923839695,38
anchored,por_activo,94,2016-01-04,2024-04-26,,AMZN,Crisis,False,,52,0.6700095932637371,7,12,18,21,70,11,1.6194662645062081,1.5809264569839883,2.0698129649543047,20
anchored,por_activo,94,2016-01-04,2024-04-26,,TSLA,Global,False,,16,-0.12242357046833431,6,50,7,39,66,17,2.9729146002272375,1.2882516415493819,1.7114791649442749,16
anchored,por_activo,94,2016-01-04,2024-04-26,,TSLA,Tendencia,False,,71,0.20399917781162075,20,46,14,35,74,24,1.5950348783411519,1.7860176499673759,3.4271978809885786,36
anchored,por_activo,94,2016-01-04,2024-04-26,,TSLA,Reversión,False,,61,0.10621048533630478,29,30,13,36,61,33,2.2498943313139574,2.8694930749046397,5.756129730427901,18
anchored,por_activo,94,2016-01-04,2024-04-26,,TSLA,Crisis,False,,80,0.30274797338441606,28,48,12,30,73,34,1.7444551510897952,1.5845512445149135,5.120486129596634,23
anchored,por_activo,94,2016-01-04,2024-04-26,,META,Global,False,,65,0.2826824124567631,28,94,7,37,62,12,1.7461064195981804,1.1756650550301866,5.504209847143898,26
anchored,por_activo,94,2016-01-04,2024-04-26,,META,Tendencia,False,,72,0.2367365206277407,20,98,23,28,68,16,1.5525840506960518,2.1106174326160048,5.493013139661695,23
anchored,por_activo,94,2016-01-04,2024-04-26,,META,Reversión,False,,64,0.7215603693102621,15,45,17,24,68,14,1.8465786533057638,2.1052527474746148,4.962069514386935,35
anchored,por_activo,94,2016-01-04,2024-04-26,,META,Crisis,False,,72,0.3204908687736246,28,72,22,38,70,12,1.5702284454645774,2.526232103583683,4.308345458654324,30
anchored,por_activo,94,2016-01-04,2024-04-26,,NFLX,Global,True,sin trials válidos: θ global de la ventana 93,0,-1000000000.0,28,38,13,23,63,12,1.6193051296926682,1.520138175413106,3.5906067654388063,24
anchored,por_activo,94,2016-01-04,2024-04-26,,NFLX,Tendencia,False,,61,0.6883142323379993,19,51,8,39,80,32,2.3019494860014307,1.6325478585651942,4.964784048274292,28
anchored,por_activo,94,2016-01-04,2024-04-26,,NFLX,Reversión,False,,58,0.0070419208719518945,6,30,14,34,70,13,1.7007148916632662,1.4253548563970568,2.338614330797304,32
anchored,por_activo,94,2016-01-04,2024-04-26,,NFLX,Crisis,False,,71,0.6001360894148547,24,94,7,40,66,38,2.818426476036106,1.1161204051105091,4.786576984396321,32
anchored,por_activo,94,2016-01-04,2024-04-26,,GOOGL,Global,False,,22,0.39033831247474954,27,79,13,31,67,11,1.601402789082473,2.9978249666118995,4.180794096895105,8
anchored,por_activo,94,2016-01-04,2024-04-26,,GOOGL,Tendencia,False,,76,0.3487428784728723,22,78,8,22,74,17,1.6094318908241747,2.2470458871258847,3.099266120134745,11
anchored,por_activo,94,2016-01-04,2024-04-26,,GOOGL,Reversión,False,,73,1.1732305827567682,17,20,23,30,61,17,1.6603102953649211,2.5802978822419966,4.008531810933285,10
anchored,por_activo,94,2016-01-04,2024-04-26,,GOOGL,Crisis,False,,43,0.3789781710366413,15,54,18,30,62,25,1.5519553994809578,1.648510585419658,4.790929840950904,6
