estimador,date,NVDA,AMZN,TSLA,META,NFLX,GOOGL
muestral,2016-07-01,0.18919068178663376,0.15871374095585483,0.15062733326702804,0.18344971073753838,0.12218162443127821,0.19583690882166682
muestral,2016-07-05,0.1891887122517198,0.15871350831172656,0.1506285993051821,0.18344977259751863,0.12218081832504916,0.1958385892088038
muestral,2016-07-06,0.18919137180846618,0.15869118682387814,0.15064096046005518,0.183351754924218,0.1222870453384746,0.19583768064490795
muestral,2016-07-07,0.18907989338468068,0.1587165938893503,0.1506283060944152,0.18341458584478065,0.12228828945671501,0.19587233133005824
muestral,2016-07-08,0.18843082629053787,0.1588826174566069,0.15092552336470105,0.18354312067773101,0.12234295106285337,0.19587496114756972
muestral,2016-07-11,0.18825258037407208,0.1589378549626888,0.15061838633301386,0.18367800562346775,0.12271270491333065,0.19580046779342686
muestral,2016-07-12,0.1882025295052947,0.15899817199015406,0.15063537186189968,0.18369853291754737,0.122693901934196,0.1957714917909082
muestral,2016-07-13,0.18823360257118607,0.15897214719360564,0.15061687501953905,0.18363776925323502,0.12275612391123178,0.19578348205120252
muestral,2016-07-14,0.1882078165623899,0.1590210489865055,0.15065925651717135,0.1836397499762126,0.12272771412009946,0.1957444138376213
muestral,2016-07-15,0.18811191807784558,0.1589842579363043,0.15067168680743293,0.18364906109302964,0.12277877343443337,0.19580430265095425
muestral,2016-07-18,0.1883358009388753,0.1592970666416556,0.15049674489610412,0.1834536342510401,0.12295025002930898,0.19546650324301593
muestral,2016-07-19,0.18870062953091996,0.15953645836262217,0.15058901274445494,0.18390648993801045,0.1216057616735566,0.19566164775043593
muestral,2016-07-20,0.18866883856933614,0.15960258035872368,0.15055734053108866,0.1838817567574473,0.12153240869051946,0.1957570750928847
muestral,2016-07-21,0.18845765443402485,0.1598647854413845,0.15021898573459216,0.1839212582813642,0.12149705255131057,0.1960402635573238
muestral,2016-07-22,0.18825268134231368,0.15994851857024703,0.15022076847765464,0.183973813105831,0.12156219225098824,0.1960420262529655
muestral,2016-07-25,0.18812422676493634,0.16017321965762515,0.14995046675110468,0.1840174951834631,0.12150675048016872,0.19622784116270195
muestral,2016-07-26,0.18803030710064,0.160254541441031,0.14999201912599627,0.18408970940468541,0.12136585083774591,0.19626757208990148
muestral,2016-07-27,0.18805906459063673,0.1602606161196219,0.15000103291088582,0.18405592168533538,0.1213632958705926,0.19626006882292765
muestral,2016-07-28,0.18813595088108315,0.16014689786185107,0.1499917453074461,0.18398415057232348,0.12144526739374245,0.19629598798355363
muestral,2016-07-29,0.18808023083745964,0.16023495474544025,0.14991927721799414,0.18438684097000674,0.12161509442782178,0.19576360180127736
muestral,2016-08-01,0.18813877298813492,0.1602093678459672,0.15000218746211047,0.1843932393582681,0.12154790493092762,0.1957085274145916
muestral,2016-08-02,0.1880306835287157,0.16018644284030967,0.14999006030112527,0.18435087490329882,0.12157614293177471,0.195865795494776
muestral,2016-08-03,0.18806813752653567,0.16014822570834622,0.14998369245641222,0.1843370864546733,0.12157595590725455,0.195886901946778
muestral,2016-08-04,0.18794927066056413,0.16019143077173198,0.14986962395054992,0.18422627694324906,0.12165308755240097,0.19611031012150398
muestral,2016-08-05,0.18785447883606107,0.1602827377420468,0.15004411926475192,0.18430387536407414,0.12146560116624845,0.1960491876268177
muestral,2016-08-08,0.18794305887653906,0.1603026792120548,0.14996739569807105,0.18433745278463667,0.12140127127658068,0.19604814215211766
muestral,2016-08-09,0.187942892512026,0.1603026263528117,0.1499694834158433,0.18433657083729868,0.12139970647825901,0.1960487204037613
muestral,2016-08-10,0.18789917511626913,0.1603236240911114,0.1499093096834283,0.1843532987393926,0.12141739079892375,0.1960972015708748
muestral,2016-08-11,0.1877884548617917,0.16034194127632517,0.14995669076403179,0.18439462050173033,0.12136889907336984,0.19614939352275118
muestral,2016-08-12,0.18703212465198815,0.16048456956806526,0.15006713381702932,0.18458738169337707,0.12143616039686439,0.19639262987267592
muestral,2016-08-15,0.18704373947109076,0.16047085751793178,0.15011245686127672,0.18454035122774098,0.12140118281293692,0.19643141210902287
muestral,2016-08-16,0.18701475294657907,0.1604669077527791,0.15010629979308293,0.1845524079294494,0.12143882284774905,0.19642080873036044
muestral,2016-08-17,0.18693386377743995,0.16046530484586916,0.15010773601841204,0.18458721265662223,0.12146022458411775,0.1964456581175388
muestral,2016-08-18,0.1869399173196366,0.16046461698798836,0.15010808010063661,0.18458479704502254,0.12145940986408935,0.19644317868262667
muestral,2016-08-19,0.18695458252045544,0.16042526016171996,0.1501491648960308,0.18458075602855117,0.12145891335700201,0.1964313230362407
muestral,2016-08-22,0.18696735082494803,0.16043464865384546,0.15012798171359618,0.18460703255032068,0.12144853662638902,0.19641444963090057
muestral,2016-08-23,0.18695402889787802,0.1604379167057635,0.15011020807144468,0.1846159409648201,0.12144486412419526,0.19643704123589859
muestral,2016-08-24,0.18679226216683298,0.1604532755983184,0.15012591311923584,0.1846277596303017,0.12147704020595866,0.1965237492793525
muestral,2016-08-25,0.18678058468703157,0.16045542934334456,0.15011968784995033,0.18463388549352266,0.12149238446214242,0.19651802816400843
muestral,2016-08-26,0.18676942866690668,0.16042114722900802,0.15015901028284903,0.18460659056872894,0.12150579028486004,0.19653803296764732
muestral,2016-08-29,0.18676119404245434,0.16042425556467482,0.15010998628552885,0.1846549852477014,0.12150072364039721,0.19654885521924326
muestral,2016-08-30,0.18674287573824094,0.16043826160811595,0.15002343565491136,0.18466395619274947,0.12156888362710572,0.1965625871788767
muestral,2016-08-31,0.18672447540079573,0.16044284247401824,0.1500348422018144,0.18467403376092437,0.12156987312174725,0.19655393304070018
muestral,2016-09-01,0.18689292271359417,0.16045352289996187,0.14982825126963698,0.1846837254480515,0.12157195181956658,0.1965696258491889
muestral,2016-09-02,0.1868332538379109,0.16046546616252066,0.14978136754833393,0.18470949092325747,0.12157759037250479,0.19663283115547217
muestral,2016-09-06,0.1871297326041486,0.16047117617923848,0.14966810657053012,0.18442760897576943,0.12156361012081827,0.19673976554949502
muestral,2016-09-07,0.18700643166705272,0.1604412272103049,0.14966760911315594,0.18456873089113632,0.1215432768528768,0.1967727242654734
muestral,2016-09-08,0.18709224641907254,0.1604664489701613,0.1495693911819733,0.18454669286730468,0.12158903344407568,0.19673618711741242
muestral,2016-09-09,0.18579983118628152,0.16036924591250004,0.15024572051073942,0.18461990448337498,0.12176417844472179,0.19720111946238225
muestral,2016-09-12,0.18569949813094844,0.1604440940312287,0.15020150022483286,0.18469986792982312,0.12172499740169133,0.19723004228147545
muestral,2016-09-13,0.18562176602947048,0.160463939801159,0.15032834246844057,0.18475572074076324,0.12160035784730648,0.1972298731128603
muestral,2016-09-14,0.1856055806812765,0.16048342493050255,0.15033235552025925,0.18475076307895644,0.12159190044569551,0.19723597534330994
muestral,2016-09-15,0.18510094671827104,0.16059801431974996,0.15026685831528147,0.18502201555898173,0.12179857175442026,0.19721359333329538
muestral,2016-09-16,0.18517232062419592,0.16056348556417344,0.150116721834515,0.18503562598686696,0.1217334532629781,0.19737839272727065
muestral,2016-09-19,0.18521518891614988,0.160549878578951,0.1501332319221918,0.18502461874301826,0.12171017738507195,0.19736690445461724
muestral,2016-09-20,0.1851784785506392,0.16056848429786674,0.1501180757907297,0.18502464724724413,0.12171461553054111,0.1973956985829792
muestral,2016-09-21,0.1850257579849896,0.16054547442914158,0.150145068364923,0.18499780432741772,0.12188674450273189,0.19739915039079622
muestral,2016-09-22,0.18510047994551254,0.16045543388034428,0.15015818209977144,0.18509081594598964,0.12189483011459726,0.19730025801378473
muestral,2016-09-23,0.18510099877244388,0.1604794873473111,0.1502052383834822,0.18498404251301304,0.12191172273345137,0.19731851025029842
muestral,2016-09-26,0.18504584626427473,0.16047733991428342,0.15039740478236455,0.18503169847441492,0.12188981160015577,0.19715789896450645
muestral,2016-09-27,0.18463104895316484,0.16037368615137398,0.15085360391015332,0.18508473000168776,0.12182118692763118,0.19723574405598898
muestral,2016-09-28,0.18463935044603827,0.1603301811646319,0.15085712955187738,0.18508293808707238,0.12182465386229482,0.1972657468880853
muestral,2016-09-29,0.18483030678812631,0.1604152444037434,0.15068038702919695,0.18504238209520182,0.12183298636707338,0.19719869331665815
muestral,2016-09-30,0.18473982894122068,0.16041414866483072,0.1506043453504845,0.18515071668800062,0.12178812954060166,0.19730283081486172
muestral,2016-10-03,0.18492268017837185,0.1605668631649487,0.1501631965533476,0.18522478746224502,0.12156957704528819,0.1975528955957987
muestral,2016-10-04,0.1849134471320971,0.16055825299591842,0.15013134797111063,0.18520755004227712,0.12157449782467837,0.19761490403391846
muestral,2016-10-05,0.18493587431220876,0.16052572132630613,0.15018136715375097,0.18520977920065596,0.12150323910290935,0.19764401890416883
muestral,2016-10-06,0.18481045290015186,0.16057455349946873,0.14987801128578226,0.18539364437504396,0.12150037153593994,0.1978429664036133
muestral,2016-10-07,0.18476501029565343,0.16059159812186838,0.14976073675323276,0.1854894923043601,0.12152857184010682,0.19786459068477846
muestral,2016-10-10,0.18482662754384005,0.16066104058768368,0.14966078520104362,0.1854708586915099,0.12165319212217053,0.19772749585375238
muestral,2016-10-11,0.18469942255962143,0.16062307566216902,0.14981576396979382,0.18546309002856862,0.1215419968860774,0.19785665089376955
muestral,2016-10-12,0.1846989912793687,0.1606228072339382,0.14981354257289112,0.18546349724811262,0.12154530786053418,0.19785585380515516
muestral,2016-10-13,0.18455091896534095,0.16065386705233733,0.14986497117590256,0.18543357342061526,0.12168081613282723,0.19781585325297676
muestral,2016-10-14,0.18458081908308027,0.1606300514487281,0.14982534334546466,0.18543936105788844,0.12170238664266603,0.19782203842217244
muestral,2016-10-17,0.18455523976918792,0.16054391834335835,0.14978410300575534,0.18548707671053663,0.12165119342973889,0.1979784687414229
muestral,2016-10-18,0.18525903613399566,0.16177454499080313,0.15000077434608985,0.18662529615598358,0.11794264908761969,0.1983976992855083
muestral,2016-10-19,0.18540702825085087,0.16188822240984438,0.1498744720796167,0.1865573298701684,0.11786957649640052,0.19840337089311905
muestral,2016-10-20,0.18549496896580597,0.16185624312305996,0.14981276070829394,0.186564610643282,0.11789889322914551,0.19837252333041264
muestral,2016-10-21,0.18564431503965095,0.16184727435950705,0.14984029785687572,0.18643703399717362,0.11778247919354874,0.19844859955324398
muestral,2016-10-24,0.18488795050417872,0.16177056359973027,0.14997437338431432,0.18670695211225588,0.11813558987553645,0.19852457052398445
muestral,2016-10-25,0.18497882023483064,0.16176413386127278,0.14998069315464127,0.18667339005935504,0.11812663088057417,0.19847633180932606
muestral,2016-10-26,0.18505180241660588,0.16167522622627803,0.15003097424699494,0.18662382662739102,0.11817608087778417,0.19844208960494603
muestral,2016-10-27,0.1848435049354332,0.1616987651859738,0.15021402603895054,0.18656518654660573,0.11821405186331177,0.198464465429725
muestral,2016-10-28,0.1848973599464813,0.16103781391383526,0.15010182467910516,0.1869700415480818,0.11829902055483148,0.198693939357665
muestral,2016-10-31,0.18494397399660875,0.16112849656988656,0.1500726435998864,0.186966240770326,0.11827310509018453,0.1986155399731078
muestral,2016-11-01,0.18447624065454432,0.16137631022548268,0.14976791898699515,0.1870570031799096,0.1183998107954401,0.19892271615762808
muestral,2016-11-02,0.18472328567829457,0.16117813574342674,0.14986880596857122,0.1869728366263134,0.11858349241270372,0.19867344357069036
muestral,2016-11-03,0.18476893472860517,0.16162190406312435,0.15018007297697164,0.18567986368312453,0.11882116796090673,0.19892805658726764
muestral,2016-11-04,0.18474816325436438,0.16158032466086844,0.15021899999130145,0.18570504445616418,0.11882023762275545,0.19892723001454624
muestral,2016-11-07,0.1836244104427659,0.16122591931517252,0.15072391710804087,0.18644194949488585,0.11920374568816591,0.19878005795096904
muestral,2016-11-08,0.18371228570147694,0.16127082389837388,0.1507114763124586,0.186340511460337,0.11925453742637007,0.1987103652009834
muestral,2016-11-09,0.1835856608719768,0.1611367836788314,0.15058605862868793,0.18650714836540766,0.11929565098061462,0.19888869747448165
muestral,2016-11-10,0.18337931964546525,0.16086411101679987,0.15103435892756306,0.1871109529553622,0.11903583623840383,0.1985754212164057
muestral,2016-11-11,0.16758449208850937,0.16374843588376303,0.15279726079220882,0.19150106153506083,0.12123067807923879,0.20313807162121905
muestral,2016-11-14,0.16685645250883904,0.16396250943181015,0.15276057683212704,0.19117186873591424,0.12194343116360654,0.2033051613277029
muestral,2016-11-15,0.16674171433910975,0.16371965892538448,0.15300900400070905,0.19126867487331803,0.1223868204381544,0.20287412742332428
muestral,2016-11-16,0.1660974602992461,0.16382285031211694,0.15313946675183468,0.19161531446936572,0.12239815707077509,0.20292675109666153
muestral,2016-11-17,0.16616154466845023,0.16381278780060415,0.15298301039563197,0.1915702036768633,0.12251844299741299,0.2029540104610374
muestral,2016-11-18,0.16625091443349507,0.16389091955739446,0.15290591667184247,0.19155381856937906,0.12255214984863878,0.20284628091925025
muestral,2016-11-21,0.16663436192397393,0.16375757186008183,0.1532229344324862,0.19086248173866546,0.12255103728423615,0.20297161276055636
muestral,2016-11-22,0.1666484668396642,0.1637584307525549,0.15302883509700088,0.1909504123842704,0.1225880591391193,0.20302579578739044
muestral,2016-11-23,0.16666680501400288,0.16373924373196694,0.15307893610904375,0.19093525200153036,0.12258802310753047,0.20299174003592568
muestral,2016-11-25,0.166669287569492,0.16374190116098716,0.15306281726353163,0.19094388054792646,0.12259142216878002,0.20299069128928265
muestral,2016-11-28,0.16666459947316847,0.1636520953778467,0.15306722590471217,0.19095979724062875,0.12258625810021702,0.20307002390342696
muestral,2016-11-29,0.1666152883116124,0.16363047475837686,0.15286846373334947,0.19105893330504023,0.12263930856096909,0.20318753133065204
muestral,2016-11-30,0.16662091233814516,0.1636003023157949,0.15310609433194605,0.19085854010474085,0.12277780946967458,0.20303634143969845
muestral,2016-12-01,0.16585863689214664,0.1641075327847399,0.1528045534330585,0.19052782467383492,0.12339574335385795,0.2033057088623621
muestral,2016-12-02,0.16584522384773817,0.1641453501202578,0.15282162547109568,0.19052737996440677,0.12333812091744824,0.2033222996790534
muestral,2016-12-05,0.16553019645134737,0.16405381238323802,0.15266614423591907,0.19055844148338164,0.12390473215455099,0.203286673291563
muestral,2016-12-06,0.1654679661149955,0.16404611116890724,0.15273807930851113,0.19062393975616415,0.12373804582882283,0.20338585782259924
muestral,2016-12-07,0.16548499994510055,0.16423238046982847,0.15237771177268197,0.1908502450542726,0.12389858193973864,0.2031560808183777
muestral,2016-12-08,0.16538729800888918,0.1642108454659495,0.15237812377053134,0.1909488386043174,0.12384495744404254,0.2032299367062701
muestral,2016-12-09,0.16539213349804702,0.16421167676528534,0.15237851494668037,0.19094777804290572,0.12384599318749696,0.20322390355958464
muestral,2016-12-12,0.16519046714672803,0.16417879993134232,0.15253264513810133,0.19079552333156555,0.12393357141034213,0.20336899304192066
muestral,2016-12-13,0.16523141246104142,0.16417362419338927,0.152332852407601,0.19060771584395628,0.12411518102822343,0.20353921406578868
muestral,2016-12-14,0.1648473731550299,0.16432043795409773,0.15237350166991764,0.1906967769910176,0.12418462299548706,0.2035772872344499
muestral,2016-12-15,0.16481977397533237,0.16434208495912667,0.1523827620468026,0.190691660568694,0.12417573513027894,0.20358798331976538
muestral,2016-12-16,0.16480577539283722,0.16434915826278376,0.15235773153279172,0.19070282396889915,0.12418155963664891,0.2036029512060393
muestral,2016-12-19,0.16478516353960826,0.16432151944802345,0.15236446956980515,0.19075412901891325,0.12417270922080145,0.2036020092028485
muestral,2016-12-20,0.16455342464171094,0.16436948983902103,0.15216246511992426,0.19093071391750685,0.1242915174567806,0.20369238902505626
muestral,2016-12-21,0.16455814339448374,0.16436805128815554,0.15215835716754886,0.19093106761477324,0.12429917062934433,0.20368520990569428
muestral,2016-12-22,0.16461750299428732,0.16435584480426568,0.15219595411425513,0.1908519908256512,0.12428989837229137,0.20368880888924937
muestral,2016-12-23,0.1645391523031832,0.16442264128902645,0.1521124123850759,0.19088397962934203,0.1243087819865298,0.20373303240684268
muestral,2016-12-27,0.16351387109314883,0.1645738982055196,0.15195873729996376,0.19126478785586543,0.12438748129945135,0.20430122424605096
muestral,2016-12-28,0.1624413845114534,0.16493531679336795,0.15234002609691125,0.19137336631111412,0.12439527511884514,0.20451463116830826
muestral,2016-12-29,0.16256534520347068,0.16489725708474204,0.1522418923255604,0.19136645720139162,0.12439826160466942,0.20453078658016588
muestral,2016-12-30,0.16203158346680577,0.1648064928675727,0.15255219129592673,0.1914974224657052,0.12453120188806593,0.20458110801592347
muestral,2017-01-03,0.16232718364511395,0.16484091391035097,0.15250406989732448,0.1914213331347218,0.12446580423107084,0.20444069518141786
muestral,2017-01-04,0.16204844215422198,0.164897952422793,0.15242224814998023,0.19103026465938608,0.12486272791740807,0.20473836469621062
muestral,2017-01-05,0.16254893836181292,0.16484393205914274,0.15192548567407788,0.1908196661871714,0.12473863384520852,0.2051233438725865
muestral,2017-01-06,0.16260346615997331,0.16477679349079485,0.15198866852982634,0.19061284353648728,0.12495429414249559,0.20506393414042257
muestral,2017-01-09,0.16263268202137704,0.16472948217279337,0.15174409904396904,0.19091085162375465,0.12507094274718594,0.20491194239092
muestral,2017-01-10,0.16244992750034776,0.1647801581275424,0.15182688488338683,0.19082756328324468,0.12507764211031144,0.20503782409516688
muestral,2017-01-11,0.16243882139839255,0.16486510375677474,0.15188356279506748,0.1907803314819478,0.12521974023323418,0.20481244033458332
muestral,2017-01-12,0.1623498590943406,0.1649415097336615,0.15190873489382728,0.19071889378663207,0.12522593267986576,0.20485506981167295
muestral,2017-01-13,0.16244123553682996,0.16507241653359392,0.15209015643441223,0.19058969263678355,0.12501326109194544,0.204793237766435
muestral,2017-01-17,0.1622089502184744,0.16521222609856356,0.1519463179905554,0.19110536853864743,0.12490162851576868,0.2046255086379907
muestral,2017-01-18,0.16217003096980986,0.16516725875516164,0.15175208049508193,0.19116403953639804,0.12512300058210357,0.2046235896614449
muestral,2017-01-19,0.16205437697579206,0.16517953022050771,0.15158027566206828,0.19137385979446664,0.12502726693783167,0.20478469040933367
muestral,2017-01-20,0.16120854305842033,0.16486836587729184,0.15116518044844618,0.189933793126876,0.12843933063296822,0.20438478685599737
muestral,2017-01-23,0.16085433216209702,0.16542744656578323,0.15099287817538923,0.18917907004658518,0.12883049319101397,0.20471577985913125
muestral,2017-01-24,0.16074766663834128,0.16551021273484232,0.15083398411843515,0.18926828020628678,0.1288341112530447,0.20480574504904983
muestral,2017-01-25,0.16079534089917932,0.16545150424346974,0.15089659584231171,0.18917484909133275,0.12891142291811133,0.2047702870055952
muestral,2017-01-26,0.16138879730584474,0.1651761039608398,0.15049860213130895,0.18932438651623984,0.12829240746238918,0.2053197026233775
muestral,2017-01-27,0.16144236359594433,0.1650918074109566,0.15077008620250273,0.18876632923417255,0.1283760179875837,0.20555339556884006
muestral,2017-01-30,0.1614639695360506,0.16543012252755673,0.15106469120663737,0.18911159920342926,0.12825092981817096,0.20467868770815517
muestral,2017-01-31,0.16028002959337267,0.16849036524135572,0.1504965567339489,0.18723142710465468,0.12772724238109992,0.2057743789455681
muestral,2017-02-01,0.16008286314453712,0.1687164059227641,0.1509136350133046,0.18675525441271718,0.1277387061594646,0.2057931353472124
muestral,2017-02-02,0.16021504550333365,0.16843617568829727,0.15122704195081152,0.18660997161347476,0.1279236605613605,0.2055881046827223
muestral,2017-02-03,0.16015325010922524,0.16805067829421258,0.15125044161639625,0.1866452833035149,0.12806249499543862,0.20583785168121232
muestral,2017-02-06,0.16006671344557566,0.16838540109161995,0.15111792363530976,0.18649010824002532,0.1280263031320241,0.2059135504554453
muestral,2017-02-07,0.1600411404571859,0.16833395673064439,0.15124216190110104,0.18672211735143887,0.12799121153377221,0.20566941202585776
muestral,2017-02-08,0.16012506400376703,0.16837486945448463,0.15113685407547747,0.18656184575167054,0.1280011755012042,0.20580019121339593
muestral,2017-02-09,0.16025077605143712,0.16823401521228729,0.15089785665331648,0.1865052646216239,0.12805580668311284,0.20605628077822244
muestral,2017-02-10,0.16020037716855762,0.1682481648686401,0.15092789792436645,0.1864569485334443,0.1280625212250238,0.2061040902799677
muestral,2017-02-13,0.16055310310055393,0.16824599198009393,0.1506079660457001,0.18632841065601896,0.12801793251014748,0.20624659570748563
muestral,2017-02-14,0.160525555250403,0.16829184516689727,0.15061364231753535,0.18622739296837315,0.12802669049868914,0.2063148737981021
muestral,2017-02-15,0.16049226512988887,0.1683899051727289,0.15056382729352716,0.18619291109295733,0.12797415801897985,0.206386933291918
muestral,2017-02-16,0.16040503358715238,0.16847106344702872,0.15028510158197092,0.18626814159220365,0.12799759238520475,0.20657306740643966
muestral,2017-02-17,0.16014661977798703,0.16841645554911716,0.15054434363454883,0.18681429629540372,0.12774276319578065,0.2063355215471625
muestral,2017-02-21,0.1598935356127853,0.16842616586619777,0.15058386335591945,0.18697677527289763,0.1278344767150364,0.2062851831771634
muestral,2017-02-22,0.15975242383083832,0.16825454239782256,0.15110234802245426,0.18690753892777023,0.127716313735792,0.20626683308532248
muestral,2017-02-23,0.15769033536287408,0.1690093649410563,0.15006137165201594,0.18764957265563886,0.1282302104365296,0.20735914495188515
muestral,2017-02-24,0.15756121167971668,0.16906832329562574,0.14998577377304065,0.1877105521737065,0.12820377968381322,0.2074703593940973
muestral,2017-02-27,0.15747457929651074,0.16889196603046136,0.15000627657116658,0.187724197059977,0.12816879333091497,0.20773418771096924
muestral,2017-02-28,0.15725996836359013,0.16896522685452528,0.15028940491613454,0.18792151364533172,0.1282038099476085,0.20736007627280972
muestral,2017-03-01,0.157357511170804,0.1690175257805854,0.15002884417323153,0.18785188950616227,0.12824725234833584,0.20749697702088093
muestral,2017-03-02,0.157059853467649,0.16913175179787723,0.15019039874850598,0.18796872628478783,0.12819710841088788,0.2074521612902921
muestral,2017-03-03,0.15706022581838003,0.16908630139173303,0.15023141191612038,0.1880493631187975,0.12815422189335823,0.20741847586161075
muestral,2017-03-06,0.1570932740738061,0.16912038240044674,0.15017655797033505,0.18804683538349945,0.12814052313201574,0.2074224270398968
muestral,2017-03-07,0.1569699362063883,0.16914325388218351,0.15041133615400507,0.1879252671960813,0.1281863098745981,0.20736389668674376
muestral,2017-03-08,0.15691159451130418,0.16914643943976854,0.15046821075515776,0.1879693086251219,0.12824214515575785,0.20726230151288982
muestral,2017-03-09,0.15637253566776482,0.16931025573267885,0.15020003641159757,0.1882063260711089,0.12826821190619167,0.20764263421065832
muestral,2017-03-10,0.15637968611979838,0.16932615301906312,0.1501780119602936,0.18820184215112845,0.12825690552485272,0.20765740122486376
muestral,2017-03-13,0.15611303212600017,0.16952380343166812,0.15002896497937965,0.18833612853082096,0.12824593046765936,0.2077521404644718
muestral,2017-03-14,0.15599669524285883,0.16954236126797806,0.14980035014488216,0.18840093361950866,0.1283481006508975,0.2079115590738747
muestral,2017-03-15,0.15599393778105655,0.16953838293273435,0.14998423829538,0.18832179173791064,0.128130810403992,0.20803083884892645
muestral,2017-03-16,0.15596997021684017,0.16957146399761647,0.14990416413454236,0.18832150816527585,0.1281755238989597,0.20805736958676535
muestral,2017-03-17,0.15560065489308267,0.16950989739570946,0.1501091215747894,0.18848209971286212,0.12812658324108464,0.20817164318247167
muestral,2017-03-20,0.15549472263695785,0.16950078077551206,0.15012131990213148,0.18850430811394317,0.12812970914024216,0.20824915943121333
muestral,2017-03-21,0.1552579711160269,0.1697672949658793,0.14970884570245233,0.18903927058745837,0.12822062698707376,0.20800599064110928
muestral,2017-03-22,0.1553865379159536,0.16984609819968724,0.14955162703248298,0.1888916817400052,0.12827976348204514,0.20804429162982582
muestral,2017-03-23,0.15514204562018682,0.16972567218377277,0.1495985983760295,0.18896585446175698,0.12839233301154798,0.20817549634670607
muestral,2017-03-24,0.15617016258335917,0.16882035603548334,0.14957443369753395,0.18914506190439045,0.12840626262369065,0.20788372315554246
muestral,2017-03-27,0.15616547979145054,0.16891847196222393,0.14955082695878372,0.18908904943800756,0.12837638488951486,0.20789978696001946
muestral,2017-03-28,0.15618974879916622,0.168826787929899,0.14952868636217437,0.18900252235839654,0.1284091412905974,0.2080431132597664
muestral,2017-03-29,0.15619728600613772,0.1687337559603672,0.14977080426460104,0.18886227823126894,0.1284595176955288,0.20797635784209642
muestral,2017-03-30,0.15635847422076207,0.16861380742100782,0.14968446194202736,0.1889005117279581,0.12841610181717053,0.20802664287107409
muestral,2017-03-31,0.1562862182077699,0.1686249193592978,0.14967911638266315,0.18890420422558862,0.12841757865159015,0.2080879631730903
muestral,2017-04-03,0.15653228008087283,0.1687263748390514,0.14896787724852317,0.18909756907801986,0.12860897042743674,0.20806692832609597
muestral,2017-04-04,0.15595313124655502,0.16889005139642135,0.1501413012536767,0.1888929563799688,0.12850461946607067,0.20761794025730762
muestral,2017-04-05,0.15593255360112884,0.1690181397456685,0.14994112388125155,0.18900817227422326,0.12847262365922082,0.20762738683850696
muestral,2017-04-06,0.1558416040792068,0.16908369874137713,0.15009008693167586,0.18871471158713837,0.1287276559956489,0.20754224266495275
muestral,2017-04-07,0.15588870419345316,0.16908368695257273,0.15016441554110557,0.18867600418883504,0.12869389144224935,0.20749329768178407
muestral,2017-04-10,0.1559849574107696,0.16900413016721413,0.15008429479029234,0.18864354285909452,0.12879218400233644,0.20749089077029284
muestral,2017-04-11,0.15595580721381566,0.16895613362722098,0.1500048017539215,0.18866210181549975,0.128946138835968,0.20747501675357416
muestral,2017-04-12,0.15597238236395,0.1688863846585632,0.14971758874995178,0.18866469048195786,0.1289538354331693,0.207805118312408
muestral,2017-04-13,0.15586145432587084,0.16882655361379842,0.14984359388676133,0.18871563299350963,0.1289546644301837,0.20779810074987606
muestral,2017-04-17,0.15496127090042974,0.16845306728973541,0.1497795970936701,0.18795984035384666,0.13162264043810817,0.20722358392420984
muestral,2017-04-18,0.1549793498423485,0.16876776577141198,0.14955164467090037,0.1880921621739212,0.13112116572782181,0.20748791181359622
muestral,2017-04-19,0.15469814123941428,0.16911292695681404,0.14925228244628885,0.1883832634397653,0.13084915738034147,0.20770422853737605
muestral,2017-04-20,0.1546584400057646,0.16913355805164823,0.14933802476551503,0.18834392322281399,0.130826660179118,0.20769939377514024
muestral,2017-04-21,0.15460856946553694,0.16888177468087878,0.1497259990440405,0.18837989050591614,0.13063721590422525,0.2077665503994024
muestral,2017-04-24,0.15467396957828627,0.16894442832258738,0.1498046789749695,0.1885838121226173,0.13071663081650522,0.2072764801850345
muestral,2017-04-25,0.15363766868588005,0.17372165231633102,0.14891300100552918,0.18679132035505297,0.12943375259152903,0.20750260504567772
muestral,2017-04-26,0.15360721953144582,0.17357939649088944,0.1492164651754006,0.18684319475891573,0.12943142521269116,0.20732229883065723
muestral,2017-04-27,0.15345530381974873,0.17374595254808983,0.1492446018403263,0.1869481178362951,0.1293337940770307,0.20727222987850935
muestral,2017-04-28,0.15380609903048265,0.1738806478076332,0.14917710004059634,0.18690202955114443,0.1295395492725543,0.20669457429758897
muestral,2017-05-01,0.15341168528408136,0.1736678714868879,0.14916580148199385,0.18711291505318278,0.12939268129487708,0.20724904539897715
muestral,2017-05-02,0.15331457179283042,0.1736603209723228,0.14909535057797674,0.18714906706539763,0.12943189143995726,0.20734879815151516
muestral,2017-05-03,0.15335324654135257,0.17362582977115476,0.14899066714334613,0.18710551022996966,0.12942264056322944,0.20750210575094757
muestral,2017-05-04,0.15353237346329418,0.1735857453725849,0.14839438804591615,0.18721504535397016,0.12933232456025315,0.20794012320398136
muestral,2017-05-05,0.1534919063494948,0.17360525582501055,0.14833918925936804,0.1870838991865915,0.1293509001446071,0.20812884923492794
muestral,2017-05-08,0.1535173388237135,0.17367777356229216,0.14852027448716593,0.18686509671894816,0.12925439038040298,0.2081651260274773
muestral,2017-05-09,0.1539679398227369,0.17355082700416086,0.14826016315968954,0.18696260242948243,0.1291757070748679,0.20808276050906227
muestral,2017-05-10,0.14983028714963764,0.17468262257857628,0.14873194400983666,0.18795967640653855,0.12945206962292635,0.20934340023248443
muestral,2017-05-11,0.1497283271229381,0.17469977441689843,0.1486639218197222,0.1879952345371277,0.1294914746476534,0.20942126745566003
muestral,2017-05-12,0.1497139232789845,0.1746548470270712,0.1486793605946695,0.1879918727168689,0.12947137523629326,0.20948862114611275
muestral,2017-05-15,0.14956770604137212,0.1744940798332673,0.14844370709667531,0.18861151788109734,0.12932165029939532,0.20956133884819253
muestral,2017-05-16,0.14953128102451915,0.17444312233998907,0.14847271331202438,0.1886276955670863,0.12939220870850163,0.2095329790478795
muestral,2017-05-17,0.14848290256633445,0.17504699413182315,0.14868233207341428,0.18837740137972725,0.1295568599446896,0.20985350990401122
muestral,2017-05-18,0.14820011444202877,0.17519873799404154,0.1486516649565981,0.1882686673005853,0.1296574981404221,0.2100233171663241
muestral,2017-05-19,0.14815229256474297,0.17521376763897575,0.1486973453191503,0.18827718894191098,0.12964688301461766,0.21001252252060235
muestral,2017-05-22,0.14805488483237125,0.17523859321912552,0.148750452223175,0.1882988870902461,0.1296740535423895,0.20998312909269265
muestral,2017-05-23,0.14800153843313407,0.1752974258153462,0.14862395357735736,0.18828248783638055,0.12970301744086227,0.21009157689691954
muestral,2017-05-24,0.14800286782662084,0.17523857253547315,0.14841397515562454,0.18833883315125313,0.12976891941771299,0.21023683191331538
muestral,2017-05-25,0.1487578201959888,0.17518857708838526,0.1479900609216478,0.18836413446796962,0.12959285628603856,0.2101065510399702
muestral,2017-05-26,0.14865951675502145,0.1752457239681984,0.14785099426117587,0.18842541467741392,0.12965896769804008,0.21015938264015038
muestral,2017-05-30,0.14856115538330902,0.1751755635428087,0.147633556257865,0.18857871439090432,0.12965999225330024,0.21039101817181283
muestral,2017-05-31,0.14855947204201223,0.1751629399387981,0.14766308248875926,0.18861648920681193,0.12964135834105123,0.21035665798256728
muestral,2017-06-01,0.14861626675690495,0.1751673426729152,0.14767012223819828,0.18860942684054488,0.12963595353031016,0.2103008879611266
muestral,2017-06-02,0.14861416635608862,0.17517717891106943,0.14770000091921673,0.18868181952148924,0.1295800789895172,0.21024675530261883
muestral,2017-06-05,0.14839071156664016,0.17530390475207944,0.147629754790381,0.18880235452701807,0.12961513013851853,0.21025814422536274
muestral,2017-06-06,0.1483798198892488,0.1752580659292547,0.14772308871056694,0.18878810785012498,0.12963914501551238,0.2102117726052923
muestral,2017-06-07,0.148514011203582,0.17525285923625353,0.1472727505192936,0.18901443343628008,0.12965107378096344,0.2102948718236273
muestral,2017-06-08,0.1477417953149163,0.1756193445056566,0.14707491765488495,0.1890422943972433,0.1299465119268075,0.21057513620049137
muestral,2017-06-09,0.14669887297720638,0.17599878429677843,0.14734336777423412,0.18927220721847987,0.13021879216609583,0.2104679755672053
muestral,2017-06-12,0.14680399819063328,0.17590239974921604,0.14753736654682592,0.18931591025733474,0.12996286154798486,0.21047746370800513
muestral,2017-06-13,0.14716326842463603,0.17589855418101846,0.14701742858961916,0.18925082019638909,0.13008448462328406,0.2105854439850531
muestral,2017-06-14,0.14711652197773734,0.17598620403468243,0.14695291284221979,0.1892782933163938,0.1300693693081487,0.21059669852081794
muestral,2017-06-15,0.147190948005968,0.17591209236451463,0.14692487031797186,0.18929764991059797,0.13017113157247953,0.21050330782846807
muestral,2017-06-16,0.1472107213546394,0.17581419836623566,0.14706319575431834,0.18932540196709619,0.1300906117611832,0.21049587079652723
muestral,2017-06-19,0.14695873644349428,0.1761719619323337,0.14713891555433684,0.1892367822711272,0.13003043586854954,0.21046316793015854
muestral,2017-06-20,0.14696744817441512,0.17623843840759584,0.14715417050034912,0.18924645308513321,0.13003384230110887,0.21035964753139783
muestral,2017-06-21,0.14689204770176573,0.17621321424074884,0.14705506736378934,0.18946357113230572,0.13007640006144122,0.21029969949994903
muestral,2017-06-22,0.14636259423582693,0.1763271027162727,0.14725565663593546,0.18998289491420292,0.12997456097271154,0.21009719052505033
muestral,2017-06-23,0.14645155847684432,0.1764191592421644,0.1472781597731889,0.1897586787604326,0.12993728023197004,0.21015516351539976
muestral,2017-06-26,0.1464244342285524,0.17643548761902736,0.1471904802967387,0.18983669881230042,0.13011414149206899,0.20999875755131228
muestral,2017-06-27,0.14636465588324446,0.17681608502441912,0.14692225207888426,0.1899610149727418,0.13007128461083087,0.20986470742987934
muestral,2017-06-28,0.14634403091897266,0.17686859419699802,0.14670333251084458,0.19015078524997364,0.12982805989399318,0.21010519722921805
muestral,2017-06-29,0.14608093004234324,0.17714249653615194,0.14674980154848707,0.19033948897556574,0.13002087567336507,0.20966640722408694
muestral,2017-06-30,0.14602940149382174,0.17710471398188607,0.14679760602705347,0.1904809017910078,0.12999139745496213,0.20959597925126883
muestral,2017-07-03,0.14563419668693908,0.1771090133550528,0.14699510526398465,0.19042422266147432,0.13001808594257802,0.20981937608997106
muestral,2017-07-05,0.14564711928512697,0.17709133474865074,0.1471032545025727,0.19036818523981558,0.12998731067015828,0.20980279555367568
muestral,2017-07-06,0.14596580726431155,0.17710037225923825,0.1468453023423717,0.19037132279203575,0.13004537294231883,0.209671822399724
muestral,2017-07-07,0.1457437867603157,0.17712364150146057,0.1474316763489969,0.19034093740823443,0.1296829204856319,0.20967703749536049
muestral,2017-07-10,0.14529004282945118,0.17711682252539815,0.14762802978858722,0.19035400157907648,0.12981482550266446,0.20979627777482238
muestral,2017-07-11,0.1451946765491747,0.17735067168312346,0.14714329710364726,0.19050285486787807,0.12971688088076042,0.21009161891541608
muestral,2017-07-12,0.14446799542676153,0.17767811364060646,0.14711464075134995,0.19037476312991852,0.1298159022370975,0.21054858481426605
muestral,2017-07-13,0.14432785759630395,0.17779128344480122,0.14705347125462817,0.19026095242482344,0.1297243952468019,0.21084204003264137
muestral,2017-07-14,0.1442488186676597,0.17797608123824063,0.147037295356325,0.19022757426415873,0.1297724971792033,0.21073773329441248
muestral,2017-07-17,0.14327250050663495,0.17762815616204303,0.14567734189878748,0.1884715139815532,0.13426163072269148,0.2106888567282898
muestral,2017-07-18,0.14048851057745262,0.17454338537842587,0.1440375559012103,0.1874407015624666,0.12821848303319092,0.2252713635472538
muestral,2017-07-19,0.1404746398258445,0.17454872691922638,0.14404864524938132,0.18747214237478935,0.12820044810430994,0.22525539752644844
muestral,2017-07-20,0.14043430781690877,0.1745470968239607,0.14426520939990178,0.18741160225496134,0.12812870314330801,0.2252130805609596
muestral,2017-07-21,0.1405389565822829,0.17449100672037288,0.14418767571316243,0.18754774681017605,0.12810980121858256,0.22512481295542322
muestral,2017-07-24,0.14037804830501036,0.17437762423683237,0.1437245258962952,0.18757540616413027,0.12810982308732602,0.22583457231040568
muestral,2017-07-25,0.14028080707571666,0.17586211875621036,0.14365328699238128,0.1878229166922881,0.1280969253560049,0.22428394512739877
muestral,2017-07-26,0.14018035875758153,0.17537006528195215,0.14411157445894154,0.18841221793421886,0.12820314170798183,0.22372264185932417
muestral,2017-07-27,0.13996610952304417,0.17507837598238737,0.1442570485855231,0.1894318913771911,0.12791717419712514,0.22334940033472916
muestral,2017-07-28,0.139962695773552,0.17512174059713967,0.14420709968872186,0.18951835954199744,0.1278881464229285,0.22330195797566063
muestral,2017-07-31,0.14012360250537906,0.17479201135079842,0.14403031282379744,0.18925970055914965,0.12831553967352777,0.22347883308734773
muestral,2017-08-01,0.1401205874506858,0.17475425839893133,0.1440302571868953,0.18932488292459304,0.12820981616287244,0.22356019787602216
muestral,2017-08-02,0.14009578108699822,0.1747653625035306,0.14408184104548835,0.18932209823118082,0.12823622236157772,0.2234986947712244
muestral,2017-08-03,0.14000693016329885,0.17464041118466173,0.143967205142996,0.18924145671241863,0.12882022299353052,0.22332377380309418
muestral,2017-08-04,0.13987184454688908,0.17450658808456776,0.14376030321294184,0.18952272972369574,0.1288211189291522,0.22351741550275347
muestral,2017-08-07,0.13958322423002864,0.17448384467929062,0.14511712170691468,0.18941042088053678,0.12815850845669452,0.22324688004653473
muestral,2017-08-08,0.14003901894098048,0.17437247516546744,0.1451175740077992,0.189316069983336,0.1280290560040838,0.22312580589833308
muestral,2017-08-09,0.14013782116620452,0.1743396668151526,0.14510424553861523,0.1893381989742859,0.12798527401734244,0.2230947934883994
muestral,2017-08-10,0.13970694367573375,0.17427381534155922,0.14522682683104382,0.1892360211163473,0.1278627079240012,0.22369368511131457
muestral,2017-08-11,0.1396143208515506,0.17431338003855765,0.14523142636968642,0.1892185481623648,0.12790874832911645,0.22371357624872415
muestral,2017-08-14,0.13870257639858058,0.17440567522869954,0.1453786764743447,0.18921485707321567,0.1283674160967244,0.22393079872843505
muestral,2017-08-15,0.13865689951354987,0.17441849720359837,0.14537485088546925,0.18927909629415596,0.1283118638328256,0.22395879227040102
muestral,2017-08-16,0.13848175608513286,0.17438150731161012,0.14571331413678448,0.18903569949131663,0.12836069917963752,0.22402702379551837
muestral,2017-08-17,0.13849802390196175,0.17446686596903793,0.1455886893544749,0.18905247781607187,0.1284626545285934,0.22393128842986032
muestral,2017-08-18,0.13851341474151652,0.1744818650547699,0.1456566367245084,0.1890422859099299,0.12853310055134223,0.22377269701793287
muestral,2017-08-21,0.1380553029444516,0.17395156474374932,0.14562711403795958,0.19038307113130987,0.12949639832828672,0.2224865488142429
muestral,2017-08-22,0.1368175447546824,0.17322337258750004,0.14511400381005174,0.19090492226638006,0.1299320622654651,0.2240080943159205
muestral,2017-08-23,0.13569372599029653,0.17448062551168358,0.14458655561177616,0.19102461432722767,0.13001916825644044,0.22419531030257556
muestral,2017-08-24,0.13560684894869443,0.17448924902100657,0.14463901100306334,0.1910658654853425,0.13016856847529007,0.22403045706660318
muestral,2017-08-25,0.13500748673125773,0.17537171572932655,0.14087072587784563,0.18954531249625667,0.13002151838122833,0.22918324078408522
muestral,2017-08-28,0.13462149993580227,0.17541578013121967,0.1424036845712419,0.1893084683534346,0.13079590531354102,0.2274546616947605
muestral,2017-08-29,0.13467155839562733,0.1753900922012106,0.14245942046342255,0.18938157883992202,0.13078315106339736,0.2273141990364202
muestral,2017-08-30,0.1347726752166744,0.17524199611674393,0.1421239843189872,0.18955223248766384,0.1306080438956477,0.22770106796428302
muestral,2017-08-31,0.13460932830954314,0.1749330702461266,0.1420506622462628,0.18879802600074913,0.13195341499477814,0.22765549820254022
muestral,2017-09-01,0.13448970831138465,0.1750144289643759,0.14224022484916435,0.1891229086352684,0.13112112009393373,0.22801160914587293
muestral,2017-09-05,0.13404000501409796,0.17486170483405128,0.14205139621734994,0.18943285994391426,0.1316622004020908,0.22795183358849577
muestral,2017-09-06,0.13418421135836,0.17486256365661915,0.14207618002474565,0.1890271811511117,0.13170607480489607,0.2281437890042674
muestral,2017-09-07,0.13445203517401916,0.17537579779329765,0.14204774995149078,0.18884725560463647,0.13069169102719225,0.22858547044936364
muestral,2017-09-08,0.1343288830463415,0.17531979194920602,0.14198689920240656,0.1888652130337282,0.13088086686716263,0.22861834590115512
muestral,2017-09-11,0.13422947396819956,0.17551247516380009,0.1410357340026524,0.189043310991723,0.13067469732522813,0.2295043085483969
muestral,2017-09-12,0.1342297809290961,0.17552944610052001,0.14105247881522068,0.1890612570982206,0.13061664136775603,0.22951039568918666
muestral,2017-09-13,0.13422546579795583,0.17556784806863537,0.14093877571306146,0.1890157424909696,0.13073031227008042,0.22952185565929736
muestral,2017-09-14,0.13413732823145796,0.1753279716916509,0.140982594956444,0.18881518705977784,0.13094144855004825,0.22979546951062094
muestral,2017-09-15,0.13368956894622963,0.17537794463455006,0.1412737057919974,0.18865016827256362,0.1314260935014993,0.22958251885315992
muestral,2017-09-18,0.13357990805896314,0.17559817312945544,0.1411486631285342,0.18868762916616,0.1313202472837971,0.2296653792330901
muestral,2017-09-19,0.13353749102224857,0.17544649491452777,0.14109635534441503,0.18859260554751925,0.13136490770168674,0.22996214546960264
muestral,2017-09-20,0.1335150460137808,0.17551884354994407,0.14112075246631112,0.18863804273225857,0.1311747156375161,0.23003259960018937
muestral,2017-09-21,0.1333987711485793,0.17531776449879563,0.14066234121084592,0.18898202582407228,0.13116186629415463,0.23047723102355216
muestral,2017-09-22,0.1334186221699498,0.17531830514181895,0.14025726781803724,0.18914900686292357,0.13124312748780342,0.2306136705194671
muestral,2017-09-25,0.1330821131511074,0.1756296110475394,0.14072706591432532,0.18765639796823697,0.13134894447582068,0.2315558674429703
muestral,2017-09-26,0.13265717005422448,0.1756399283336101,0.14076685903251346,0.18764772269891458,0.13119485424617863,0.23209346563455868
muestral,2017-09-27,0.13201343715995598,0.1762056293687702,0.14105783071173555,0.18814549635570474,0.1308705627431409,0.23170704366069256
muestral,2017-09-28,0.13175718607113018,0.17631258019700277,0.14099792619421567,0.18858874962366298,0.1308504642961196,0.23149309361786863
muestral,2017-09-29,0.13166119344752722,0.1764216358310058,0.1400696396515911,0.18907137706238747,0.13117867227228153,0.23159748173520678
muestral,2017-10-02,0.13168431915598566,0.17651288594103892,0.14010829062228647,0.18904434916059235,0.13108450151312154,0.23156565360697504
muestral,2017-10-03,0.13165508164233208,0.1766710403767812,0.1402001030969895,0.18877606124442808,0.1306027708259675,0.23209494281350182
muestral,2017-10-04,0.13154992593583803,0.1765812395870625,0.13941672116730866,0.1889273012240576,0.13088360769869775,0.23264120438703556
muestral,2017-10-05,0.13172578963414394,0.17671027816060136,0.13986270788463656,0.18906251015304756,0.13055507424912188,0.23208363991844874
muestral,2017-10-06,0.13171077519020688,0.17655534810621717,0.14011927366215077,0.18911033292740456,0.13048266447708723,0.2320216056369335
muestral,2017-10-09,0.1318141498451733,0.1765779953675249,0.13992810336728317,0.18915237375787805,0.13050592641468148,0.23202145124745913
muestral,2017-10-10,0.13180355022794374,0.1765480748756813,0.13991678318386028,0.18914906544484084,0.13056515193421878,0.23201737433345504
muestral,2017-10-11,0.13182640507502189,0.176665361424197,0.13987357758937288,0.18921912174887762,0.13061364724830052,0.23180188691423012
muestral,2017-10-12,0.13183206843378226,0.1766750607082157,0.13984392387672556,0.18923269072882115,0.13066880054881688,0.23174745570363853
muestral,2017-10-13,0.1317880715958249,0.17671566239145653,0.13988845313053225,0.18921144708272292,0.13060876859269868,0.23178759720676478
muestral,2017-10-16,0.13170673182686277,0.17690966598563188,0.1399826430243387,0.18929476555413893,0.13013837675073117,0.2319678168582964
muestral,2017-10-17,0.13171663392139465,0.17699791972774537,0.14009818078246997,0.1894213207378755,0.12989592431745772,0.23187002051305686
muestral,2017-10-18,0.13163050295041875,0.17686234098235312,0.14014244694107808,0.1894757158117212,0.12993185246074804,0.23195714085368085
muestral,2017-10-19,0.1309451115826975,0.17657905064167403,0.14106361138676307,0.18888362640401107,0.1297926421296289,0.23273595785522547
muestral,2017-10-20,0.13095701813106345,0.17656375692536383,0.14100040133692415,0.18868981064307846,0.12975943519709351,0.2330295777664766
muestral,2017-10-23,0.13142554680995078,0.1765573588671347,0.14077634615054305,0.18887655989134913,0.1296304724162208,0.23273371586480138
muestral,2017-10-24,0.1302280645946042,0.1780502803307254,0.13890997322461693,0.18807584526375537,0.1289005806028433,0.23583525598345495
muestral,2017-10-25,0.12962525676099634,0.17812921816614663,0.13875232856225453,0.18803212193418883,0.1289970252860039,0.23646404929040957
muestral,2017-10-26,0.12962429186024518,0.1780950735095103,0.1388350043643832,0.18803479401256049,0.1289849580405495,0.23642587821275146
muestral,2017-10-27,0.13094151470456414,0.17094501388760444,0.14261266027618807,0.1887052828446541,0.13107093859690241,0.23572458969008692
muestral,2017-10-30,0.13098746526023944,0.1708946742009856,0.14264137650929065,0.18866004353826132,0.13110818058515072,0.23570825990607233
muestral,2017-10-31,0.13082426784039594,0.17088134505401847,0.14260276944142714,0.18892129075308786,0.13095049978876036,0.23581982712231017
muestral,2017-11-01,0.13075142163064554,0.17071450188161608,0.1428190023869004,0.1889678469074777,0.13071289852611773,0.23603432866724244
muestral,2017-11-02,0.13091835946361408,0.170871386433198,0.1420004739883662,0.18867836258189102,0.13098687372269763,0.23654454381023304
muestral,2017-11-03,0.12965548212881367,0.17078276397056652,0.14435251469150234,0.18828244720035178,0.13121824766959223,0.23570854433917351
muestral,2017-11-06,0.12934891451340144,0.17094162954193565,0.14414947903289643,0.18910479016007564,0.13096118219421607,0.2354940045574749
muestral,2017-11-07,0.13107845093156506,0.17083770441713847,0.14388910143329595,0.18823536480648184,0.13084722521067335,0.23511215320084522
muestral,2017-11-08,0.13090734162891113,0.17066175823928864,0.14413430851726924,0.18801468205000427,0.13115697839893867,0.23512493116558814
muestral,2017-11-09,0.1308476147357039,0.17073002317491756,0.14426518167570104,0.18809774911392346,0.1310967275790439,0.23496270372071026
muestral,2017-11-10,0.1306099027301384,0.17088122494652797,0.14428520382928994,0.1881346603596163,0.13104368299460928,0.23504532513981807
muestral,2017-11-13,0.13051186618901697,0.17077799830086027,0.14428649680138522,0.1879882131444399,0.1312580819416096,0.23517734362268805
muestral,2017-11-14,0.12999029413772928,0.17100952100263567,0.14384339547558206,0.18864397175054762,0.1315270930139419,0.23498572461956338
muestral,2017-11-15,0.129714870360657,0.1705477651455329,0.14427703083526994,0.18793852929626254,0.1325053561691699,0.23501644819310782
muestral,2017-11-16,0.12974877215473737,0.17047321751997768,0.14432325003393767,0.1880286824656013,0.13269199174205645,0.23473408608368962
muestral,2017-11-17,0.12948857496250618,0.17072031725144313,0.14453004673402056,0.1881344302441631,0.13258260795833465,0.23454402284953238
muestral,2017-11-20,0.12951030397511176,0.17071093219961125,0.14442728845313407,0.18824735846126278,0.13260313656415929,0.2345009803467209
muestral,2017-11-21,0.12957584022521385,0.17074797454267146,0.14390905062027395,0.18805515826993827,0.13289345974690173,0.2348185165950008
muestral,2017-11-22,0.1295879839467726,0.17077130736310547,0.14388326230582457,0.18803815400369517,0.13288036358093697,0.23483892879966523
muestral,2017-11-24,0.12951503751916768,0.17056785772386313,0.14378432166353297,0.1880853439009152,0.13303850080660667,0.23500893838591436
muestral,2017-11-27,0.12946551057537753,0.17056000486369846,0.14416643450127195,0.18795623566341255,0.13304970280264802,0.2348021115935915
muestral,2017-11-28,0.12942431138399246,0.17053451418406093,0.14420629792986717,0.18793551458270147,0.13315449842908939,0.23474486349028859
muestral,2017-11-29,0.1284412265678022,0.1713154748566853,0.14475137708257782,0.18733308242433094,0.13285969045919424,0.23529914860940937
muestral,2017-11-30,0.12825009974407245,0.17095571036886859,0.14474647655532,0.18740725649227608,0.13245978619127877,0.23618067064818396
muestral,2017-12-01,0.12822709608396404,0.1709117386701038,0.14493384074198007,0.18742559213819615,0.1323540926030392,0.23614763976271683
muestral,2017-12-04,0.12748714517722706,0.17076900488135308,0.14522975545409356,0.187424303993424,0.13262694178206016,0.236462848711842
muestral,2017-12-05,0.12773526249053524,0.17057579500345985,0.14476401004612607,0.18750080803291339,0.13284777543176463,0.23657634899520086
muestral,2017-12-06,0.12799567386809602,0.17058102530519356,0.14429576530426302,0.18724092261870642,0.13341575948429168,0.23647085341944915
muestral,2017-12-07,0.128020789699229,0.170689288253099,0.14435678211087252,0.18703332690076213,0.13355133740695807,0.23634847562907932
muestral,2017-12-08,0.12810885458422025,0.17070268739467687,0.14404995474066823,0.18714074713440743,0.1334741871626805,0.23652356898334662
muestral,2017-12-11,0.12808631570029658,0.17071205040106918,0.14375639196601364,0.18723762711501019,0.13363415785417745,0.23657345696343293
muestral,2017-12-12,0.12756910206427763,0.1710861991645783,0.14429852234987867,0.1876566337474235,0.13357741482115723,0.23581212785268457
muestral,2017-12-13,0.12720411655110447,0.1713404140196297,0.14404834667107552,0.18795753732265408,0.13347175725948685,0.23597782817604934
muestral,2017-12-14,0.1272057330283241,0.17131499523000812,0.1440530232410608,0.18798015117636535,0.13348283966955818,0.23596325765468348
muestral,2017-12-15,0.12632502250901986,0.17140403134313575,0.14493671855793383,0.18777006878365135,0.13359355327535472,0.23597060553090457
muestral,2017-12-18,0.12626583304315156,0.17138691500754138,0.14506144323563458,0.18780010186149834,0.1335670744031158,0.2359186324490584
muestral,2017-12-19,0.12616840105407803,0.17117180650891256,0.1446747345853649,0.1879906462004026,0.13376591655222334,0.2362284950990186
muestral,2017-12-20,0.12625309799910286,0.1711045914952071,0.14468698526567328,0.1879604868414071,0.13377800025352912,0.2362168381450806
muestral,2017-12-21,0.12624329288713576,0.17110438185607366,0.14472406050920653,0.18794965499135902,0.13378361865392177,0.2361949911023033
muestral,2017-12-22,0.12624400283068155,0.17108454880553614,0.14463055359569466,0.1879707654258706,0.13385759543892198,0.23621253390329514
muestral,2017-12-26,0.1263192619170371,0.17121638533682385,0.14448924054557755,0.18790695550960906,0.13383351008365488,0.2362346466072977
muestral,2017-12-27,0.1262038362720966,0.17135832899493128,0.14425687476536797,0.18796199798780103,0.13368629787549402,0.23653266410430906
muestral,2017-12-28,0.12601086119660643,0.17166540994047402,0.14451363338990605,0.18772041972390854,0.13335306604065766,0.23673660970844732
muestral,2017-12-29,0.12592351921599892,0.17154012138606348,0.14435470039964804,0.18777208200994203,0.13354148849442485,0.23686808849392266
muestral,2018-01-02,0.12605423586791678,0.17215293700377798,0.1439542629886181,0.18754733198460596,0.13317352768233068,0.23711770447275055
muestral,2018-01-03,0.12438782174422709,0.17402695598086257,0.14583810085376175,0.18648846959532542,0.13284301609462162,0.23641563573120145
muestral,2018-01-04,0.12436969366407108,0.17404697908367603,0.14583358476998148,0.18646763193410595,0.13288004341039542,0.23640206713776982
muestral,2018-01-05,0.12440637593561946,0.17397318598635134,0.14590292988579295,0.18645105313910423,0.13305806727601793,0.2362083877771141
muestral,2018-01-08,0.12424555197458932,0.1743781680554258,0.14396890712733376,0.18820028117356188,0.13264445605473502,0.23656263561435437
muestral,2018-01-09,0.12431786520457143,0.1740701865378806,0.1440361968839358,0.18797478170253298,0.13277024953500288,0.23683072013607617
muestral,2018-01-10,0.12427826855276171,0.17418449978057962,0.1439078691313034,0.18793131802785168,0.13288127448900774,0.23681677001849574
muestral,2018-01-11,0.12429075222119275,0.1737113319775619,0.14381958990427868,0.18822011393233268,0.13274222798996538,0.23721598397466853
muestral,2018-01-12,0.12285078069659532,0.17499490937067677,0.14317271456050387,0.18757058692861867,0.13417388953565018,0.23723711890795524
muestral,2018-01-16,0.12224019748296519,0.17501933785647664,0.14338240964263066,0.18801831226384083,0.13389802736039477,0.2374417153936919
muestral,2018-01-17,0.12260873901389939,0.17551864564769293,0.14199053425886052,0.18841494144784812,0.13341443004685052,0.23805270958484853
muestral,2018-01-18,0.12254076783025052,0.17546235716156558,0.14184783365301418,0.18826232653899305,0.1336587457970377,0.23822796901913895
muestral,2018-01-19,0.12237735472147732,0.1755515652322718,0.14201422855562526,0.18832597569579138,0.13366870498442274,0.23806217081041142
muestral,2018-01-22,0.12260123710861358,0.17534999299924578,0.14242799761163702,0.1882022304974087,0.13370727555109554,0.23771126623199934
muestral,2018-01-23,0.12265676522336488,0.17572718455939293,0.14283600911281152,0.18910951975201468,0.13048354943926327,0.23918697191315272
muestral,2018-01-24,0.12242461783867398,0.1753427745775486,0.14300972972610454,0.18889895413799898,0.1307442860693465,0.23957963765032744
muestral,2018-01-25,0.12245056378146493,0.1752271495111378,0.14325159222948705,0.18891122442981054,0.1306526545026794,0.23950681554542028
muestral,2018-01-26,0.12151775294223867,0.17508338030102824,0.1429217149805143,0.1890105398860669,0.13171519696680897,0.23975141492334298
muestral,2018-01-29,0.11558113137132184,0.1772873931647588,0.1373244189345706,0.20529725992823109,0.12764893767889343,0.2368608589222242
muestral,2018-01-30,0.11541120513558775,0.1780251632337257,0.1372551858247753,0.2052044297971711,0.12762309101299069,0.23648092499574935
muestral,2018-01-31,0.11522196355379503,0.17718505878515337,0.1374094907178173,0.20575893746149534,0.12777116105265096,0.2366533884290879
muestral,2018-02-01,0.11547420977329274,0.17780602210909918,0.1388706263843156,0.20613724786619939,0.12777289083230753,0.2339390030347856
muestral,2018-02-02,0.11416804281686406,0.18038825408658543,0.139553097424278,0.20526369241386752,0.1273031856456269,0.23332372761277795
muestral,2018-02-05,0.11340272976466728,0.1820390379980138,0.14101386563034649,0.20449753771582213,0.12810870092567642,0.23093812796547383
muestral,2018-02-06,0.11190323807807633,0.18273772478204323,0.14226296846511016,0.2064330995519015,0.1278293543771332,0.2288336147457356
muestral,2018-02-07,0.11230404139314605,0.18286541467947193,0.14553081403714946,0.20796571948532122,0.12629525621718618,0.22503875418772515
muestral,2018-02-08,0.11380284733141544,0.18333111298365382,0.14379904356621173,0.20741182479327508,0.12748441990150505,0.22417075142393889
muestral,2018-02-09,0.1132575437486981,0.18456391444028628,0.14434326725827681,0.2070167158498834,0.12809555253236998,0.22272300617048543
muestral,2018-02-12,0.11348587291732003,0.1842915589021291,0.14470409410340607,0.20740484498108144,0.12753982525749774,0.22257380383856562
muestral,2018-02-13,0.11346973885359879,0.1841320586943305,0.14458423909521897,0.20765419020711837,0.12758388001237542,0.22257589313735804
muestral,2018-02-14,0.11379278024880624,0.18455979149036408,0.14571810000739505,0.20544761350043123,0.12756285622444036,0.22291885852856302
muestral,2018-02-15,0.11276797717057035,0.18399440306562728,0.14759917973799158,0.20678089265133853,0.1275067248977613,0.22135082247671098
muestral,2018-02-16,0.11179994322661647,0.1840232995622707,0.14766232176237798,0.2067089839123589,0.12784552874039296,0.2219599227959831
muestral,2018-02-20,0.11176731709096592,0.18408966692273288,0.1476249355418772,0.20687406236186762,0.1277279243380473,0.22191609374450913
muestral,2018-02-21,0.11139343129861072,0.1854742228288492,0.14903871321065823,0.20676699825729006,0.12724951787447633,0.2200771165301154
muestral,2018-02-22,0.11113057329954092,0.18543976078750135,0.14856743124142216,0.206901741915198,0.12753074115513904,0.2204297516011985
muestral,2018-02-23,0.11127295401208888,0.18563802853003175,0.14865464550894406,0.2065856553606022,0.12762259436008924,0.22022612222824386
muestral,2018-02-26,0.11118108788856645,0.18512102129737137,0.14928608308768096,0.20664676448878475,0.1276722751024278,0.22009276813516865
muestral,2018-02-27,0.11149254101447195,0.18549563967538607,0.14927174856806785,0.20639646648113938,0.12785578751680668,0.2194878167441282
muestral,2018-02-28,0.11147388530787808,0.18581773748663402,0.14890298228403548,0.20614684853729992,0.12817919204718164,0.21947935433697097
muestral,2018-03-01,0.11121873365541726,0.18755704245598054,0.14603541179238688,0.20656604358054123,0.1292455834995304,0.21937718501614373
muestral,2018-03-02,0.11122963020923961,0.18775715163480458,0.1460385617776926,0.20676676285254364,0.12897225806335624,0.21923563546236338
muestral,2018-03-05,0.1115320999385075,0.1877405583282674,0.14639621714454948,0.20639455795105502,0.12858096677105502,0.21935559986656555
muestral,2018-03-06,0.111425697426843,0.187637696662088,0.14667702389762388,0.20641491469203857,0.12855150085846648,0.21929316646294006
muestral,2018-03-07,0.11110435478782867,0.1878221205453394,0.14524936605160488,0.20655066631389263,0.12959000958820993,0.21968348271312443
muestral,2018-03-08,0.111161794724049,0.18789769802707848,0.14527727424021636,0.20640262085052338,0.1294750066404278,0.2197856055177051
muestral,2018-03-09,0.11116859103591994,0.1875820521749675,0.14624939546370927,0.20665103500387674,0.1290919214188786,0.219257004902648
muestral,2018-03-12,0.11116038085232065,0.187496991562868,0.14585749109700452,0.2068765421254563,0.12947896821781565,0.21912962614453496
muestral,2018-03-13,0.11122230813731532,0.18792024428435025,0.1458924140682588,0.20700207654866537,0.1292204631841936,0.21874249377721672
muestral,2018-03-14,0.11111813199796611,0.1878599698185359,0.14614237192869792,0.20694873088629553,0.12915324363916714,0.21877755172933738
muestral,2018-03-15,0.11109960263044324,0.18782852452644505,0.14617337755544968,0.20697379475140665,0.12912994520440396,0.21879475533185136
muestral,2018-03-16,0.11126659333974484,0.18738981389909704,0.1461828475580025,0.20744558144306544,0.12913397932324563,0.2185811844368445
muestral,2018-03-19,0.11175506896095024,0.18930267385563024,0.14687951424012424,0.20330706683751643,0.13039596434941433,0.21835971175636457
muestral,2018-03-20,0.11180285905478284,0.18896282997939853,0.147071703820074,0.20346710693236517,0.13042812651188176,0.21826737370149776
muestral,2018-03-21,0.11176153712852127,0.1889198479354369,0.1471775474022919,0.203415438345236,0.130366209043466,0.218359420145048
muestral,2018-03-22,0.11219367632679207,0.18910359295475954,0.1477602826949142,0.20334305292021743,0.13070579133487162,0.2168936037684452
muestral,2018-03-23,0.11227069084625806,0.18845132047876445,0.1484901478863668,0.2025744837698414,0.1313977275617591,0.21681562945701022
muestral,2018-03-26,0.1121033397517424,0.18764987805810857,0.1494898083796291,0.2042231448426946,0.13039010771268988,0.21614372125513548
muestral,2018-03-27,0.11228831261843222,0.18909516066863163,0.14805947694139113,0.20371884992889214,0.13109817255957634,0.21574002728307662
muestral,2018-03-28,0.11247321686518387,0.18759961741517156,0.14577161558887916,0.206111315563204,0.1305497279553202,0.21749450661224126
muestral,2018-03-29,0.11256583888152347,0.18898327570500323,0.14602957014931636,0.20470875998461194,0.1309724316060837,0.21674012367346138
muestral,2018-04-02,0.11293082191150253,0.18728093993743536,0.14568540811379296,0.2053431294329935,0.1309246435092036,0.21783505709507195
muestral,2018-04-03,0.1128437456350091,0.1869562791374447,0.14515349426929008,0.20586420964963528,0.13128620318020007,0.21789606812842074
muestral,2018-04-04,0.11310769554951346,0.1869945025436776,0.14360292365876343,0.20716070447566143,0.1313340963745832,0.21780007739780086
muestral,2018-04-05,0.11396593735106994,0.1865994676702167,0.1425913741174415,0.20657313362301843,0.131562940116846,0.21870714712140743
muestral,2018-04-06,0.11366135071961421,0.18631649628226152,0.1431575795100705,0.2069737656358947,0.13149322065574567,0.21839758719641333
muestral,2018-04-09,0.11361032125858515,0.18655679056426844,0.14335080732358668,0.20663727516536665,0.1313381537967931,0.21850665189139998
muestral,2018-04-10,0.11332102949976386,0.18697644327094004,0.14302549132417244,0.20548402305940677,0.1318376091372332,0.21935540370848378
muestral,2018-04-11,0.11325891834044825,0.18685642822611817,0.14295046353562205,0.20576292628719342,0.1319590653318475,0.21921219827877061
muestral,2018-04-12,0.11300932117175026,0.18676160526591648,0.14283433170435045,0.2061298906143713,0.13218717442940794,0.21907767681420373
muestral,2018-04-13,0.1130188565964749,0.18694114089487637,0.1430415107113256,0.20565111080173767,0.13228429695355834,0.21906308404202718
muestral,2018-04-16,0.1130082367505204,0.18701654169152623,0.14288849634991202,0.20566394370597135,0.13223519465213904,0.2191875868499309
muestral,2018-04-17,0.11362597978087419,0.18623103933020402,0.14483374482851052,0.2059964983425361,0.13064194509242258,0.21867079262545253
muestral,2018-04-18,0.11361870891768702,0.18625947044591784,0.1448428483404329,0.2059813295613782,0.13062264931557138,0.21867499341901273
muestral,2018-04-19,0.11363938550579097,0.18576459723776775,0.1447905636780518,0.20352346157694673,0.13376112345166674,0.21852086854977604
muestral,2018-04-20,0.11386646800262484,0.18558645313336838,0.14454331653929672,0.20358636452981999,0.13393515448830545,0.21848224330658467
muestral,2018-04-23,0.11379322839623339,0.1856790289667194,0.1443908148638678,0.2037442811132849,0.1337512058869985,0.21864144077289602
muestral,2018-04-24,0.11439416646850609,0.18513052266701568,0.14503723163496438,0.20344342164073306,0.1333157520914196,0.21867890549736127
muestral,2018-04-25,0.11430600592040943,0.18509224534496904,0.14502604172691994,0.20351727857628818,0.1333943010193778,0.2186641274120356
muestral,2018-04-26,0.11490696226947386,0.1852908005979515,0.14617950549498693,0.19798754039189637,0.1345796288876793,0.22105556235801205
muestral,2018-04-27,0.11479137702996144,0.18506583645729968,0.14602336128217794,0.19800189331085677,0.13474254049475093,0.2213749914249531
muestral,2018-04-30,0.11481964269024914,0.18511220291182143,0.14611258158036208,0.19785792079298015,0.13483686844734247,0.22126078357724469
muestral,2018-05-01,0.11453805529828805,0.18733007948573133,0.14537048848987483,0.19764745742911102,0.13469490802672024,0.2204190112702746
muestral,2018-05-02,0.11436503164062688,0.18802516727014112,0.14512144099373386,0.1975310194520982,0.13489683055856394,0.22006051008483607
muestral,2018-05-03,0.11449415418475732,0.18837818746809715,0.14505058378555338,0.19720730081537,0.1348774757087028,0.21999229803751943
muestral,2018-05-04,0.11471355061449527,0.18890978698195535,0.14519385351020556,0.1970927966859927,0.13489912136918134,0.2191908908381699
muestral,2018-05-07,0.11434303817899097,0.18925991515698584,0.1455393632924315,0.1970665561859008,0.13496854103557776,0.21882258615011313
muestral,2018-05-08,0.11416667363797611,0.18947748247639726,0.1454917693423515,0.19708106829884872,0.13487837023599308,0.2189046360084335
muestral,2018-05-09,0.11430271922788189,0.18974144642109333,0.1457378784096235,0.19694023015974507,0.1351830562347185,0.21809466954693768
muestral,2018-05-10,0.11418729115241014,0.19049338469803764,0.1454443680839005,0.19662756050524413,0.13530495632338618,0.21794243923702156
muestral,2018-05-11,0.11404877420799285,0.19016357584738786,0.14531720744486293,0.1968837256566108,0.13545450446241059,0.21813221238073496
muestral,2018-05-14,0.11412034220699586,0.19004668702080207,0.14519625857139834,0.1967483534756103,0.13565570744087777,0.21823265128431565
muestral,2018-05-15,0.11524859974741906,0.18958515294955317,0.145006975651112,0.19670190341571886,0.13590652823607077,0.217550840000126
muestral,2018-05-16,0.11531807897641648,0.18954865291789622,0.14499754971370718,0.1965779690633165,0.1359402526034646,0.21761749672519892
muestral,2018-05-17,0.11511568888131847,0.18984966923955535,0.14499037591100702,0.19657799602542123,0.1357372477856843,0.21772902215701362
muestral,2018-05-18,0.11523930594911475,0.18980120351219582,0.14504984003977786,0.19652123002126887,0.13593052510558168,0.21745789537206106
muestral,2018-05-21,0.11546275234746427,0.18990731507883654,0.1447932260005025,0.1965794058487722,0.13587625784694984,0.21738104287747462
muestral,2018-05-22,0.11547762104595263,0.1898520754507231,0.14466308078553547,0.1964922547764427,0.13620014283474707,0.21731482510659908
muestral,2018-05-23,0.11551222568467796,0.190013034683722,0.14481408778799404,0.19648262908326475,0.13567348291816317,0.21750453984217796
muestral,2018-05-24,0.11546067850643363,0.18977444735286747,0.14457080578491618,0.19643140024076086,0.13583657250674258,0.2179260956082792
muestral,2018-05-25,0.11539809175946703,0.18976710442911515,0.14457699380703928,0.1963783532540681,0.13591919632789212,0.21796026042241828
muestral,2018-05-29,0.11533219117952681,0.18975486595336724,0.1447944262129594,0.1965368224778885,0.13605201721116592,0.2175296769650922
muestral,2018-05-30,0.11535171171147444,0.18984915424218238,0.14459060184389522,0.1965261046741049,0.13611799774545422,0.21756442978288895
muestral,2018-05-31,0.1154095085634761,0.1899398009283629,0.14470757809156706,0.19637483272512893,0.13615309609951037,0.2174151835919546
muestral,2018-06-01,0.11552476361125634,0.19046104228477254,0.14474055767272234,0.196615511594299,0.13625050241949394,0.2164076224174559
muestral,2018-06-04,0.11544853192639737,0.19035888866782616,0.14469106203395804,0.19696395093965657,0.13636662491153473,0.2161709415206271
muestral,2018-06-05,0.11547940987875055,0.19029298697755356,0.14457807955343088,0.19688511619329543,0.1364467005855814,0.21631770681138815
muestral,2018-06-06,0.11560632505395756,0.19048882650930002,0.14350211366149976,0.1972656972365044,0.13651833594584295,0.2166187015928952
muestral,2018-06-07,0.11566501119994428,0.19063337296934404,0.14371552641504198,0.19699013571136287,0.1364351795693231,0.21656077413498387
muestral,2018-06-08,0.11563374770249815,0.19061006772132927,0.14374769445861044,0.19701098322446803,0.1363508501156576,0.21664665677743644
muestral,2018-06-11,0.11573958705865525,0.19074027197417165,0.14347803206097354,0.19689191743371365,0.1364937965883409,0.2166563948841451
muestral,2018-06-12,0.11569091779044802,0.19049591655711567,0.14384292898861212,0.19683201635938796,0.136795311596355,0.21634290870808126
muestral,2018-06-13,0.11562681925476309,0.1904901845208758,0.14381240424974087,0.19716069320977603,0.13653233203319606,0.2163775667316482
muestral,2018-06-14,0.11586072291604631,0.19086433607025013,0.1434986553719991,0.19689373760268944,0.1363713702854061,0.21651117775360879
muestral,2018-06-15,0.11584284513115424,0.19085218503969928,0.14351541132247522,0.19687394902464506,0.1363725012898306,0.2165431081921956
muestral,2018-06-18,0.1160196168395826,0.19103034910480401,0.14326770741236428,0.19685023178243488,0.1366075848904487,0.21622450997036555
muestral,2018-06-19,0.1158441935546989,0.19115731638098707,0.14272514916158965,0.19663718986577808,0.13667461681673695,0.21696153422020936
muestral,2018-06-20,0.11604379579212053,0.19139205500059628,0.14263657975816665,0.19624346887859181,0.13643236064859118,0.21725173992193353
muestral,2018-06-21,0.11604694868883977,0.19136300104249454,0.1422077490229874,0.1965201144880993,0.13677097772187072,0.21709120903570822
muestral,2018-06-22,0.11559768679084648,0.19108478247785554,0.14375316953286474,0.19640388947787624,0.13662706405135464,0.2165334076692023
muestral,2018-06-25,0.11557975816833602,0.19097779624134165,0.14492976973573085,0.1964643297585904,0.1356730406268288,0.21637530546917233
muestral,2018-06-26,0.11585736383755878,0.19090531178128686,0.1436894839364429,0.19590221922349432,0.1350411685324698,0.21860445268874726
muestral,2018-06-27,0.1157435801870049,0.1907278906754886,0.1435620133609579,0.19635657922636496,0.13525941822212692,0.21835051832805666
muestral,2018-06-28,0.11538676545555093,0.19049396444598077,0.1432894353302487,0.19737128809953147,0.13532345169004026,0.2181350949786478
muestral,2018-06-29,0.11520261996693237,0.19042267546901084,0.14359879466253378,0.19723701438327215,0.13553630663494823,0.2180025888833025
muestral,2018-07-02,0.11515378087322363,0.1903846066712675,0.1438872222416041,0.19706657142122794,0.13548917950648015,0.21801863928619655
muestral,2018-07-03,0.1152467991576953,0.19123281710324375,0.14262612600228103,0.19664917066121568,0.13643700344502396,0.21780808363054038
muestral,2018-07-05,0.11525714009442001,0.1916640736049097,0.14305142587205016,0.1961239326308685,0.13646676822037368,0.21743665957737804
muestral,2018-07-06,0.11527797722702599,0.1919085447652076,0.14327047392827796,0.19587332931427479,0.13625752924117235,0.2174121455240413
muestral,2018-07-09,0.11546582708702083,0.19181438524737057,0.14305160471431538,0.19605484047483523,0.13616468788213576,0.21744865459432228
muestral,2018-07-10,0.11564548162631613,0.19176414230641567,0.14283149243741658,0.196008859425601,0.13616733748136464,0.217582686722886
muestral,2018-07-11,0.11561785604215416,0.19185253636609678,0.14304071579136526,0.19588644956734802,0.1358158787956521,0.21778656343738365
muestral,2018-07-12,0.11572425438695935,0.19156700701412777,0.143373476060274,0.19568171956604175,0.13628220045255557,0.21737134252004156
muestral,2018-07-13,0.1156607544631373,0.19172628512958506,0.1434358066801955,0.1957934614086304,0.1359713703516907,0.2174123219667609
muestral,2018-07-16,0.11566361183859246,0.19176143752185434,0.14326601119050322,0.19582491202031552,0.13608866392164726,0.2173953635070872
muestral,2018-07-17,0.11566501831001229,0.1917834072491632,0.14302378043609607,0.19574928505823957,0.13657804048609545,0.2172004684603934
muestral,2018-07-18,0.1154517000922514,0.1913742323994771,0.14318867832717025,0.19598042958851986,0.1363022625623879,0.2177026970301935
muestral,2018-07-19,0.11535186536284665,0.19063855617155415,0.14311917749092187,0.19539302766969194,0.13826361423876324,0.21723375906622208
muestral,2018-07-20,0.11531365280453294,0.19060485397362464,0.14304512366766034,0.19556698281078475,0.1383316152464179,0.21713777149697952
muestral,2018-07-23,0.11531991766544666,0.19024951323641393,0.1432241610450955,0.19565552916446025,0.1385121569491146,0.21703872193946916
muestral,2018-07-24,0.11553579472369957,0.19017694533848525,0.14355285095796178,0.1955590950360654,0.13878153649815347,0.21639377744563437
muestral,2018-07-25,0.11577200568372079,0.18986228469881203,0.14345632880912004,0.19565807996198956,0.13903097032344713,0.21622033052291031
muestral,2018-07-26,0.11813377904287203,0.19068065042438406,0.14554085300126443,0.18186346619688873,0.1417484805002863,0.22203277083430442
muestral,2018-07-27,0.11823626455938333,0.19136630678981795,0.14528406652879672,0.18215654332128248,0.14165333353855927,0.22130348526216034
muestral,2018-07-30,0.11828357183205047,0.19170998574403803,0.14553457944386625,0.18240563148685965,0.14062522666380128,0.2214410048293844
muestral,2018-07-31,0.11827166576867754,0.19168468634628283,0.1454539563038765,0.18195094793784725,0.1403782857904366,0.22226045785287926
muestral,2018-08-01,0.11820306288630841,0.19168297954377564,0.14527967829272928,0.18196581877624013,0.1405266797596598,0.2223417807412868
muestral,2018-08-02,0.11919509868753793,0.19250371925162213,0.14045606778163103,0.18216303381367369,0.14146925709407204,0.2242128233714631
muestral,2018-08-03,0.11917377693963206,0.19253249336518383,0.14045366351992708,0.18220958259897746,0.1414642156769319,0.22416626789934763
muestral,2018-08-06,0.11929646734255336,0.19250856213336892,0.14090466340165136,0.18165114480023972,0.14132027325688226,0.2243188890653044
muestral,2018-08-07,0.11951711723594358,0.1927133347944163,0.13904264601067204,0.18247186538086338,0.14199851967620494,0.22425651690189974
muestral,2018-08-08,0.11945540034751337,0.19269489258664138,0.13907909748356528,0.18243038547145446,0.1420875443882579,0.22425267972256757
muestral,2018-08-09,0.11945008093333893,0.1929029804034326,0.13870366932711634,0.1823191168911997,0.14219704384333606,0.22442710860157644
muestral,2018-08-10,0.11949250239067036,0.19289714233779592,0.13892941297878791,0.18219051939868022,0.14218292816058398,0.2243074947334817
muestral,2018-08-13,0.1195428218735362,0.19292176698615382,0.1389086851662372,0.18216781720206413,0.14221119071223812,0.22424771805977053
muestral,2018-08-14,0.11977077209072855,0.1928529935097908,0.13891374639187132,0.182109004963406,0.1422289027408412,0.22412458030336205
muestral,2018-08-15,0.12004705648955706,0.19276650301529877,0.13885225824664374,0.1825747810905719,0.14205008774084374,0.2237093134170849
muestral,2018-08-16,0.12009767345682917,0.1930587353211505,0.13889248754794034,0.1821718293558098,0.14199633503735007,0.22378293928092013
muestral,2018-08-17,0.11966040646462874,0.193827468892368,0.13728496080212102,0.18276909140239192,0.1421075512858814,0.22435052115260895
muestral,2018-08-20,0.11963051899688043,0.19392907350486008,0.13726158710835687,0.18289601525570878,0.14194467498699162,0.2243381301472023
muestral,2018-08-21,0.11955080276697262,0.19413151750350785,0.13685694333372886,0.18304269891292177,0.141692102365046,0.2247259351178229
muestral,2018-08-22,0.11937532965739227,0.1940650730925063,0.13699155523771275,0.1830593274304178,0.14164583641248893,0.22486287816948192
muestral,2018-08-23,0.11943015618115393,0.19407200163893334,0.13699907114582405,0.18304528388112234,0.14159428887983724,0.2248591982731291
muestral,2018-08-24,0.11950880053062914,0.1945463896333806,0.137135898375655,0.1831409034164398,0.1409360295707986,0.22473197847309692
muestral,2018-08-27,0.11954442153189287,0.19454754719878517,0.137367364543146,0.1830554936412107,0.14094014698795992,0.22454502609700527
muestral,2018-08-28,0.11954536540217674,0.19470534893279057,0.13722585443237775,0.1830614965627749,0.1410336451349453,0.22442828953493474
muestral,2018-08-29,0.11955167698923519,0.1943455594414772,0.13747867663567026,0.18318272155148035,0.14116089586059904,0.22428046952153793
muestral,2018-08-30,0.11953869129689061,0.1943558981761672,0.13754453482213547,0.1832010308333793,0.1411048369017452,0.22425500796968212
muestral,2018-08-31,0.11965909294433334,0.19454193610182444,0.13757163428446476,0.1831487506443524,0.14109688951541152,0.2239816965096135
muestral,2018-09-04,0.11982980717619376,0.19524397658024617,0.13744228989859242,0.1827463754214218,0.1411234513901731,0.22361409953337263
muestral,2018-09-05,0.12015882386095425,0.195159518839163,0.13753475060246362,0.18272782975640295,0.14011800606913913,0.22430107087187698
muestral,2018-09-06,0.11981795502855246,0.19504307841061713,0.1377861909072946,0.18260960428621079,0.14060919753522444,0.2241339738321005
muestral,2018-09-07,0.11992970993912223,0.19515725797796613,0.13724145867998608,0.18272498656212266,0.14082879777542825,0.22411778906537466
muestral,2018-09-10,0.11990954635715519,0.1954719435611556,0.1365677867130876,0.18272353293125831,0.14090707003472583,0.22442012040261738
muestral,2018-09-11,0.12035035705173208,0.195766072727779,0.1362799917588615,0.18265161232485563,0.1408663476946157,0.22408561844215602
muestral,2018-09-12,0.12029764475948823,0.1957581413081994,0.13628667874988193,0.18257528538820866,0.14096855866388336,0.22411369113033847
muestral,2018-09-13,0.12022476718057366,0.19579515991217203,0.1361546995512554,0.18246019353678714,0.14120466513042823,0.22416051468878348
muestral,2018-09-14,0.12022605381633888,0.19578186682717147,0.13614566156972666,0.1824654820669046,0.14121917304375553,0.22416176267610283
muestral,2018-09-17,0.12066207844208313,0.19507279940506267,0.13664419213734508,0.18263397351270916,0.1406721077938515,0.2243148487089486
muestral,2018-09-18,0.12066861104601832,0.1950552111881443,0.13691306706519435,0.1826870827262124,0.14059640024398676,0.22407962773044388
muestral,2018-09-19,0.12069338187896973,0.1953719020769327,0.13657143854426787,0.1825189323349181,0.14076298975401053,0.2240813554109011
muestral,2018-09-20,0.12079017771367738,0.19534941872762718,0.13661483837855287,0.18245037881583842,0.14082022062951152,0.22397496573479264
muestral,2018-09-21,0.12092271320564459,0.19529828218690606,0.13688223311609343,0.18236606353585813,0.1407527849245793,0.22377792303091837
muestral,2018-09-24,0.1208921388545578,0.19546126841470057,0.1369253570132545,0.18213357481300135,0.14062149275856015,0.22396616814592576
muestral,2018-09-25,0.12090697529410602,0.195252618572546,0.13693004834100517,0.18236861919476163,0.1407006895079246,0.22384104908965652
muestral,2018-09-26,0.1209873027470759,0.195376746943865,0.1366139098171188,0.1821941962916729,0.14064236319259826,0.2241854810076691
muestral,2018-09-27,0.12119597353636208,0.19545136154388465,0.13635351083786484,0.1821194378496219,0.14080081778033227,0.22407889845193427
muestral,2018-09-28,0.12254018845598254,0.1960195308599609,0.13394639726522722,0.18173281209740072,0.14084982225871306,0.2249112490627155
muestral,2018-10-01,0.12242161750106778,0.196803886314152,0.13071260350832406,0.18315214517643275,0.14098694304669104,0.2259228044533323
muestral,2018-10-02,0.12252863881131042,0.19663219262388715,0.13057800779984244,0.18287771300348668,0.14111446977666628,0.22626897798480697
muestral,2018-10-03,0.1224173921888683,0.19640143699661536,0.1308599381881061,0.18290155888450263,0.14144792281813398,0.2259717509237737
muestral,2018-10-04,0.1227369684874319,0.1965902739940494,0.13074124265202156,0.18325286610220395,0.14139403607154888,0.22528461269274425
muestral,2018-10-05,0.1225757567052921,0.19700776172904622,0.1297625938512414,0.18367159653694148,0.14124045215415584,0.22574183902332295
muestral,2018-10-08,0.12263853175352343,0.19688148018424778,0.12964857391989856,0.18387727755717526,0.1414274508389986,0.22552668574615625
muestral,2018-10-09,0.1227020480391049,0.19690117528129553,0.12949340989641553,0.18379156598206087,0.14132877462844295,0.2257830261726803
muestral,2018-10-10,0.12265739064110472,0.19514061814508035,0.1318282541437821,0.1849499846901232,0.1401049167169825,0.22531883566292701
muestral,2018-10-11,0.12235338979434607,0.19486340035190974,0.1316582147300748,0.18546871946893223,0.14024063028594255,0.22541564536879466
muestral,2018-10-12,0.12227225573526597,0.19406139015738813,0.13200288710261915,0.1869352985167943,0.13966933796988013,0.22505883051805237
muestral,2018-10-15,0.12200020671234321,0.19395158609214014,0.1322768487764422,0.18734719905764005,0.13950479159782306,0.22491936776361135
muestral,2018-10-16,0.12224895102918817,0.1939842223077994,0.1317742137922419,0.18729415081742287,0.13975260523673025,0.22494585681661738
muestral,2018-10-17,0.12228030382334015,0.19410389631129693,0.1318591284494012,0.18723578440983113,0.1396903665612351,0.2248305204448955
muestral,2018-10-18,0.12195856538498592,0.19160916085121066,0.13163368454279678,0.18574937622185028,0.14524890033088958,0.22380031266826667
muestral,2018-10-19,0.12151786390232577,0.19157929183572178,0.13170040342956627,0.1859042946287365,0.1448961099666468,0.22440203623700283
muestral,2018-10-22,0.12146076387905784,0.19156116578371388,0.13175826463511917,0.18588603241174803,0.14490895382283128,0.22442481946752987
muestral,2018-10-23,0.12173257271127177,0.19192280863652644,0.13078931239392644,0.18614763608635282,0.14510095124257744,0.22430671892934523
muestral,2018-10-24,0.12140356889485908,0.19165369664096535,0.13365934260876186,0.18636977670515717,0.1432611231428948,0.22365249200736162
muestral,2018-10-25,0.12250320008174827,0.18931441640934996,0.1326808728336633,0.18766788198535667,0.14471408561363605,0.22311954307624565
muestral,2018-10-26,0.12243179171910903,0.1866424283265508,0.13492666612043697,0.18743636110626952,0.1445983389056559,0.22396441382197776
muestral,2018-10-29,0.12232211024250848,0.18486813039157915,0.1368661380647412,0.18870913896335348,0.144575956386397,0.22265852595142074
muestral,2018-10-30,0.12145726804174412,0.1862911006698666,0.1373834080023997,0.18787027842400147,0.14470933208227976,0.2222886127797083
muestral,2018-10-31,0.12195829485103692,0.1858089706967977,0.1382619881643726,0.18782033505349427,0.144498925863779,0.22165148537051957
muestral,2018-11-01,0.12199441650132237,0.18479858816770264,0.13853595366845656,0.1883609644350829,0.14389708753107297,0.22241298969636256
muestral,2018-11-02,0.12173685673188818,0.18524205891038975,0.13858120328257045,0.18837874116843478,0.14349136795755227,0.22256977194916466
muestral,2018-11-05,0.12165615171421629,0.18455498209364413,0.13838988704826796,0.18951733727698014,0.1436566106347523,0.22222503123213924
muestral,2018-11-06,0.12167976776548714,0.184591238296787,0.13837542629960095,0.18947591380443543,0.14370288161934477,0.22217477221434467
muestral,2018-11-07,0.12284971339526046,0.18328488035086077,0.13861323826054506,0.19024110208146197,0.14310679026039794,0.22190427565147383
muestral,2018-11-08,0.12260427774023096,0.18359637584102892,0.13895002294940512,0.1900459917805223,0.14282970797690925,0.22197362371190343
muestral,2018-11-09,0.12292267296960842,0.1836102729721116,0.13938513578554065,0.18986663728487405,0.14239818094630816,0.2218171000415572
muestral,2018-11-12,0.12185191408466886,0.1833344614873972,0.13869108745071396,0.18996087210065643,0.14350142847336012,0.22266023640320348
muestral,2018-11-13,0.1276629537945713,0.1823010750032308,0.1383879766007928,0.1883245736784401,0.1426027062595839,0.2207207146633811
muestral,2018-11-14,0.12788814895767403,0.1821981802553675,0.13847303277180048,0.1887429867942107,0.14182683867525986,0.2208708125456874
muestral,2018-11-15,0.12778261155833393,0.18255939148710132,0.13822296469067735,0.18887599488649306,0.14130471834986796,0.22125431902752635
muestral,2018-11-16,0.1243304010300482,0.18297544212688896,0.13947005587063005,0.188335313538934,0.14197846012506904,0.22291032730842972
muestral,2018-11-19,0.12245248332756961,0.18272550925188097,0.14200543470511015,0.18750989568547052,0.14217185442307048,0.22313482260689815
muestral,2018-11-20,0.12242330414494651,0.18260428233496911,0.14203905898668717,0.18754454141261825,0.14211070267606052,0.22327811044471846
muestral,2018-11-21,0.12202414875143625,0.1828395350773649,0.14164586796123974,0.1882448813941569,0.14206262008571482,0.2231829467300874
muestral,2018-11-23,0.12230278507200683,0.18298036550997565,0.14154604987671981,0.1879525852597722,0.14211452002705285,0.22310369425447263
muestral,2018-11-26,0.12220485179853752,0.1819261514506448,0.1410456358892429,0.18788006437225854,0.14343091679846856,0.22351237969084778
muestral,2018-11-27,0.12221005665427043,0.18192444105873454,0.14105307308320067,0.1878545359306985,0.14345169983365988,0.22350619343943615
muestral,2018-11-28,0.12249905903653924,0.18065223645523873,0.14202050333500685,0.18911862649864583,0.14300855276322919,0.22270102191134017
muestral,2018-11-29,0.12251899427439235,0.18068908792552793,0.14215238494476187,0.18905900685806168,0.14296979047461586,0.2226107355226404
muestral,2018-11-30,0.12226353220795337,0.18082742076509187,0.14187536246255847,0.18917294982169552,0.14315160703327048,0.22270912770943024
muestral,2018-12-03,0.12241151362854702,0.1795748971851866,0.14215831809807863,0.18997125394542658,0.14278367391746596,0.22310034322529523
muestral,2018-12-04,0.12197873847190914,0.178369389950004,0.14396117336980624,0.19123592226556166,0.14288634940989414,0.22156842653282482
muestral,2018-12-06,0.12225506630071985,0.17851101040542028,0.14415209420058595,0.19128937377804817,0.14216858052083897,0.22162387479438686
muestral,2018-12-07,0.12184178874648631,0.17806484046796092,0.14485745905722913,0.19221145591061545,0.14169425161955831,0.22133020419814997
muestral,2018-12-10,0.12175563899776909,0.1781386115632739,0.14509638033603797,0.19154125239536796,0.14158659293207665,0.22188152377547443
muestral,2018-12-11,0.12174424734128125,0.17816586583511027,0.1451193547572833,0.19148237752171607,0.14159860236147834,0.22188955218313067
muestral,2018-12-12,0.12183754190698709,0.1781961083610728,0.14527847517680242,0.19138674059823196,0.1413730695584034,0.2219280643985023
muestral,2018-12-13,0.12192789195603707,0.17828872118421146,0.14513825515415693,0.19151015463456825,0.14129587305567354,0.2218391040153527
muestral,2018-12-14,0.1221527247973874,0.17767949599454785,0.14522088389968948,0.19233115593214964,0.1410084091289503,0.2216073302472754
muestral,2018-12-17,0.12279728142847766,0.17684648198865482,0.1449262554152691,0.1923322393927284,0.14156837672099815,0.22152936505387183
muestral,2018-12-18,0.12280663347440952,0.1767733943352988,0.14546986301651946,0.19210995326116517,0.14145129067729265,0.22138886523531423
muestral,2018-12-19,0.12255298715729766,0.17650416332005825,0.14616319562117222,0.1897589890540044,0.14216636907820945,0.22285429576925803
muestral,2018-12-20,0.12258327284993767,0.17634838900157787,0.1456287003588447,0.19031809611362205,0.14214759282312808,0.22297394885288954
muestral,2018-12-21,0.12320470954004253,0.17541525131251548,0.1477401958802268,0.18865225768305638,0.14189577815934543,0.22309180742481327
muestral,2018-12-24,0.1234734487677227,0.17535259452674826,0.1466762125412136,0.18930277629952755,0.14133366783737367,0.22386130002741414
muestral,2018-12-26,0.1265209100424571,0.17369764450374112,0.14605995936949992,0.18824295459158416,0.14217025968685204,0.22330827180586563
muestral,2018-12-27,0.12653308547208325,0.1736170002325015,0.14599771905384254,0.18827436305053213,0.14221168311628773,0.22336614907475283
muestral,2018-12-28,0.1270505155715797,0.17349284666012083,0.14582357139822844,0.1882252217409848,0.14227429676502687,0.22313354786405945
muestral,2018-12-31,0.12758450304575114,0.1731753368859466,0.14568043691799468,0.1882895169544918,0.14219531509379965,0.2230748911020162
muestral,2019-01-02,0.12746534707538126,0.17312533330298369,0.1460107013293484,0.1881158545161555,0.14223877699068746,0.2230439867854437
muestral,2019-01-03,0.12725948791840894,0.17323509895496894,0.14583050385701887,0.18785684464076433,0.1431798008350327,0.22263826379380622
muestral,2019-01-04,0.12748629742617978,0.17381136032056718,0.14629620174650995,0.18839234821425763,0.1419959926442614,0.222017799648224
muestral,2019-01-07,0.1271646330642681,0.17328644226268422,0.14608807563619483,0.1892698499909135,0.14131037883788403,0.2228806202080553
muestral,2019-01-08,0.12719814889856712,0.1734391865585374,0.14609411981226506,0.18907064003607515,0.14133683079642873,0.22286107389812657
muestral,2019-01-09,0.12711296945249634,0.17353548546505043,0.14601876535430555,0.18918761085450467,0.14112258838435104,0.2230225804892919
muestral,2019-01-10,0.12722908408128572,0.1735011394205812,0.1459705513154022,0.18927427002561842,0.14100841359207877,0.22301654156503353
muestral,2019-01-11,0.12718433286952385,0.17353775104373426,0.14596393939473865,0.18929229467932193,0.14092245177202734,0.22309923024065417
muestral,2019-01-14,0.12730587490874404,0.17345226030565827,0.14576307421278362,0.18960753992096588,0.14088797284336418,0.22298327780848412
muestral,2019-01-15,0.12821558374435274,0.1733350827086787,0.1459361142731779,0.18978591542356898,0.14029505780317275,0.2224322460470489
muestral,2019-01-16,0.12807815236886064,0.1732278904815311,0.14613799608144018,0.1898193033920784,0.14047102963742158,0.2222656280386681
muestral,2019-01-17,0.12811201128206237,0.1732748174342554,0.14616369368126175,0.18978228955434698,0.14047954211796146,0.22218764593011212
muestral,2019-01-18,0.12866416638462905,0.17347826596108643,0.14480055518427154,0.1902617094985786,0.14009684488274385,0.2226984580886906
muestral,2019-01-22,0.12848346322348497,0.17305860319450786,0.14538544281378823,0.1906168636588322,0.1401554659990424,0.22230016111034445
muestral,2019-01-23,0.12857400082004064,0.17319402931374242,0.14518749855490132,0.19040555536126558,0.14013826883976785,0.2225006471102822
muestral,2019-01-24,0.12816632279472176,0.1732343150791488,0.1452051859004486,0.19045436675652025,0.13993749103822567,0.22300231843093482
muestral,2019-01-25,0.12833517569814726,0.17338393314828882,0.14532094370113213,0.19023443055790623,0.13983166764340174,0.22289384925112374
muestral,2019-01-28,0.12639115087239244,0.17363712685032065,0.14582482864442778,0.19089167915578023,0.14028517506824895,0.2229700394088299
muestral,2019-01-29,0.1261525642139551,0.17341373450495223,0.14616429402674502,0.19076988654210397,0.14030241363322274,0.22319710707902088
muestral,2019-01-30,0.12632942805005135,0.17296148514603255,0.1463305799641474,0.19028233134795222,0.1406585786491593,0.22343759684265724
muestral,2019-01-31,0.12642207236738967,0.173257844952971,0.14743179910003157,0.18676459514780172,0.14191863744905855,0.22420505098274757
muestral,2019-02-01,0.1265465605810553,0.17277940007222115,0.1475827580248001,0.18682419065958225,0.14201366194571646,0.22425342871662482
muestral,2019-02-04,0.12663983591544353,0.17311406867547152,0.14771077370965238,0.18687834528473343,0.1418112137406358,0.2238457626740634
muestral,2019-02-05,0.12671985502339117,0.17306973029653638,0.1476039506632508,0.18689772840559443,0.14185422416914673,0.2238545114420805
muestral,2019-02-06,0.12694545568362545,0.17331639920884964,0.14758504118075905,0.18693404702234048,0.1418029333995053,0.22341612350492007
muestral,2019-02-07,0.12692768319328615,0.17335864049850644,0.14759759110320447,0.18682975707225774,0.14185051605388393,0.2234358120788613
muestral,2019-02-08,0.1269630491050869,0.1732966233573696,0.14754994772219898,0.18678405273216903,0.14192988214047114,0.2234764449427043
muestral,2019-02-11,0.12689728032886574,0.17330783994487958,0.14761539448703379,0.1868717032550791,0.14189857199805997,0.22340920998608177
muestral,2019-02-12,0.12682118359856936,0.1730976942686799,0.1479256365484682,0.1873896955576127,0.14166269041142884,0.2231030996152411
muestral,2019-02-13,0.12688508804287363,0.17312115302676173,0.14790202135865624,0.18737299905318017,0.1415828757643698,0.22313586275415845
muestral,2019-02-14,0.1268742232744131,0.17311666014524627,0.14790969400750223,0.18737082860896237,0.14158797437633694,0.22314061958753914
muestral,2019-02-15,0.12690293108735035,0.17309464677175293,0.14793713604466208,0.18735263248050055,0.141616124812234,0.22309652880350017
muestral,2019-02-19,0.12691817868689043,0.1730725214262957,0.14795749718079657,0.18736928280616572,0.14160069185486918,0.22308182804498253
muestral,2019-02-20,0.1269972113745575,0.17303291204576104,0.14810603628438684,0.1873330010635573,0.14158456244883538,0.22294627678290188
muestral,2019-02-21,0.1270170113552954,0.17327048842015486,0.1478951240324152,0.1872829930855757,0.14168951237666522,0.22284487072989373
muestral,2019-02-22,0.127119498738218,0.1733941742769628,0.14797083985440346,0.18718527492915962,0.14160407530055222,0.2227261369007038
muestral,2019-02-25,0.1271398161093497,0.1734088526781303,0.14792643148971865,0.18714593501256685,0.1416251746817235,0.22275379002851098
muestral,2019-02-26,0.12816816145270446,0.1730044977200964,0.148659828285108,0.18675444512915257,0.14134482825889735,0.2220682391540412
muestral,2019-02-27,0.12820165516562115,0.1730173666316309,0.14850148985421788,0.1868126736703964,0.14138060031700017,0.2220862143611336
muestral,2019-02-28,0.1281796106616061,0.17301540220040157,0.14855742224928586,0.1867839331723834,0.14135823636236577,0.22210539535395732
muestral,2019-03-01,0.1282792583573674,0.17305336692801315,0.14830945543777851,0.18679430737818792,0.14136099708591973,0.22220261481273343
muestral,2019-03-04,0.12827717797292032,0.1730250343887277,0.1482752909470664,0.18679857808272152,0.14132123958471304,0.222302679023851
muestral,2019-03-05,0.12846432135020838,0.1729788271984817,0.1482191164638653,0.1866621168730802,0.14141568581588607,0.22225993229847843
muestral,2019-03-06,0.1283985019814074,0.17291412277353752,0.14822484469798292,0.18672477940737317,0.141485205720081,0.2222525454196181
muestral,2019-03-07,0.12843717272185484,0.17271547826303502,0.1484608279883215,0.18663295152155515,0.14147221143770172,0.22228135806753174
muestral,2019-03-08,0.12842071976078526,0.1727368759730666,0.14842173606420514,0.18663140001191547,0.1415027828017239,0.2222864853883037
muestral,2019-03-11,0.12787233188145064,0.1726652182597619,0.1485949976922245,0.18706700025364556,0.1417167886395635,0.22208366327335385
muestral,2019-03-12,0.1278773495431656,0.17266360108242665,0.14856660530374055,0.1870622339157932,0.14170525100506673,0.22212495914980734
muestral,2019-03-13,0.1277134483615986,0.1726761187280277,0.1485029131992796,0.1870891050053737,0.14171311820677665,0.22230529649894373
muestral,2019-03-14,0.12775912080438198,0.17265945300165972,0.14858683264663813,0.18694469199579417,0.14177728780873133,0.22227261374279453
muestral,2019-03-15,0.1278670956792089,0.17277034889012072,0.14854277536649035,0.18673533362376843,0.1418044085243132,0.22228003791609838
muestral,2019-03-18,0.1278860232952082,0.17297281107506204,0.14845647783183546,0.18646383399768585,0.14188705947662333,0.22233379432358508
muestral,2019-03-19,0.12778392230295285,0.17293308651488923,0.14858980757983772,0.18646368207607894,0.14197519729662156,0.22225430422961978
muestral,2019-03-20,0.1282565940361121,0.172977765457469,0.14861171989213082,0.18633747339888274,0.1416872767277133,0.22212917048769204
muestral,2019-03-21,0.12804389974956898,0.17298275248812323,0.14869311073637384,0.1864265753550436,0.1417572233482232,0.2220964383226673
muestral,2019-03-22,0.128111162616821,0.17271785568080866,0.14891960675956906,0.18666703113233465,0.14143428029723018,0.22215006351323643
muestral,2019-03-25,0.12812519113264512,0.17272894986821735,0.14894114035125086,0.18673749731035919,0.14143103644561386,0.22203618489191368
muestral,2019-03-26,0.12809874181773911,0.17268992196390373,0.14884718804863045,0.18666617089546744,0.14149864535278367,0.2221993319214755
muestral,2019-03-27,0.12812246219817114,0.172636978835606,0.14906796883812787,0.18665201722961086,0.141434898763778,0.22208567413470612
muestral,2019-03-28,0.12811320605269555,0.1725851998984745,0.14914869499173175,0.1866043710625516,0.14146119968376863,0.2220873283107779
muestral,2019-03-29,0.12802370912181435,0.17261820371533934,0.14924622650151298,0.18662446961231502,0.14145068354685553,0.22203670750216267
muestral,2019-04-01,0.1280965871714929,0.17275517908031002,0.14905655923194905,0.18675744393209223,0.1413775282705414,0.22195670231361442
muestral,2019-04-02,0.12814466080743203,0.17280088074050068,0.14912311620533258,0.18656504246408928,0.14142103539226344,0.22194526439038206
muestral,2019-04-03,0.1280499373055658,0.17282588822445946,0.14905375363126772,0.186663029920613,0.14144571883871843,0.22196167207937556
muestral,2019-04-04,0.12793346395037347,0.1727815859458836,0.149008612648724,0.18678513839217742,0.14126423409228453,0.22222696497055705
muestral,2019-04-05,0.12820550189379554,0.1725506298291991,0.14882281773657305,0.18679146412140088,0.1413257471157649,0.22230383930326655
muestral,2019-04-08,0.12821790275982645,0.17250245817925017,0.14893441258004164,0.1867090023033388,0.14134168905941816,0.2222945351181247
muestral,2019-04-09,0.12819198100593704,0.17251452834392805,0.14890806140183904,0.18674661512263943,0.14134732645892675,0.22229148766672965
muestral,2019-04-10,0.1281727231142917,0.172516116026161,0.14885489072952784,0.18676542678302738,0.14138454912488624,0.22230629422210582
muestral,2019-04-11,0.12809997336800344,0.17255248107802684,0.14885608289117006,0.18675919710353758,0.1414192735087805,0.22231299205048158
muestral,2019-04-12,0.1280559210688479,0.17256764484786657,0.14887761424158868,0.18684866247132956,0.14122867376889914,0.2224214836014681
muestral,2019-04-15,0.1279791808226768,0.17259515043834325,0.14906709342354196,0.1868366740726827,0.14118229772215615,0.22233960352059906
muestral,2019-04-16,0.12797957469622076,0.17265483182165725,0.14888203020619298,0.1870232329807781,0.14105081673730913,0.22240951355784178
muestral,2019-04-17,0.12811788624878803,0.1726707639989115,0.14854411322127054,0.18697859959241514,0.14111600966024562,0.22257262727836918
muestral,2019-04-18,0.12810070046397262,0.17263367300826415,0.14853135624970834,0.18697729583200615,0.141206508875254,0.22255046557079478
muestral,2019-04-22,0.1281228594406091,0.17262237585148468,0.14884452710084842,0.18688908485151454,0.14098118477271873,0.22253996798282435
muestral,2019-04-23,0.12818699276316325,0.17253129352928157,0.14887518292572047,0.18690785409195274,0.14103218387578081,0.2224664928141012
muestral,2019-04-24,0.12830241863161237,0.17249667543064956,0.14883125299125638,0.1869521777401683,0.14096906606929308,0.22244840913702035
muestral,2019-04-25,0.12824785255493595,0.1724263016344982,0.14876317161368613,0.18696318077346205,0.14086309342169887,0.22273640000171865
muestral,2019-04-26,0.1280129796260826,0.17236948542425792,0.14854131027976955,0.18676018851579104,0.14144383908636252,0.22287219706773645
muestral,2019-04-29,0.12805087435934734,0.17249661274364775,0.14847081692251773,0.1866498350787244,0.14160645114692821,0.22272540974883442
muestral,2019-04-30,0.1286391529609306,0.17299782889307855,0.14870153993583451,0.18716209972718473,0.14209072532647132,0.2204086531565001
muestral,2019-05-01,0.12843013002403034,0.17286265120120964,0.14865737001540344,0.18725541772337012,0.14204055969800455,0.22075387133798177
muestral,2019-05-02,0.1283801403010358,0.17305687635137854,0.14863085704866041,0.1872505967075698,0.14202589680008978,0.22065563279126563
muestral,2019-05-03,0.12882973215246496,0.17280144966843985,0.14837106264120106,0.18734336320148268,0.14218137028539365,0.22047302205101785
muestral,2019-05-06,0.12876044083232496,0.17281761359858455,0.14847247049001502,0.18734148017292152,0.14213340758603224,0.22047458732012173
muestral,2019-05-07,0.12860701046961748,0.17294221586330985,0.14858129058846817,0.18729569966846688,0.14207837078607924,0.22049541262405842
muestral,2019-05-08,0.1286456669568312,0.1729476071067805,0.14864522813102177,0.18730919841713728,0.14201371107772587,0.2204385883105034
muestral,2019-05-09,0.128552101186519,0.17294850459427216,0.14861611358961518,0.18733683421816388,0.14202152721879505,0.22052491919263476
muestral,2019-05-10,0.12851937964330576,0.17292285521539785,0.14877729905862935,0.1872825579233604,0.14201379235870015,0.22048411580060645
muestral,2019-05-13,0.13061952989856848,0.17232269921611487,0.14845775414193005,0.1866547937018292,0.1419730027280668,0.2199722203134907
muestral,2019-05-14,0.13061752967377696,0.17228129557119481,0.14838688765739652,0.18668107313960117,0.1419635314718484,0.22006968248618208
muestral,2019-05-15,0.13114861043944068,0.17248331307049405,0.1487140982973706,0.18644088576112705,0.14200419601503836,0.2192088964165293
muestral,2019-05-16,0.13120388802673655,0.17240471393651455,0.14878232750092518,0.1864623831356938,0.14199048234729938,0.21915620505283037
muestral,2019-05-17,0.13132786273703395,0.17242218602063014,0.1479630247714375,0.1867651983619157,0.14219224367276995,0.21932948443621283
muestral,2019-05-20,0.1317696182381563,0.17228977502602838,0.14779509657568554,0.1869612318017233,0.14225386922521494,0.21893040913319156
muestral,2019-05-21,0.13193661708717747,0.17230843841127774,0.14789267138242093,0.18700065493367493,0.14213029159038806,0.21873132659506095
muestral,2019-05-22,0.13192022162873077,0.17234384460030502,0.14755308796971353,0.18707696503220222,0.1422815497551727,0.21882433101387583
muestral,2019-05-23,0.13185610000504772,0.17221159630199623,0.14788455220704733,0.18684516177798446,0.14220446353034094,0.21899812617758346
muestral,2019-05-24,0.13184910356277435,0.17225831578757725,0.1478552111078931,0.18688290292632603,0.14223534267514415,0.21891912394028507
muestral,2019-05-28,0.13185477620816122,0.1722418007757554,0.14793184858560637,0.18691280537423172,0.14213903951759801,0.21891972953864733
muestral,2019-05-29,0.13161704495728827,0.17223041754136914,0.14815590081436977,0.18689638526600352,0.14226966010838443,0.2188305913125848
muestral,2019-05-30,0.13169410998206774,0.1721939926622515,0.1482457264574,0.18686360739566285,0.14220927386175017,0.21879328964086764
muestral,2019-05-31,0.13179173755264273,0.1720740078386537,0.14852206470462423,0.18651411195859433,0.14218133978894926,0.21891673815653587
muestral,2019-06-03,0.13325725672936828,0.17213638985305127,0.14919495666038163,0.18488476199143125,0.1434500683352547,0.21707656643051276
muestral,2019-06-04,0.13265576024860193,0.17270893055475053,0.14811523838822524,0.18539565422240162,0.1432476702666126,0.21787674631940815
muestral,2019-06-05,0.1325991353040883,0.1727213953558875,0.14806819678665598,0.18544357531566977,0.14325930525192054,0.21790839198577797
muestral,2019-06-06,0.1326764379845884,0.17269309381173867,0.147866365155697,0.18547366477473437,0.1432624233501324,0.2180280149231091
muestral,2019-06-07,0.13279350518918467,0.17254522664802918,0.14810996179278546,0.185238346410812,0.14340764990432472,0.21790531005486388
muestral,2019-06-10,0.13279855010555303,0.1722744287536218,0.14793006987803656,0.18529933233788468,0.14384840157415044,0.21784921735075358
muestral,2019-06-11,0.13332475666626373,0.1720709063918394,0.14801329885745823,0.18514585468353814,0.14372347225570853,0.21772171114519198
muestral,2019-06-12,0.13357474113509113,0.17195250004037813,0.14751138237564482,0.184912840172145,0.14379281028338953,0.21825572599335127
muestral,2019-06-13,0.13344628878225495,0.1720280065137629,0.1473014406674812,0.18483098254253044,0.14419708662970854,0.218196194864262
muestral,2019-06-14,0.13331273546610778,0.17203296946426475,0.14762697516319676,0.18489454912297482,0.14403809092673311,0.21809467985672276
muestral,2019-06-17,0.13364982982896698,0.17236360604634632,0.14728350638629364,0.18427903257453276,0.14394277899600794,0.21848124616785228
muestral,2019-06-18,0.13328303658537413,0.1724806465457171,0.1474112073758471,0.18445282475030444,0.14388917603167709,0.2184831087110801
muestral,2019-06-19,0.133270174985962,0.1725358779488777,0.14737960740974934,0.1844831010513836,0.14385817913498206,0.21847305946904533
muestral,2019-06-20,0.133431748461942,0.17243816069548717,0.14725043005654107,0.18450249569519117,0.1437609592757111,0.21861620581512756
muestral,2019-06-21,0.13347153511854998,0.17247526757504525,0.1472075343192475,0.1844882057641076,0.14376674227857295,0.21859071494447663
muestral,2019-06-24,0.13346868236224138,0.1724372199013232,0.14718727976474547,0.18447034934647222,0.1438003590672948,0.21863610955792287
muestral,2019-06-25,0.13373711861705645,0.1724802891388612,0.1472976764342528,0.18448090834875905,0.14372138637044612,0.21828262109062446
muestral,2019-06-26,0.1334951299855984,0.17243296815429954,0.14731432753467213,0.18457613687814178,0.14375945385998934,0.21842198358729875
muestral,2019-06-27,0.1333794271013391,0.17249192262850055,0.14727632749272382,0.18453614671865098,0.14360881072029968,0.21870736533848587
muestral,2019-06-28,0.13339547689751746,0.1722168868529855,0.1474015073258625,0.18427326518772907,0.14385042021352956,0.21886244352237585
muestral,2019-07-01,0.1335731411285161,0.1720924547165628,0.14743403117931198,0.18446692984352578,0.14372246329641042,0.21871097983567298
muestral,2019-07-02,0.13365028292022313,0.17192305926754162,0.1474575023741292,0.1842961956959549,0.14366786908264237,0.21900509065950877
muestral,2019-07-03,0.1337859829813478,0.17210730140283648,0.147135353725209,0.18425859815346438,0.14365844629030325,0.21905431744683918
muestral,2019-07-05,0.13391989543089633,0.17204895430090356,0.14715231423291597,0.18424137526911163,0.14366485401904144,0.21897260674713115
muestral,2019-07-08,0.1338995780874961,0.17221604919622213,0.14704550997404117,0.18431465751355552,0.14364893398742773,0.21887527124125733
muestral,2019-07-09,0.13379473983408,0.17207929416010695,0.14748336038487914,0.18422581760822784,0.14362819714134045,0.21878859087136562
muestral,2019-07-10,0.13384520959586743,0.17204923698875554,0.14721353571022064,0.18421503512296764,0.14392531199282302,0.21875167058936576
muestral,2019-07-11,0.13409962929395283,0.17207157712956375,0.14710728960577796,0.18418205691378597,0.14386920803643066,0.21867023902048888
muestral,2019-07-12,0.13411759481142072,0.17194539967908912,0.14718989989875303,0.18413039835032052,0.14398016170421485,0.21863654555620185
muestral,2019-07-15,0.13435204341192344,0.17175213594400437,0.14694733470567667,0.18426738746953544,0.14408295829285803,0.21859814017600188
muestral,2019-07-16,0.1343764451577599,0.1717574745402815,0.14699405730375914,0.18422734987860667,0.1440785842406979,0.21856608887889492
muestral,2019-07-17,0.1345202016309593,0.17162217103065464,0.14704383246532987,0.18414257674264714,0.1441056932046974,0.2185655249257116
muestral,2019-07-18,0.1347855625003428,0.17174652440297744,0.14725603545709406,0.1843196154739095,0.1429226518814309,0.21896961028424541
muestral,2019-07-19,0.13421662737547832,0.17112331579136175,0.147294266407834,0.18399113211445414,0.14523697557152834,0.2181376827393434
muestral,2019-07-22,0.1341839820299589,0.17110381006443173,0.14734460481449654,0.18391236229106878,0.14532530730275242,0.21812993349729157
muestral,2019-07-23,0.13413814916039188,0.1711109055959193,0.14732698108013426,0.18395270624767018,0.1453982667244319,0.21807299119145257
muestral,2019-07-24,0.1340959446014698,0.1711648631955941,0.1472559369052714,0.18389338866714428,0.14525480704140803,0.21833505958911234
muestral,2019-07-25,0.13395128163378345,0.17138596863940717,0.1455142699095672,0.18391552047013102,0.14627195657824715,0.218961002768864
muestral,2019-07-26,0.13424869243244592,0.172372024054447,0.14597077150807147,0.1846964832613692,0.14629458357687117,0.21641744516679523
muestral,2019-07-29,0.13428202786333943,0.172363110791666,0.1461048892029155,0.1846056811130898,0.14630097369675726,0.216343317332232
muestral,2019-07-30,0.13445481526421954,0.17231025172375194,0.14625722083915355,0.1840299550469417,0.14649797209127988,0.21644978503465356
muestral,2019-07-31,0.1342747292866228,0.17218065033306923,0.14639095465096727,0.1840318741910524,0.14657920490250337,0.21654258663578502
muestral,2019-08-01,0.13401165534005988,0.17255710461829837,0.14637727365392103,0.18407551005275302,0.14643587513410072,0.2165425812008671
muestral,2019-08-02,0.1339761281528555,0.1724922481361738,0.14651115565502684,0.1839732390323029,0.14656118302223237,0.21648604600140864
muestral,2019-08-05,0.1335762800670826,0.17269466228944083,0.14697849813755265,0.18381848084626032,0.14678792368740326,0.21614415497226044
muestral,2019-08-06,0.13364870229130216,0.17262697642197455,0.14721736810189942,0.18373045980789174,0.14680280722236305,0.21597368615456905
muestral,2019-08-07,0.1336192821530891,0.17256603443250323,0.14730575225442574,0.18372497893996845,0.14681405148168492,0.2159699007383285
muestral,2019-08-08,0.13380640256208537,0.17270366550747712,0.14740559558586963,0.1837184364779529,0.14666847210636155,0.21569742776025333
muestral,2019-08-09,0.1337669503302451,0.17273325612822402,0.14742863557735292,0.1837854765994644,0.14663897310386026,0.2156467082608532
muestral,2019-08-12,0.13371013906160778,0.17273463476297185,0.1473401225328682,0.18374355982363866,0.14687359918281356,0.2155979446360998
muestral,2019-08-13,0.13379654758886536,0.17270189685679113,0.14712829142394132,0.18370519908090485,0.1473278769115486,0.21534018813794883
muestral,2019-08-14,0.13415539321240746,0.1729122132518166,0.1466456194939936,0.18323449102179054,0.14741828730856657,0.2156339957114252
muestral,2019-08-15,0.1348696781591634,0.17284431467960196,0.1465851990380439,0.18321782633949268,0.1470297278800558,0.2154532539036423
muestral,2019-08-16,0.1342372751036295,0.17305074802822978,0.14658505891319984,0.18344130409803813,0.14703947870676806,0.21564613515013467
muestral,2019-08-19,0.13360093474214876,0.17336941742902579,0.14650940767918208,0.1836959764867402,0.1471597840333103,0.215664479629593
muestral,2019-08-20,0.13356024288845458,0.17343513585319845,0.14671360236336767,0.18368731802081611,0.14695048817818826,0.21565321269597484
muestral,2019-08-21,0.13354164852711767,0.1734258605689604,0.14675060491076924,0.18368277070578176,0.14695334482445566,0.21564577046291533
muestral,2019-08-22,0.13358346361543974,0.1733945530507057,0.14687056116504443,0.18357933617137015,0.14689949330233093,0.21567259269510902
muestral,2019-08-23,0.13337345991928845,0.17337206201208422,0.14660006422535116,0.18379358292100334,0.14734099156363129,0.2155198393586416
muestral,2019-08-26,0.13341703361907836,0.17336924710250773,0.14667706077893142,0.18372823914584516,0.14737675189142643,0.21543166746221082
muestral,2019-08-27,0.13334708512319218,0.17337592807091345,0.1466603971270757,0.18379850188603283,0.14733741052817628,0.21548067726460937
muestral,2019-08-28,0.1333290707036813,0.17337193365226095,0.1466673491905793,0.18379547460334864,0.14736233835062723,0.21547383349950255
muestral,2019-08-29,0.13320262478116934,0.17356093711510673,0.14658965004161767,0.18374690836062035,0.14747650360194425,0.21542337609954162
muestral,2019-08-30,0.13317264813351415,0.17356452359814553,0.14659394612852797,0.1837418306275309,0.14747888273956913,0.21544816877271222
muestral,2019-09-03,0.13303428830056707,0.17379407955028334,0.14669169566455018,0.18362431003373847,0.14764528497061027,0.21521034148025064
muestral,2019-09-04,0.13300475132575215,0.1738743696165193,0.14684565744877556,0.1834654147540362,0.14757054684695078,0.2152392600079661
muestral,2019-09-05,0.13247861238961223,0.17402955084538785,0.14667474545032788,0.18362942421813672,0.14812567180494987,0.21506199529158543
muestral,2019-09-06,0.13259704785212992,0.17410689912439772,0.14669751958737348,0.1834669619839845,0.14799836784530696,0.21513320360680746
muestral,2019-09-09,0.13257420522943877,0.17415354834217187,0.14660882671640682,0.18346991239494448,0.1480161496588928,0.21517735765814533
muestral,2019-09-10,0.13258436326932582,0.1741722899969519,0.14669058849598632,0.18342587791894788,0.14790910249431452,0.21521777782447368
muestral,2019-09-11,0.13265102696625589,0.17434826022512573,0.1464464817554729,0.18340603942956527,0.14802853438173172,0.21511965724184848
muestral,2019-09-12,0.1327606441189707,0.17415310088612024,0.14696974777787944,0.18337223866964236,0.1481579071659375,0.21458636138144982
muestral,2019-09-13,0.13276016130538018,0.17415417311595138,0.14695820220868283,0.1833489994043184,0.14819034520027283,0.21458811876539433
muestral,2019-09-16,0.13276332080975378,0.17411178466336089,0.1469748468058318,0.18335863460306961,0.1482088602664893,0.21458255285149466
muestral,2019-09-17,0.13277383681555832,0.17411582783096263,0.14688546285465293,0.18335431742499017,0.14817718196006915,0.21469337311376668
muestral,2019-09-18,0.13301902859502307,0.17403043237884303,0.14689064753208073,0.18337769905270043,0.14804966549588774,0.21463252694546503
muestral,2019-09-19,0.1331029533054144,0.17397193624244178,0.14691956054265348,0.18333786888097017,0.1480753228575241,0.21459235817099606
muestral,2019-09-20,0.1330888226879888,0.17400806859662574,0.1468867883605451,0.18368014795873014,0.14753311774525157,0.21480305465085867
muestral,2019-09-23,0.1331326850103447,0.17399943677170085,0.1469065466725675,0.18361495906789466,0.1474869789493712,0.21485939352812106
muestral,2019-09-24,0.13370982491121067,0.17414426037777367,0.14617619583247288,0.18351570092529434,0.14713438824476371,0.21531962970848473
muestral,2019-09-25,0.13360790860490473,0.1743392220501247,0.14640020503968773,0.18373390040238535,0.14685882329188563,0.21505994061101188
muestral,2019-09-26,0.13378557174305455,0.1740178283587476,0.14610089195747672,0.18441787171835328,0.14721686385751026,0.21446097236485767
muestral,2019-09-27,0.1336666015449568,0.17404171368882934,0.1461998350245982,0.1843620147749171,0.1473400899925569,0.21438974497414165
muestral,2019-09-30,0.1336596023033854,0.17397767602472847,0.14596426057386153,0.18444959888758408,0.14725510658469232,0.21469375562574813
muestral,2019-10-01,0.13366412529533686,0.17398745830198667,0.14599024869822338,0.18443015589300535,0.1472665250111994,0.21466148680024832
muestral,2019-10-02,0.1337755258905142,0.1739284041249529,0.1460283059207883,0.1845461324906736,0.1472965787536069,0.2144250528194642
muestral,2019-10-03,0.1335528503451922,0.17393826478690477,0.14624276789402366,0.18439076070441854,0.14745375800937188,0.214421598260089
muestral,2019-10-04,0.1335793798845831,0.17390341847329704,0.1463739567814485,0.18440858811315522,0.1474436839550852,0.2142909727924311
muestral,2019-10-07,0.1335639644898974,0.1739576699542919,0.14637039255021264,0.18434075666311356,0.1475474337750221,0.21421978256746232
muestral,2019-10-08,0.1331280526794011,0.17385044350608014,0.14639237172602806,0.18438156480125162,0.14799815168190647,0.21424941560533264
muestral,2019-10-09,0.13304929261775714,0.17385052650334534,0.14632313957673945,0.1843335941176429,0.14821104788971665,0.21423239929479856
muestral,2019-10-10,0.13297952066865815,0.17396173463454456,0.146463596904627,0.18439671108803718,0.14794195290108353,0.21425648380304968
muestral,2019-10-11,0.1330024759111013,0.17400457130098193,0.1465354556710483,0.18420302780236716,0.14795161204628562,0.21430285726821566
muestral,2019-10-14,0.13301718660644313,0.17401790038848014,0.14636352268671365,0.18426290049210325,0.14788337783076821,0.21445511199549164
muestral,2019-10-15,0.13269537387872588,0.17408257022100368,0.14659043876365094,0.18399809207418727,0.14829875656746735,0.21433476849496488
muestral,2019-10-16,0.1327531222772991,0.17403733409680927,0.1465551393479495,0.1840031918434166,0.1483477583637291,0.21430345407079646
muestral,2019-10-17,0.13282787245281155,0.17405929445822213,0.146516018041865,0.1840335317437888,0.1482897266918178,0.21427355661149478
muestral,2019-10-18,0.13295304207188968,0.17417427084856055,0.1466344191294368,0.18393973924667542,0.14759930109829272,0.21469922760514482
muestral,2019-10-21,0.1328485795807852,0.17415752805691995,0.14673591826947463,0.183797168237695,0.14765726110781177,0.21480354474731336
muestral,2019-10-22,0.13293453643625452,0.17423870143224154,0.14704671918881743,0.1833484985489624,0.14731683781456945,0.2151147065791547
muestral,2019-10-23,0.13299868744327498,0.17434555583086656,0.14714679381284457,0.18321766049344063,0.14728541165461162,0.21500589076496165
muestral,2019-10-24,0.13313698944865318,0.17471659951727422,0.14457381909002356,0.18392279379173224,0.14772151008878573,0.21592828806353115
muestral,2019-10-25,0.13291869994622543,0.17540401911075829,0.14361110611633673,0.18406823839953632,0.1477774917191153,0.21622044470802781
muestral,2019-10-28,0.13304315170745826,0.17538625280480405,0.14386546160302943,0.18409289833506895,0.14775918898626042,0.21585304656337892
muestral,2019-10-29,0.1330482709155149,0.17545391540544716,0.1437070718665297,0.18430841837828096,0.1479182260002088,0.21556409743401836
muestral,2019-10-30,0.1321517269134755,0.17975245461480105,0.14176754885858525,0.18408071787615682,0.1465203740268772,0.21572717771010413
muestral,2019-10-31,0.13215360531667034,0.1797665530493014,0.14175609528524408,0.18413693093186728,0.1464823763307224,0.2157044390861944
muestral,2019-11-01,0.13218298624066388,0.17971696423366784,0.1418711275328645,0.18410697464033446,0.14647826688600965,0.2156436804664597
muestral,2019-11-04,0.1319957782514711,0.1798371451031207,0.14189079491508869,0.18424426474999914,0.1464363791031856,0.21559563787713468
muestral,2019-11-05,0.13189802503700698,0.17980207036084472,0.1423702267148323,0.1844124335421117,0.14615411609458723,0.2153631282506171
muestral,2019-11-06,0.1319046295872716,0.17987464697302696,0.14244698871124603,0.18431350344737357,0.14610259343277124,0.2153576378483107
muestral,2019-11-07,0.13191196192144433,0.1799278088137772,0.14238750476109813,0.18437057001077103,0.1461129662466765,0.21528918824623272
muestral,2019-11-08,0.1319236990187465,0.17993131642041357,0.14239332156001303,0.18436503593476905,0.14607687290438665,0.21530975416167114
muestral,2019-11-11,0.13193109314078316,0.179922861065877,0.1423988977650255,0.18436843157476335,0.14607750018009438,0.21530121627345664
muestral,2019-11-12,0.13197766745259776,0.1799062656622201,0.14235228254437118,0.1841616706519012,0.14617661783173383,0.21542549585717596
muestral,2019-11-13,0.1321153183720474,0.17982285203024345,0.14235536763857157,0.18417696429396418,0.1459917956767891,0.2155377019883843
muestral,2019-11-14,0.13205403162337606,0.17987073314869415,0.14246876849316234,0.18421944277393693,0.14595988390798806,0.21542714005284244
muestral,2019-11-15,0.1321268113969918,0.17992720667259524,0.14248762331114814,0.18420476452770168,0.14592126621121876,0.21533232788034437
muestral,2019-11-18,0.13201394945474762,0.179954538983583,0.14248954497496658,0.18409795257456443,0.14587522036466416,0.21556879364747417
muestral,2019-11-19,0.13199913863196389,0.17994571524515018,0.1424263878998335,0.18408311240937208,0.14591219302182257,0.21563345279185783
muestral,2019-11-20,0.13203305389657327,0.1799486864992379,0.14233392141615628,0.184038911538242,0.14597878464447892,0.21566664200531158
muestral,2019-11-21,0.13201861206585302,0.1799734776677148,0.14235288844330757,0.18403666065731716,0.1459428303997908,0.21567553076601662
muestral,2019-11-22,0.13198642691811113,0.18003341453335292,0.142174128518271,0.18419259392796034,0.14587682383549042,0.21573661226681418
muestral,2019-11-25,0.13171074118781528,0.17997800590753615,0.14225839418888633,0.18435823594304415,0.14589581995830228,0.2157988028144159
muestral,2019-11-26,0.13164499254212308,0.18024034062461783,0.1421902760896385,0.184358382956352,0.1457633030707226,0.21580270471654586
muestral,2019-11-27,0.13163208987833985,0.1802139510614626,0.14219727808411103,0.1842769551186474,0.14573820857216443,0.2159415172852747
muestral,2019-11-29,0.1316520856995765,0.18017974217838878,0.14220176397122525,0.18430645074146898,0.1457125239167551,0.2159474334925855
muestral,2019-12-02,0.13197593265367408,0.17977859903016347,0.14208186243428586,0.18456975688452928,0.14606055916107313,0.2155332898362742
muestral,2019-12-03,0.13202094806372444,0.17981128429836268,0.14208485952938094,0.18460438684031047,0.1459743921800915,0.21550412908812994
muestral,2019-12-04,0.132023627836535,0.1798564246680703,0.14205880942692692,0.1846292313522907,0.14591641177478798,0.21551549494138905
muestral,2019-12-05,0.13240884019138285,0.17994917373433578,0.14178491964048187,0.18467909873462668,0.14576135363705248,0.2154166140621203
muestral,2019-12-06,0.13238880356807603,0.1800098561713677,0.14173758011832802,0.18470873235213217,0.14573151884337537,0.21542350894672066
muestral,2019-12-09,0.13230883596581916,0.17994466226301659,0.14186032560293357,0.18480626833603772,0.14561052825816453,0.21546937957402842
muestral,2019-12-10,0.13233146247854635,0.17990475757124869,0.14180669307211763,0.18493926010096465,0.14549748238641586,0.21552034439070675
muestral,2019-12-11,0.13228705755570574,0.17992155647574293,0.14181522374658825,0.18490090501051676,0.14546890670149304,0.21560635050995328
muestral,2019-12-12,0.1322769983815622,0.17990503150497544,0.14194394228429283,0.1849457003632704,0.14536337666923368,0.21556495079666543
muestral,2019-12-13,0.1323064234901164,0.179922642061965,0.1419006884172356,0.18491813805790874,0.14537443847805456,0.21557766949471963
muestral,2019-12-16,0.13251945818297217,0.18018612385768276,0.14143396791419552,0.18480850691954392,0.14538129870370206,0.21567064442190362
muestral,2019-12-17,0.132489208418423,0.1801605400669077,0.14148077108781723,0.18482646838318648,0.14523743118237914,0.21580558086128643
muestral,2019-12-18,0.13261506850595636,0.18022323775667315,0.1413398277898498,0.18466182554460342,0.14510048452674731,0.21605955587616998
muestral,2019-12-19,0.1326443546021684,0.1804406925091052,0.14115747363857403,0.1845462208848881,0.14484191224443704,0.21636934612082726
muestral,2019-12-20,0.1326036163749303,0.18038834016839014,0.14123113517429353,0.18453522635009484,0.1448835367402025,0.21635814519208868
muestral,2019-12-23,0.13258656645780384,0.18040797229916497,0.14119198664379398,0.18456560112182124,0.14486442303327626,0.21638345044413979
muestral,2019-12-24,0.13259036943211147,0.18040927424806985,0.1411923270349083,0.18456228079182965,0.14486535869336353,0.21638038979971716
muestral,2019-12-26,0.13275520280877548,0.17992270759039122,0.14129004830708417,0.18459474660901717,0.14506765200338473,0.2163696426813473
muestral,2019-12-27,0.132691252178168,0.17988260824675428,0.14135827781874022,0.1846456753549883,0.1450741391855197,0.2163480472158295
muestral,2019-12-30,0.1327235928723461,0.17993770601053927,0.14121317160102756,0.18455906359263224,0.1451177295858567,0.21644873633759795
muestral,2019-12-31,0.13268613553428402,0.1799294097647857,0.14122264385460268,0.18453436160637174,0.14524999068021088,0.21637745855974488
muestral,2020-01-02,0.13287649542129074,0.17987361434806026,0.14123257776906817,0.18451557114946365,0.1453419498358981,0.21615979147621917
muestral,2020-01-03,0.13279688182232888,0.17955146304728486,0.141294079982926,0.18464668843568646,0.14564517334710403,0.2160657133646698
muestral,2020-01-06,0.1335318288197913,0.17952539544480692,0.1409957710841832,0.18465119582776365,0.14551638747444137,0.21577942134901354
muestral,2020-01-07,0.13351104582279272,0.17953253695881383,0.14090795158980585,0.1846531942393447,0.14558065614829988,0.2158146152409431
muestral,2020-01-08,0.1335289410349882,0.17983782949323618,0.14058451814174616,0.18465637460677728,0.14550678708008144,0.21588554964317083
muestral,2020-01-09,0.13364134845915004,0.17982108304777597,0.14105856256417632,0.1844941361734155,0.14539656785979602,0.2155883018956862
muestral,2020-01-10,0.13366034547892605,0.17975373697773828,0.14106147889249485,0.18450172319747798,0.14537156497108744,0.21565115048227543
muestral,2020-01-13,0.13363576947095152,0.18032658727940545,0.1399973000887088,0.18458945082918318,0.1453463969143921,0.21610449541735877
muestral,2020-01-14,0.1335616476077521,0.18037791376982618,0.1401005982168865,0.18448117581844897,0.1454429853525376,0.21603567923454867
muestral,2020-01-15,0.13354997937344046,0.18035704924809015,0.1400158878525601,0.18454549098556294,0.1454500707656076,0.21608152177473874
muestral,2020-01-16,0.13354696040281858,0.18034042145870227,0.1400308341754364,0.18456084039758558,0.14546328008376716,0.21605766348169003
muestral,2020-01-17,0.1335723709173801,0.1803559498921063,0.1400636197376995,0.1845574473787004,0.14544263839956578,0.2160079736745479
muestral,2020-01-21,0.13367443285506475,0.18026539083623822,0.13970613561319364,0.18470361302298763,0.1455715958659023,0.21607883180661352
muestral,2020-01-22,0.1337489041202134,0.18020249474642874,0.13971988708995317,0.1847139395898741,0.14553237273620287,0.21608240171732773
muestral,2020-01-23,0.13362383338399994,0.18046254567660117,0.1395310072413926,0.18496766436482293,0.14517040664779346,0.2162445426853898
muestral,2020-01-24,0.13341142761009922,0.18039373315029905,0.13902172077495412,0.18485348967084064,0.14672655625659795,0.21559307253720905
muestral,2020-01-27,0.1332540563547057,0.18049138460730604,0.1392407341226185,0.1850821409423554,0.146558686557925,0.2153729974150893
muestral,2020-01-28,0.13309988855254345,0.18057795697784293,0.13915233080774117,0.1850815019393815,0.14669788916058024,0.2153904325619107
muestral,2020-01-29,0.13325974930542278,0.18066367089603902,0.13908025739145555,0.18497065493318626,0.14680024832118208,0.21522541915271434
muestral,2020-01-30,0.1332910111977535,0.18066741160037925,0.13883392938200473,0.18512417682512405,0.1469137240179981,0.21516974697674054
muestral,2020-01-31,0.133297037086008,0.1806798081703789,0.1388660287582802,0.18500415444162643,0.14697106516423794,0.2151819063794685
muestral,2020-02-03,0.1341296405242148,0.182614149706431,0.1353668299337068,0.18607153717634672,0.14711249140065316,0.21470535125864743
muestral,2020-02-04,0.13419087238301172,0.18296522681552463,0.13374534583624836,0.18526524761374683,0.1470911956424203,0.21674211170904817
muestral,2020-02-05,0.13472682633049854,0.1823929291640512,0.1320251820248823,0.18559027596916103,0.14712172455548142,0.2181430619559255
muestral,2020-02-06,0.13545074550696515,0.18140562096543916,0.13127902287388543,0.1857852622023707,0.14701781138403364,0.21906153706730594
muestral,2020-02-07,0.13580366692890136,0.18171273910087304,0.1307407036897838,0.18559099415411093,0.14724839387431116,0.2189035022520197
muestral,2020-02-10,0.1353486543549088,0.18160997139922405,0.13048176450815854,0.18614405311095653,0.1473732567428857,0.21904229988386648
muestral,2020-02-11,0.13475618776911405,0.18148641120328296,0.13100167346178934,0.18610702896070772,0.1471274058868527,0.21952129271825324
muestral,2020-02-12,0.13519974451931796,0.18092649483003861,0.13071471431812615,0.18617392501187513,0.1467396855952785,0.22024543572536373
muestral,2020-02-13,0.13496489359505476,0.1813157463771389,0.13059232152167954,0.1859650292963485,0.14691373250009113,0.22024827670968716
muestral,2020-02-14,0.13470251952323062,0.1815608651116652,0.13069881060307292,0.18583548982807616,0.14696017973513398,0.22024213519882108
muestral,2020-02-18,0.13476171811124896,0.18175122041058422,0.12977317155050516,0.1861615869071653,0.14697883979398563,0.22057346322651072
muestral,2020-02-19,0.13422991626511557,0.1816017982612481,0.12944672416134273,0.18608383999907166,0.1477519039467147,0.22088581736650728
muestral,2020-02-20,0.13419788216108097,0.18164803112414418,0.1293695467255728,0.1860972655128196,0.14784897255546856,0.22083830192091405
muestral,2020-02-21,0.13397445928833102,0.18155165044222826,0.12969040550860136,0.18606537969918258,0.14803132158609364,0.22068678347556314
muestral,2020-02-24,0.13364159272266557,0.18176926583367695,0.12936033456472412,0.18603439847678208,0.14902841335027486,0.2201659950518764
muestral,2020-02-25,0.13350113361883026,0.18195635166698973,0.12930950673517236,0.18618195153044667,0.14911508846238275,0.21993596798617826
muestral,2020-02-26,0.1333659371471887,0.18184971806827577,0.1293947960781702,0.1863939035421875,0.14893505982916636,0.22006058533501158
muestral,2020-02-27,0.1336522688943995,0.18190476141528922,0.1277977453938015,0.1870409541047156,0.15082121389993963,0.21878305629185452
muestral,2020-02-28,0.1331012732181422,0.18195466260341303,0.1279846191273872,0.18708818871018348,0.15097279206482273,0.21889846427605128
muestral,2020-03-02,0.13374135312846344,0.1817296994061833,0.12691418475429583,0.1878414554443019,0.15119308930148512,0.21858021796527044
muestral,2020-03-03,0.13402410652418834,0.18188157432556382,0.12768693956311283,0.18682059635860665,0.15096748360346493,0.2186192996250634
muestral,2020-03-04,0.13353416122919567,0.1817306539443782,0.12835892737672458,0.1867736720954692,0.151194492922947,0.21840809243128542
muestral,2020-03-05,0.13351176368745704,0.1821125553726935,0.128427990910306,0.18690832554130052,0.1518785987712767,0.2171607657169662
muestral,2020-03-06,0.13354847634690697,0.18222050984154015,0.12825923572491493,0.18668026987749461,0.1521658392239579,0.2171256689851854
muestral,2020-03-09,0.13397301328101027,0.18317416024626787,0.12681514379440217,0.18674106000202992,0.1529851086644759,0.21631151401181395
muestral,2020-03-10,0.13410683377114577,0.18311662652187793,0.12709625020659807,0.1866120748648628,0.1533504623684296,0.21571775226708578
muestral,2020-03-11,0.1339739513889976,0.18319189346335424,0.12750452314349323,0.18634171426217178,0.15397119090499112,0.21501672683699216
muestral,2020-03-12,0.13391336789263444,0.1841639527008225,0.1279988933834871,0.1857234002066254,0.15415611827162287,0.21404426754480765
muestral,2020-03-13,0.13331546758410082,0.1847148724255276,0.13187803504040144,0.18364903898400828,0.15513818489796105,0.21130440106800077
muestral,2020-03-16,0.131563482702732,0.19229954424135323,0.1303535856323542,0.18034237811296716,0.15699427802770954,0.20844673128288388
muestral,2020-03-17,0.1306320301095033,0.19106111950987384,0.13216340848103744,0.1813040584326972,0.15648678170982436,0.20835260175706377
muestral,2020-03-18,0.1301134108057491,0.19253659207392368,0.13037199289636173,0.1816103038253511,0.1569654250300195,0.20840227536859487
muestral,2020-03-19,0.1303354307949526,0.19291264026432922,0.12767241945970298,0.18272336332262962,0.15652653247974793,0.20982961367863767
muestral,2020-03-20,0.13035529061119355,0.19303854727707573,0.1278526380879681,0.18258763571526987,0.15689877503539856,0.20926711327309414
muestral,2020-03-23,0.1302541148622176,0.19273782977970935,0.1279308814864616,0.18306801347046997,0.15607712445185237,0.2099320359492891
muestral,2020-03-24,0.12745051774592484,0.19584304086607834,0.1259155068425019,0.18160426250517167,0.16017335924993345,0.20901331279038965
muestral,2020-03-25,0.12752067681796447,0.19589784180884728,0.1263378524957566,0.1816122058056216,0.15972307747643597,0.2089083455953741
muestral,2020-03-26,0.12779491933043846,0.19636256542602548,0.12706787740680886,0.1807798933737394,0.15997992297647573,0.20801482148651204
muestral,2020-03-27,0.1282924637283815,0.1958460172827957,0.12747763632538262,0.18046463795610654,0.16052937980988896,0.20738986489744463
muestral,2020-03-30,0.12805253550002918,0.19646940819636546,0.12879996055910997,0.17908147717569614,0.1609404070119768,0.20665621155682232
muestral,2020-03-31,0.12817507672858222,0.1960405423581729,0.1285836244691185,0.17947461020819377,0.1609285050352032,0.2067976412007295
muestral,2020-04-01,0.12767818534059444,0.19771073193064204,0.12819891585021428,0.17912729102784747,0.16173223478030774,0.20555264107039406
muestral,2020-04-02,0.1276116957237361,0.19774954281205445,0.12851125724037968,0.17905092582116067,0.16166764958011987,0.20540892882254916
muestral,2020-04-03,0.1273655883473801,0.1978721267962975,0.12917406619416774,0.17867877075836983,0.16163903397259563,0.2052704139311893
muestral,2020-04-06,0.12679908811238152,0.19907757102757287,0.12990193900921237,0.17845598395162637,0.162687627705647,0.20307779019355998
muestral,2020-04-07,0.12686678149279376,0.19937093012783672,0.12976206995595735,0.17822237714003472,0.1626282585229167,0.2031495827604608
muestral,2020-04-08,0.12682072085119614,0.199370874283295,0.1298807035326166,0.17801787275785977,0.1628674591419133,0.20304236943311924
muestral,2020-04-09,0.12706318878981493,0.19916680121073466,0.12993793705452472,0.17841928040066873,0.1627611828784726,0.2026516096657843
muestral,2020-04-13,0.12757148548602684,0.19790342162060903,0.12865408696772948,0.17981924753375952,0.16193043673994362,0.2041213216519315
muestral,2020-04-14,0.1278460709707627,0.19734802641755825,0.12812487120668653,0.18066740213561067,0.1622044636817322,0.2038091655876498
muestral,2020-04-15,0.12789525063636697,0.19732481228774643,0.1280808650172952,0.18072001500643461,0.16210002053825148,0.2038790365139053
muestral,2020-04-16,0.1277010009607059,0.19676773236388995,0.12817021543614937,0.18110265634456954,0.16203518060178854,0.20422321429289683
muestral,2020-04-17,0.1273339752415662,0.19703880801590254,0.1273886122289109,0.18078452928255978,0.16316847158504372,0.204285603646017
muestral,2020-04-20,0.12732436066790298,0.19704890777915593,0.12738360585322472,0.18077904053857882,0.16319811292503103,0.20426597223610646
muestral,2020-04-21,0.12706807388010277,0.19731747842317812,0.12697126374396106,0.1806216919618602,0.16401422356256376,0.20400726842833408
muestral,2020-04-22,0.1267104161106368,0.19785746885072403,0.12681181419236415,0.17959713325256896,0.16540971154870845,0.20361345604499767
muestral,2020-04-23,0.1267671636132226,0.1977837604259503,0.12691343921988715,0.17948271099487884,0.16554748774367983,0.2035054380023813
muestral,2020-04-24,0.12626765861567465,0.19809791446359679,0.12635415325754984,0.17941063075322022,0.1656638312938399,0.20420581161611862
muestral,2020-04-27,0.12623539950591534,0.1982025045968405,0.12612405424636539,0.17948485596222113,0.16572033411031437,0.2042328515783434
muestral,2020-04-28,0.12625408884300116,0.19834661931591405,0.12562107162503083,0.18126440351454967,0.16509888321911695,0.20341493348238715
muestral,2020-04-29,0.1270085476440561,0.19932393220739722,0.12607468054923238,0.1806668838537975,0.16593141771133404,0.20099453803418268
muestral,2020-04-30,0.12730781028537533,0.1989246546894525,0.1263335075660291,0.1802353365794267,0.1659146659141982,0.20128402496551825
muestral,2020-05-01,0.12762028568543413,0.1970718709417376,0.12561279812507406,0.1810808652808644,0.166704754594949,0.2019094253719408
muestral,2020-05-04,0.12760912063258462,0.19723055961779082,0.12516019130203201,0.18113720289379956,0.16655106358118846,0.20231186197260473
muestral,2020-05-05,0.1275088574054372,0.19722571781806342,0.1252806528324008,0.18117117249503473,0.166611657591782,0.20220194185728177
muestral,2020-05-06,0.12750680785360466,0.19694219328342957,0.12530493996405973,0.18113611371198873,0.16662415084800045,0.20248579433891678
muestral,2020-05-07,0.12760330292428648,0.19694703109357659,0.1254066942352214,0.18102653743061492,0.16670180554666747,0.20231462876963324
muestral,2020-05-08,0.1275502608727214,0.19700121773150772,0.12527007738103668,0.18107439995791755,0.1668131189773566,0.20229092507946006
muestral,2020-05-11,0.1274584935686636,0.19687073909740185,0.12529625128913985,0.18117395944400627,0.1667194170599422,0.20248113954084632
muestral,2020-05-12,0.1274237238483909,0.19673826924598825,0.1254082882207413,0.1812871973756242,0.16668409828651629,0.20245842302273892
muestral,2020-05-13,0.12749749748371797,0.19684048737039642,0.12538608018084485,0.1811034023206856,0.1668473227616076,0.20232520988274758
muestral,2020-05-14,0.12741093328304218,0.19685107502797078,0.1254226887871094,0.18111969155274857,0.1668515442107374,0.20234406713839168
muestral,2020-05-15,0.12728215654569597,0.1969998514935792,0.12563618972077695,0.18099486042986596,0.16658720356082912,0.20249973824925294
muestral,2020-05-18,0.12721314822288748,0.197021171684494,0.12562722888609967,0.18097107240740082,0.16667745244347326,0.2024899263556448
muestral,2020-05-19,0.12719798249554884,0.19701563099687722,0.12563976415069206,0.18093653041439567,0.16669950511903195,0.20251058682345427
muestral,2020-05-20,0.12729384890568265,0.1970082901451762,0.12586822498126538,0.1802735201517184,0.1671102795619303,0.20244583625422694
muestral,2020-05-21,0.1271491911807508,0.19684468622214674,0.12598543370944734,0.18037848429330572,0.16709389379478898,0.20254831079956048
muestral,2020-05-22,0.12712698173728035,0.19682421520608873,0.12606961091026905,0.1803462265719391,0.16706581922237995,0.20256714635204287
muestral,2020-05-26,0.12699550709518112,0.19680925503544852,0.12606835967778665,0.18033160465197873,0.16711761692889135,0.20267765661071357
muestral,2020-05-27,0.12696041084845208,0.19680018453648487,0.126077650466869,0.18029489065557813,0.16717306002246882,0.2026938034701471
muestral,2020-05-28,0.12699318037133964,0.19683997707302414,0.12605151939778472,0.18022516781911732,0.16713070317668483,0.20275945216204957
muestral,2020-05-29,0.12682623217130837,0.1967804112218335,0.12596863368027825,0.18044407386589906,0.1671481898750198,0.20283245918566098
muestral,2020-06-01,0.12705367187335376,0.1967917181951296,0.12570435123901408,0.1802188373495955,0.16716458124611758,0.2030668400967894
muestral,2020-06-02,0.12703751693189708,0.196780058696412,0.12565999772342903,0.18026018140364125,0.16713953574282212,0.20312270950179853
muestral,2020-06-03,0.12699916616782705,0.19662740214172425,0.12564675565463482,0.18012120165715023,0.1671606567005316,0.20344481767813213
muestral,2020-06-04,0.1271687254686945,0.19674434976748753,0.12562529979865739,0.1799537151192491,0.16707508092263595,0.20343282892327552
muestral,2020-06-05,0.1271924349587509,0.1968446996522215,0.12560846074096554,0.1798905543388508,0.16711666976579662,0.20334718054341458
muestral,2020-06-08,0.12728357534251322,0.1967057192072513,0.12567712195605243,0.17984740037402958,0.16718962608879456,0.20329655703135888
muestral,2020-06-09,0.12725553748545174,0.19641725802061497,0.1259206703296761,0.17972337947247913,0.16705935703153255,0.2036237976602455
muestral,2020-06-10,0.12714808345084883,0.1963334262739393,0.12550864580895527,0.18005446120479981,0.16725141000050506,0.20370397326095174
muestral,2020-06-11,0.12701028592488406,0.19639012698845754,0.12565892287915142,0.17969199508928732,0.16787554344225533,0.2033731256759643
muestral,2020-06-12,0.12701799531028674,0.19636327854573296,0.12567200300535064,0.17971684003094998,0.1678337845402744,0.20339609856740537
muestral,2020-06-15,0.12696147646795822,0.19641882732259536,0.12544393855697047,0.1796638891310853,0.16800416432065948,0.20350770420073122
muestral,2020-06-16,0.1269896174409195,0.1962285137972522,0.1255885595055802,0.17971678932397273,0.16811569053429576,0.2033608293979797
muestral,2020-06-17,0.12697349229287316,0.19623227735459295,0.1256018609600984,0.1797968356439775,0.16800279991929945,0.2033927338291585
muestral,2020-06-18,0.12691139296364243,0.19618623011694747,0.125665267822587,0.1798153365272901,0.16790491547100822,0.20351685709852488
muestral,2020-06-19,0.12693901227328672,0.1961550927943888,0.1257371213325793,0.17980568536907757,0.16780070386711102,0.20356238436355664
muestral,2020-06-22,0.1268211859398484,0.19607907194563565,0.12589774236807072,0.1800560148194367,0.167793935306472,0.20335204962053657
muestral,2020-06-23,0.12688790715108414,0.19603345374322928,0.1260319399699325,0.1799268830357217,0.1677483358955484,0.20337148020448395
muestral,2020-06-24,0.12702689867574116,0.19625473313909936,0.12605671452788156,0.17959524305717706,0.1678424499593847,0.20322396064071618
muestral,2020-06-25,0.12699596569177654,0.19632153271475794,0.12554137795861114,0.17947781850754987,0.16849300016662955,0.2031703049606749
muestral,2020-06-26,0.12750573205878635,0.19727344787628884,0.12614218187155737,0.17812327428251887,0.16872968521434664,0.20222567869650176
muestral,2020-06-29,0.12763371126964304,0.19761372004631428,0.1258434842746155,0.1780383639942092,0.16885457006588403,0.202016150349334
muestral,2020-06-30,0.1277073032164609,0.19761849201259976,0.12553698085522683,0.17785985303298796,0.16904782354469308,0.20222954733803142
muestral,2020-07-01,0.12839762904867072,0.19722304217930117,0.1257558908527732,0.17758021959127476,0.1683579092494394,0.20268530907854074
muestral,2020-07-02,0.12842895808121135,0.1972207487621448,0.1254619170015245,0.1777687639888247,0.16853776083275349,0.20258185133354106
muestral,2020-07-06,0.12893657749091156,0.19608891299711056,0.12475353105808738,0.17814871851272568,0.16869942313550423,0.2033728368056606
muestral,2020-07-07,0.1289639266407287,0.19585357486742858,0.12462492665561127,0.17832474707167717,0.16874674087355,0.20348608389100425
muestral,2020-07-08,0.12888388677065915,0.19560087417510372,0.12470327613043165,0.17846641343754696,0.16880729844308448,0.20353825104317388
muestral,2020-07-09,0.12876827203997573,0.19536750922607612,0.12476205515789451,0.1785364900741796,0.1689936770326206,0.20357199646925347
muestral,2020-07-10,0.12922520095627366,0.1958937981819689,0.12412423035510281,0.17902331552123255,0.1679231361964195,0.20381031878900258
muestral,2020-07-13,0.12922964268351664,0.19573962145189885,0.12421033893001361,0.17912073644706503,0.16765985156845029,0.20403980891905568
muestral,2020-07-14,0.12915779944244563,0.19590254624051526,0.12409774312391443,0.1791868112671024,0.16747248434011308,0.20418261558590914
muestral,2020-07-15,0.1291479337987727,0.19571469206391778,0.12412806206688506,0.1792029560481704,0.16764242248012248,0.20416393354213164
muestral,2020-07-16,0.12914004170823687,0.19568737476510875,0.12411492941239571,0.17922109130490604,0.16764665581852797,0.2041899069908247
muestral,2020-07-17,0.12928255459795612,0.19570481152476132,0.12422389344906436,0.17940583674259217,0.16699871135654737,0.20438419232907873
muestral,2020-07-20,0.1297207230296669,0.19402538666267907,0.12377074531290175,0.18023297577896488,0.16771720404135212,0.2045329651744354
muestral,2020-07-21,0.12966369733608762,0.1940267281651451,0.12359882027543201,0.18018843615536836,0.16777470059942481,0.20474761746854211
muestral,2020-07-22,0.1296708171639041,0.19400955576907958,0.12363082421002451,0.18014514704296195,0.167793765563873,0.20474989025015689
muestral,2020-07-23,0.1298689657923578,0.1937790381022022,0.1235970844319869,0.1801720814806563,0.16798361859945635,0.20459921159334052
muestral,2020-07-24,0.129852640876737,0.19389342672761548,0.12335033712275824,0.18018277592038662,0.1679091997402118,0.2048116196122909
muestral,2020-07-27,0.12987746853517787,0.1940765546232285,0.12300828246915106,0.18033180016502026,0.1677592679105932,0.20494662629682917
muestral,2020-07-28,0.1288613042512474,0.1938269581698256,0.1223334769912487,0.18513773473314596,0.16674885721868926,0.2030916686358431
muestral,2020-07-29,0.1287770629259111,0.19356211127287742,0.12240672390869262,0.18503694426949538,0.16694848740503174,0.20326867021799166
muestral,2020-07-30,0.1287021493639997,0.19345102876530793,0.12231102596289319,0.1849439153859839,0.16750898663415206,0.20308289388766326
muestral,2020-07-31,0.1287779979420888,0.19319873866762566,0.12252917428131599,0.18436306180426426,0.16757735416798442,0.2035536731367209
muestral,2020-08-03,0.12870031521401287,0.19333339663558866,0.12247357646551248,0.18438893546754884,0.16750700371277757,0.20359677250455951
muestral,2020-08-04,0.12837792691167038,0.19317682175748546,0.12374038074382805,0.18447822147044401,0.16719894813241265,0.2030277009841594
muestral,2020-08-05,0.12837206329756154,0.19317102243953516,0.12374571762370287,0.18446796444008867,0.16721429996018983,0.20302893223892204
muestral,2020-08-06,0.1284978712568268,0.19339412032605366,0.1237622876832818,0.18408756584389477,0.16736754243182184,0.2028906124581211
muestral,2020-08-07,0.12845980620347125,0.19323348933378984,0.12418128542443703,0.18400814915736174,0.1670972387623637,0.2030200311185764
muestral,2020-08-10,0.1285255242753569,0.1932757525550488,0.1241486707595902,0.18389505564424022,0.1670076386742117,0.20314735809155213
muestral,2020-08-11,0.12856197492218105,0.19319212806366748,0.12425301854905053,0.183851880677815,0.16679753343863674,0.20334346434864922
muestral,2020-08-12,0.12838008112642146,0.19323214334475375,0.12323798766017646,0.18433209252241248,0.16715222412938915,0.20366547121684664
muestral,2020-08-13,0.12840699313581283,0.19327317758270426,0.1231627413657466,0.18434189679826882,0.16714719089710958,0.20366800022035783
muestral,2020-08-14,0.12841429108983746,0.1932846489175484,0.12314828912138494,0.18434377577666392,0.16713341729644193,0.20367557779812348
muestral,2020-08-17,0.12788693302216342,0.19344919051587137,0.12253523414128885,0.18453556355270065,0.16763261644739028,0.2039604623205854
muestral,2020-08-18,0.1281069195943667,0.19296670269247956,0.1225541159854962,0.18493154444974777,0.16767943403557944,0.20376128324233025
muestral,2020-08-19,0.12835596079851586,0.19259911271005642,0.12307513637995879,0.18478808334975394,0.16763019259074247,0.2035515141709725
muestral,2020-08-20,0.12862125399784968,0.19271687407592003,0.12285357104931018,0.18464427651134543,0.16766487048681072,0.20349915387876394
muestral,2020-08-21,0.12860917310527767,0.19266432309769918,0.12293126423196747,0.184584193222247,0.16785247950284252,0.20335856683996606
muestral,2020-08-24,0.12870239480393897,0.19267168807421997,0.12287816575961052,0.18453660597994892,0.16791292015476444,0.20329822522751712
muestral,2020-08-25,0.12874609250835206,0.19267338601250467,0.12294219775905639,0.18434480054950278,0.16801874982770376,0.2032747733428803
muestral,2020-08-26,0.13010534968828683,0.19335001244273683,0.12303167355261413,0.18285611227893106,0.16635581752657963,0.20430103451085155
muestral,2020-08-27,0.1301541322751534,0.1933895522927378,0.12321800090785352,0.1826446097870566,0.16616061268986,0.20443309204733862
muestral,2020-08-28,0.13010936059406933,0.19337127287229125,0.12327681535676636,0.18266813242648638,0.16612358078798728,0.20445083796239946
muestral,2020-08-31,0.13013133806042032,0.19348604626576982,0.12260308914664592,0.18281690003749287,0.16612445010865542,0.2048381763810156
muestral,2020-09-01,0.13006865288910197,0.1935011398919176,0.12288628773381331,0.18289162741265527,0.16584063248798128,0.2048116595845305
muestral,2020-09-02,0.12994910796220804,0.19345926265089833,0.12310014323297405,0.18285325676676498,0.16596621972371048,0.20467200966344415
muestral,2020-09-03,0.12935414448115126,0.19331384297131085,0.12292497283994477,0.18366759494443902,0.16626732714129314,0.2044721176218609
muestral,2020-09-04,0.12917110312933683,0.19322717361476124,0.123225219444324,0.183526334047426,0.1669408746253263,0.20390929513882555
muestral,2020-09-08,0.1295027864011533,0.19337236023150842,0.12065807785580995,0.18399322971675508,0.16810639800571245,0.2043671477890607
muestral,2020-09-09,0.12912255989777216,0.19296925742753146,0.12023282170233306,0.18429277449349907,0.16881447706533634,0.20456810941352793
muestral,2020-09-10,0.12910843308893527,0.19270268724998785,0.12070219843119602,0.18431163218125873,0.1685474476572762,0.2046276013913458
muestral,2020-09-11,0.1290327313695912,0.19271280532006466,0.12063512801409629,0.18431647060936085,0.16865148019361287,0.2046513844932741
muestral,2020-09-14,0.12875087529837487,0.1929083249895095,0.12012332103523407,0.1844530045082682,0.16889990251382309,0.2048645716547902
muestral,2020-09-15,0.12900532857205702,0.19304828238242416,0.11988933496833787,0.18445867349155137,0.16864023813707188,0.2049581424485577
muestral,2020-09-16,0.12896713253736888,0.19298848441393066,0.11999611315620984,0.18426030322037726,0.16866170030627275,0.20512626636584064
muestral,2020-09-17,0.1290975454324335,0.19319703032675145,0.11977549262960352,0.18390831294161067,0.16883456456928236,0.20518705410031846
muestral,2020-09-18,0.12902111220268653,0.19317123698213762,0.1198414594093809,0.1838745166925933,0.16904304944410706,0.2050486252690945
muestral,2020-09-21,0.1289662483953516,0.19308854147473525,0.11990732777279497,0.18400467649308103,0.16890988980783214,0.20512331605620499
muestral,2020-09-22,0.1290337899011144,0.19262138393887077,0.12025544972997787,0.1839631560123214,0.16901972500812626,0.20510649540958933
muestral,2020-09-23,0.1292315590587894,0.1924636986652873,0.1195796141329994,0.1845637565574623,0.16900391880281027,0.2051574527826512
muestral,2020-09-24,0.1291850823231698,0.19246452707129566,0.11952219167725084,0.1846315987475456,0.16909115088575002,0.20510544929498825
muestral,2020-09-25,0.12908555824669174,0.1924581619275373,0.1194163433353784,0.18459425532216947,0.16910787524580986,0.20533780592241335
muestral,2020-09-28,0.1291030348562773,0.1922723141882455,0.11941698216644812,0.1847225622153422,0.16918990220853591,0.205295204365151
muestral,2020-09-29,0.12906039669068653,0.19237704757830237,0.11938342249828737,0.18469170071280086,0.1691744551470342,0.20531297737288864
muestral,2020-09-30,0.12848334433872036,0.19226530752889096,0.12004784499804615,0.18493458468296514,0.16916741109713587,0.20510150735424146
muestral,2020-10-01,0.1287927884180131,0.19196874092723393,0.12101400647374773,0.18452837904759095,0.16875224762145727,0.20494383751195708
muestral,2020-10-02,0.12882528867276577,0.1920642503660205,0.12078026043734659,0.1848058606585686,0.1684664736455764,0.2050578662197221
muestral,2020-10-05,0.12872878636977528,0.1920620861275414,0.12088885096659588,0.18489228075217254,0.16832376271443472,0.2051042330694802
muestral,2020-10-06,0.12892128574324196,0.19177379469718464,0.12096005801753112,0.1847693627982412,0.16838196742920142,0.20519353131459966
muestral,2020-10-07,0.1290640312145872,0.1913994553718552,0.12131359150840125,0.18491681866069884,0.1681421112185532,0.2051639920259044
muestral,2020-10-08,0.12908623243278633,0.1914606105749128,0.12145119736499334,0.18476006678873297,0.16811445886504753,0.20512743397352715
muestral,2020-10-09,0.1291801020219875,0.1912758162082834,0.12154140652069649,0.18486360015340914,0.16817694834082275,0.2049621267548006
muestral,2020-10-12,0.1293041604079768,0.1913307170301706,0.12090472708916877,0.18409391822361407,0.1697102722148619,0.20465620503420795
muestral,2020-10-13,0.12947135470088889,0.19148654110028407,0.12093050018320303,0.1838638549158027,0.1696829824132238,0.20456476668659762
muestral,2020-10-14,0.1295548275221092,0.19164802133368836,0.12086393148206087,0.18315807651781663,0.17009411898278579,0.2046810241615393
muestral,2020-10-15,0.12973866930813796,0.19168301528932516,0.12069861086112582,0.18289226351897475,0.1702134755741279,0.2047739654483085
muestral,2020-10-16,0.1296714899547272,0.19157173870462513,0.12076617795773785,0.18293443321597677,0.17019565706662962,0.2048605031003033
muestral,2020-10-19,0.12963947432228398,0.1914954711505767,0.12073605016242477,0.18292515636786552,0.17055464656599598,0.204649201430853
muestral,2020-10-20,0.12930343297384858,0.19163847014270474,0.12064653554465449,0.1828498442362153,0.17094857246635406,0.20461314463622277
muestral,2020-10-21,0.12946109676259618,0.19149615253889776,0.12064597167558216,0.18291501781547306,0.17105742341875355,0.2044243377886973
muestral,2020-10-22,0.12945307787203905,0.19151622894258907,0.12064316493698293,0.1829103691007731,0.17102040271673125,0.20445675643088465
muestral,2020-10-23,0.12929912034597527,0.1914304913361423,0.12099183942254062,0.18278926463651393,0.17108794638055702,0.20440133787827092
muestral,2020-10-26,0.12958551658762593,0.19173604202185512,0.11978811871416406,0.18233019055484978,0.17255208059470892,0.20400805152679616
muestral,2020-10-27,0.1291021850799281,0.1927514688270635,0.12007658840967964,0.18171256787043652,0.17219768241973338,0.20415950739315888
muestral,2020-10-28,0.12906746437349792,0.19414505590810954,0.11924603329514366,0.18127642867184646,0.17338476329961733,0.202880254451785
muestral,2020-10-29,0.12928398744131742,0.1954238581275548,0.11860742303101873,0.18018609116741147,0.17341335183646564,0.2030852883962319
muestral,2020-10-30,0.12980597518767634,0.19424692891678602,0.11829812088399302,0.17937446836631088,0.1726957064819311,0.20557880016330252
muestral,2020-11-02,0.12954605717748086,0.19452451871987414,0.11781837889215653,0.17932733451222296,0.17303851504333706,0.20574519565492852
muestral,2020-11-03,0.1295164217573058,0.19498475638622503,0.11756870503679576,0.17901593147763314,0.17361429041435333,0.20529989492768697
muestral,2020-11-04,0.1297481810383142,0.1941816759045757,0.11869731063414697,0.17791523430475215,0.17483385813291813,0.20462373998529282
muestral,2020-11-05,0.1298075829656862,0.19426061260597566,0.11868259960287747,0.17788300275601582,0.1744267719142631,0.20493943015518176
muestral,2020-11-06,0.1298257595564893,0.19426007317377325,0.1186691704894975,0.17787989767213674,0.17441904901578237,0.20494605009232078
muestral,2020-11-09,0.12917019221591405,0.194828383502529,0.1188282480736775,0.17689254158431175,0.17343654075512177,0.20684409386844602
muestral,2020-11-10,0.12895301365446316,0.19424681798887433,0.1186861610691074,0.17695464287132073,0.17424241091788092,0.2069169534983534
muestral,2020-11-11,0.12855388720258482,0.19406592940441533,0.11862472166606892,0.1770277112251688,0.17458734653353902,0.207140403968223
muestral,2020-11-12,0.12904212036799723,0.1944456202238103,0.11862751779185302,0.17661297266743714,0.17437288376915963,0.20689888517974278
muestral,2020-11-13,0.12916509565398598,0.19438414922141353,0.11865016163699091,0.17660318137399778,0.17434930086581377,0.20684811124779798
muestral,2020-11-16,0.1291755321594493,0.19446845122046366,0.1186147018377134,0.17651779865547035,0.17443640690540882,0.20678710922149451
muestral,2020-11-17,0.12923215618410314,0.19448989769361885,0.11851081540925221,0.176451089937663,0.17443423368134556,0.20688180709401732
muestral,2020-11-18,0.1313815817835303,0.19420203238976982,0.11779301525544028,0.1765022244021076,0.17404307912361422,0.20607806704553785
muestral,2020-11-19,0.13260034423126352,0.19438380385299184,0.11659846030048365,0.17669180474888382,0.1740997553136957,0.20562583155268147
muestral,2020-11-20,0.13248863329502947,0.19443924149674066,0.11658625440910533,0.17665417418219168,0.1742687687370486,0.2055629278798842
muestral,2020-11-23,0.13253950725584285,0.1943936347206311,0.11661886424057366,0.17660894686667122,0.17431988285619898,0.20551916406008222
muestral,2020-11-24,0.13266917243026963,0.19449500154623078,0.11653350044710627,0.17653938458723165,0.17434736138218807,0.20541557960697374
muestral,2020-11-25,0.1327495704311726,0.19508507237106804,0.11654726151610681,0.17662006278793607,0.17372072246233125,0.20527731043138528
muestral,2020-11-27,0.13278200489030628,0.19512124625596744,0.11654178812367519,0.17663581641614867,0.17368068482944105,0.20523845948446132
muestral,2020-11-30,0.1326885179424125,0.19597133166256755,0.11592802109985642,0.17590806773959897,0.17423229818468305,0.2052717633708814
muestral,2020-12-01,0.13296003126136516,0.1960423629699976,0.11596127452328256,0.17571937382979044,0.17414150753520155,0.2051754498803628
muestral,2020-12-02,0.13307350060651385,0.1960263281189783,0.1159705231551459,0.1757331372832503,0.1739633408137002,0.20523317002241137
muestral,2020-12-03,0.13316720052027758,0.19659553701555219,0.11597376335137047,0.175412109741812,0.17383863891153037,0.2050127504594574
muestral,2020-12-04,0.13352581156017537,0.1973870828584583,0.11505575004125605,0.17456005971638272,0.17400859518258516,0.20546270064114236
muestral,2020-12-07,0.1335441009433781,0.19764714025690863,0.11478151050955353,0.17442329440013593,0.17388333669685863,0.2057206171931653
muestral,2020-12-08,0.1338460610904862,0.19797476117069843,0.11431612523941374,0.17370815848209378,0.1745697009251182,0.20558519309218984
muestral,2020-12-09,0.1339567862917666,0.19792171979520454,0.1140168299725534,0.17409471255185271,0.17437397805902038,0.20563597332960232
muestral,2020-12-10,0.1340124239260185,0.19791365895705007,0.11397971567073441,0.1740918368519565,0.17439823271634294,0.20560413187789767
muestral,2020-12-11,0.13393560092927884,0.1979232536628768,0.11385239841634198,0.1740684795795912,0.17460489271436339,0.20561537469754781
muestral,2020-12-14,0.13389586674040133,0.19788896912457019,0.11376250839122637,0.17416091639278738,0.17435856474859648,0.20593317460241833
muestral,2020-12-15,0.1337165455991644,0.19836862849880665,0.1137072310975198,0.17378768065272723,0.17449935791161897,0.2059205562401629
muestral,2020-12-16,0.1334729808554712,0.19895791963830728,0.11376007436520867,0.1737258849149085,0.17416387555113705,0.20591926467496724
muestral,2020-12-17,0.13346202970752744,0.19902760783317439,0.11344581991825875,0.17380894404232256,0.17425571120522254,0.20599988729349436
muestral,2020-12-18,0.1337183981011325,0.199328928360465,0.1130796706817961,0.17486938194514423,0.17380385018371952,0.20519977072774262
muestral,2020-12-21,0.13380147764724745,0.19957657700964507,0.11305687800744897,0.17447624880774287,0.1738462937330765,0.20524252479483904
muestral,2020-12-22,0.13349895344658907,0.20045308225577704,0.11204062003578572,0.17497552590620485,0.17416837839512184,0.20486343996052148
muestral,2020-12-23,0.13328552778118247,0.20053048607196397,0.11240786281482733,0.17464949353644513,0.17462233404686917,0.2045042957487119
muestral,2020-12-24,0.13131191089528566,0.20266295662476336,0.11196304864906872,0.17482940266939861,0.1749286401863809,0.20430404097510274
muestral,2020-12-28,0.1316230045377787,0.202390220269508,0.11217056545794737,0.17461640679305165,0.17503046178474052,0.20416934115697383
muestral,2020-12-29,0.13165767055841074,0.20241297990305376,0.11225485063970793,0.17455692773374304,0.17497528339034044,0.20414228777474425
muestral,2020-12-30,0.13168364936882307,0.20243354312064982,0.11230013882723011,0.17441375737106105,0.1751038890263363,0.2040650222858998
muestral,2020-12-31,0.13173248606031515,0.20260406554844645,0.11215005789845306,0.1745229854750726,0.17495959753685622,0.2040308074808564
muestral,2021-01-04,0.13223614867882616,0.20262554496675447,0.11234097652805833,0.17461819380173652,0.17399928680288881,0.20417984922173563
muestral,2021-01-05,0.13179910906903908,0.2024739882739174,0.11170082218810129,0.1740232177652538,0.17575468321443743,0.20424817948925106
muestral,2021-01-06,0.1316815758704795,0.20270291642786464,0.11223119513102114,0.17337553949045328,0.17618404321353937,0.20382472986664202
muestral,2021-01-07,0.13124383920017202,0.20323771745967106,0.11189844608211558,0.1736437186914162,0.17640275797025745,0.2035735205963677
muestral,2021-01-08,0.13134609180107287,0.203243255305865,0.11172827347695301,0.1737649612429349,0.17643539530051436,0.20348202287265993
muestral,2021-01-11,0.132093613308483,0.20319468781385835,0.11139133939313889,0.17340482168157229,0.17652592063635208,0.20338961716659548
muestral,2021-01-12,0.13211892584423582,0.20318189761559308,0.11146903812148587,0.17331833189628224,0.17662120828798566,0.20329059823441747
muestral,2021-01-13,0.1320576737477708,0.20322087987742202,0.1115855564064642,0.1732065086890494,0.17654802843661668,0.20338135284267678
muestral,2021-01-14,0.13132443007100408,0.2034359897161469,0.11139896779798479,0.17285851770991117,0.17734487918149416,0.203637215523459
muestral,2021-01-15,0.13126642630923657,0.20336956332127495,0.11135703953495837,0.17302646720288484,0.17735775842260032,0.20362274520904503
muestral,2021-01-19,0.1314099326869654,0.20360143275611495,0.11139842479478076,0.17275405164295296,0.17750810772366385,0.20332805039552218
muestral,2021-01-20,0.13245648045775782,0.20392541155468477,0.11338898639550228,0.1741513246507778,0.1731941789568758,0.2028836179844016
muestral,2021-01-21,0.132555149133179,0.20427516537401355,0.11310398583826048,0.17367487270005671,0.17351001681496234,0.2028808101395279
muestral,2021-01-22,0.1324906445047044,0.20417136649740195,0.1132077948048476,0.17386088031466265,0.1734352852082742,0.20283402867010905
muestral,2021-01-25,0.13273597266204915,0.2041425171769986,0.11315078197006269,0.17382473046815813,0.17347490802469176,0.20267108969803974
muestral,2021-01-26,0.13269870563941735,0.20400114716167903,0.11309803577771779,0.17384869065727815,0.17367928889008238,0.2026741318738253
muestral,2021-01-27,0.13453647615801026,0.2042446475835951,0.11322809254237337,0.17364434674367113,0.17234484415198145,0.20200159282036864
muestral,2021-01-28,0.13476140102525053,0.20447501857601083,0.1130157242503554,0.1736623230116057,0.17231565807079738,0.20176987506598024
muestral,2021-01-29,0.13479230751768928,0.20517993871284856,0.11258405201671072,0.17365778596934445,0.17229883695837503,0.20148707882503206
muestral,2021-02-01,0.1350465420440723,0.20456084925360626,0.11190815658980285,0.17590246710008775,0.17169472000671074,0.20088726500572004
muestral,2021-02-02,0.13489713957480953,0.20522512256717002,0.11173996202624836,0.17577247661532974,0.17153869091533402,0.20082660830110827
muestral,2021-02-03,0.1349659745453843,0.20508363566336316,0.11162370643133061,0.17584175223666448,0.17177936872049465,0.20070556240276288
muestral,2021-02-04,0.13490107828921377,0.20514178282839662,0.11165273097978375,0.17585164668496414,0.1717398528534564,0.2007129083641853
muestral,2021-02-05,0.13475349011709722,0.2051724583908767,0.11166445187332884,0.17579080975996592,0.17175231530372181,0.20086647455500956
muestral,2021-02-08,0.13476831951345547,0.20515620941652418,0.1116651170417698,0.17586487635413878,0.17175542351235248,0.20079005416175938
muestral,2021-02-09,0.1347411106213215,0.20520077714770119,0.11165791279446036,0.1758588608719508,0.1717578016740169,0.20078353689054929
muestral,2021-02-10,0.1347642943777039,0.2051833936042818,0.11162824111268699,0.17587949861677885,0.1717667492850358,0.20077782300351268
muestral,2021-02-11,0.1348104784674368,0.2054053717657402,0.1114080631967447,0.17547310599351099,0.17202789433261803,0.20087508624394937
muestral,2021-02-12,0.13473569273233488,0.2053852962206153,0.11142692719020952,0.17548424156004677,0.17211240046665213,0.2008554418301414
muestral,2021-02-16,0.13471510093565545,0.20541183395196025,0.11145067245318888,0.1754719893910132,0.17210136720606387,0.2008490360621184
muestral,2021-02-17,0.1346085473187113,0.205506151797681,0.11143149375438201,0.1754855460275445,0.1720734517524348,0.2008948093492464
muestral,2021-02-18,0.13459785819357506,0.20561955858231526,0.1113977856073937,0.17540862798657544,0.1720884713818912,0.2008876982482493
muestral,2021-02-19,0.13476726143258938,0.2054312703243751,0.11146631564725958,0.17521725035382948,0.17211990290790033,0.20099799933404608
muestral,2021-02-22,0.13464716358544043,0.20517367075407147,0.1111425922284137,0.17563438953006122,0.1722811822801415,0.2011210016218715
muestral,2021-02-23,0.13470453141846933,0.2051388174455929,0.1111350174157805,0.1755982689749548,0.1722887485610854,0.20113461618411702
muestral,2021-02-24,0.1346289928083763,0.2053192986144923,0.11101455350922927,0.17572656116466265,0.17223894195827094,0.20107165194496848
muestral,2021-02-25,0.13395869773994543,0.20529502135621505,0.11073494647454903,0.17580096521612534,0.17310564027098388,0.2011047289421813
muestral,2021-02-26,0.13391403924683262,0.20526992121848545,0.11077377563431705,0.1757758679297106,0.17315197072046282,0.20111442525019144
muestral,2021-03-01,0.13416869069965992,0.20533498299768568,0.11059800083890216,0.1756900411619887,0.17320462396490455,0.201003660336859
muestral,2021-03-02,0.13405987087806875,0.20525877349351201,0.11048218359736285,0.1755841774736927,0.17337412658350637,0.2012408679738573
muestral,2021-03-03,0.13398765315560657,0.20520763524249303,0.11046000927052937,0.1761297713112061,0.1729162016470552,0.20129872937310983
muestral,2021-03-04,0.13382830442961585,0.20515258011807064,0.11029061692726938,0.17633476535587084,0.17283012237638795,0.20156361079278529
muestral,2021-03-05,0.1339373740222521,0.20526213623346481,0.11044192789388058,0.1761979089797717,0.17277250349641457,0.2013881493742163
muestral,2021-03-08,0.1335072452092325,0.2062915573600628,0.11030297546022601,0.17639156785372864,0.17260375515358403,0.20090289896316604
muestral,2021-03-09,0.13306181430266104,0.2063408389708959,0.10859616746314951,0.17649896423622852,0.1733253021436168,0.20217691288344825
muestral,2021-03-10,0.13346102797824097,0.2065341544246823,0.1083778557352463,0.17617236608608433,0.1732692727913506,0.20218532298439543
muestral,2021-03-11,0.13345307284028055,0.20682907258643804,0.10844827414276216,0.17610211593746208,0.1731495818966925,0.2020178825963647
muestral,2021-03-12,0.13362386401353388,0.20691458102510094,0.10848558169936053,0.17601698370515848,0.1732333273251491,0.20172566223169705
muestral,2021-03-15,0.13360839864947988,0.20695039443798546,0.10844244641520323,0.17601755967979282,0.17323533742176048,0.2017458633957782
muestral,2021-03-16,0.13355971339768163,0.2068842010441877,0.10854350511318404,0.17607242369287304,0.17321028240573655,0.20172987434633707
muestral,2021-03-17,0.13359818100438753,0.20667600096865696,0.10853863104867358,0.17617568556560725,0.17321840666112176,0.2017930947515529
muestral,2021-03-18,0.13364946910509692,0.20648618097494537,0.10832646143549712,0.1766356425939039,0.17306926601255268,0.20183297987800397
muestral,2021-03-19,0.13338087312206234,0.20647264993017986,0.10833179686025957,0.17639218519448235,0.17341575695328632,0.20200673793972967
muestral,2021-03-22,0.13352964451904215,0.20648974842368947,0.1082680620056783,0.17632204847738736,0.1732952571788767,0.20209523939532595
muestral,2021-03-23,0.133517571682219,0.2066870570519308,0.1082089917237976,0.17589616666538904,0.17363075884130305,0.2020594540353605
muestral,2021-03-24,0.13347911454178715,0.20673241338700113,0.10810568235289694,0.17570352679925488,0.17351637824092878,0.20246288467813103
muestral,2021-03-25,0.13351874089679866,0.2066955916454138,0.1082131353824397,0.17570689420454152,0.17329499363586148,0.20257064423494495
muestral,2021-03-26,0.13347230622439168,0.20672437007508251,0.10815196064354289,0.1757026705766462,0.1733420833163182,0.20260660916401838
muestral,2021-03-29,0.1334974074373205,0.20674261329863308,0.10822568820441483,0.17559358451534468,0.17333842158840368,0.2026022849558831
muestral,2021-03-30,0.1335036713988413,0.20673085144160114,0.10823376242251255,0.17558862277734225,0.17334110983863887,0.20260198212106387
muestral,2021-03-31,0.13330426754658806,0.20683765818765604,0.10813732045807013,0.17540846097690882,0.17350049617840418,0.2028117966523729
muestral,2021-04-01,0.13326557063585606,0.20678222373234217,0.10839451150638028,0.17567700605000533,0.17333403138621964,0.20254665668919658
muestral,2021-04-05,0.13356044578953208,0.2067845225413138,0.10840340587245849,0.17546994808323357,0.17372377410555098,0.20205790360791107
muestral,2021-04-06,0.13354231106288156,0.20678156413232562,0.10858336577849159,0.17534577529700013,0.17377103888625958,0.20197594484304146
muestral,2021-04-07,0.13353577347421797,0.20673656427834808,0.10871122125399729,0.17527569796649503,0.1738042935835712,0.2019364494433704
muestral,2021-04-08,0.13351847822381208,0.2067004875700159,0.10871293285804369,0.17532025538778742,0.1737990681101819,0.20194877785015888
muestral,2021-04-09,0.13354001112548572,0.20665106644212838,0.10874264734221234,0.1753184615914029,0.17379855591283186,0.2019492575859388
muestral,2021-04-12,0.13341246621958697,0.20667037303359426,0.10870413767243188,0.1753438206920657,0.17382236813101284,0.20204683425130832
muestral,2021-04-13,0.13332407843578564,0.20670938751170304,0.10851610280427328,0.17549845409237824,0.17386348477040556,0.20208849238545432
muestral,2021-04-14,0.13332851992653924,0.2066013411469465,0.10844443435973124,0.17536659852942,0.17400845636284662,0.20225064967451645
muestral,2021-04-15,0.13314444694206498,0.2066417004486113,0.10858599920331496,0.17538883888741313,0.17405830793456184,0.20218070658403386
muestral,2021-04-16,0.13313673210759622,0.20668231998019854,0.10859851109778049,0.17525204800412053,0.17420062636862504,0.20212976244167913
muestral,2021-04-19,0.1330147203848937,0.20664022959640177,0.10853350836708985,0.17519660842993443,0.17441317476998336,0.20220175845169677
muestral,2021-04-20,0.13299650149658085,0.20659125706211529,0.10855882763230848,0.17524309780042022,0.1744042760649237,0.2022060399436515
muestral,2021-04-21,0.13303401734743991,0.2067411816316239,0.10845473664401385,0.17529016662764257,0.17426332645394652,0.2022165712953333
muestral,2021-04-22,0.13288740756415843,0.2067734147507259,0.10833665777202407,0.1752696604465678,0.17446179466832598,0.20227106479819787
muestral,2021-04-23,0.1327483016030125,0.20681597444992486,0.10839034784148914,0.17520481022884926,0.1746877737713563,0.20215279210536782
muestral,2021-04-26,0.13276306951814013,0.20670863381961044,0.10842453831322216,0.17519668195149837,0.17470824500500257,0.2021988313925265
muestral,2021-04-27,0.13288913987249837,0.20665319949429323,0.10839929492669483,0.17530722809416074,0.17462512385429535,0.20212601375805747
muestral,2021-04-28,0.13294563362623588,0.20656969894122595,0.10847604104681956,0.17535084750655258,0.17461541285519536,0.20204236602397066
muestral,2021-04-29,0.13271892640398697,0.20646280413477594,0.10856219038114852,0.17453110235304006,0.1744534004870298,0.20327157624001854
muestral,2021-04-30,0.13267816672845256,0.20650131411958622,0.1086424945282017,0.17448377068953752,0.17434961599820206,0.2033446379360198
muestral,2021-05-03,0.13272673187919823,0.20627566923650625,0.10859145776442174,0.1745490637627289,0.17441688020498344,0.20344019715216133
muestral,2021-05-04,0.13239552728237458,0.20643372867643667,0.10867828973203145,0.1745572301874042,0.17445775143356954,0.20347747268818347
muestral,2021-05-05,0.13248231578375028,0.20637631670792098,0.10866208524468206,0.17454101790438592,0.17447819027112701,0.20346007408813369
muestral,2021-05-06,0.13262363001828692,0.20630097446284798,0.10872528712495949,0.17452589402149135,0.17449830394546803,0.2033259104269462
muestral,2021-05-07,0.1325677624951864,0.206305584948783,0.10873089197077719,0.17451864248827484,0.1745400920858923,0.20333702601108633
muestral,2021-05-10,0.13276495033367017,0.20629131220050206,0.1086140490661244,0.17431295860183066,0.17455394053948484,0.20346278925838787
muestral,2021-05-11,0.13277481322931217,0.20630394524395665,0.10862504381334272,0.1742997920928093,0.17455508658394095,0.2034413190366381
muestral,2021-05-12,0.13292506956403172,0.2064030460007282,0.1085012546045898,0.1744924056717765,0.17480382835859157,0.20287439580028216
muestral,2021-05-13,0.1329430656899919,0.20642530704751955,0.10850302954451678,0.1744815748567363,0.17480130316257245,0.20284571969866316
muestral,2021-05-14,0.1324941915200325,0.20642395965483293,0.10839523974066534,0.1743978907894941,0.17505182908281505,0.20323688921215985
muestral,2021-05-17,0.13245944743771684,0.20654454046137155,0.10832029127915142,0.1743643233601954,0.17504256752028247,0.20326882994128234
muestral,2021-05-18,0.13244828919684534,0.20661405604463734,0.10866898359247877,0.17411738432911802,0.17498241254227936,0.2031688742946413
muestral,2021-05-19,0.1325298757133905,0.20641794655658086,0.10867907689765992,0.17407416491683997,0.17499510592151105,0.2033038299940177
muestral,2021-05-20,0.13244945555649493,0.2065916278846306,0.1086069959655542,0.17412964198007672,0.1748959459884354,0.20332633262480826
muestral,2021-05-21,0.13259344208879134,0.20650634910588642,0.10871506445343908,0.17409503138071003,0.1747936034196597,0.20329650955151352
muestral,2021-05-24,0.13258083277959073,0.20684055771074036,0.10849467135307368,0.1741140314102755,0.1750241394917885,0.20294576725453115
muestral,2021-05-25,0.13261322046272508,0.20680008450938833,0.10853259163812173,0.17409782102919436,0.17498558981623605,0.2029706925443344
muestral,2021-05-26,0.13261681894428323,0.20680556279140985,0.10852154725711456,0.17410910893529885,0.1749884172085597,0.2029585448633339
muestral,2021-05-27,0.13263387294429005,0.2067483498965012,0.10844271089669073,0.174115620286448,0.17502659464941003,0.20303285132665988
muestral,2021-05-28,0.13264612324040156,0.20675254166703083,0.10844935725191591,0.17410708808778688,0.17501415110023202,0.20303073865263266
muestral,2021-06-01,0.1326283827134734,0.20684894400414774,0.10834640416453743,0.1742521702260599,0.17502813411398818,0.20289596477779331
muestral,2021-06-02,0.13165613755672148,0.20722724035674908,0.10789246090880458,0.1752395884196261,0.17407360691546592,0.20391096584263277
muestral,2021-06-03,0.1322497475389168,0.20692639021419723,0.1079610178333014,0.17495973748824614,0.1744708258107142,0.20343228111462427
muestral,2021-06-04,0.13216411784816162,0.20706749770096808,0.10789097155840587,0.17499883945356903,0.17452327159264494,0.2033553018462503
muestral,2021-06-07,0.1321888951015935,0.2071062712858587,0.10795828702348088,0.17492188299655068,0.17450705144209902,0.20331761215041716
muestral,2021-06-08,0.13207499242936718,0.20736331533543534,0.10778393755584983,0.17502862765842722,0.17439926011981965,0.20334986690110063
muestral,2021-06-09,0.13207456574422755,0.2076876889729743,0.10782078033064449,0.1749545902985354,0.17404673409791888,0.2034156405556994
muestral,2021-06-10,0.1321366474399342,0.20755642996430254,0.10783600289111073,0.17503649857678238,0.17407072540137844,0.20336369572649163
muestral,2021-06-11,0.1322483700814867,0.2074293660471155,0.10792105664759076,0.17509854589733187,0.17410639704589378,0.20319626428058138
muestral,2021-06-14,0.13229002695682468,0.2074379622139919,0.10796482932623036,0.17509499355957012,0.17394566686245566,0.20326652108092721
muestral,2021-06-15,0.1323165179511044,0.20752316770117138,0.107898890842579,0.1750954361254182,0.1739079607260374,0.20325802665368964
muestral,2021-06-16,0.13210173871334607,0.20738143493490432,0.10796822985780685,0.1754214448748459,0.17409975278550718,0.2030273988335895
muestral,2021-06-17,0.13211476357918017,0.20722669019498774,0.10795546077088405,0.17530431453870132,0.1742293667055339,0.20316940421071278
muestral,2021-06-18,0.13212848567907412,0.20726047516955406,0.10798394814986274,0.17521874982909535,0.17430502743651627,0.20310331373589738
muestral,2021-06-21,0.13211083393581782,0.2072300189536551,0.10797100203299072,0.17524339070845207,0.17429138953445913,0.2031533648346253
muestral,2021-06-22,0.13206860123301647,0.20718403180958078,0.10805203857776233,0.17519002086211613,0.17421004493856668,0.20329526257895766
muestral,2021-06-23,0.13206907305828128,0.20722070541074103,0.1079850925528027,0.17519221259010995,0.17419656778805517,0.20333634860000974
muestral,2021-06-24,0.13186853900408005,0.20729336449318367,0.1078822214601524,0.1751345373627846,0.17428787993913122,0.2035334577406681
muestral,2021-06-25,0.13194874200592915,0.2072564522101974,0.1078476625324864,0.1750827168735084,0.1743769336355228,0.20348749274235575
muestral,2021-06-28,0.13178953990996223,0.20729030666621442,0.10788952701451889,0.17474031408042173,0.1745560223543759,0.2037342899745067
muestral,2021-06-29,0.1318004156144664,0.20730435449541956,0.1078735132530384,0.17471882221622817,0.17456665380943243,0.20373624061141515
muestral,2021-06-30,0.13178187055380508,0.2073741235056159,0.10785535387209098,0.17457085300067876,0.174604715969622,0.2038130830981873
muestral,2021-07-01,0.13178957556068707,0.20740369689917892,0.10787628741099461,0.17452237910503662,0.1745897595221842,0.20381830150191851
muestral,2021-07-02,0.13175063095258732,0.2071975478762571,0.1080036394014478,0.1746229567865658,0.17472461933597758,0.20370060564716438
muestral,2021-07-06,0.13181587105806852,0.20683741007329287,0.10814296678314277,0.17477045436228658,0.1747303343933345,0.20370296332987486
muestral,2021-07-07,0.1318210818220464,0.2067900154984203,0.10810978967910378,0.1747158648158177,0.1747229111888909,0.203840336995721
muestral,2021-07-08,0.13170839410046015,0.2070085414231926,0.10810762344998906,0.17471259181506904,0.17470067277092208,0.20376217644036704
muestral,2021-07-09,0.1316860977090928,0.20707617453314547,0.10815341759720934,0.1747221990725112,0.17456972265135293,0.2037923884366883
muestral,2021-07-12,0.13164153994166927,0.20716553409085417,0.10809041163176011,0.17473266803012846,0.17461239530154476,0.2037574510040433
muestral,2021-07-13,0.13161541193995502,0.20710849714125795,0.10806259098813668,0.17478069215716183,0.17463150863086027,0.2038012991426282
muestral,2021-07-14,0.13156963413994685,0.2071191794274641,0.10802244295478691,0.17473537667833122,0.17470512592217619,0.2038482408772947
muestral,2021-07-15,0.1313697089331704,0.20709846706761398,0.10809370038396408,0.17479927524121563,0.17476768885492497,0.203871159519111
muestral,2021-07-16,0.13112278296985047,0.20706181532185644,0.10812581950582158,0.17489522748932299,0.17467913550875816,0.2041152192043903
muestral,2021-07-19,0.13091567200124687,0.20675989628079336,0.10798811840922945,0.17459985267194553,0.17609672932757264,0.2036397313092121
muestral,2021-07-20,0.13093062849540565,0.2066918257723685,0.10785423048461165,0.17455808558727703,0.1763161640958627,0.20364906556447446
muestral,2021-07-21,0.1309112512140552,0.20671274329111225,0.10784168776822575,0.17458192414612791,0.17631454733587137,0.20363784624460746
muestral,2021-07-22,0.13094262148285576,0.20667469641171157,0.10787550957577853,0.174546101381783,0.176309458311719,0.20365161283615207
muestral,2021-07-23,0.13115493444561116,0.2068118752914737,0.10804512523937507,0.17416441237774455,0.17662327671817513,0.20320037592762022
muestral,2021-07-26,0.13129553999359556,0.2068245701108143,0.10874305359575738,0.17425757406004197,0.17590555175724884,0.20297371048254195
muestral,2021-07-27,0.13115599288319782,0.2059082885456536,0.10849774880885826,0.1737921698978899,0.1761825667053927,0.20446323315900772
muestral,2021-07-28,0.13114145076196365,0.2060811303226621,0.10846213923736435,0.17384056371794648,0.17626238732729146,0.20421232863277192
muestral,2021-07-29,0.13117304343428618,0.20608394135471025,0.10851962770947811,0.17361963237044228,0.17631335802604797,0.2042903971050352
muestral,2021-07-30,0.13147269687638435,0.20495679995942753,0.10866617946663709,0.17384264595608492,0.1766538499973246,0.20440782774414148
muestral,2021-08-02,0.1315323231353412,0.2049097538528464,0.10873397859789737,0.17381422057274118,0.17665531516384703,0.2043544086773269
muestral,2021-08-03,0.13157306787299622,0.20500871339774102,0.10865293341594033,0.1738730840904053,0.17651686192783675,0.20437533929508034
muestral,2021-08-04,0.13183652207739496,0.20505342031767498,0.10833290265275247,0.17381099137956915,0.17641145670793,0.2045547068646784
muestral,2021-08-05,0.13179264808747976,0.20510089247173763,0.10833207350764998,0.17382614205586155,0.17635253270935475,0.20459571116791633
muestral,2021-08-06,0.13176669777034922,0.2050645837299313,0.10829369583295033,0.1738965832795848,0.17636364248217212,0.20461479690501222
muestral,2021-08-09,0.1316714725751565,0.20503665084080888,0.10812088777143218,0.17389504340923057,0.17659143665499843,0.20468450874837352
muestral,2021-08-10,0.13167323285748223,0.20501330222494038,0.10807338312004545,0.17385207731058555,0.1766567383123282,0.2047312661746181
muestral,2021-08-11,0.13168140808272955,0.20503578286630303,0.10812470907256351,0.17389709725653565,0.17647299454392307,0.20478800817794515
muestral,2021-08-12,0.13171461126669093,0.20516680438270193,0.108084942870218,0.17386783147114118,0.1763313706767008,0.20483443933254705
muestral,2021-08-13,0.13148702127774278,0.20520053628904858,0.10816984217046878,0.17413077364904564,0.17643816586073816,0.20457366075295608
muestral,2021-08-16,0.13147076206353223,0.20519498742836975,0.10812049983579879,0.17414338976503305,0.17647931172767573,0.2045910491795904
muestral,2021-08-17,0.13182564968745714,0.2049880570606621,0.10801145823566609,0.17387695968836198,0.1768282489834609,0.2044696263443919
muestral,2021-08-18,0.13219990262958453,0.2047857495149433,0.10802205173220499,0.17370165955049532,0.17688976614415394,0.20440087042861796
muestral,2021-08-19,0.1320876667457779,0.2047683393005584,0.10801762680869027,0.1737083131877155,0.17694653611933703,0.2044715178379209
muestral,2021-08-20,0.1319065342193196,0.20486748304247254,0.10805743274131932,0.17371301375152037,0.17699992655877755,0.2044556096865906
muestral,2021-08-23,0.1316452919682528,0.20484212672599822,0.10804557011037906,0.17390321722638152,0.1771399945166414,0.20442379945234695
muestral,2021-08-24,0.13186147193574657,0.20497434262918443,0.10806145938120437,0.17367125260723293,0.17680411655534448,0.2046273568912872
muestral,2021-08-25,0.13185120740205383,0.2049703595735446,0.10803414576334008,0.17367655334270848,0.17680114567327038,0.20466658824508246
muestral,2021-08-26,0.13190373983339188,0.20501275094002555,0.1080102612563687,0.17356903282965266,0.1768862828682823,0.2046179322722789
muestral,2021-08-27,0.1318904494005867,0.20508270938421527,0.10807310571271192,0.17350042287838702,0.1768893525463499,0.2045639600777491
muestral,2021-08-30,0.13206435876733796,0.20487896508225986,0.10803998510178688,0.17345024967656547,0.1768788203845738,0.20468762098747614
muestral,2021-08-31,0.13205473558907638,0.2048930220542267,0.10802126173116024,0.17343873282380737,0.17689979192353467,0.2046924558781947
muestral,2021-09-01,0.13211106654677637,0.20465489244423046,0.10799952450770696,0.17350417197702855,0.1768989911223277,0.20483135340192993
muestral,2021-09-02,0.1321770039711541,0.2046271577518106,0.10791405077105301,0.17353325712431575,0.1769845018398344,0.20476402854183204
muestral,2021-09-03,0.13251570596622322,0.20466434344455908,0.10789352578208529,0.1734367792538493,0.17662691200403455,0.20486273354924855
muestral,2021-09-07,0.1326002802379293,0.2046261710948734,0.10787775833615805,0.1734784711420476,0.17652150565097785,0.20489581353801375
muestral,2021-09-08,0.13257409325628483,0.2046580720912025,0.10789279808698071,0.17344495072805988,0.17656631465030861,0.2048637711871635
muestral,2021-09-09,0.13251473084865842,0.20460834750994344,0.1078769193247821,0.17353636749679346,0.17659530226521386,0.2048683325546087
muestral,2021-09-10,0.13255477660152673,0.20455176298166994,0.10791204370410372,0.17360921977815758,0.1765858364292792,0.2047863605052629
muestral,2021-09-13,0.13251882981670537,0.20455982816305043,0.10792431424450177,0.1735875197974627,0.17652766576284462,0.20488184221543515
muestral,2021-09-14,0.13254407517365474,0.204570977094021,0.10793238693143326,0.17360463653515698,0.17644701652155909,0.20490090774417502
muestral,2021-09-15,0.13255227156414653,0.20467708120393943,0.10792908467614114,0.17362102256471906,0.17636101832038373,0.20485952167067015
muestral,2021-09-16,0.13253544655163613,0.20470214246554227,0.10792058052681851,0.17363249933270955,0.17640513777338182,0.20480419334991168
muestral,2021-09-17,0.1325274627970858,0.20471364474021553,0.10798136083556135,0.17349058960205427,0.17667920220934955,0.20460773981573363
muestral,2021-09-20,0.13251014723207621,0.20442134500549464,0.10797281350334895,0.17349844351021068,0.17677240710073142,0.20482484364813816
muestral,2021-09-21,0.13251013503992834,0.20436055115581872,0.10794604140317803,0.17316003137557684,0.17741609183236837,0.20460714919312983
muestral,2021-09-22,0.13238926722614,0.2043302115171086,0.10793366310072933,0.173457848438633,0.17736809468105177,0.20452091503633732
muestral,2021-09-23,0.13200083402091878,0.20430675870950094,0.10825676991233985,0.1735039685186358,0.1777782762952427,0.20415339254336184
muestral,2021-09-24,0.13206721896242116,0.20422146974202834,0.10815387488687205,0.17322772450494792,0.1780967909513141,0.20423292095241652
muestral,2021-09-27,0.13203068118645722,0.20425968491930685,0.10811679419632773,0.17328176498985426,0.1781138587468821,0.20419721596117182
muestral,2021-09-28,0.13206257969774907,0.20421136239034235,0.10830780525523107,0.17319921428732168,0.17837415201909815,0.20384488635025763
muestral,2021-09-29,0.1320624581573241,0.204206570536251,0.10829363556280226,0.1731979057526064,0.17844986048008474,0.20378956951093147
muestral,2021-09-30,0.13205927297822562,0.20418860302012448,0.10827081248387588,0.17322663477048308,0.17842544072822655,0.20382923601906444
muestral,2021-10-01,0.13201890197496982,0.2042594992152899,0.10825387600854351,0.17314796535199978,0.17836813175464655,0.20395162569455044
muestral,2021-10-04,0.1319563429475069,0.20409457004363082,0.10852547265877902,0.172779580409706,0.1785806498565493,0.204063384083828
muestral,2021-10-05,0.13186520874691376,0.20432690659844988,0.10871092588508309,0.1727918347153055,0.17812621836617226,0.20417890568807548
muestral,2021-10-06,0.13187098312873446,0.20428207514356908,0.10874218434283414,0.17281702232821977,0.17813979176967654,0.204147943286966
muestral,2021-10-07,0.13201461585359953,0.20430695131960636,0.10859413656197926,0.1727704127255811,0.17814821098555136,0.20416567255368237
muestral,2021-10-08,0.13201602685602998,0.20431683285429475,0.10858512349127011,0.17280682657438792,0.17806238939659513,0.20421280082742188
muestral,2021-10-11,0.13202702424457943,0.20414948802272814,0.10858789490636196,0.17270244280890015,0.1783372949901884,0.20419585502724186
muestral,2021-10-12,0.1320443384954065,0.20415821102308557,0.10860346505935775,0.17280028132365283,0.17833089214808684,0.20406281195041048
muestral,2021-10-13,0.13203405194329476,0.2041244618640471,0.10864536281514524,0.17280145053940626,0.17834711337449546,0.20404755946361117
muestral,2021-10-14,0.13213899595329112,0.20427750078296464,0.1085690824358763,0.1729878222733466,0.17811255876594642,0.20391403978857495
muestral,2021-10-15,0.1321504826868826,0.20412113641668517,0.10854860826990242,0.17306097256899491,0.17817962918314265,0.20393917087439226
muestral,2021-10-18,0.13216524452317782,0.20416561191194643,0.10852458815501931,0.17283500153996748,0.17827777242675472,0.20403178144313427
muestral,2021-10-19,0.13202783695574993,0.20402630326592275,0.10840615113848524,0.1728147944340426,0.17910033620008461,0.2036245780057148
muestral,2021-10-20,0.1320951205790576,0.2040850736747815,0.10836191415910008,0.17298808892464615,0.17898017005851735,0.20348963260389732
muestral,2021-10-21,0.13188079188578208,0.20410874478262972,0.1081789664974972,0.173432223672641,0.1789854148556101,0.20341385830583986
muestral,2021-10-22,0.13205621318778782,0.203786913898855,0.10836091439242372,0.17305550738576134,0.17955771730113856,0.20318273383403365
muestral,2021-10-25,0.1319209655581127,0.20402475930070904,0.10873175965381741,0.17283675443769766,0.17934576456738036,0.2031399964822829
muestral,2021-10-26,0.13196076817503002,0.20356266266355028,0.10907951568202565,0.17294313401093986,0.17948090557273644,0.20297301389571773
muestral,2021-10-27,0.13200182446993067,0.20356513994966668,0.10901531267833342,0.1730120022300125,0.17960937424274528,0.20279634642931144
muestral,2021-10-28,0.13201486814433402,0.20345711543064232,0.10904970753130572,0.1728261457600623,0.17945706003039005,0.2031951031032656
muestral,2021-10-29,0.1319433572260934,0.20385847975207358,0.10898130463028438,0.1726838884819168,0.179437537997004,0.20309543191262786
muestral,2021-11-01,0.13196219088383415,0.20385430409324903,0.1089920514586073,0.1726298216613292,0.17947422024497348,0.20308741165800684
muestral,2021-11-02,0.13198185766274076,0.20386048638858717,0.10895168162916745,0.17262797447896278,0.17944088819044277,0.2031371116500991
muestral,2021-11-03,0.13217738113893304,0.20365531494613617,0.10886954843852883,0.17257271891381157,0.17950609954556287,0.20321893701702762
muestral,2021-11-04,0.13132089142991157,0.20337613350518294,0.10898867629219289,0.17265629535708416,0.18033593982062637,0.20332206359500207
muestral,2021-11-05,0.13132902565045745,0.20343255838590876,0.10895180966260021,0.1727336500814152,0.18022474641489974,0.20332820980471863
muestral,2021-11-08,0.13139832182383474,0.20338006202049846,0.10890188851125844,0.1726979364789302,0.18026192767474672,0.2033598634907315
muestral,2021-11-09,0.13139399677890432,0.2037354579765767,0.10852001414032815,0.1726313193254761,0.18034433276160183,0.20337487901711285
muestral,2021-11-10,0.13125599151890446,0.20354966263019217,0.10887237331475522,0.17260283793258027,0.1803981705221872,0.20332096408138053
muestral,2021-11-11,0.13121518263710327,0.20357458873641757,0.10889038914085748,0.17267439655355904,0.18032779680638295,0.20331764612567962
muestral,2021-11-12,0.1313520495778388,0.20367266783134563,0.10913968598387591,0.1723722280905154,0.1803166105231845,0.20314675799323983
muestral,2021-11-15,0.1313193033996455,0.20365310224876348,0.10911180190112937,0.17238230311120178,0.18037354873012632,0.2031599406091337
muestral,2021-11-16,0.1312858464439712,0.20362848765059835,0.10909610322420137,0.17240656708481694,0.18038356314460835,0.20319943245180386
muestral,2021-11-17,0.1313498634151808,0.20362978090941602,0.1090598291224832,0.17241844564451686,0.18050402008939564,0.20303806081900738
muestral,2021-11-18,0.13093627480624206,0.2031473864531673,0.10916677574894519,0.17271086837086982,0.18092512008049877,0.20311357454027687
muestral,2021-11-19,0.1307895904754526,0.20323726230394631,0.10914779514818884,0.17265070417767955,0.18093466932796398,0.20323997856676884
muestral,2021-11-22,0.13073459988439945,0.20299363265983836,0.1094274910063651,0.17281245871497933,0.18079103340277924,0.2032407843316384
muestral,2021-11-23,0.1307172739831288,0.20301293124901829,0.10945971358170863,0.17272642155758627,0.18078739040818753,0.2032962692203704
muestral,2021-11-24,0.13084237151519143,0.2030948915048862,0.1094016034430096,0.17259508574803087,0.18080671425628772,0.20325933353259418
muestral,2021-11-26,0.13078198077002495,0.20288032369977685,0.10941929944122682,0.17255819495287628,0.18139196157106707,0.20296823956502807
muestral,2021-11-29,0.1304820177814276,0.2029356121795364,0.10932190235315009,0.17268606283863766,0.18178697765120064,0.2027874271960476
muestral,2021-11-30,0.13059667527424504,0.2031476396252205,0.10961198995339244,0.1723689826053529,0.18157728161488962,0.2026974309268996
muestral,2021-12-01,0.13066775284571996,0.20332087332881915,0.10945102180329741,0.17195052624093515,0.18131352577017296,0.20329630001105545
muestral,2021-12-02,0.13066972112352013,0.2033464007312804,0.10944493870003519,0.17195234150643438,0.18136062295009,0.20322597498863984
muestral,2021-12-03,0.13044756685787412,0.20344610322961207,0.1092014786513604,0.1721327306484551,0.1812814703808737,0.20349065023182464
muestral,2021-12-06,0.13057470507830973,0.20348601584967937,0.10926457536763866,0.17196282328994472,0.1812499832223849,0.2034618971920426
muestral,2021-12-07,0.1300763791056974,0.20339782629235936,0.1093453681649592,0.172306363731816,0.1814858066846664,0.2033882560205016
muestral,2021-12-08,0.13011173153825828,0.20341027722834043,0.10933091243545465,0.17225014373016925,0.18152866826104594,0.20336826680673145
muestral,2021-12-09,0.1298762906777661,0.20350642100178587,0.10905816090126709,0.17250523865407463,0.18144803574156504,0.2036058530235413
muestral,2021-12-10,0.1298726433102763,0.20345401075556427,0.10906143503207809,0.17250937892234983,0.18152524112857868,0.20357729085115284
muestral,2021-12-13,0.12943842851203263,0.20343743512527912,0.10891574759474629,0.17304369457713545,0.18160434705085698,0.20356034713994942
muestral,2021-12-14,0.12948093983786005,0.2034452971519897,0.10891609175544988,0.17311533781848906,0.18156059476345246,0.20348173867275893
muestral,2021-12-15,0.1289494681352361,0.20321195718501153,0.10923555751091736,0.1731959474273526,0.1818531616886402,0.2035539080528421
muestral,2021-12-16,0.12850232780039678,0.20316029256345966,0.1091031763945502,0.1733495142398925,0.18209941077908784,0.20378527822261305
muestral,2021-12-17,0.12843267070135847,0.20318765677478323,0.109181380083405,0.17346304089332396,0.18215237200197115,0.2035828795451581
muestral,2021-12-20,0.12850284320994343,0.2029134059320966,0.10910045662332495,0.17334772697057568,0.1826227553589375,0.20351281190512185
muestral,2021-12-21,0.1283516591207722,0.20290452543963214,0.10908508486847364,0.17327171631754892,0.1827011272547899,0.20368588699878332
muestral,2021-12-22,0.12839506712795729,0.20299971083216015,0.10890041112573716,0.17350491173135837,0.18266249644468316,0.2035374027381039
muestral,2021-12-23,0.12840814197908637,0.2030548346640153,0.10879566776170257,0.17346053107451154,0.18270467031114504,0.20357615420953928
muestral,2021-12-27,0.1281534999023688,0.2036893238123706,0.10872224208143952,0.17322894021072943,0.18260850306385304,0.2035974909292387
muestral,2021-12-28,0.12812266070931372,0.2037245320738611,0.10871464186919852,0.1732207023419634,0.1826400933282833,0.20357736967738
muestral,2021-12-29,0.12809211186671224,0.2036520426920026,0.10879141664085114,0.17321334571749084,0.18269825885878263,0.20355282422416063
muestral,2021-12-30,0.12806917466593717,0.2036451187979957,0.10877170396360207,0.17324863399994112,0.18272207173158722,0.20354329684093678
muestral,2021-12-31,0.1280316171215524,0.20382657869630003,0.10873336450711875,0.17313102900647237,0.18264704282478675,0.20363036784376967
muestral,2022-01-03,0.12805742075619467,0.20367545371197415,0.10809751713553228,0.1732314530573676,0.18305377020466562,0.2038843851342656
muestral,2022-01-04,0.12779593824237512,0.203525395387971,0.10791386255928809,0.17331553696171206,0.18325369949131445,0.20419556735733932
muestral,2022-01-05,0.12769380445461753,0.2041808367236899,0.10798616718869307,0.17341752044167022,0.1831215835231029,0.2036000876682264
muestral,2022-01-06,0.12767288808413227,0.20399511683604182,0.10804575246743507,0.17349926450509448,0.18319499291479283,0.20359198519250354
muestral,2022-01-07,0.12755420222815467,0.20411139507881423,0.10796277482715438,0.1736381483293806,0.18305141506371844,0.20368206447277773
muestral,2022-01-10,0.1275259957420749,0.20415249635049665,0.10796204379697642,0.17362532985058254,0.18313042202580695,0.20360371223406257
muestral,2022-01-11,0.12755736882846097,0.20366975059989895,0.10839023074101592,0.17354264530241864,0.18343233372525897,0.20340767080294656
muestral,2022-01-12,0.12759223354127178,0.20372970163454235,0.108294184889586,0.17358939003680257,0.18341864981647396,0.2033758400813233
muestral,2022-01-13,0.1274440656276161,0.20379966831399954,0.1081390826879192,0.1738127516694574,0.18327306990093595,0.20353136180007184
muestral,2022-01-14,0.12745589747040606,0.20384202491091005,0.10813284471162996,0.17376199849312818,0.18324103778445466,0.20356619662947115
muestral,2022-01-18,0.12743749993291634,0.20397752174245404,0.10831986562210712,0.17347687037558374,0.1832156436220938,0.20357259870484481
muestral,2022-01-19,0.12728438607591874,0.20392825298976694,0.1083574257515726,0.17354944538175993,0.18332741675021808,0.20355307305076373
muestral,2022-01-20,0.1271648056710979,0.2036363294019979,0.10846157995743183,0.17368487560407123,0.18346444784875923,0.20358796151664188
muestral,2022-01-21,0.12907148791997178,0.20388465630415362,0.10960649619057233,0.17524117427175534,0.17572444788582578,0.20647173742772107
muestral,2022-01-24,0.12906919945348094,0.2039556713933387,0.10960868340814693,0.17525803518967362,0.17557708730282234,0.2065313232525375
muestral,2022-01-25,0.12918591211135783,0.20385290584440025,0.10984016049247096,0.17528616577903416,0.1752135236216932,0.20662133215104342
muestral,2022-01-26,0.12925515865949225,0.20384645270980167,0.10979652585176279,0.17524937983917507,0.1752168106245631,0.20663567231520522
muestral,2022-01-27,0.12915375343558239,0.20385648302951478,0.10964522066213764,0.17528415620999754,0.17544439208184673,0.20661599458092098
muestral,2022-01-28,0.12909633264869091,0.2036285589585513,0.10982738499148714,0.17518522880919496,0.17593866779907696,0.20632382679299868
muestral,2022-01-31,0.12909422144473717,0.2039611199212815,0.10953233489858667,0.17574451618851522,0.17360752053854794,0.20806028700833162
muestral,2022-02-01,0.12884344523556981,0.20304463036507112,0.11119055892942643,0.1752796336511593,0.1731654735830352,0.20847625823573807
muestral,2022-02-02,0.12880605235363418,0.2032388609338269,0.11197704737404889,0.17545839863458496,0.17357817516105525,0.20694146554284984
muestral,2022-02-03,0.13073486312651522,0.20290723231897106,0.1154587434713593,0.1648085472987134,0.17540924382266074,0.21068136996178044
muestral,2022-02-04,0.1312263874328266,0.1995565507904274,0.11569364055167904,0.16569069570964765,0.17599761601268116,0.21183510950273815
muestral,2022-02-07,0.13152380493804647,0.19989341237160121,0.1157221743938409,0.16532103002641743,0.17598072587126926,0.21155885239882474
muestral,2022-02-08,0.1316438985624332,0.1999869346901804,0.11569798349988482,0.16516670159101418,0.17587661197723853,0.21162786967924874
muestral,2022-02-09,0.1313336610219846,0.20047601158558084,0.11587446792465811,0.16472039917172307,0.17585143199784548,0.21174402829820785
muestral,2022-02-10,0.1312747192536644,0.20052649114900611,0.11580980710940884,0.1648257643494537,0.17595508151531955,0.21160813662314737
muestral,2022-02-11,0.13089015894730394,0.20045205556807766,0.11595811093470747,0.16500097770647032,0.17605545321897859,0.21164324362446205
muestral,2022-02-14,0.13105374002030645,0.20034162563673397,0.11592024648510439,0.16507955624055026,0.17599485267920345,0.21160997893810146
muestral,2022-02-15,0.1304252069943643,0.20058860081914448,0.11605502589911251,0.1652499398876915,0.17595933383095824,0.21172189256872892
muestral,2022-02-16,0.13068755583679575,0.20059318851649377,0.11625547620024261,0.1650724828804306,0.17573468184329727,0.21165661472274003
muestral,2022-02-17,0.13029658022818819,0.20101870761768093,0.11632441399357064,0.16509762739434208,0.17591501383109578,0.21134765693512256
muestral,2022-02-18,0.13035912864067445,0.20112679277393022,0.11608217820555647,0.16507882439563107,0.17601335028434095,0.211339725699867
muestral,2022-02-22,0.13066452441566545,0.2012205006688033,0.11609143569278191,0.1649455516813929,0.17524747927731552,0.21183050826404068
muestral,2022-02-23,0.13071030424325814,0.2008165424619045,0.11588177821112076,0.16511054299826594,0.17530973454261403,0.21217109754283658
muestral,2022-02-24,0.13081830983881526,0.20062780646395226,0.11612016394622073,0.16519013961944748,0.17512963290893158,0.21211394722263263
muestral,2022-02-25,0.13057276701174114,0.20083860449589977,0.11698817402464005,0.1646399073312664,0.17408024118866572,0.2128803059477871
muestral,2022-02-28,0.13081271385273696,0.200836338913761,0.11670208735367352,0.164694274171416,0.17395228835772972,0.21300229735068274
muestral,2022-03-01,0.13025364430059627,0.20104138744201577,0.11741429071223405,0.16407156481152288,0.17383223101003575,0.21338688172359516
muestral,2022-03-02,0.13015248325911458,0.2008805503853677,0.1169649899397195,0.16436094853411876,0.17392386410559993,0.21371716377607944
muestral,2022-03-03,0.13052850029019142,0.20081087022674554,0.11635545518937443,0.1642162268592703,0.17392078310215212,0.2141681643322662
muestral,2022-03-04,0.1303285382798478,0.20061995330406018,0.11627514577478512,0.16413724479496491,0.1737244324586005,0.21491468538774147
muestral,2022-03-07,0.13028044632767166,0.19993139443622976,0.11676185794128909,0.16389246187450643,0.17428681747611507,0.21484702194418792
muestral,2022-03-08,0.12992573890174336,0.19954153486658638,0.11756378922610539,0.16352795228835312,0.17394160218603982,0.215499382531172
muestral,2022-03-09,0.1295981318454228,0.20040031201156278,0.11761303140102526,0.16349064078648626,0.1737045637958462,0.21519332015965675
muestral,2022-03-10,0.12958761527981214,0.2004514279372579,0.11705172941161908,0.16339666630074903,0.17355273543984026,0.2159598256307216
muestral,2022-03-11,0.12969498182907468,0.2007823771672467,0.11636386478724366,0.16272374432535702,0.17350360171980428,0.21693143017127373
muestral,2022-03-14,0.13001159333168033,0.20051670129566862,0.1133417746318252,0.16404646332932574,0.17301517331984856,0.21906829409165154
muestral,2022-03-15,0.13115907265269952,0.1937395160412222,0.11380319022588022,0.1658238406747544,0.17237437930435587,0.2231000011010878
muestral,2022-03-16,0.13187597975231474,0.19492350545475395,0.11240178595861201,0.16426599896629124,0.17314052005792044,0.22339220981010766
muestral,2022-03-17,0.13255301468700653,0.1933371180366624,0.11376358246212555,0.16395579616081102,0.17248070867695756,0.22390977997643707
muestral,2022-03-18,0.13185682167249205,0.19273905474616748,0.11572247354715906,0.16362044604873444,0.1729265480000081,0.22313465598543894
muestral,2022-03-21,0.1319506705443291,0.19273650750818433,0.11553542854940689,0.1635029928373805,0.17245715646215481,0.22381724409854425
muestral,2022-03-22,0.13252803193512053,0.1930202702793274,0.11511368092377837,0.16309410418372328,0.173441529105826,0.22280238357222445
muestral,2022-03-23,0.13532135858457728,0.19007658390013518,0.11663629432621836,0.1640468288081329,0.16933183771076263,0.22458709667017362
muestral,2022-03-24,0.13440916915456763,0.19072185587149096,0.11621612588014496,0.1640293402662836,0.16993493666320433,0.22468857216430865
muestral,2022-03-25,0.1341807968884358,0.19059042282406838,0.11502560367612508,0.16396455093586904,0.17041140898669624,0.2258272166888055
muestral,2022-03-28,0.1338247322652404,0.1903393512950122,0.1145067851700428,0.16415590469582264,0.1700016594683419,0.22717156710553996
muestral,2022-03-29,0.13392714155522026,0.1905404631554735,0.11372789510947216,0.16450967887949447,0.16986181333080858,0.22743300796953123
muestral,2022-03-30,0.13371963904268597,0.19036936068199448,0.1138788867061258,0.16460008232552012,0.16975838337088944,0.22767364787278419
muestral,2022-03-31,0.13430771389773435,0.1892544503356642,0.11419172124200222,0.16432906516745882,0.16915773474317852,0.22875931461396187
muestral,2022-04-01,0.13438644970717023,0.18925030430805548,0.11409546469282275,0.16427876212999634,0.16918785999172659,0.22880115917022856
muestral,2022-04-04,0.1349235261518171,0.18912048715319052,0.11363701623104938,0.16418998848476654,0.16885082193212136,0.22927816004705506
muestral,2022-04-05,0.13489362595828777,0.1878270519172998,0.11270296408652762,0.16451781943744992,0.16771473879126292,0.23234379980917205
muestral,2022-04-06,0.13459304771879002,0.18787101918686322,0.11285525922676141,0.16458286252999713,0.16791016656637747,0.23218764477121073
muestral,2022-04-07,0.13464064433706283,0.18786399993771208,0.1127729887236086,0.16478149936455186,0.16761763403136817,0.23232323360569657
muestral,2022-04-08,0.13439091725625235,0.18781697823305854,0.11279359443589927,0.16514134714138506,0.16770296574284446,0.2321541971905603
muestral,2022-04-11,0.13367234031119354,0.18930396414424042,0.1138087757621803,0.16409387289926897,0.16902774782207625,0.23009329906104065
muestral,2022-04-12,0.133370978114601,0.18988158704510483,0.11412307243291675,0.16300578682651898,0.16885330360623818,0.23076527197462032
muestral,2022-04-13,0.13328518463312752,0.18963793537346718,0.11415474104627883,0.16325244789888338,0.1690029769578694,0.2306667140903737
muestral,2022-04-14,0.1334065072041245,0.1902276203744949,0.11409324132544504,0.16305122500512498,0.16922573443141625,0.2299956716593943
muestral,2022-04-18,0.13337515530084204,0.19026064538858464,0.11406698849750427,0.1630189021762888,0.16938593933523874,0.22989236930154155
muestral,2022-04-19,0.13360180849883563,0.18994560736576202,0.11423669781020115,0.1629674451179558,0.16922418624885097,0.23002425495839446
muestral,2022-04-20,0.13684816127073396,0.19430771565297786,0.11663486325310078,0.1636419775646829,0.15217020655309926,0.23639707570540527
muestral,2022-04-21,0.13678863556216356,0.1935628571481918,0.11775685626010067,0.1638644698928666,0.15100247186268648,0.23702470927399089
muestral,2022-04-22,0.13678625969210412,0.19356724594745733,0.11802767667200205,0.1640967449934043,0.15135962065126216,0.23616245204377004
muestral,2022-04-25,0.1368057714611769,0.19350949617067006,0.11814744491065506,0.16421515443103218,0.1514648406465625,0.23585729237990335
muestral,2022-04-26,0.1370675266193021,0.1933168432386538,0.11740421441000091,0.16495072313549716,0.15154406576605398,0.23571662683049213
muestral,2022-04-27,0.1369661556361645,0.19374139676272023,0.11775405371617301,0.16471627267860547,0.15138303841291267,0.235439082793424
muestral,2022-04-28,0.13610630798172776,0.19345205410389074,0.11931840344604669,0.15994902477371892,0.15092385805083902,0.24025035164377692
muestral,2022-04-29,0.13618197965170944,0.18881915006424796,0.12065579151490358,0.161968697371977,0.1517927068394987,0.2405816745576634
muestral,2022-05-02,0.13559818429116516,0.19131114063618201,0.12149018497237804,0.1606552936657794,0.1506578777655569,0.2402873186689385
muestral,2022-05-03,0.13562658361394683,0.1912049004884205,0.12194312666440667,0.1605613406076248,0.15078898539349356,0.2398750632321077
muestral,2022-05-04,0.13577444045802498,0.1917908206133566,0.12198941848660678,0.1601896928788927,0.15108205725980123,0.23917357030331773
muestral,2022-05-05,0.13615403792385186,0.19084739183163016,0.12221105024492697,0.16043017910469323,0.1512443356985106,0.23911300519638726
muestral,2022-05-06,0.13626287123774963,0.19081670755472172,0.12218110688776516,0.16038150998924716,0.15102271576681672,0.23933508856369973
muestral,2022-05-09,0.13551689974460596,0.19039022179182724,0.12188785625191109,0.1608946349937384,0.1513675090723311,0.23994287814558632
muestral,2022-05-10,0.1354686404927504,0.19060711716590858,0.12182872486604228,0.1609280509541064,0.15127136673173683,0.2398960997894555
muestral,2022-05-11,0.13536215252313866,0.19074368233830877,0.12117944992762728,0.16065317070663032,0.15076158457208064,0.2412999599322143
muestral,2022-05-12,0.13540368668585653,0.1905673900150849,0.12125091420513376,0.16071096808238067,0.15049828082269487,0.2415687601888493
muestral,2022-05-13,0.13478715507267908,0.190025170163832,0.12163352582485082,0.1613109561336365,0.14993047669221765,0.2423127161127839
muestral,2022-05-16,0.13504153905031152,0.1898198264026078,0.12118774531867421,0.1616128089220283,0.15016502486389166,0.24217305544248663
muestral,2022-05-17,0.13492090315419825,0.1893761525370269,0.12112902961453278,0.16196780221455603,0.15025146387814295,0.24235464860154332
muestral,2022-05-18,0.13507615283540844,0.18840104987751505,0.1213765394208626,0.16244965800036396,0.1502190289711072,0.24247757089474273
muestral,2022-05-19,0.1349394553323101,0.1883701490871019,0.12119314473822512,0.1629589160942663,0.14979256842484426,0.24274576632325237
muestral,2022-05-20,0.13492337641626964,0.18857067282555862,0.12093033882454207,0.16300109114182773,0.15000598747671234,0.24256853331508949
muestral,2022-05-23,0.1349794376954439,0.18868985715194192,0.12093777454430658,0.16301871188004094,0.15003529010806493,0.24233892862020165
muestral,2022-05-24,0.13558698300203578,0.18934706417022767,0.1208722723619363,0.16229976281695857,0.15077925455993516,0.2411146630889065
muestral,2022-05-25,0.13536954702767728,0.18920388191065185,0.12074828780902028,0.16245410676593708,0.1504861553530399,0.2417380211336736
muestral,2022-05-26,0.13526784330775118,0.1888808800432724,0.12052557734001947,0.1623491532008618,0.15090110178310132,0.24207544432499384
muestral,2022-05-27,0.13541874464981246,0.18886383669649118,0.1204012173772835,0.1626949651987815,0.15134083705958457,0.24128039901804677
muestral,2022-05-31,0.13531606558885537,0.1885631442756127,0.12076411757068187,0.1630118850774683,0.15134460206077371,0.24100018542660806
muestral,2022-06-01,0.13526453701935662,0.18876713308235918,0.12071077233103454,0.16288583356588443,0.15127147553854473,0.24110024846282066
muestral,2022-06-02,0.13503959726477124,0.1891387767155862,0.12101545141434368,0.16271425405578538,0.15096728549655905,0.24112463505295445
muestral,2022-06-03,0.13496657570887607,0.18936665253280408,0.12048341847849356,0.16267511583082964,0.15125736063338108,0.24125087681561574
muestral,2022-06-06,0.13501632521127085,0.18921110178725783,0.12049967631326612,0.16267595054149794,0.1513666342679399,0.24123031187876723
muestral,2022-06-07,0.13487593511839624,0.18929765088430153,0.12069680347333452,0.16262757715542717,0.1513040554967791,0.24119797787176134
muestral,2022-06-08,0.13490369432137014,0.18952290590711737,0.12046643350116382,0.1627655658689296,0.15144417674802588,0.24089722365339317
muestral,2022-06-09,0.1352018193487962,0.18932188666560684,0.12131515174909792,0.16190170115952845,0.15117179050233706,0.24108765057463344
muestral,2022-06-10,0.13526458012098788,0.18852210815554468,0.12166511349085356,0.1621527131846134,0.1505547011650708,0.24184078388292965
muestral,2022-06-13,0.1351598030832542,0.1885658959568938,0.12190927181654695,0.16212903909969195,0.15049666716659796,0.24173932287701527
muestral,2022-06-14,0.13519539533923808,0.18850034264267831,0.12211392688866657,0.1621378761180097,0.15049861311174098,0.24155384589966636
muestral,2022-06-15,0.13535046499126466,0.1880795979905722,0.12218153498574051,0.16250334229128985,0.1499775351637412,0.24190752457739162
muestral,2022-06-16,0.13539489191661094,0.18827783078158017,0.12179090942944619,0.16238569754773963,0.15044510218094942,0.24170556814367355
muestral,2022-06-17,0.13542223900585537,0.1881360823468493,0.12183188824533306,0.16237302082570385,0.15048078721201,0.2417559823642484
muestral,2022-06-21,0.13531505725948992,0.18807701500838087,0.12145141692485309,0.16316595420739946,0.1509746924965271,0.2410158641033496
muestral,2022-06-22,0.1353892912037187,0.18807993921238927,0.1213125674119588,0.16305217340427658,0.15101224323219267,0.24115378553546393
muestral,2022-06-23,0.13545174709084293,0.1879512023252845,0.12138227520036822,0.1630333186735074,0.15096076317238055,0.24122069353761644
muestral,2022-06-24,0.13563816973892176,0.18822245295254372,0.12195319367312274,0.16263863937963619,0.1510285931868121,0.24051895106896345
muestral,2022-06-27,0.13572758905267887,0.18803252855927835,0.12205481475002929,0.16272810169695953,0.15114548358199537,0.24031148235905864
muestral,2022-06-28,0.1353366075872299,0.1868197502302858,0.12169076465900819,0.163540646280512,0.15104208212081832,0.24157014912214564
muestral,2022-06-29,0.13518182617892072,0.18658524240219682,0.12180868408890203,0.16361429223899626,0.1509660679770278,0.24184388711395635
muestral,2022-06-30,0.13517061502856384,0.18664540870798474,0.12215730232119305,0.16376893748648347,0.15088622293318507,0.24137151352258998
muestral,2022-07-01,0.13465991121092677,0.1869171682409414,0.12201874740995186,0.16402382451423142,0.15134397095903998,0.24103637766490857
muestral,2022-07-05,0.13494984939946794,0.1868690153294404,0.12258589862577486,0.16363550341747685,0.1513916704363663,0.24056806279147375
muestral,2022-07-06,0.13432202290597853,0.18762172712100078,0.12368657330003253,0.1632731460291499,0.1511811938210747,0.23991533682276345
muestral,2022-07-07,0.13422984128140106,0.18794877737027854,0.12358440267035119,0.16361641646519073,0.15125575373125238,0.23936480848152597
muestral,2022-07-08,0.13432097253116335,0.1881066481162174,0.123402133668363,0.16357301081571798,0.151280838914008,0.2393163959545303
muestral,2022-07-11,0.1345299381065823,0.18857181450980992,0.12322921513724092,0.1633674137011841,0.15116383797193683,0.23913778057324592
muestral,2022-07-12,0.1341185946962297,0.18805242308224823,0.12393540294536644,0.16306402833138192,0.15195983057210818,0.23886972037266563
muestral,2022-07-13,0.1341835440835347,0.1881210822643613,0.12386265647665028,0.16294878581765534,0.15207519769649133,0.2388087336613071
muestral,2022-07-14,0.13430620029707807,0.18811678837915746,0.12389319644758527,0.1628435929638736,0.1520610868739195,0.2387791350383861
muestral,2022-07-15,0.1344945736326152,0.1882218106844769,0.12421566883176649,0.162627058348296,0.15127560695282125,0.23916528155002417
muestral,2022-07-18,0.13449304667377462,0.18821641925092655,0.12425386088420692,0.16259729687377594,0.15123867250592263,0.23920070381139336
muestral,2022-07-19,0.1344791141926111,0.1883305274944472,0.12485448417017873,0.16242928631675113,0.15139298721557667,0.23851360061043517
muestral,2022-07-20,0.1338445496772167,0.18949321024888885,0.12569065466336043,0.16144762606845986,0.1501395716420045,0.23938438770006953
muestral,2022-07-21,0.13393732235857053,0.18955509206300591,0.1253266114016648,0.16165398108497891,0.15001288169282048,0.2395141113989594
muestral,2022-07-22,0.13408920019386658,0.1901666337189929,0.12598722249702476,0.1609626545650964,0.15060182564129268,0.23819246338372663
muestral,2022-07-25,0.13388293776886548,0.19032544693986095,0.12604846138435025,0.16081089918442065,0.15038067923352944,0.23855157548897324
muestral,2022-07-26,0.13405142222160255,0.1896380501819036,0.12630458179014178,0.16067698574084743,0.15067938071554973,0.23864957934995493
muestral,2022-07-27,0.13426703325319925,0.18992609151508275,0.12746657951667573,0.16078123604357117,0.15125635089419176,0.23630270877727944
muestral,2022-07-28,0.13423133448757582,0.18993224573203085,0.1275861163810437,0.1606809814558714,0.15116719650745464,0.2364021254360235
muestral,2022-07-29,0.1346773823679487,0.18810643500863494,0.1274612876414992,0.16143924835877857,0.15164865610161962,0.23666699052151893
muestral,2022-08-01,0.1346832453594353,0.1881062123653253,0.12743079030201984,0.16143291856143552,0.15163860972725735,0.23670822368452663
muestral,2022-08-02,0.13466520668121454,0.18829329860481442,0.12731748436694262,0.16179038950666524,0.15160805264152016,0.23632556819884287
muestral,2022-08-03,0.13503524683009516,0.18790084518091638,0.12761173779854207,0.1613874031029194,0.151843920271672,0.23622084681585492
muestral,2022-08-04,0.13504772556163308,0.187815075049482,0.12764525191828516,0.1613577712991308,0.1518673962407904,0.23626677993067868
muestral,2022-08-05,0.13512664921538395,0.18789760273903924,0.1273371942079514,0.16132330371328354,0.15191815279002738,0.23639709733431455
muestral,2022-08-08,0.13490066734474365,0.18771796083087858,0.1272045751502579,0.16183464173316123,0.1518967956784192,0.23644535926253926
muestral,2022-08-09,0.13474507943231773,0.18782183836292848,0.1272164062564006,0.1617191983276771,0.15200275930098908,0.23649471831968708
muestral,2022-08-10,0.13461595182022437,0.18790894350621484,0.127566923471339,0.16143896063601682,0.1517525496900673,0.23671667087613765
muestral,2022-08-11,0.13463962656735673,0.18787645720124665,0.12753894136932456,0.1615024831971693,0.151876224343298,0.2365662673216047
muestral,2022-08-12,0.1346935392703569,0.18784311541889276,0.12850653980153082,0.1612677985802857,0.1515688984258163,0.23612010850311746
muestral,2022-08-15,0.13462789043421114,0.1878241108654625,0.12855156384686575,0.16126480069563398,0.15160363236744917,0.2361280017903775
muestral,2022-08-16,0.13462233275663094,0.1878803224647504,0.12854548990093334,0.1612563332762417,0.1515849904343557,0.2361105311670879
muestral,2022-08-17,0.13498153123615847,0.18769842369847198,0.12936224107673028,0.16089529747105408,0.1513374824641267,0.2357250240534585
muestral,2022-08-18,0.1346528434698494,0.18805110833700642,0.12936980564124406,0.16070599053983764,0.1512635174774622,0.2359567345346002
muestral,2022-08-19,0.13449516915848464,0.18806917075244003,0.12951823098171503,0.16053970383609667,0.15153941880507632,0.23583830646618725
muestral,2022-08-22,0.13418548387509993,0.18780906302741682,0.13006564892497932,0.16077200433742508,0.15123912864159123,0.2359286711934875
muestral,2022-08-23,0.134264459068372,0.18778239816111106,0.13009224407267012,0.16074608617368497,0.1512082166558133,0.23590659586834878
muestral,2022-08-24,0.13427291282135942,0.18780220158502084,0.13008788284654602,0.160733329185467,0.15115017656427493,0.23595349699733184
muestral,2022-08-25,0.1341291755235696,0.1877461358134268,0.13034862373409245,0.16078554101552117,0.1511897366334443,0.2358007872799457
muestral,2022-08-26,0.13239528226868785,0.18718592582182078,0.13109432588026984,0.16217925790987797,0.15305935926742675,0.23408584885191674
muestral,2022-08-29,0.13230793253657241,0.1871948026595722,0.1308545311575109,0.16228744717168836,0.15328899125885115,0.23406629521580502
muestral,2022-08-30,0.13234214717598095,0.1872148607351308,0.13076840107122295,0.16228503543261624,0.15324971396247697,0.23413984162257204
muestral,2022-08-31,0.13228476493218608,0.18721494697062793,0.13152123517698538,0.16211055593885676,0.1531965806921343,0.2336719162892097
muestral,2022-09-01,0.13243789884143076,0.1872119556860401,0.1312005492931541,0.16202875474510367,0.1534090019255084,0.23371183950876295
muestral,2022-09-02,0.13252986222166258,0.18737802350836585,0.13087669611454078,0.16195710641171526,0.15332700402502342,0.2339313077186921
muestral,2022-09-06,0.13297580274043705,0.18708868754549376,0.13133255984849915,0.16117862236990288,0.1527768620197675,0.2346474654758996
muestral,2022-09-07,0.13318018315685226,0.18706081779430486,0.1310018991874079,0.16148036653951453,0.1524514254240461,0.2348253078978743
muestral,2022-09-08,0.1326772393199082,0.1866929813102111,0.13411033658907176,0.16084832551226239,0.15104412667379613,0.23462699059475037
muestral,2022-09-09,0.13313795900265005,0.18696644518743213,0.13497923946416865,0.16021346997949162,0.15035355314761803,0.23434933321863957
muestral,2022-09-12,0.13320980067833874,0.18699985678885345,0.13467885673905766,0.16023329537505593,0.15048310114112023,0.23439508927757405
muestral,2022-09-13,0.13312223545692556,0.18683180009371023,0.13596706247982562,0.1596073664087158,0.15063767858870938,0.2338338569721133
muestral,2022-09-14,0.13349211607591155,0.1865119876168527,0.13669552793990594,0.15957156669108147,0.15027833581705882,0.23345046585918952
muestral,2022-09-15,0.1331925533019246,0.18632506961236495,0.13711133980358378,0.15950682149377446,0.1505634306149303,0.23330078517342204
muestral,2022-09-16,0.1332834351708846,0.18633864915636397,0.1370167610737006,0.15956858992901385,0.15054914803804675,0.2332434166319903
muestral,2022-09-19,0.13302451199862872,0.18634770725341923,0.13713444465453878,0.15965119228717192,0.15052869633307753,0.2333134474731639
muestral,2022-09-20,0.13306790299569404,0.18632797832640519,0.1370439917978108,0.15965806649361355,0.1505721445443683,0.23332991584210808
muestral,2022-09-21,0.13340529721915134,0.18616441029791952,0.13705437607889903,0.1595645812214299,0.15067560081989032,0.23313573436270985
muestral,2022-09-22,0.13312648100364055,0.18659770628725425,0.1364716493011575,0.15970841661783988,0.1506513972231901,0.23344434956691776
muestral,2022-09-23,0.1331089569622845,0.18648080214758714,0.13718598578284136,0.15921635675704804,0.1502664845153016,0.23374141383493743
muestral,2022-09-26,0.1330836976479079,0.1865961321092151,0.13723631189865007,0.15908471955021977,0.15024339847893536,0.23375574031507182
muestral,2022-09-27,0.13319491171569722,0.18666283538995257,0.13741458404990448,0.1590347044611161,0.1501674652915298,0.23352549909179984
muestral,2022-09-28,0.13349966480609424,0.18694016490992307,0.13799967788508016,0.15867652347459824,0.14920541956928876,0.23367854935501564
muestral,2022-09-29,0.1335678047380645,0.1870169397122438,0.13759459482507544,0.15872219249016725,0.14950461220930875,0.2335938560251402
muestral,2022-09-30,0.13367675766097423,0.18696246952673162,0.1376616394224865,0.15877945090005482,0.14952638625632167,0.2333932962334311
muestral,2022-10-03,0.13335329724718956,0.186881954029904,0.13819598392142976,0.15864010382347415,0.14986672280185462,0.233061938176148
muestral,2022-10-04,0.13313136223066277,0.1863922130430404,0.13878647422030269,0.15868927389747903,0.1503318933243485,0.23266878328416668
muestral,2022-10-05,0.13330456176853778,0.18645407770985942,0.1386074118480675,0.1585616468911843,0.15039514298835008,0.23267715879400094
muestral,2022-10-06,0.1329856444666554,0.1866225233137741,0.13861629497427147,0.15852638513264833,0.15041850929983758,0.23283064281281304
muestral,2022-10-07,0.1325275924058317,0.18670952688392853,0.13852612372902268,0.15860209826243646,0.15058199765183186,0.23305266106694877
muestral,2022-10-10,0.13244552483155791,0.18666849449138312,0.1385170681744219,0.1586655174112359,0.15060851345329104,0.23309488163811
muestral,2022-10-11,0.13251948038437447,0.18703749885751336,0.13848287141529,0.15837154351020397,0.15010215952962253,0.2334864463029956
muestral,2022-10-12,0.13242082276758868,0.1874697074156471,0.13820346500568179,0.15853772353602913,0.14949197562039818,0.23387630565465517
muestral,2022-10-13,0.13228342910242055,0.18784355442058878,0.13826546457591796,0.15852167815537466,0.14922772110078605,0.2338581526449121
muestral,2022-10-14,0.13211675375814638,0.18746854620670136,0.13770139227663264,0.15886383261420944,0.14991035306902542,0.23393912207528472
muestral,2022-10-17,0.13239159071594553,0.1868051660335417,0.137767236674227,0.15894699462445086,0.14976402905587555,0.2343249828959594
muestral,2022-10-18,0.1323965386700058,0.18684690233927445,0.1378163787647666,0.1589381526521,0.14984577097182727,0.23415625660202588
muestral,2022-10-19,0.1324341217145779,0.1871835609266023,0.1378601538170414,0.1589958449505626,0.1487122612979623,0.23481405729325355
muestral,2022-10-20,0.13253853027586882,0.1872557948950761,0.13756580405373425,0.15901701232294344,0.14865247980560592,0.23497037864677156
muestral,2022-10-21,0.13265415461601893,0.18700267540963553,0.13755784952906397,0.15956642416834005,0.14805642106089217,0.23516247521604933
muestral,2022-10-24,0.13265447471239117,0.18700340009061425,0.1375532372667993,0.15956465676899606,0.14804635046143505,0.2351778806997641
muestral,2022-10-25,0.13250528723100918,0.18756634152750493,0.13727378887964398,0.15910582212194874,0.1480973342988711,0.23545142594102203
muestral,2022-10-26,0.133019163585659,0.1873844295966213,0.13804145074788082,0.15906942644228833,0.1492581556010644,0.2332273740264862
muestral,2022-10-27,0.13470508317765229,0.18776793759608812,0.13909805109200302,0.15412259744861198,0.15047285947380407,0.23383347121184075
muestral,2022-10-28,0.1345888428168248,0.1880802488706416,0.13892924302480658,0.15417303863715445,0.14960039603024558,0.23462823062032692
muestral,2022-10-31,0.13453240945703257,0.1880093995974047,0.13880512547336282,0.1540452408534798,0.14977002490382432,0.23483779971489577
muestral,2022-11-01,0.1348828344705201,0.18831859986023847,0.1393491403058154,0.15513133800982504,0.15024014367106814,0.23207794368253268
muestral,2022-11-02,0.13543385785417514,0.18800365086443244,0.13933041194503454,0.15514098615762512,0.15033904861848035,0.23175204456025236
muestral,2022-11-03,0.13580294380860058,0.18781463274966173,0.13977261353320833,0.15516634940097646,0.1502629745206619,0.23118048598689098
muestral,2022-11-04,0.13548494746469933,0.18837574977981383,0.1387094701994535,0.15578552827273975,0.1496625530674748,0.23198175121581874
muestral,2022-11-07,0.1354485825269409,0.18854405770206176,0.1389925318752749,0.15558231808245532,0.14981610666835846,0.23161640314490856
muestral,2022-11-08,0.1354397753407561,0.18855108398405596,0.13900864990488093,0.15558453129576114,0.14980496545985858,0.23161099401468752
muestral,2022-11-09,0.1354974646344658,0.1886738650843991,0.13821171368493249,0.1568486736937173,0.15055203952792076,0.23021624337456448
muestral,2022-11-10,0.13507961424167075,0.18642857603409616,0.14002180574766754,0.15702301078773925,0.15149029162731786,0.2299567015615084
muestral,2022-11-11,0.13535840233323193,0.18635266233530862,0.1401074732881701,0.1573638398194902,0.15119717687552856,0.22962044534827064
muestral,2022-11-14,0.1353433688439454,0.18631922409656662,0.14009644965247978,0.15738578441879628,0.15125807626042137,0.22959709672779052
muestral,2022-11-15,0.13538808893683735,0.18658776081959672,0.14017644717270858,0.1573786137508268,0.15113049179289517,0.22933859752713529
muestral,2022-11-16,0.1352064276123046,0.18656675652459737,0.1400317489326845,0.15724662683168678,0.151193803595592,0.22975463650313485
muestral,2022-11-17,0.13520292432421946,0.1864599582600411,0.14024001238506154,0.1572217463848441,0.15106113184531803,0.22981422680051575
muestral,2022-11-18,0.13515886997468068,0.18640457004820007,0.14053119118377666,0.15727084223663879,0.15098928978285514,0.2296452367738487
muestral,2022-11-21,0.1353156323508327,0.18643229856240964,0.14021180996161292,0.15730809954051667,0.15113220621225573,0.2295999533723723
muestral,2022-11-22,0.1352053824018798,0.18646202279313595,0.14029093170792123,0.15731534369918054,0.15111809570163776,0.22960822369624484
muestral,2022-11-23,0.13520028487983726,0.1866203667334856,0.13993494981509727,0.1574776785456066,0.15114702709842992,0.22961969292754353
muestral,2022-11-25,0.13486886003645843,0.18647476496271315,0.14028186035206539,0.15762658443655925,0.15102267306376074,0.22972525714844294
muestral,2022-11-28,0.13483529140369108,0.1867344371602966,0.14042884765830263,0.15748625557688894,0.15097472942275358,0.22954043877806715
muestral,2022-11-29,0.1347807643342918,0.18664859595886357,0.140452450771732,0.1575362352963291,0.15101148079856982,0.22957047284021373
muestral,2022-11-30,0.13484284316669917,0.187540361323053,0.1407072687507012,0.1573105315640362,0.15064674845769765,0.22895224673781278
muestral,2022-12-01,0.13457179472438882,0.18758310316055216,0.14075887550871524,0.15737489589024714,0.15056054091066695,0.22915078980542955
muestral,2022-12-02,0.13457287226072476,0.18757757450749715,0.14075046307706277,0.15737799105560385,0.15056009415313154,0.22916100494597985
muestral,2022-12-05,0.13470175560828168,0.18737447863827394,0.14039409118105584,0.157594805389878,0.1505897572989367,0.22934511188357384
muestral,2022-12-06,0.13473138095160272,0.1873707056164879,0.14068360359352972,0.15708944934281588,0.15080514618403584,0.2293197143115281
muestral,2022-12-07,0.1346624376800167,0.18723605699961002,0.14099058264313855,0.1571817458335923,0.1510052504515773,0.22892392639206507
muestral,2022-12-08,0.13443495676167116,0.18710083240817243,0.14105460666882816,0.15716443521530551,0.15103414200422624,0.22921102694179657
muestral,2022-12-09,0.13439183827773982,0.18704236811283598,0.14141310611709568,0.15695244133104164,0.15103230299911627,0.22916794316217054
muestral,2022-12-12,0.1344360843730742,0.18708236630230787,0.1413899193137886,0.15691901256047622,0.15103858596864894,0.22913403148170416
muestral,2022-12-13,0.13439529252087024,0.18701741156194598,0.14185894297524201,0.15670717354044084,0.15107767181570106,0.22894350758579984
muestral,2022-12-14,0.1343895831820857,0.18704093092369367,0.14200808280676316,0.1567358640324416,0.1512558537826138,0.22856968527240207
muestral,2022-12-15,0.13454979182060967,0.18720309603924787,0.14287710940357876,0.15682383352123522,0.15055859214814107,0.22798757706718734
muestral,2022-12-16,0.13449955437659378,0.1872408348346996,0.14274899220492027,0.15695793639543307,0.15059455366197216,0.22795812852638112
muestral,2022-12-19,0.13455972273668204,0.18702301360958218,0.1430842364559801,0.1567657061452586,0.15079633135641654,0.22777098969608053
muestral,2022-12-20,0.13452392941109073,0.18701056689888615,0.1430092892429221,0.15687468570941987,0.15080978225198705,0.22777174648569412
muestral,2022-12-21,0.13443444829635984,0.18688042141985461,0.14337094106356846,0.1568499336690498,0.15069288755709614,0.22777136799407124
muestral,2022-12-22,0.13406092199591904,0.18677451390856414,0.14273810483882296,0.15715367136945177,0.15128022008707687,0.22799256780016527
muestral,2022-12-23,0.13411152421980882,0.18675015222420027,0.14274688884375122,0.15713163537336683,0.15134384247191188,0.227915956866961
muestral,2022-12-27,0.13376776002360077,0.18703782973041347,0.1417284528557614,0.15776284203152077,0.15145962723595807,0.22824348812274542
muestral,2022-12-28,0.13354209034843645,0.18724071245239785,0.14171135270122429,0.15789667038580746,0.15129969403817076,0.22830948007396304
muestral,2022-12-29,0.13375329504665517,0.18750704081574684,0.1412029790871133,0.15794372541782475,0.1512354338999489,0.22835752573271095
muestral,2022-12-30,0.13375087125641144,0.1875181941419099,0.14117765823659792,0.15794938135059172,0.15122342900587213,0.22838046600861667
muestral,2023-01-03,0.13366254780953618,0.18757226460115442,0.1408804553306897,0.15807697180647232,0.1513092655327593,0.2284984949193881
muestral,2023-01-04,0.13352404124830458,0.18788833270206734,0.14048506950576445,0.15800324269565155,0.1511177323889208,0.22898158145929126
muestral,2023-01-05,0.13349501738158026,0.18783082210453933,0.14044287208933448,0.15815039689232946,0.1512362527280062,0.22884463880421016
muestral,2023-01-06,0.13367963164195507,0.1876561502476398,0.1400814989050551,0.15821633384225975,0.15148244446138726,0.22888394090170305
muestral,2023-01-09,0.13367367679380832,0.18717433808714493,0.1403147090231889,0.1582262211701931,0.15139045403253684,0.2292206008931279
muestral,2023-01-10,0.1335705715185914,0.18694714083284583,0.14083614854309692,0.1580315820241407,0.15116091063756984,0.22945364644375543
muestral,2023-01-11,0.13328644647457313,0.18630170950887925,0.14125502385699495,0.15854794928115282,0.15140968478851935,0.2291991860898805
muestral,2023-01-12,0.1332150193922675,0.18633033293845216,0.14124875924712504,0.15845762033114613,0.151416300735298,0.22933196735571126
muestral,2023-01-13,0.13315087679774995,0.1862171065400927,0.1413323838908107,0.15848259133149314,0.15151602098779704,0.22930102045205658
muestral,2023-01-17,0.13309795658332105,0.1862941102158853,0.14113356806288296,0.15857073340901262,0.15155435950793988,0.2293492722209581
muestral,2023-01-18,0.13310922271583345,0.18631859935889156,0.1411293264802067,0.1584575731548655,0.15159846638184368,0.22938681190835905
muestral,2023-01-19,0.1329108087795698,0.18603973201889173,0.14109477375402601,0.15869506047596027,0.15136593648020033,0.2298936884913518
muestral,2023-01-20,0.13208628981498338,0.18615855831010442,0.14014155444993354,0.15847700145195856,0.15332655822030258,0.22981003775271752
muestral,2023-01-23,0.13175446805798768,0.1868886325231346,0.13959839591866277,0.15862742935138724,0.15312223865697944,0.23000883549184822
muestral,2023-01-24,0.13178105466060164,0.18687668091974352,0.13960132447677134,0.15862155401183786,0.1532007585991116,0.22991862733193397
muestral,2023-01-25,0.13176795743688313,0.18690020378648686,0.13968189888052865,0.1586406912871749,0.1531782254341749,0.22983102317475168
muestral,2023-01-26,0.13194725179189726,0.18708130589180694,0.13881230079021084,0.15850111182111057,0.1538343024210028,0.2298237272839715
muestral,2023-01-27,0.13192139432144254,0.18669166221841782,0.1375607117969577,0.1582625341586505,0.1549004948982955,0.23066320260623616
muestral,2023-01-30,0.13169886212503776,0.1869917297268968,0.13726480003873548,0.15828235796551468,0.15512385787871472,0.23063839226510044
muestral,2023-01-31,0.13164528591221303,0.1867919160788621,0.1373473592665122,0.1584107369793006,0.15523098403668506,0.23057371772642704
muestral,2023-02-01,0.13101032025575893,0.1872264490630059,0.13742907498140328,0.15814184799213954,0.15503248433741548,0.2311598233702769
muestral,2023-02-02,0.13285895706486625,0.18713069678839792,0.13906667691713856,0.15288801039958447,0.15775275323346144,0.23030290559655126
muestral,2023-02-03,0.13288823227562388,0.18593595883950284,0.13941044635411962,0.15310399532670185,0.15802811418796417,0.23063325301608756
muestral,2023-02-06,0.132907003829238,0.18593002967703465,0.13945616934488778,0.15311064803814148,0.1580588903462944,0.2305372587644037
muestral,2023-02-07,0.13273658166985108,0.18632327209085317,0.1396211512075944,0.15309986241606083,0.15828456051325832,0.22993457210238227
muestral,2023-02-08,0.1331612158902906,0.1864116545831315,0.14009518298379403,0.1530118194689498,0.15870431693445414,0.22861581013937998
muestral,2023-02-09,0.13331219565844787,0.1864219721098796,0.14037125277618578,0.15296692697901998,0.15875318435212332,0.22817446812434358
muestral,2023-02-10,0.1331307377302129,0.1866737251016604,0.14016779346781494,0.1530010799637512,0.15854999498411396,0.2284766687524465
muestral,2023-02-13,0.13311925581098857,0.1865874676626154,0.14032571282766593,0.1529020314140526,0.15842291797544714,0.22864261430923039
muestral,2023-02-14,0.13291431162962283,0.18673188649079042,0.1399649309011969,0.1530212920496141,0.15852888782558008,0.2288386911031957
muestral,2023-02-15,0.13301506435758165,0.1866889000741214,0.13990065410363817,0.15313323055272685,0.15855531911080584,0.22870683180112608
muestral,2023-02-16,0.13305991475797796,0.18660334219761385,0.13966556125711524,0.15319581785981978,0.15858463738194464,0.22889072654552872
muestral,2023-02-17,0.1330212999892629,0.18654471829233263,0.13974531203397492,0.15324208887818425,0.15857970157909107,0.22886687922715426
muestral,2023-02-21,0.1329362480995803,0.1866329138289863,0.13953998529176295,0.15365909964071864,0.15858206363376648,0.22864968950518547
muestral,2023-02-22,0.132986432714098,0.18656539460138608,0.14003577700761138,0.15340238561255953,0.15840221344285077,0.22860779662149416
muestral,2023-02-23,0.13238940883844041,0.1866299994370465,0.14004364272877928,0.15343894495265178,0.15868106364257115,0.22881694040051084
muestral,2023-02-24,0.1324748562865242,0.18636187977131333,0.14025074397508117,0.15344007836868706,0.15870084226356426,0.22877159933483004
muestral,2023-02-27,0.1329600019005793,0.18625719222140533,0.14052313887416007,0.1533832611651603,0.15802700752689589,0.22884939831179918
muestral,2023-02-28,0.13301643704354732,0.18627816827517696,0.14050675319985484,0.15336139479230587,0.15799206696563853,0.22884517972347662
muestral,2023-03-01,0.1327317625469856,0.18607774474764505,0.14081002139103416,0.15339272418361466,0.15783911161460973,0.22914863551611092
muestral,2023-03-02,0.13280942021821554,0.1860900403347866,0.14096322167772615,0.15343532941882013,0.15772854597554453,0.22897344237490708
muestral,2023-03-03,0.13298637391464604,0.18594482311201235,0.14103072417287849,0.15269770854651563,0.1582015608968198,0.22913880935712766
muestral,2023-03-06,0.13306383527997062,0.18591758948877207,0.14115926108191063,0.15260686444398194,0.15823106824359498,0.22902138146176973
muestral,2023-03-07,0.1330408774503296,0.18596334123220384,0.140905709838656,0.15270098632550666,0.15822420688682687,0.22916487826647694
muestral,2023-03-08,0.1332561226642095,0.18529436982265757,0.1410828285525542,0.1524646771964445,0.15820576151719992,0.2296962402469343
muestral,2023-03-09,0.1334402838692533,0.18506109655084824,0.14376615873822354,0.1522659880270107,0.15716188022643415,0.22830459258822994
muestral,2023-03-10,0.13342589412657113,0.18503767315923925,0.1438792637961427,0.15229942661074794,0.15715769022415704,0.22820005208314204
muestral,2023-03-13,0.13342341365554175,0.18470242388393454,0.14398133367382293,0.15225181696989792,0.15719255485091194,0.2284484569658909
muestral,2023-03-14,0.13340098387509358,0.18480222197317406,0.14382270310269993,0.15173488034608815,0.15773879879440128,0.2285004119085431
muestral,2023-03-15,0.13351873877189674,0.18473763087822045,0.1440372422892828,0.15178203668899484,0.15762894134498864,0.22829541002661657
muestral,2023-03-16,0.13346343582378697,0.18460344322595426,0.14431796274381206,0.15190605750545014,0.15795046731931753,0.2277586333816789
muestral,2023-03-17,0.13348941140506757,0.18463062734607003,0.14436787300722626,0.15175754298292035,0.15785003973839928,0.22790450552031657
muestral,2023-03-20,0.13348565385614725,0.18464125662659603,0.14471198879451833,0.1513711726548278,0.1577920835509656,0.227997844516945
muestral,2023-03-21,0.13378317838428588,0.1846462245216784,0.14417839437376498,0.15168872250472865,0.15822389390569508,0.22747958630984705
muestral,2023-03-22,0.13403154683762755,0.1846318336436507,0.14413687447569976,0.15175105990516194,0.15812043246331237,0.2273282526745478
muestral,2023-03-23,0.13408630448952802,0.18506479172689422,0.14438571742042772,0.1518335551794282,0.15736986121478058,0.22725976996894126
muestral,2023-03-24,0.13414664518403527,0.18499537224009585,0.14459327459155039,0.15189374973902384,0.15739590960939862,0.22697504863589604
muestral,2023-03-27,0.1341600365533139,0.18509501826247432,0.14458220444833675,0.15189523364881966,0.15754097935274144,0.22672652773431393
muestral,2023-03-28,0.13420402570651674,0.18511940511624317,0.1445579352240012,0.1519168660041392,0.15754751675665488,0.2266542511924449
muestral,2023-03-29,0.13422339198495872,0.18492425985632457,0.14446970075917778,0.15196404861433233,0.15750457503053286,0.22691402375467373
muestral,2023-03-30,0.13420933676556318,0.18484837301595994,0.1445098523193235,0.1519442422779149,0.15745878709991235,0.22702940852132625
muestral,2023-03-31,0.13447206119503574,0.18495177411678798,0.1444211366564092,0.1520512186105583,0.15747933483959597,0.22662447458161286
muestral,2023-04-03,0.1345253841698003,0.18493473824787562,0.14397819055936528,0.15194236246951748,0.15761100351917529,0.22700832103426605
muestral,2023-04-04,0.13427287837520077,0.18484210399588027,0.14408723912875615,0.1519678612867833,0.157266253824108,0.2275636633892715
muestral,2023-04-05,0.1342730471890987,0.18469637761405353,0.14396937592763953,0.1519991060451273,0.15730407540545224,0.22775801781862876
muestral,2023-04-06,0.13436518279168533,0.1847858365420124,0.14393085045859727,0.15201952468438082,0.1574242396031343,0.22747436592018996
muestral,2023-04-10,0.13438954029723688,0.18479315469025226,0.14396078508668647,0.15198457215185615,0.15745111399323375,0.2274208337807343
muestral,2023-04-11,0.13436483506514588,0.18478366791768244,0.14398993441781144,0.15198378267763343,0.15746402135832901,0.22741375856339766
muestral,2023-04-12,0.13448294900328553,0.1847028465372577,0.14399842578677732,0.15208556140598786,0.15738914249224784,0.2273410747744438
muestral,2023-04-13,0.13499941386505426,0.1842406060993791,0.1445269472009553,0.1520054100137852,0.1571054527327322,0.22712217008809402
muestral,2023-04-14,0.13501354687645062,0.18425516154780996,0.14466109539201955,0.15201230730983545,0.15714678525026374,0.2269111036236208
muestral,2023-04-17,0.13528355227348346,0.18425002238560595,0.14459492796053067,0.151952092912216,0.15708027007960454,0.2268391343885593
muestral,2023-04-18,0.13532675941314273,0.18423690194539327,0.14457998556562285,0.1519565931882017,0.15709407958133015,0.22680568030630927
muestral,2023-04-19,0.13544530578240038,0.18432243103346146,0.1446408153651091,0.15196611342570543,0.156920450975536,0.22670488341778772
muestral,2023-04-20,0.13537695478166878,0.18442875738649617,0.1440860568773668,0.1519455110372792,0.15710057623185533,0.2270621436853338
muestral,2023-04-21,0.1353967266121234,0.18425913107803069,0.14401804069926855,0.1519833773325496,0.15723665160097627,0.22710607267705143
muestral,2023-04-24,0.1354814568911768,0.18425116353120094,0.14409063305251205,0.1519727240476775,0.1571016959392173,0.22710232653821547
muestral,2023-04-25,0.13550728034319498,0.18404103678755052,0.14422014793694793,0.1519974336124137,0.1570380809479828,0.22719602037191014
muestral,2023-04-26,0.13548484935421423,0.18409163307873314,0.1442555515671588,0.151967468843657,0.15703560568825353,0.22716489146798324
muestral,2023-04-27,0.13633785345667893,0.18392901336301565,0.1445653399255072,0.15016108425287925,0.1578407608783391,0.2271659481235799
muestral,2023-04-28,0.13626594214022617,0.18397719148023609,0.1444732480802072,0.15014787667571278,0.15779921102870476,0.22733653059491302
muestral,2023-05-01,0.13627062087824868,0.18384565386951474,0.14428368615793388,0.15047967866661136,0.1577291048008684,0.227391255626823
muestral,2023-05-02,0.13622340743044103,0.1840484021533576,0.14429036443668009,0.15046554531584763,0.15768335859735264,0.22728892206632106
muestral,2023-05-03,0.13619026939631704,0.18414909883511385,0.14439158002730854,0.15041407064248222,0.15764571801427965,0.2272092630844987
muestral,2023-05-04,0.13626075790066222,0.18421910156815513,0.1443637510641778,0.1503395550047019,0.1575897123266565,0.22722712213564647
muestral,2023-05-05,0.13613160017179576,0.18423460081500717,0.14412851966662968,0.15052178370780092,0.157711799728554,0.22727169591021243
muestral,2023-05-08,0.13612935102424906,0.18434674692941846,0.1441121884494768,0.15061873627244715,0.15763899673794737,0.22715398058646127
muestral,2023-05-09,0.13612707372910304,0.1843410885812583,0.14410872094070698,0.1506024783486264,0.15765919714426127,0.2271614412560439
muestral,2023-05-10,0.13614422971727538,0.18410009953718315,0.14460669810210772,0.15081641243753935,0.15766446711469528,0.22666809309119912
muestral,2023-05-11,0.1364600606009107,0.18415106597475792,0.144653595206592,0.15096048994052672,0.15763817583708384,0.22613661244012886
muestral,2023-05-12,0.13650402020357233,0.18400722020119,0.14471500342651822,0.15073140817570585,0.15748787484950183,0.22655447314351174
muestral,2023-05-15,0.13649005664379932,0.1839951688009884,0.14472855180388236,0.15071088576264544,0.15750099853515515,0.22657433845352937
muestral,2023-05-16,0.13659730983979357,0.18387197188358725,0.14478780483350517,0.15084008852692413,0.15742046632971027,0.22648235858647964
muestral,2023-05-17,0.13656288502246547,0.18384880010403937,0.1446484034158173,0.15090809433554533,0.1574625355666192,0.22656928155551326
muestral,2023-05-18,0.13646507073576478,0.1840105550944693,0.14488500446241231,0.15121497320838795,0.15655872114961622,0.22686567534934948
muestral,2023-05-19,0.1364466553323977,0.18397067024508806,0.14494494329583452,0.15121849623766198,0.15653277779035962,0.22688645709865826
muestral,2023-05-22,0.13658867218851653,0.1838786453580491,0.14494789864163038,0.1511465217417295,0.15666043444897954,0.2267778276210949
muestral,2023-05-23,0.1365377444492985,0.1840207652102038,0.14495344796585694,0.1512037417581679,0.15663591137118005,0.22664838924529288
muestral,2023-05-24,0.13660368321910518,0.18381297733277613,0.14509105852621368,0.15116678390405633,0.15640328144063045,0.22692221557721823
muestral,2023-05-25,0.13403121872073465,0.18482810052870718,0.14551612623227034,0.15145686825375615,0.15715267008391856,0.22701501618061307
muestral,2023-05-26,0.13423500772222036,0.18447638660360424,0.145442834451037,0.15143383636947544,0.1568427339027328,0.2275692009509302
muestral,2023-05-30,0.13418041576427864,0.18446780809146313,0.14529282417500602,0.15151882348857104,0.15668069744602278,0.2278594310346583
muestral,2023-05-31,0.13408251474340727,0.18445374708202764,0.14534455074961336,0.1515579694523829,0.15671737436823102,0.2278438436043378
muestral,2023-06-01,0.13390471889113872,0.18444953946322318,0.14539687003692747,0.15148627113000515,0.15673148487184596,0.22803111560685962
muestral,2023-06-02,0.13393750099446208,0.1844222773255156,0.14535730638575942,0.15150144677447733,0.15676365558950278,0.22801781293028278
muestral,2023-06-05,0.13380202496006152,0.18441262266718034,0.14555868737513641,0.1514812881426563,0.15678056985576985,0.22796480699919555
muestral,2023-06-06,0.13387696369512606,0.1842432173190259,0.14571205800785272,0.15141548325105933,0.15670520145865505,0.2280470762682808
muestral,2023-06-07,0.13386709956620788,0.1839516753157759,0.14609573605736634,0.1514674951575037,0.15698611936818418,0.22763187453496192
muestral,2023-06-08,0.13384165855564525,0.18381594699506873,0.14592298861799052,0.15157499168367025,0.1569389460091325,0.2279054681384928
muestral,2023-06-09,0.1338674648833693,0.18387845156327393,0.14582429701028396,0.1516168153989253,0.15688645900225803,0.22792651214188953
muestral,2023-06-12,0.13385553270829592,0.18384205875917917,0.14583600915232972,0.15156239300282634,0.15691737742017048,0.22798662895719835
muestral,2023-06-13,0.1337642704315225,0.18394286125315532,0.14573017252439094,0.15163881654255246,0.15682844942730018,0.22809542982107867
muestral,2023-06-14,0.1336392716426334,0.18397386084835343,0.14576031252417726,0.1516489579690089,0.1568608670035005,0.2281167300123264
muestral,2023-06-15,0.13369933301347997,0.18391577507506013,0.14587603959603868,0.15152786504222143,0.15688551802968348,0.22809546924351634
muestral,2023-06-16,0.13372657299980933,0.18388917007785277,0.14595840918016106,0.1515638406390722,0.15681057884583313,0.2280514282572715
muestral,2023-06-20,0.13383008326186224,0.18401894180687886,0.14574297092327743,0.15153026723256952,0.1567827436526508,0.22809499312276119
muestral,2023-06-21,0.13388895337272477,0.18418708449580254,0.14546370892328445,0.15168984954255943,0.15675533933225094,0.228015064333378
muestral,2023-06-22,0.13403778959356638,0.18392024725038209,0.14547717319481757,0.15175158762087165,0.15693463279409905,0.2278785695462633
muestral,2023-06-23,0.13403904145713605,0.18394995440995948,0.14535140146457615,0.15184920604195293,0.15702827929097224,0.22778211733540316
muestral,2023-06-26,0.13405258696128572,0.18422491916357764,0.14521287081596554,0.15183737814552106,0.15725327618406146,0.2274189687295885
muestral,2023-06-27,0.13399611502425038,0.18412850559597885,0.14515577600888274,0.1517359955827884,0.15737106613111862,0.22761254165698094
muestral,2023-06-28,0.13408929179873894,0.1842014601660936,0.1451303462250894,0.1517942203282629,0.15726008781696696,0.2275245936648482
muestral,2023-06-29,0.13426799707763698,0.1841473418860131,0.1451871021333045,0.15197686151366208,0.15719693900801046,0.22722375838137296
muestral,2023-06-30,0.13418403939796325,0.1840955830009485,0.14523713299517022,0.15199093153727072,0.1571120221122185,0.22738029095642873
muestral,2023-07-03,0.1342184523850207,0.1841411547843557,0.14502072774055427,0.15205335012249005,0.15715547179155007,0.22741084317602925
muestral,2023-07-05,0.1342865305729518,0.18417804139290606,0.14501613263549748,0.15201094236409388,0.1571751427845677,0.22733321024998315
muestral,2023-07-06,0.1343185570428591,0.18423607813941825,0.14492475372978222,0.15198531140201882,0.1571043300732124,0.22743096961270912
muestral,2023-07-07,0.1343076491463493,0.18445032135006806,0.1447901173773797,0.15191635028086495,0.15711526051789929,0.2274203013274386
muestral,2023-07-10,0.13435806820027985,0.18434399007617228,0.1448196703260721,0.15203846947530744,0.15722772682115915,0.22721207510100916
muestral,2023-07-11,0.1344045357372557,0.18425169694296142,0.14479213828443857,0.1520394994024472,0.15726400412144462,0.2272481255114525
muestral,2023-07-12,0.13433818223160804,0.18423920213249403,0.14489086884307426,0.15193000603509674,0.15736969031001996,0.22723205044770717
muestral,2023-07-13,0.13430565957081902,0.18418029913018416,0.1451978095026864,0.15218111830773295,0.15754622569675245,0.226588887791825
muestral,2023-07-14,0.1343099642489934,0.1842160210868009,0.14526268108895116,0.15215732040934796,0.1574848181914188,0.22656919497448774
muestral,2023-07-17,0.13430637392498518,0.18427073192816015,0.14522867479869359,0.15217864640122916,0.15740971635764278,0.226605856589289
muestral,2023-07-18,0.13441563917672414,0.18436272903822476,0.14517255266038934,0.1521623046682016,0.15716069963998233,0.22672607481647772
muestral,2023-07-19,0.13456534643601592,0.1843864369202056,0.14513641250846931,0.15212262553861214,0.15721873295105326,0.2265704456456437
muestral,2023-07-20,0.1350003244923959,0.18455467236317563,0.14435482833897312,0.15235836899663505,0.15650794677598004,0.22722385903284018
muestral,2023-07-21,0.13487301991020298,0.18462033714946416,0.14438314290682794,0.15228331468704162,0.15640652004279032,0.22743366530367315
muestral,2023-07-24,0.1349277969700885,0.1846693377287336,0.14430847195629226,0.15233280452569609,0.15635026277715997,0.2274113260420295
muestral,2023-07-25,0.13490609883409707,0.18470360412846196,0.1443017769397849,0.1523407490619766,0.1563353796784296,0.22741239135725005
muestral,2023-07-26,0.13485129909193028,0.18472308884431624,0.14420360773426905,0.1525741816222379,0.15636618784664255,0.22728163486060393
muestral,2023-07-27,0.13479956325072717,0.1847471732704568,0.1442302343495849,0.15257882753258586,0.15634744336904766,0.2272967582275975
muestral,2023-07-28,0.13499473583605506,0.18474784927114865,0.14419466661181604,0.15244270469226018,0.15629077110981843,0.22732927247890158
muestral,2023-07-31,0.13498658457293228,0.1846391061248089,0.14414071641295667,0.1524772127553346,0.15617580817618681,0.22758057195778084
muestral,2023-08-01,0.13498861310143903,0.18461064475611558,0.1440572317569174,0.15258184019300713,0.1562068337013594,0.2275548364911614
muestral,2023-08-02,0.13478766744592807,0.18519268356365565,0.14393060983772774,0.15254995277971675,0.15616056043958496,0.22737852593338687
muestral,2023-08-03,0.13479802111383685,0.18518335121939344,0.14394531130668237,0.15253979851106628,0.15614991491359378,0.22738360293542728
muestral,2023-08-04,0.13484703900948403,0.18469839203844127,0.14408582401693704,0.152641272296731,0.15620204819810254,0.22752542444030419
muestral,2023-08-07,0.1349233324494046,0.18464015349273083,0.1442536300244331,0.15270470710252915,0.15620840505752867,0.2272697718733736
muestral,2023-08-08,0.13491123600139623,0.18457618932601758,0.144240008671719,0.15269427584604184,0.1562426190264596,0.22733567112836572
muestral,2023-08-09,0.13475390516450167,0.18467384818935006,0.14424588931739904,0.1526612572793161,0.15626787432522649,0.22739722572420656
muestral,2023-08-10,0.1347516763675112,0.18466161376873144,0.14425419937974307,0.15265134201541466,0.15626231427379134,0.22741885419480828
muestral,2023-08-11,0.13467368905569613,0.1847358784919925,0.1442578985458906,0.1526274437575072,0.1562246227409202,0.22748046740799346
muestral,2023-08-14,0.13440027637841415,0.18475138642796834,0.1444675227152619,0.15265347136295804,0.15625507305345782,0.22747227006193982
muestral,2023-08-15,0.13449789873428628,0.1846738661093826,0.1444329951749463,0.15266592984887725,0.15626221070089905,0.22746709943160842
muestral,2023-08-16,0.13456989094420674,0.1846354256436555,0.14434552387073538,0.1526166650737553,0.15627090340044184,0.2275615910672053
muestral,2023-08-17,0.1346242318106689,0.18463989093635483,0.14433749997510548,0.1524781768904942,0.1561527107159112,0.22776748967146537
muestral,2023-08-18,0.13468564583462894,0.18468323150000795,0.14438615693716628,0.15252609759301308,0.15606103184137005,0.22765783629381375
muestral,2023-08-21,0.1342175594410297,0.18494934382382916,0.14390523557346788,0.15258290798363996,0.15630190024236953,0.22804305293566376
muestral,2023-08-22,0.13427691903642522,0.18489579208566506,0.14382287446327385,0.15254809518032186,0.1564256337432711,0.2280306854910428
muestral,2023-08-23,0.13442331343888875,0.18498565156602897,0.14388275354874053,0.1525574666969704,0.15627347974237113,0.22787733500700022
muestral,2023-08-24,0.13487048641794014,0.18491656409476465,0.14396524549041584,0.15244462115397306,0.15591462048743138,0.22788846235547489
muestral,2023-08-25,0.1349258914235444,0.18491484056247554,0.14389139334385398,0.15247561986839742,0.15586243833127958,0.22792981647044913
muestral,2023-08-28,0.13492358227801832,0.1849394682415258,0.14391149298445538,0.1524559013871098,0.1558521007517549,0.22791745435713587
muestral,2023-08-29,0.134949474143954,0.185255801247606,0.14347696044210767,0.1525852815284768,0.15592809041672062,0.22780439222113488
muestral,2023-08-30,0.13495746353401264,0.18519865429757174,0.14344995219751522,0.15262825456022128,0.15589847139880084,0.22786720401187832
muestral,2023-08-31,0.13489091695884933,0.18522797614754222,0.14350560324836303,0.15267545654106088,0.15590379376990907,0.22779625333427547
muestral,2023-09-01,0.13485316240322873,0.18528017472223415,0.14338208900813562,0.1526984674558073,0.15598273913627192,0.22780336727432224
muestral,2023-09-05,0.1348877387938206,0.18536523952237385,0.1432316108924273,0.15268337731004034,0.1559768663306748,0.2278551671506632
muestral,2023-09-06,0.13480617105384587,0.18534116243651588,0.1432097723263353,0.15276970795607656,0.15597272531491707,0.2279004609123093
muestral,2023-09-07,0.13483024922559655,0.1853357156771802,0.1432019215680794,0.1527651308198265,0.15597121711892914,0.22789576559038816
muestral,2023-09-08,0.13472703263678193,0.18533413376491623,0.1432456817450436,0.1527801111259904,0.1560452549150841,0.22786778581218384
muestral,2023-09-11,0.13511679174649285,0.18508376059936535,0.14257618228484648,0.1527150128581697,0.15628213427714194,0.22822611823398362
muestral,2023-09-12,0.13518304326944242,0.1851252862469392,0.14253696419720763,0.15268700037960323,0.156256543646162,0.22821116226064553
muestral,2023-09-13,0.13512816068052952,0.18505711574963504,0.1425638551847167,0.15264813634397473,0.1563284441725363,0.22827428786860776
muestral,2023-09-14,0.13514823156683334,0.1850706910135468,0.142539103927855,0.15262844262833342,0.15639133082489073,0.2282222000385407
muestral,2023-09-15,0.13503964723657744,0.18491050357930905,0.14264337768751364,0.15249369925537465,0.15651329545178658,0.22839947678943873
muestral,2023-09-18,0.1350257962187335,0.18491015471449862,0.14261225651146625,0.1524622154686109,0.15650984498401813,0.2284797321026726
muestral,2023-09-19,0.1350199537152174,0.18488497559099978,0.14261842441153746,0.15247485377665113,0.15651568924824208,0.22848610325735208
muestral,2023-09-20,0.13502442379342533,0.18494638935561053,0.14267128282764066,0.15261195180591436,0.15645012081171367,0.2282958314056954
muestral,2023-09-21,0.13508205943044338,0.18474388545073048,0.14277813593688185,0.1527266419100493,0.15662564991728115,0.22804362735461384
muestral,2023-09-22,0.13511606819473618,0.18474486131165746,0.14271826700289453,0.15276283889118095,0.15660685780714145,0.22805110679238944
muestral,2023-09-25,0.13517531441256028,0.18471299396423474,0.14274657766350451,0.15259444255899834,0.15668189038402935,0.2280887810166728
muestral,2023-09-26,0.1353033759049582,0.18447639788153017,0.14278823579218985,0.1527070570443374,0.15671862583623594,0.22800630754074838
muestral,2023-09-27,0.13524112275344827,0.1844680381111607,0.14284206477893144,0.15274661969577139,0.15670077385006131,0.2280013808106269
muestral,2023-09-28,0.13525962443715495,0.18453904380644104,0.14277805071453023,0.15270047599331477,0.1567656012260635,0.22795720382249549
muestral,2023-09-29,0.13533120062794438,0.18447928776980713,0.14257623775134243,0.15272533197314445,0.15652188866582994,0.22836605321193157
muestral,2023-10-02,0.13531260568660503,0.18447202985915112,0.1426865406348939,0.15272722165894023,0.15661427264673794,0.22818732951367166
muestral,2023-10-03,0.1352872410337818,0.18424197070961024,0.14271775927689276,0.1527627030162607,0.15674554507236904,0.22824478089108563
muestral,2023-10-04,0.13537454868063156,0.1842092359986608,0.14244790609810865,0.15282242364858814,0.15692060212781858,0.2282252834461923
muestral,2023-10-05,0.135557991279317,0.18426774635858267,0.14210404466060828,0.15303910908834692,0.15677374659174367,0.22825736202140143
muestral,2023-10-06,0.13563384787972452,0.18416301092824153,0.1420448659326552,0.15290347268638566,0.1570230934752824,0.22823170909771057
muestral,2023-10-09,0.13564697341801987,0.18418837587774645,0.14202908436450495,0.15287057825032277,0.15700671883653444,0.2282582692528716
muestral,2023-10-10,0.13565796851651055,0.18420549484214882,0.14203414473369594,0.15282162619377715,0.15698208616483375,0.22829867954903377
muestral,2023-10-11,0.13564864061628715,0.18416131564189872,0.14209260466874743,0.1527947539489069,0.15710131388335022,0.22820137124080958
muestral,2023-10-12,0.13567596052321834,0.18424396173838914,0.14202969600640722,0.152802389578268,0.1570881425897476,0.22815984956396976
muestral,2023-10-13,0.13561655033029335,0.18423409715779288,0.14196025981919927,0.15273806717822333,0.15716005075971481,0.22829097475477636
muestral,2023-10-16,0.13565707962937007,0.18418652297677185,0.14199105338526066,0.15269841174441298,0.15717104288630493,0.2282958893778795
muestral,2023-10-17,0.1356330725832119,0.18406839404429745,0.14195794978936602,0.1526994293515298,0.15707646917753118,0.22856468505406374
muestral,2023-10-18,0.1355315208091251,0.18417383752876162,0.14185227618770666,0.15270114914364671,0.1570413318566353,0.2286998844741245
muestral,2023-10-19,0.1355280797928648,0.18416173488676327,0.14226600386850882,0.15291027928798298,0.15641900711528506,0.22871489504859496
muestral,2023-10-20,0.13555685445530555,0.1840664802116824,0.14216404550155048,0.15296995600110025,0.1565599846045492,0.2286826792258122
muestral,2023-10-23,0.13546191263289395,0.18407051248580852,0.14220113368638332,0.15291385632196433,0.15659546746227737,0.2287571174106725
muestral,2023-10-24,0.13551572358648115,0.183969692402532,0.1422670158392474,0.15294193325466043,0.156789171046597,0.22851646387048197
muestral,2023-10-25,0.1357905248594065,0.18395109880675561,0.14282493208411404,0.15354304775876676,0.15761439805942584,0.2262759984315313
muestral,2023-10-26,0.13569878773168356,0.18381321979308732,0.14365665607933203,0.15339128292564572,0.15763187405279797,0.22580817941745338
muestral,2023-10-27,0.13593247425989122,0.18332631544850006,0.14367570758397122,0.15317216695384211,0.1578142760710069,0.2260790596827885
muestral,2023-10-30,0.13584837752684925,0.183063028510417,0.14402267196360047,0.15305470698505527,0.15763650883003777,0.22637470618404032
muestral,2023-10-31,0.13585837325997263,0.18309800076270427,0.14413533721359212,0.15305907832938162,0.15765034572244244,0.22619886471190678
muestral,2023-11-01,0.13585959995107139,0.18271037113368468,0.14429476703084132,0.1530373649483691,0.1577987629669461,0.22629913396908746
muestral,2023-11-02,0.13583924191733038,0.18273695322426795,0.1441672886754754,0.15322161169284287,0.15781472406894909,0.2262201804211343
muestral,2023-11-03,0.13576181304865895,0.18280921853674387,0.14421545822249662,0.1532423495956204,0.15779149136650855,0.22617966922997165
muestral,2023-11-06,0.135674921920166,0.1828734731518037,0.14434106238014793,0.15321305763648202,0.1577899917537549,0.22610749315764558
muestral,2023-11-07,0.13641444190611418,0.1829170386486974,0.1442232132471323,0.1531151078542913,0.15733168234185554,0.2259985160019092
muestral,2023-11-08,0.13640672026616957,0.18292494420114247,0.14423046785076168,0.15310988214989027,0.15734638686967867,0.22598159866235734
muestral,2023-11-09,0.13645131673560998,0.18294014783367726,0.14411678416176738,0.153187185759058,0.15737464989207509,0.22592991561781228
muestral,2023-11-10,0.13641095775913792,0.18264250016383032,0.1446868579373644,0.153198936546027,0.15723299043690853,0.22582775715673178
muestral,2023-11-13,0.13651812926488213,0.18276287359860946,0.14431482438432858,0.15322676786517062,0.15722711648312554,0.2259502884038835
muestral,2023-11-14,0.1366265347018321,0.18270641069984483,0.14400784355572274,0.15323524946881237,0.1573933650024412,0.22603059657134672
muestral,2023-11-15,0.13653614332505223,0.18273122670029712,0.1437448605023189,0.15337281623457757,0.15749498317507438,0.22611997006267975
muestral,2023-11-16,0.13653917895768244,0.1827299578222356,0.1437803039139493,0.15335902641718108,0.15749235644179485,0.22609917644715674
muestral,2023-11-17,0.1365374692914407,0.18271559570761073,0.14384436370414658,0.1533230904812322,0.15750950144417109,0.22606997937139875
muestral,2023-11-20,0.1364991115145951,0.18274178093735627,0.14388339312735196,0.1533114868314698,0.15747902885532977,0.2260851987338971
muestral,2023-11-21,0.13686865490373634,0.1830184912951628,0.1437757545957066,0.15308897719214093,0.15720775178175392,0.2260403702314993
muestral,2023-11-22,0.13698970465847887,0.1829252255384289,0.14389369070620858,0.15313570847572894,0.15714701410864393,0.22590865651251082
muestral,2023-11-24,0.1370270838475985,0.18306850449251078,0.14367499064556605,0.15306618171442565,0.15723965206121757,0.22592358723868144
muestral,2023-11-27,0.13701153773634792,0.1829982761745315,0.14378639009858868,0.15307816164760776,0.15723031658531944,0.2258953177576048
muestral,2023-11-28,0.13711183697100018,0.1830171760238957,0.1436830948324932,0.15307132942352497,0.157250741201621,0.22586582154746504
muestral,2023-11-29,0.1372369794438609,0.18305174651035827,0.1437185655838917,0.15303219397153764,0.15696539555663538,0.225995118933716
muestral,2023-11-30,0.13741186189881596,0.18305620354899338,0.1439103298180904,0.15290257377915567,0.1567088532760275,0.22601017767891704
muestral,2023-12-01,0.13738127241580705,0.18300740392344156,0.14365432293229902,0.15303101367029504,0.15676288991256848,0.22616309714558883
muestral,2023-12-04,0.1374208933698813,0.18293666606201495,0.14384690146148424,0.153264353207156,0.15683351511093555,0.22569767078852798
muestral,2023-12-05,0.1374098052019412,0.1828959549975408,0.1438258255256051,0.15332850381982216,0.15685860167334456,0.2256813087817461
muestral,2023-12-06,0.13751848676737022,0.18274847749294598,0.14421605970863025,0.15324681779737717,0.15681451727910664,0.22545564095456974
muestral,2023-12-07,0.13754945295756416,0.18294280372705815,0.14436109563336147,0.15338850876749327,0.1570512136468679,0.22470692526765515
muestral,2023-12-08,0.1379628918323712,0.18288065784131666,0.14438278183449002,0.15305156263601702,0.1568417054737345,0.22488040038207072
muestral,2023-12-11,0.13789226400399432,0.18286614094388653,0.144388672170123,0.1530396987485246,0.15696060646398208,0.22485261766948933
muestral,2023-12-12,0.1380012531201579,0.18274693892485713,0.14472859795694748,0.15281019936793144,0.15701565705718895,0.22469735357291717
muestral,2023-12-13,0.13801804374121604,0.18274992987123148,0.14472822164676294,0.15284948056147055,0.15690221916272382,0.22475210501659534
muestral,2023-12-14,0.13835345496749607,0.18269729238934432,0.14490656853628112,0.15250352682033583,0.15680543892181711,0.2247337183647256
muestral,2023-12-15,0.13832676976462846,0.18263392148903307,0.14490891830510041,0.1525062204659427,0.15683106749054918,0.22479310248474627
muestral,2023-12-18,0.13875527796808096,0.18257328909765144,0.14503568555480845,0.15242760925837218,0.15660600597203142,0.22460213214905564
muestral,2023-12-19,0.1391854903601017,0.18258872538817336,0.1451743045972505,0.15224793564587935,0.15646065777654414,0.22434288623205098
muestral,2023-12-20,0.13913172697258422,0.18250464276418174,0.14501448974620687,0.1522577779631325,0.15645011991379015,0.22464124264010452
muestral,2023-12-21,0.1391060248456302,0.1825815579112286,0.14504531769824447,0.15234601414914906,0.15640844409944527,0.2245126412963024
muestral,2023-12-22,0.13926151810652623,0.1825315071507754,0.1451654823239725,0.15233745851853694,0.15630915280300434,0.22439488109718456
muestral,2023-12-26,0.1391730969369894,0.1824031208713876,0.14549546354942108,0.15211103780158652,0.15627340652266253,0.22454387431795278
muestral,2023-12-27,0.13914192184895308,0.18233276277964894,0.1456800411648508,0.1521205148400194,0.1562123584818762,0.22451240088465158
muestral,2023-12-28,0.13929106108156242,0.18217233600953872,0.14568593976133218,0.15224273250669848,0.15612609125116977,0.22448183938969846
muestral,2023-12-29,0.1393476098720844,0.1821279386311033,0.14565443815770715,0.152217352476617,0.15612917990726288,0.22452348095522517
muestral,2024-01-02,0.13930753687931827,0.18217699799132078,0.14578430647082524,0.15221152716567593,0.15597414576230584,0.224545485730554
muestral,2024-01-03,0.13930919967722905,0.18215671791490173,0.1456993616782308,0.15219926399789296,0.15600274627140884,0.22463271046033673
muestral,2024-01-04,0.1393053629620142,0.18208527728450927,0.1457037063876456,0.15229024666956645,0.1560542874452998,0.2245611192509647
muestral,2024-01-05,0.13919923995498532,0.18209174372696577,0.14677359631762546,0.15207887665134054,0.155675169943019,0.22418137340606384
muestral,2024-01-08,0.13896617820784485,0.1820909214009373,0.1471068884944558,0.15213926149030618,0.15569483884466093,0.22400191156179508
muestral,2024-01-09,0.1390744427987662,0.1815465046332959,0.14721715060001936,0.15198938867185044,0.15562452482589462,0.22454798847017338
muestral,2024-01-10,0.13902824255445018,0.18152014441403425,0.1473027758738902,0.15185739900819137,0.15574290226117948,0.2245485358882546
muestral,2024-01-11,0.13912258701940794,0.18142243141512535,0.1474346420666517,0.15177570846080074,0.15576639136124082,0.22447823967677355
muestral,2024-01-12,0.1391193623313281,0.18139113628226725,0.1474242831517248,0.15177200702941426,0.15575849565797864,0.22453471554728702
muestral,2024-01-16,0.13916114153183515,0.18146969597696053,0.14740476895862342,0.1517732112774336,0.15567170493276214,0.22451947732238528
muestral,2024-01-17,0.13915225336882536,0.18142213076695807,0.14745902929441723,0.15176950562504798,0.15564502423332785,0.2245520567114235
muestral,2024-01-18,0.1392870483953548,0.1812744775200517,0.14793935521712193,0.1515184063636199,0.15562155826418536,0.2243591542396664
muestral,2024-01-19,0.13917136572384556,0.18126674276597116,0.14804880352230376,0.15152851967424186,0.15575363363465983,0.22423093467897784
muestral,2024-01-22,0.1392461554112995,0.18115107204894132,0.14787672838468408,0.15165049481686388,0.1557449262542134,0.2243306230839978
muestral,2024-01-23,0.13935075229546232,0.18119160583226632,0.14798236433233375,0.1515661254036686,0.15561411699764982,0.22429503513861931
muestral,2024-01-24,0.13949918637997294,0.18158053908970664,0.14813080154584635,0.15162270660656008,0.15475439863553594,0.22441236774237802
muestral,2024-01-25,0.13838785457730632,0.1815504926212324,0.14720513039049704,0.15070069421606216,0.15928214914527936,0.22287367904962269
muestral,2024-01-26,0.13840680653602883,0.18153015272340486,0.14721153132309236,0.15069463173291237,0.15928381661056906,0.22287306107399238
muestral,2024-01-29,0.1384765997214282,0.181553801387043,0.14670289515625026,0.1505496348934265,0.15964267681187225,0.2230743920299798
muestral,2024-01-30,0.13853487307794454,0.18151289930995534,0.14676871776723494,0.15056793004197896,0.15957033475809432,0.22304524504479198
muestral,2024-01-31,0.1388895100986942,0.18163053524815875,0.1474088914793852,0.15076129848272735,0.15972549668289715,0.2215842680081373
muestral,2024-02-01,0.13892734246212385,0.18162447290873945,0.1473725731401534,0.15072834207363978,0.15942061121564438,0.22192665819969912
muestral,2024-02-02,0.1391582359244654,0.18012365216655277,0.14946931357581253,0.1470709026341456,0.1621942314017754,0.22198366429724825
muestral,2024-02-05,0.13911026870299792,0.18001100245386617,0.14920183685854482,0.14696306274026438,0.16262894423421861,0.22208488501010812
muestral,2024-02-06,0.13910479455434488,0.17992997258436402,0.14913503583481502,0.14693859050123598,0.1623882139780413,0.22250339254719875
muestral,2024-02-07,0.13793461655266281,0.1802698378490687,0.14702410195443805,0.1528969466602846,0.16150531745190486,0.22036917953164087
muestral,2024-02-08,0.13758751712216857,0.18247734890820957,0.14698532389408828,0.15227726136047237,0.16110625755207722,0.219566291162984
muestral,2024-02-09,0.13726561195535092,0.1821267059855093,0.14695733636431038,0.152727555428755,0.16122815616414474,0.21969463410192971
muestral,2024-02-12,0.13732067636130127,0.18216350823914834,0.1469136281086803,0.15270977468743419,0.1612363081070687,0.21965610449636722
muestral,2024-02-13,0.13771444885142917,0.18172000673461702,0.14675013216211635,0.1529849980927014,0.1612879571509157,0.21954245700822028
muestral,2024-02-14,0.1378057374565039,0.18169930894170935,0.14676076963609888,0.15288786038350927,0.16100209775677077,0.21984422582540775
muestral,2024-02-15,0.13825421120802484,0.18166867016814178,0.14659737027182568,0.15268999150493176,0.1608145642649869,0.21997519258208895
muestral,2024-02-16,0.1382985071694279,0.18175608602036697,0.14667048470373903,0.1525569597922239,0.16079932433795205,0.21991863797629013
muestral,2024-02-20,0.13875495308267446,0.18142078549114818,0.1468344483774806,0.15242642133392076,0.1607659838318626,0.2197974078829133
muestral,2024-02-21,0.13873205840008357,0.1814008016919245,0.14683299020044435,0.15245317645845702,0.16080193277041283,0.2197790404786778
muestral,2024-02-22,0.13734332081264722,0.1809736487621202,0.1474352836393367,0.1525230018941793,0.1608545810353969,0.22087016385631958
muestral,2024-02-23,0.1374712198223422,0.1810067895073065,0.1474112479637224,0.1524810734530695,0.16066734286156562,0.22096232639199384
muestral,2024-02-26,0.1374033589695597,0.18100002995687847,0.14765693285208428,0.15249538895305445,0.16086007554419546,0.2205842137242275
muestral,2024-02-27,0.13748711463574131,0.1811692464764639,0.14810246935540164,0.15224110466447677,0.1607010366646164,0.22029902820329997
muestral,2024-02-28,0.13745235122026245,0.18119362664128136,0.14803769074879541,0.15203899465123155,0.1609227850157063,0.22035455172272275
muestral,2024-02-29,0.13745199097958447,0.18116240419383195,0.14810509180097883,0.152056286664673,0.1608837962966311,0.2203404300643008
muestral,2024-03-01,0.13728575292503667,0.18105334139457946,0.1484868740435675,0.1519167879199663,0.16076085651350236,0.2204963872033477
muestral,2024-03-04,0.13773898295948284,0.1811517205205045,0.14802214788016818,0.15212441103718002,0.16086098191603776,0.22010175568662668
muestral,2024-03-05,0.13797311291385114,0.18108601750957273,0.1479132946055212,0.1521725330506734,0.16065321730690896,0.22020182461347249
muestral,2024-03-06,0.13793434791221326,0.18118251429503876,0.1480915289329713,0.15218857954324272,0.16074409539285545,0.21985893392367858
muestral,2024-03-07,0.13791771778201692,0.18123369367686737,0.14809603639422939,0.15212479852833272,0.16083787761612034,0.21978987600243324
muestral,2024-03-08,0.1378769154890094,0.18157499333492505,0.14770537044150692,0.15231079759263455,0.16037787425843114,0.22015404888349302
muestral,2024-03-11,0.13782458997775296,0.1814802584925563,0.1478038099708089,0.15214865079600387,0.1603649545068824,0.22037773625599555
muestral,2024-03-12,0.13766175348733903,0.18090536777096725,0.1478447582667643,0.15187174405409576,0.160452202796421,0.22126417362441259
muestral,2024-03-13,0.13765495655753732,0.1808828104680269,0.14774106242636117,0.15187008582494704,0.16046669642325756,0.22138438829987006
muestral,2024-03-14,0.1374877355851109,0.18052560810478907,0.1478838082734887,0.15197054376983812,0.16072626014227293,0.22140604412450027
muestral,2024-03-15,0.13757321394895827,0.18041060103687678,0.1480277909757821,0.15164367513039445,0.16072167849762134,0.2216230404103669
muestral,2024-03-18,0.1382956993565466,0.1809620374047981,0.14771830964695956,0.15143208516702136,0.16078763943494365,0.22080422898973093
muestral,2024-03-19,0.138472293356909,0.18089492683795583,0.147682771728941,0.1516302883249443,0.16062527620588837,0.2206944435453615
muestral,2024-03-20,0.13838242474672424,0.181015306735512,0.14775219830963018,0.15158560859963327,0.16082275714146657,0.22044170446703376
muestral,2024-03-21,0.1387556520499656,0.1809391575941934,0.14778054679075975,0.15168077870223706,0.16065973372094491,0.22018413114189933
muestral,2024-03-22,0.1386866754311193,0.18096815807323477,0.14783909723132088,0.15175319745475624,0.16069404028873294,0.22005883152083577
muestral,2024-03-25,0.13822076997189778,0.18088742752642303,0.14839179876992065,0.15166143612288438,0.16059031471097962,0.22024825289789465
muestral,2024-03-26,0.1383064094722596,0.18083289632531557,0.14828549774510097,0.15164692525671752,0.16065716091569063,0.2202711102849156
muestral,2024-03-27,0.13891488126190704,0.18050714468198445,0.1481975267293529,0.15164664596157723,0.16030855034581665,0.22042525101936167
muestral,2024-03-28,0.1389466874240436,0.18054602673057876,0.1481513315208075,0.15159645206141356,0.16029614579438858,0.2204633564687679
muestral,2024-04-01,0.1389437403843782,0.1807168970636732,0.1487334304016789,0.15147875049583975,0.16020638694913863,0.21992079470529147
muestral,2024-04-02,0.1389186524656294,0.18064832161438846,0.14854130740648216,0.15163643666084448,0.16037939309966887,0.21987588875298666
muestral,2024-04-03,0.13910412516189394,0.18068882676576015,0.14844211045690725,0.15155844584590591,0.1604073983496171,0.2197990934199156
muestral,2024-04-04,0.13894350263435984,0.1807176290989727,0.14857959896274453,0.15175275120187626,0.16034715385914702,0.21965936424289967
muestral,2024-04-05,0.13891723901080955,0.18058660588551356,0.14890951292502858,0.15167619074645614,0.16024991493423157,0.21966053649796075
muestral,2024-04-08,0.1386858082233688,0.18054782925381624,0.14911551928911862,0.15174373692654278,0.1604864295101113,0.21942067679704233
muestral,2024-04-09,0.1389188843109173,0.18054399556178938,0.14929424088179483,0.1514575057886737,0.16048967673027603,0.21929569672654864
muestral,2024-04-10,0.13918649919276713,0.18049046279489167,0.14924377564480928,0.15141371865165,0.16036093231165446,0.2193046114042274
muestral,2024-04-11,0.1390821888769926,0.18051141680589286,0.14923032471648198,0.15154767064571825,0.1604365205971347,0.21919187835777948
muestral,2024-04-12,0.13920707827925458,0.18051978131948127,0.14925718647809866,0.15128489677574916,0.16044354612790676,0.21928751101950972
muestral,2024-04-15,0.13943813054120563,0.1804715729923852,0.14908696218707546,0.15117353413657883,0.16024138505838717,0.21958841508436774
muestral,2024-04-16,0.13948736972440662,0.18044475757388503,0.1490021214344934,0.15118550924482163,0.16027099489114177,0.21960924713125154
muestral,2024-04-17,0.13937091990683223,0.18058524139368115,0.1491176100782896,0.15094026965369417,0.16021795650971493,0.21976800245778796
muestral,2024-04-18,0.1395140169980078,0.18050505267724892,0.14907643641066534,0.15086299214823845,0.16016941687279282,0.21987208489304674
muestral,2024-04-19,0.13858280154869854,0.18093846114267964,0.14972779970364777,0.15093814138615796,0.1590110832095501,0.22080171300926593
muestral,2024-04-22,0.1383567887190292,0.18109817119546293,0.14979087483057396,0.1509680243271993,0.15907987197199935,0.22070626895573525
muestral,2024-04-23,0.13573639652100988,0.17778348368004832,0.1478514879703865,0.15016277141105525,0.1721289121704498,0.21633694824705027
muestral,2024-04-24,0.13609006231289192,0.17796044145420203,0.14675088082664375,0.15057484979745372,0.17231007039811908,0.2163136952106896
muestral,2024-04-25,0.1362898646174392,0.17794214473156555,0.14667615653651747,0.15005827478323655,0.1722700216304348,0.2167635377008064
muestral,2024-04-26,0.1361655593241469,0.17805975465360688,0.1474145422024369,0.15077659421212092,0.17306315344202833,0.21452039616566004
ewma,2016-07-01,0.14752366610479611,0.18632486719535252,0.13446212290166323,0.20733085165527507,0.11446952506984921,0.20988896707306376
ewma,2016-07-05,0.1469201028397044,0.18609642947952829,0.13482659451852438,0.207362070488968,0.11413630528547183,0.21065849738780318
ewma,2016-07-06,0.14751104271380602,0.18407285769665432,0.13580856865092028,0.20114346821936063,0.1202777132300873,0.21118634948917142
ewma,2016-07-07,0.14449434670431732,0.1846134413987651,0.13535725291787384,0.20320141031859212,0.12006777405534086,0.21226577460511079
ewma,2016-07-08,0.13262938629482196,0.18739439875645636,0.1434653150440041,0.20548349646197164,0.12101228222213685,0.21001512122060914
ewma,2016-07-11,0.12947612627864952,0.18661295653797216,0.13536828669265083,0.2088089363220795,0.13381595554458237,0.20591773862406565
ewma,2016-07-12,0.12813272670353396,0.18970624791402463,0.13590982119663936,0.20941849198641355,0.13258684511560537,0.20424586708378306
ewma,2016-07-13,0.12932798580782287,0.18884174460261227,0.13552058738180398,0.20713552232450494,0.1346227718793497,0.20455138800390618
ewma,2016-07-14,0.1287273124352745,0.1917860608860075,0.13744928799081504,0.20699651778810943,0.1327571939897729,0.20228362691002078
ewma,2016-07-15,0.1277284716792864,0.1902280031519607,0.1374378279517845,0.2068900238089584,0.1340851979261592,0.20363047548185087
ewma,2016-07-18,0.1354794453047309,0.20696550475941108,0.13313500647557022,0.194484344063785,0.141638532274664,0.18829716712183864
ewma,2016-07-19,0.14370915180848803,0.2176225886022506,0.13431006260957692,0.2078473064123264,0.10370610275256273,0.19280478781479532
ewma,2016-07-20,0.14320345088681805,0.21810818445820948,0.1340682181792007,0.20484565352240716,0.10223497689414426,0.19753951605922035
ewma,2016-07-21,0.13961018213710996,0.2280581748609836,0.1247009673869676,0.20156184141477596,0.10126698865475019,0.20480184554541267
ewma,2016-07-22,0.1337347677924901,0.2318058766122147,0.12478251968258759,0.2030306602040585,0.10268978618971907,0.2039563895189302
ewma,2016-07-25,0.1293431384172364,0.24277223532597147,0.11729519571063585,0.20083556775788844,0.10066057574774295,0.2090932870405249
ewma,2016-07-26,0.12645158987962732,0.2465411276947537,0.1180310070029595,0.20233673199935143,0.09725503288811226,0.20938451053519577
ewma,2016-07-27,0.12942668150182512,0.24843681086199085,0.11969319970840692,0.19638850835297122,0.09730258602584112,0.20875221354896473
ewma,2016-07-28,0.13585075178822165,0.22865574901061406,0.12243838457861336,0.19471417912693767,0.10242437670165586,0.21591655879395732
ewma,2016-07-29,0.13552445407194033,0.2293220118817677,0.1215484149555509,0.21943123560716574,0.10862756412325493,0.18554631936032048
ewma,2016-08-01,0.1397768052270717,0.22347575626212912,0.12841884080631463,0.2212385241210099,0.10519677532568386,0.18189329825779085
ewma,2016-08-02,0.13895404689782637,0.22019620780186458,0.12821361790759214,0.21795499155097992,0.10632207677679172,0.1883590590649453
ewma,2016-08-03,0.140790267197071,0.21766041121980506,0.1280672028410111,0.21746095474714278,0.10653428944057443,0.1894868745543957
ewma,2016-08-04,0.1370571633026502,0.21745391489928154,0.12466418420770957,0.20784353590790897,0.10984730955203544,0.20313389213041433
ewma,2016-08-05,0.1343033900012711,0.21963505234531286,0.13348936572021078,0.21049052951226355,0.10331330147466804,0.19876836094627373
ewma,2016-08-08,0.13646649930121388,0.22054053161831585,0.13117007976048828,0.21139811148548657,0.10195837828633385,0.1984663995481616
ewma,2016-08-09,0.13646735953901182,0.22027404407547077,0.13031170502537412,0.2121649490263105,0.10259623277028035,0.1981857095635525
ewma,2016-08-10,0.13581467541544714,0.2211923826195434,0.1284676862980505,0.21228605427246608,0.10282551936622636,0.1994136820282665
ewma,2016-08-11,0.13051256091314534,0.22043130572926128,0.13105179084334967,0.21480016476304717,0.1005976483647574,0.20260652938643905
ewma,2016-08-12,0.1100713402658301,0.22367538457893624,0.13348478275482048,0.22088532395343247,0.1012675259150333,0.21061564253194737
ewma,2016-08-15,0.11146936237856667,0.222415901400371,0.13533763706621163,0.21736965793806223,0.1004823569121765,0.21292508430461204
ewma,2016-08-16,0.11236546695911512,0.2211967502329245,0.1349315085059329,0.21751763939042149,0.10211618795567153,0.21187244695593452
ewma,2016-08-17,0.1146772809360439,0.22190457184475362,0.13549689878343577,0.21538222863603027,0.10160496537854184,0.21093405442119456
ewma,2016-08-18,0.11451971675150065,0.22187793373280876,0.13547235533718974,0.2154906271436104,0.10161026268375845,0.211029104351132
ewma,2016-08-19,0.11567047202505445,0.21787133132106404,0.13781015073776878,0.21589602246144982,0.10198228794109326,0.21076973551356956
ewma,2016-08-22,0.11580199272887133,0.2181685097464227,0.13740431110920134,0.21642098199750281,0.10184239432005142,0.2103618100979504
ewma,2016-08-23,0.11510720261815359,0.21660126948153768,0.13585968667630452,0.21736363123815716,0.10154457228942369,0.2135236376964233
ewma,2016-08-24,0.11306691164736397,0.2149194299992476,0.13570895411950865,0.21504639132760328,0.10325055875212898,0.21800775415414764
ewma,2016-08-25,0.11364662479489014,0.21428160009160324,0.13660619730087678,0.2142366208739915,0.1020115627916382,0.21921739414700006
ewma,2016-08-26,0.11416677901835574,0.20339064925162173,0.1437867968285219,0.21011293258900168,0.10450687236098478,0.22403596995151429
ewma,2016-08-29,0.11424557122931531,0.20342048846148683,0.14501691564116087,0.20881397941396754,0.10468366895415294,0.22381937629991647
ewma,2016-08-30,0.11637041475208504,0.20428196034137164,0.138246349959359,0.2081255429388307,0.10906131585481679,0.2239144161535369
ewma,2016-08-31,0.11645096682068277,0.20418075021857726,0.13818146949314505,0.20802417329939532,0.10906470232920897,0.22409793783899054
ewma,2016-09-01,0.12332521064142889,0.20577229119189064,0.12611282467905616,0.20867965073844988,0.10930671186121799,0.22680331088795655
ewma,2016-09-02,0.1227827215196157,0.20589038162630258,0.1254594945279269,0.20883035298041172,0.10923086604023124,0.2278061833055119
ewma,2016-09-06,0.15239000387371276,0.18972965703869252,0.12957084156253354,0.1778792039289454,0.1137950707707226,0.23663522282539323
ewma,2016-09-07,0.14883932108903525,0.18709491228222608,0.12884943008351082,0.1846391967985877,0.11265282259379399,0.2379243171528462
ewma,2016-09-08,0.15282275936407966,0.18955691472137212,0.12495944396861997,0.1833636882803277,0.11528367391661463,0.23401351974898593
ewma,2016-09-09,0.12407444074640216,0.17050654563649648,0.15443146847463562,0.1843870589159048,0.12466738300765644,0.24193310321890446
ewma,2016-09-12,0.1255214639682258,0.17285795149850366,0.15308049551700953,0.18933304860700073,0.12187761347094034,0.23732942693831996
ewma,2016-09-13,0.12896433580827774,0.17373120944597603,0.1571937352731763,0.1917414997857761,0.11642251448227324,0.23194670520452074
ewma,2016-09-14,0.1282072422821064,0.17504905460271442,0.1576407144294914,0.19114250531729987,0.11575894730489096,0.232201536063497
ewma,2016-09-15,0.11674170653061576,0.17780318170046577,0.15269301019745507,0.20329567008482363,0.12522531652834404,0.2242411149582957
ewma,2016-09-16,0.11937437496562021,0.17377317689824928,0.1443861262647138,0.20383093976379651,0.12072622205757372,0.23790916005004645
ewma,2016-09-19,0.12054851044195866,0.17340802042718434,0.14510462705879187,0.20359007636334056,0.11994666006104307,0.23740210564768152
ewma,2016-09-20,0.12074665705537778,0.17320277551475047,0.1453340719292775,0.20367560027746098,0.1199528305234841,0.23708806469964924
ewma,2016-09-21,0.11668831203599148,0.17010131391833663,0.1467018732481971,0.20029855489279247,0.13063140369984724,0.23557854220483498
ewma,2016-09-22,0.12168477800415255,0.16166817999260724,0.14983347969177604,0.2101141027327874,0.13201164287058212,0.2246878167080946
ewma,2016-09-23,0.1222841334076727,0.1631353170765351,0.1515811115347359,0.20458929197473869,0.1328711550998615,0.22553899090645613
ewma,2016-09-26,0.12321942967288825,0.16373381212667862,0.16122802926601398,0.206918887454608,0.1312519012054222,0.21364794027438883
ewma,2016-09-27,0.11313086344789237,0.15385078057182724,0.19030580155836344,0.2052482344305747,0.12365186787645673,0.21381245211488548
ewma,2016-09-28,0.11371556212625583,0.14945771742882136,0.19091128102383154,0.20477062020080733,0.12400545924075192,0.21713935997953213
ewma,2016-09-29,0.1229792114033063,0.157496373556897,0.1767131402758167,0.20306908388085834,0.1261770664500902,0.21356512443303136
ewma,2016-09-30,0.1199596859645912,0.15621808449766428,0.16920546753737756,0.2112375504952079,0.12185386764400807,0.22152534386115105
ewma,2016-10-03,0.1258225293154719,0.1658876377316579,0.1397771253508981,0.21597416734826458,0.1076049163486743,0.24493362390503326
ewma,2016-10-04,0.1258763063373156,0.16547277201053054,0.13846095909955436,0.21450455488011302,0.10778990687600644,0.24789550079648018
ewma,2016-10-05,0.12714500095272602,0.16136354644714673,0.14316926618013365,0.21441757626956834,0.10203108195799859,0.2518735281924266
ewma,2016-10-06,0.12338854440982845,0.16183604341452248,0.12995668975928265,0.22249485608866118,0.10142782145193183,0.26089604487577345
ewma,2016-10-07,0.12270177082061862,0.16228973679132908,0.1254453856454706,0.22754532413583697,0.10237676315982491,0.2596410194469198
ewma,2016-10-10,0.1291503215544871,0.17075066890316004,0.12183106679670956,0.22503272793690554,0.11465019890312746,0.23858501590561038
ewma,2016-10-11,0.12922076803024138,0.16890484688932655,0.12850033870528157,0.21985400350722567,0.10932547909528795,0.24419456377263696
ewma,2016-10-12,0.1290396759858229,0.16846358449733134,0.12802047915183026,0.22006412669671915,0.11061177032417593,0.24380036334412047
ewma,2016-10-13,0.12659300089848055,0.17125988221342156,0.13011193739887494,0.21566538198977286,0.11798768821769692,0.23838210928175313
ewma,2016-10-14,0.12719731050788646,0.1704164827673155,0.12926485296016013,0.21585292728163438,0.11860254585660727,0.23866588062639632
ewma,2016-10-17,0.12744857224388687,0.1638843561309285,0.12662592401196548,0.21721221663394522,0.11563291593015615,0.24919601504911773
ewma,2016-10-18,0.14319556561253297,0.2095748121417126,0.1287440912953076,0.2509063879303746,0.04584689895216684,0.22173224406790545
ewma,2016-10-19,0.15036081860854317,0.2184867840225905,0.1242145647046963,0.23904264397671293,0.04623933074331948,0.22165585794413759
ewma,2016-10-20,0.15584826919333433,0.2151941590233818,0.12196904027800251,0.24041273622718634,0.04683587977142084,0.21973991550667427
ewma,2016-10-21,0.166069868007915,0.21036621007044343,0.12590475895283132,0.2237695788636529,0.046737220145900676,0.22715236395925664
ewma,2016-10-24,0.13510955703218988,0.1954706332325168,0.13720597075875118,0.24485677716834287,0.05745100126058216,0.22990606054761734
ewma,2016-10-25,0.13883054465001704,0.19557715814909427,0.13797674839086532,0.2426343061235399,0.05771247970086658,0.227268762985617
ewma,2016-10-26,0.14473238601299268,0.18952784761073696,0.14173087169467205,0.2387641574365222,0.059502143557856026,0.22574259368721997
ewma,2016-10-27,0.14023986290006785,0.1916478266338512,0.149075346219852,0.23248576991501674,0.06068470505497914,0.22586648927623312
ewma,2016-10-28,0.1437488061124849,0.15497537958386373,0.14301730019216444,0.2599610805212336,0.061968675242330726,0.23632875834792252
ewma,2016-10-31,0.14516554132850945,0.15791773060235234,0.14203924207366345,0.26025704512943626,0.06193747524380483,0.23268296562223367
ewma,2016-11-01,0.13314660981631252,0.1711624061617244,0.12630192781444505,0.25378367729737566,0.06718024932735385,0.24842512958278865
ewma,2016-11-02,0.15401776383103338,0.16437198889617338,0.13630865467343756,0.24084538511961426,0.07696430040411609,0.2274919070756254
ewma,2016-11-03,0.16239277826302276,0.18499921134663935,0.14978491549798864,0.1732379381266423,0.0856148577070676,0.2439702990586393
ewma,2016-11-04,0.16222413737421104,0.18426017747671866,0.15045785050665259,0.17356744066544486,0.08561168162125235,0.2438787123557205
ewma,2016-11-07,0.13378651028465705,0.16624102180412612,0.17511531042541098,0.20394107694272262,0.10014255544947669,0.22077352509360654
ewma,2016-11-08,0.13787105425440965,0.16867143107544327,0.17517747437171519,0.19892537734402213,0.10282844316785598,0.21652621978655387
ewma,2016-11-09,0.13868661561242143,0.16462783109542684,0.16615016283229528,0.2033543928056058,0.10496795917236393,0.2222130384818868
ewma,2016-11-10,0.14547663846056189,0.1567271364230868,0.17570424418925698,0.21633913248774347,0.10229250055078498,0.20346034788856582
ewma,2016-11-11,0.06898094641660754,0.1729577902154619,0.17099609977557514,0.24702238703270982,0.10896843703676892,0.2310743395228768
ewma,2016-11-14,0.073058866054362,0.17817179766315266,0.16374939120587698,0.22693642033548556,0.12712762951505915,0.23095589522606366
ewma,2016-11-15,0.07536428681948816,0.1702108399590137,0.17189890538237287,0.22749073228977496,0.1391133283909114,0.2159219071584389
ewma,2016-11-16,0.07344826910365435,0.17010239984874323,0.17299900228714937,0.2317000904340122,0.13764095751409247,0.21410928081234834
ewma,2016-11-17,0.07486132668792347,0.1700206067744898,0.1670727627688191,0.22988793607339528,0.14215007037949123,0.21600729731588109
ewma,2016-11-18,0.0757345821720856,0.17292289501091695,0.16446659710983344,0.22989928435663629,0.1436325319343204,0.21334410941620727
ewma,2016-11-21,0.08033185739520304,0.16901833058396332,0.18126801639186546,0.20396320668664875,0.1440037157214781,0.2214148732208414
ewma,2016-11-22,0.0810750758794694,0.16919941061109184,0.17202115405668222,0.20758656924853325,0.14564578032057043,0.22447200988365287
ewma,2016-11-23,0.08120298722482318,0.16890856886617694,0.17319421204816915,0.2073473232365705,0.14569825515181456,0.22364865347244559
ewma,2016-11-25,0.08132574190590841,0.16915936212288188,0.17147341614641892,0.20826673316915154,0.14609507926390197,0.2236796673917372
ewma,2016-11-28,0.08139334868932202,0.16737583997500052,0.17135342909033602,0.2084930648862667,0.1459238885723962,0.22546042878667852
ewma,2016-11-29,0.0815698564483601,0.16695314216705404,0.16511307467078878,0.21050172282222582,0.14729710742411195,0.2285650964674594
ewma,2016-11-30,0.0831253284777577,0.16640302073975635,0.17239429562872868,0.20378376967572048,0.15252201193661472,0.22177157354142207
ewma,2016-12-01,0.08218752547328818,0.17816863378189274,0.15638543121558635,0.18968374167400529,0.17056185744278193,0.22301281041244556
ewma,2016-12-02,0.08212180431020898,0.1806139556915296,0.1577240904160675,0.1899584734047886,0.16512736673861783,0.22445430943878752
ewma,2016-12-05,0.08200337367325405,0.17292884180767082,0.15168445753102366,0.18861420372410276,0.18682775913306757,0.2179413641308812
ewma,2016-12-06,0.0818651004680062,0.17278222338294302,0.15593072254131682,0.19250837034304374,0.17255206091915806,0.22436152234553225
ewma,2016-12-07,0.08419233896096107,0.17927704373523193,0.1439170907516659,0.20108420137013425,0.17734006104568875,0.21418926413631809
ewma,2016-12-08,0.08381054320643472,0.17874157970258606,0.1435691185047468,0.20298526849026371,0.17529865157656693,0.21559483851940184
ewma,2016-12-09,0.08477241403271261,0.1795717342447891,0.14448080410718794,0.2028965302404759,0.17656839673395594,0.21171012064087855
ewma,2016-12-12,0.08388992875277383,0.1776571211245684,0.14753438406981367,0.19729695965166222,0.1789300344297472,0.2146915719714348
ewma,2016-12-13,0.08698460044377303,0.1752175570967285,0.14100212824389263,0.18950098278467514,0.1852028744229442,0.22209185700798656
ewma,2016-12-14,0.08443881516825,0.17745223626796136,0.14109998341555677,0.18995054147023807,0.18601449971418443,0.22104392396380945
ewma,2016-12-15,0.08399546344905423,0.17861914557447023,0.14149600343212856,0.18950604834677107,0.18489826003252488,0.22148507916505103
ewma,2016-12-16,0.08391680261966694,0.17868558476245533,0.14108695859825462,0.18961289844066737,0.18497826437951648,0.22171949119943932
ewma,2016-12-19,0.08372400379069951,0.17624444290533262,0.14190235132049459,0.19319714838849258,0.18339838452403415,0.22153366907094646
ewma,2016-12-20,0.0816650544392883,0.17574987590115135,0.13429207372886967,0.19805051098451998,0.1873925164268251,0.22284996851934558
ewma,2016-12-21,0.08159871496272947,0.1758075810559232,0.13447755427977687,0.1980682181506102,0.18680145249895694,0.22324647905200337
ewma,2016-12-22,0.08293935123899458,0.1758179624679443,0.13638104787498476,0.19435420163953068,0.1862847495551524,0.2242226872233933
ewma,2016-12-23,0.08200802856197055,0.1782653117415854,0.13311662065086016,0.1947570259635264,0.1862846427688763,0.2255683703131812
ewma,2016-12-27,0.07352646479811542,0.17651232074191262,0.12594690722144072,0.2036786758475657,0.17520356668121992,0.24513206470974563
ewma,2016-12-28,0.06729449801818331,0.18651374370033713,0.13312998225833012,0.2011662977246288,0.16822961803147213,0.24366586026704865
ewma,2016-12-29,0.06964784464996306,0.18487962122104631,0.12911386865534416,0.20151990653145055,0.16865557583518473,0.24618318310701118
ewma,2016-12-30,0.06840142416985427,0.17649912514374402,0.1392189199201281,0.20425190989427605,0.17173894225254951,0.23988967861944802
ewma,2017-01-03,0.08070807322343226,0.18836144210143183,0.14046901131738873,0.2028417562423605,0.1611184118772077,0.22650130523817896
ewma,2017-01-04,0.08164410755029838,0.19680433693045626,0.12241254021321978,0.19447861541047343,0.1589985269595383,0.24566187293601396
ewma,2017-01-05,0.08978636617849584,0.17894115835651547,0.13019535019999987,0.19070503543503325,0.15700035130550538,0.2533717385244503
ewma,2017-01-06,0.09223967728052344,0.1738360046839871,0.13480291262329408,0.18085336774480404,0.17357346605397533,0.244694571613416
ewma,2017-01-09,0.08879675150481166,0.1765887713863961,0.13447759496741044,0.17652560027453876,0.1770026006766656,0.24660868119017737
ewma,2017-01-10,0.08881413204253216,0.17745846268153298,0.13427405441419454,0.17626061859962883,0.17571389363000453,0.24747883863210698
ewma,2017-01-11,0.09019208367551466,0.17801919351131074,0.13546576523053608,0.17332407458259927,0.1758706355409235,0.24712824745911566
ewma,2017-01-12,0.09036344065598995,0.177211270397637,0.13551190780551325,0.17322597880648335,0.17635533987626145,0.24733206245811493
ewma,2017-01-13,0.09709592287702415,0.18686116882335094,0.12328613957994392,0.17174557126675177,0.15542681635469244,0.26558438109823673
ewma,2017-01-17,0.09558266975165917,0.18474187594286462,0.12356308577223919,0.17398916127598205,0.1561589851070579,0.26596422215019705
ewma,2017-01-18,0.09463740357664026,0.1866075227950185,0.12232286764452367,0.1746700772248668,0.15622555725983384,0.2655365714991169
ewma,2017-01-19,0.0927523614713393,0.18791781179658892,0.11726634061686801,0.181062337385912,0.13903068084486583,0.28197046788442587
ewma,2017-01-20,0.09276843706881317,0.18793122709688254,0.11725929408047833,0.18109610609098498,0.13903076152555643,0.2819141741372845
ewma,2017-01-23,0.09680734944603243,0.19132420841775846,0.11814936662133833,0.1810306301346501,0.1576296833888963,0.25505876199132443
ewma,2017-01-24,0.09613780515329655,0.1949610974880785,0.11448995049324032,0.187925712946119,0.15157056053290777,0.25491487338635777
ewma,2017-01-25,0.09865666575611443,0.18807386343010027,0.11991035276067386,0.1823745844840973,0.15998111481016786,0.25100341875884635
ewma,2017-01-26,0.09782755764768249,0.1877189808390133,0.12090139014204722,0.18036334330779172,0.16077163982526843,0.25241708823819686
ewma,2017-01-27,0.09727787672945636,0.18776515214726203,0.1208128955116216,0.18043844658922711,0.15885577824920138,0.2548498507732315
ewma,2017-01-30,0.10006006168216593,0.20014693586453391,0.12781339468934308,0.1889287690252119,0.16357475474494315,0.21947608399380203
ewma,2017-01-31,0.09999777243194602,0.19779764987000326,0.1305475616472847,0.18871045632358055,0.16375677661830773,0.2191897831088776
ewma,2017-02-01,0.09307662231269316,0.19277783744705052,0.1392696490314331,0.1736943074897266,0.1671853979331376,0.2339961857859591
ewma,2017-02-02,0.09303976784990779,0.19264379090143421,0.13920565940171822,0.17389895907180644,0.16728270396809253,0.23392911880704081
ewma,2017-02-03,0.09327187647326016,0.1724723082241518,0.1408469939253362,0.17854106665092867,0.17298576769043314,0.2418819870358901
ewma,2017-02-06,0.09034760765256449,0.1809844701250806,0.13091108353016542,0.17578330015622015,0.17543432208217052,0.24653921645379898
ewma,2017-02-07,0.09018033822408249,0.1820962909347092,0.1381693198620036,0.18582494191566684,0.16470681272354132,0.2390222963399965
ewma,2017-02-08,0.0949639196071809,0.18085896949494767,0.13320943000572413,0.1750155602839301,0.16715176421881794,0.2488003563893993
ewma,2017-02-09,0.09598832756356591,0.1807123863867893,0.13063440967584558,0.1753510284882829,0.16805214987655462,0.24926169800896172
ewma,2017-02-10,0.09734834957690852,0.1799082803496111,0.1310089238067383,0.17587603973052543,0.16769885265872134,0.24815955387749525
ewma,2017-02-13,0.10071842887373432,0.17807547280233726,0.1260147040647509,0.17699468302582164,0.17059577772614395,0.247600933507212
ewma,2017-02-14,0.10156800999558137,0.178451352334083,0.12672453216202573,0.17716632370584207,0.16685301397961602,0.24923676782285173
ewma,2017-02-15,0.10163233047849,0.1769109459580835,0.1272788122661647,0.1780726908819316,0.16533948486520203,0.25076573555012827
ewma,2017-02-16,0.09882650895316514,0.17871876939286754,0.11623129664081569,0.18084233669794916,0.16553921628676807,0.25984187202843434
ewma,2017-02-17,0.09931917790689711,0.1796371284054566,0.11490534609883939,0.18348782385520349,0.16600303532119076,0.25664748841241275
ewma,2017-02-21,0.09033877320247953,0.16976570695050083,0.11045337194648852,0.19434748050479703,0.1732171531947255,0.2618775142010085
ewma,2017-02-22,0.09212140011963335,0.17333767187005214,0.11529656745202717,0.18448698686689216,0.17134879117540483,0.26340858251599025
ewma,2017-02-23,0.06224447724933148,0.18971712561429435,0.08200037959035467,0.19202464970374838,0.18061597520996112,0.29339739263230996
ewma,2017-02-24,0.06251430481186417,0.188632868591707,0.08228681968613834,0.1926177420263303,0.18137835232595229,0.2925699125580079
ewma,2017-02-27,0.06177656236874823,0.18817208303209523,0.08456223103665882,0.19153967195604032,0.18172961467181434,0.29221983693464304
ewma,2017-02-28,0.06035850284117524,0.19007621865157615,0.09079828024593647,0.1918863991864416,0.1793187326848238,0.2875618663900468
ewma,2017-03-01,0.06378660473365914,0.19440661351437655,0.09928417325104288,0.18730080278664704,0.1916951968481538,0.2635266088661207
ewma,2017-03-02,0.06197231270416416,0.20183689980516664,0.10829439971878785,0.19768834766354756,0.1725585990326995,0.25764944107563426
ewma,2017-03-03,0.06200169251315302,0.20179901960256552,0.10824812169422435,0.19754806630140745,0.17265473738822287,0.2577483625004268
ewma,2017-03-06,0.0626027566692319,0.20372679148699865,0.10859440728735338,0.19743372143086657,0.16773076394037678,0.2599115591851727
ewma,2017-03-07,0.06264864901440428,0.20366795543054625,0.10848679368612496,0.1973639990136729,0.1676226784827155,0.2602099243725361
ewma,2017-03-08,0.06267094245258988,0.20341803164360261,0.10862175434752364,0.19725697357521724,0.16799147840512824,0.2600408195759385
ewma,2017-03-09,0.06305613133873084,0.20343867840372903,0.11018132543385259,0.19696840102989444,0.16852302746798323,0.25783243632580993
ewma,2017-03-10,0.06307150257603092,0.2051813686613166,0.11130479017639672,0.19616733643012063,0.16860217146160028,0.2556728306945349
ewma,2017-03-13,0.06182662415134859,0.2136467089779066,0.11234359673316088,0.1981687293056951,0.15404640413765755,0.2599679366942314
ewma,2017-03-14,0.06291233809717725,0.21955500497926023,0.10073162581872602,0.201445682751297,0.15720223857479204,0.25815310977874745
ewma,2017-03-15,0.06318150032725775,0.22195138625563798,0.10350441013869933,0.20219504683904707,0.1518053248195638,0.25736233161979416
ewma,2017-03-16,0.06256543822658386,0.22374313882311045,0.09939613209582998,0.2014452168358608,0.1565100117446636,0.2563400622739512
ewma,2017-03-17,0.06137651815212393,0.22575411163576917,0.10004699599801142,0.20336068681611133,0.1554274901161814,0.2540341972818028
ewma,2017-03-20,0.05885952586697849,0.2195814177358889,0.10022182326833451,0.203589810035095,0.1536535656841527,0.26409385740955044
ewma,2017-03-21,0.07171623187610332,0.22037432457959932,0.09379899977432467,0.24505284898492932,0.15128514237785684,0.21777245240718657
ewma,2017-03-22,0.07065308947891288,0.21830346311748733,0.09198655900151452,0.23703159916235783,0.1552531797319249,0.22677210950780255
ewma,2017-03-23,0.07088556802254599,0.2223170275725631,0.0936440642810454,0.24193348070331447,0.15521773008916145,0.2160021293313696
ewma,2017-03-24,0.0710724727955936,0.22556863538350447,0.08944665893290007,0.2364270858003163,0.15539547588177643,0.22208967120590906
ewma,2017-03-27,0.07211140825370814,0.22962009883783682,0.08495745041390766,0.2443318150059048,0.1476031581501338,0.22137606933850879
ewma,2017-03-28,0.07983777165462214,0.21968345187723337,0.08238022648794988,0.2335865838293728,0.15037000585905602,0.23414196029176573
ewma,2017-03-29,0.08952919436395464,0.19290560386011354,0.09105977888299788,0.24193472445201678,0.15510989777971806,0.22946080066119906
ewma,2017-03-30,0.08746173492055832,0.19231618470093526,0.0914385386405853,0.245824345220131,0.15128550445343866,0.23167369206435148
ewma,2017-03-31,0.08759229834375186,0.1906953530856755,0.09142252514335385,0.24657242799606024,0.1514640141931571,0.23225338123800138
ewma,2017-04-03,0.09391461839410901,0.19197203587769673,0.07346653540092944,0.25573776528805814,0.16714845296658334,0.21776059207262338
ewma,2017-04-04,0.08156188048586613,0.21327082492986266,0.0765600002126027,0.2519618456184572,0.16419308706036725,0.21245236169284398
ewma,2017-04-05,0.08187074103281078,0.22038405211503953,0.07305998346788994,0.2583151511005927,0.15632624837074402,0.21004382391292298
ewma,2017-04-06,0.08381683173615363,0.2142621717045214,0.0757822455563912,0.2568138871039894,0.15942832855666095,0.20989653534228334
ewma,2017-04-07,0.08413072913084264,0.2136031467312295,0.0774770877681463,0.2564324441015779,0.15914385632780034,0.2092127359404032
ewma,2017-04-10,0.08991548525179487,0.2040070861893828,0.07441619977155388,0.2585446138311682,0.15737539480155205,0.2157412201545483
ewma,2017-04-11,0.09177559995556232,0.20386434452475563,0.07436387646056933,0.24965456010171172,0.16270201777076465,0.21763960118663636
ewma,2017-04-12,0.09058677229599249,0.19853665914007015,0.06870102270314324,0.25010434144489047,0.16293886265475283,0.2291323417611508
ewma,2017-04-13,0.0883315092424067,0.1873768839496446,0.07385405484461216,0.25509072569477165,0.16220009232680171,0.23314673394176313
ewma,2017-04-17,0.09180369598675708,0.18420878906842106,0.10894874705302454,0.2516325561453714,0.14365743217565158,0.21974877957077443
ewma,2017-04-18,0.09411300428351124,0.18970916785718805,0.10945838897787791,0.2511289202775488,0.13289727341870425,0.22269324518516984
ewma,2017-04-19,0.0940413094310644,0.19101160869267808,0.10892279416027809,0.24836023369909857,0.13541621033961473,0.22224784367726627
ewma,2017-04-20,0.09393846452776279,0.1948864453373098,0.11499063681907135,0.23615364605762337,0.1350937938836092,0.22493701337462343
ewma,2017-04-21,0.09370983992075148,0.19672016673849277,0.11391119229609004,0.23684853819371904,0.1328162340234917,0.22599402882745503
ewma,2017-04-24,0.10255085424866829,0.2059067811127397,0.12441639261537582,0.2306621830915534,0.14784686248278278,0.18861692644888
ewma,2017-04-25,0.10746726385335874,0.23921553408319604,0.12242794830464684,0.23845798700885446,0.10385624495583382,0.18857502179411012
ewma,2017-04-26,0.10678894735586579,0.24103427603226293,0.12087179150091774,0.23957947358549958,0.10234309426374083,0.18938241726171323
ewma,2017-04-27,0.10621184172996422,0.23285893536025587,0.12796617117090822,0.23551412346866768,0.10023233702165067,0.19721659124855329
ewma,2017-04-28,0.12890577251102994,0.24781146232032206,0.13155535634344365,0.2180726311012616,0.11718744051153639,0.15646733721240627
ewma,2017-05-01,0.13240887354278755,0.20911758274841136,0.13007036194713154,0.22082078401728542,0.12527047878985523,0.182311918954529
ewma,2017-05-02,0.12730694381461838,0.2090636087180788,0.1282027066850476,0.22316262071515217,0.12751178396122737,0.1847523361058757
ewma,2017-05-03,0.12931690619024722,0.20718706053020167,0.12490312928742908,0.22005807085536658,0.12712780197433388,0.19140703116242164
ewma,2017-05-04,0.12927095141861206,0.2076544386306718,0.11349830385357525,0.21673397968774574,0.13288353655178908,0.199958789857606
ewma,2017-05-05,0.12903840384677956,0.2087054162450558,0.11028246380178869,0.2181435959003625,0.133121336700662,0.20070878350535148
ewma,2017-05-08,0.13381356765638971,0.2006555127497469,0.11277880058575798,0.21807121564874374,0.13575040559685064,0.1989304977625109
ewma,2017-05-09,0.13456238353803499,0.19917492094316605,0.10372040002037189,0.22646412632703128,0.13406727954409678,0.2020108896272989
ewma,2017-05-10,0.06035766243573771,0.2251358485532482,0.10503352570246823,0.2535556581620305,0.13503061508611508,0.2208866900604002
ewma,2017-05-11,0.06038836044734308,0.22514013799092963,0.1050244291541708,0.2535457294105387,0.13498778419847848,0.2209135587985392
ewma,2017-05-12,0.061022515132401915,0.21145679389741015,0.10675666133276213,0.2591215193248755,0.1319945063537733,0.2296480039587769
ewma,2017-05-15,0.061380424749518936,0.2112814527459497,0.10622446565638685,0.25910246351861244,0.13178703872742753,0.23022415460210455
ewma,2017-05-16,0.06078389977719191,0.20644124332735828,0.10631299853750448,0.2653397709802129,0.1340230198999185,0.22709906747781397
ewma,2017-05-17,0.06818598756653689,0.227740092298099,0.12379840987794469,0.2062609321350654,0.13743844737166844,0.23657613075068548
ewma,2017-05-18,0.06821620747718855,0.2239632801809473,0.12446974675771401,0.19630819178687178,0.14152391970059602,0.2455186540966824
ewma,2017-05-19,0.0677036428193806,0.22453631280482497,0.12601111448697974,0.19647294064333495,0.14075844716727307,0.2445175420782066
ewma,2017-05-22,0.06748042622525148,0.2195227911320281,0.12877877380643638,0.2005157410586716,0.1436501835768678,0.2400520842007447
ewma,2017-05-23,0.06725700955931087,0.21957554820421432,0.12770333295118275,0.20022590415951186,0.1439913382627475,0.24124686686303276
ewma,2017-05-24,0.06868422273734182,0.21830894164164805,0.12511441217299912,0.1949331757073685,0.15178168490002011,0.24117756284062233
ewma,2017-05-25,0.0777903684203257,0.22014606390863092,0.12673105737169646,0.19993406860769894,0.13890778820975724,0.23649065348189086
ewma,2017-05-26,0.07643545433442749,0.22067445086829146,0.12226820645030458,0.2015923577172658,0.14167527827057202,0.23735425235913865
ewma,2017-05-30,0.0755288055393754,0.22399296390103426,0.11630178329537377,0.20419962220260546,0.14224806276530635,0.2377287622963047
ewma,2017-05-31,0.07568652455598981,0.22436084520668637,0.11812482789609674,0.20343341151280678,0.14278985132437458,0.2356045395040457
ewma,2017-06-01,0.07569486769944582,0.22430893563314633,0.11816838291410262,0.20344253040582486,0.1428244177675739,0.23556086557990646
ewma,2017-06-02,0.07947564069708027,0.22070741008467692,0.12375696246157095,0.19781421948833333,0.1422351146153499,0.23601065265298848
ewma,2017-06-05,0.07737714976207853,0.22116106601941912,0.11957488674898739,0.20394740121530508,0.14688080618330362,0.2310586900709062
ewma,2017-06-06,0.07760715388978746,0.21889674877566564,0.12237785301680745,0.20345400215839327,0.14826191266852556,0.22940232949082065
ewma,2017-06-07,0.0778608446560475,0.21629900766086452,0.1192866932082227,0.20697414110992346,0.15066258609653957,0.2289167272684023
ewma,2017-06-08,0.06772042174744147,0.22828866495892844,0.11162490578362656,0.1992784093680103,0.15803714465128713,0.23505045349070608
ewma,2017-06-09,0.07907044463798442,0.2199871681582863,0.13623463562438126,0.20051325430522304,0.14922092285321575,0.21497357442090914
ewma,2017-06-12,0.08266818888173136,0.21619090774510039,0.14367495962218632,0.20343774469314466,0.13703601157139797,0.21699218748643923
ewma,2017-06-13,0.08825512830165627,0.21175394039405593,0.1296676422221058,0.2023297082623156,0.14463458556729564,0.22335899525257077
ewma,2017-06-14,0.08830569062816503,0.21155213983830148,0.13000698554084933,0.20224410346077631,0.14460991624523956,0.22328116428666833
ewma,2017-06-15,0.09021275235869118,0.20767339978473384,0.1292101822757965,0.20451332622011614,0.1465162582539903,0.22187408110667206
ewma,2017-06-16,0.09123588557812974,0.1998576727463786,0.13194824605013952,0.20437055727008138,0.14731896279219908,0.2252686755630715
ewma,2017-06-19,0.08857245158290486,0.20323840472531193,0.14077966273889805,0.1997063629758054,0.15211228718208591,0.2155908307949938
ewma,2017-06-20,0.08886178750214106,0.20351589710950524,0.1421645265346806,0.1995084477903278,0.15143152400931756,0.2145178170540277
ewma,2017-06-21,0.09047450110553973,0.20436907662828843,0.1437348005674034,0.19903022394286035,0.14798618887133488,0.21440520888457318
ewma,2017-06-22,0.09051650652570016,0.2043933061683267,0.14350193364660294,0.19913207458191723,0.14799218503806627,0.2144639940393866
ewma,2017-06-23,0.09472957232644628,0.20685082642089822,0.1447855746413128,0.19663430830554388,0.14481715646397914,0.21218256184181966
ewma,2017-06-26,0.09676444118554663,0.20633719429573286,0.14365567076003602,0.19683571317868395,0.15054330049438153,0.205863680085619
ewma,2017-06-27,0.1019804864697089,0.2187481929797892,0.13542190300794935,0.20541657351354004,0.13837797436355387,0.20005486966545863
ewma,2017-06-28,0.10038389040023658,0.21886333468279504,0.1344318198944444,0.2012252043964243,0.14266743728099154,0.20242831334510816
ewma,2017-06-29,0.10104700219847258,0.22173846317920193,0.13321047692294685,0.20634613505923652,0.14506513435675436,0.19259278828338763
ewma,2017-06-30,0.1005542887326295,0.21986476679042574,0.13475159934130332,0.208163320869798,0.14547055796236777,0.19119546630347561
ewma,2017-07-03,0.09897691137746388,0.2187474153332909,0.13382095256621615,0.20529843579032964,0.14521546760250287,0.1979408173301966
ewma,2017-07-05,0.09807912572880415,0.2151654188723774,0.14202908141116202,0.20350265599949116,0.1450359570558445,0.1961877609323208
ewma,2017-07-06,0.10325920965993966,0.21734533681631454,0.12839207997803948,0.20288233437369996,0.14745358940006698,0.2006674497719394
ewma,2017-07-07,0.10530933874215262,0.21745228834851307,0.13229658119277615,0.19948548636662855,0.1433304009126158,0.20212590443731382
ewma,2017-07-10,0.09953546169316632,0.21089470042020692,0.13731916509368572,0.20041076945155872,0.14531685826471402,0.20652304507666833
ewma,2017-07-11,0.09945175486462518,0.21793380617524818,0.13118333963779535,0.19703396106720789,0.14486366822021338,0.20953347003491005
ewma,2017-07-12,0.0966855780359202,0.22286083208587149,0.13979174004101777,0.18860425695907562,0.14081657918086077,0.21124101369725418
ewma,2017-07-13,0.09629586783567483,0.221471440118015,0.13800233608242668,0.19038722001797373,0.14100280945046692,0.2128403264954428
ewma,2017-07-14,0.09439510275980907,0.22630548739053222,0.1371773730555902,0.19256533711687207,0.13805354075893408,0.2115031589182624
ewma,2017-07-17,0.09426913997223553,0.22786097706157232,0.13583474468740528,0.1923722847219714,0.13835111515700238,0.21131173839981301
ewma,2017-07-18,0.10942503342898317,0.2391049579277442,0.1391931233963226,0.19721031672973796,0.08342910837196586,0.23163746014524625
ewma,2017-07-19,0.10980322427610432,0.23916258284655645,0.13984278691638757,0.19658050591509976,0.08354258772571514,0.2310683123201368
ewma,2017-07-20,0.10898391197345243,0.23934295615527063,0.13857825287161,0.1967382336121908,0.08396800514163887,0.23238864024583739
ewma,2017-07-21,0.10884816794105993,0.2399262535260574,0.13882098047428462,0.19685421472024778,0.0834242261514926,0.2321261571868576
ewma,2017-07-24,0.1159841308153807,0.23367925174105775,0.13011824991292945,0.19691114405187957,0.08725364078060814,0.23605358269814455
ewma,2017-07-25,0.11898917154069577,0.24361577375375276,0.13173088664281365,0.20105443999187744,0.08954143089485435,0.21506829717600603
ewma,2017-07-26,0.1185026387925641,0.23711600610706562,0.13086424751703396,0.20310822963383088,0.08962619829562259,0.22078267965388285
ewma,2017-07-27,0.11243886775306437,0.23314687330814862,0.1252602604513026,0.23081467231264532,0.08614162652879967,0.21219769964603938
ewma,2017-07-28,0.11197530791693307,0.2358278116721499,0.12514475566755492,0.22949503383196207,0.08598838295341085,0.21156870795798927
ewma,2017-07-31,0.12492643548750651,0.20680772269143147,0.12339901104831522,0.2270224670171822,0.09694282323869093,0.22090154051687377
ewma,2017-08-01,0.12425031791102926,0.20535326207375412,0.12492116966708522,0.22680685615359567,0.09718755575214175,0.2214808384423939
ewma,2017-08-02,0.12429974537240311,0.2054401718500418,0.12425532040834256,0.22724726670375103,0.09737505569050746,0.22138243997495405
ewma,2017-08-03,0.1226036005016097,0.20886661422052072,0.11670732217030642,0.22875240908354508,0.0980926286812164,0.22497742534280168
ewma,2017-08-04,0.12394492359059633,0.21233944226164786,0.11316243232156824,0.22755453774917594,0.09900381871134414,0.22399484536566752
ewma,2017-08-07,0.11828993534902163,0.21380189538381303,0.11681397097453797,0.2200387242502304,0.10044258776159307,0.23061288628080404
ewma,2017-08-08,0.11778727354575512,0.21372222173687563,0.11826330228863549,0.2195999126166345,0.09994333124521679,0.23068395856688254
ewma,2017-08-09,0.11991441334852886,0.21173196647155118,0.11835900741910592,0.22087160743721837,0.09922728054664283,0.2298957247769529
ewma,2017-08-10,0.1152959261163603,0.2008376047903685,0.12903800813342586,0.21609013624670836,0.10317137230533464,0.2355669524078024
ewma,2017-08-11,0.11688952718727619,0.20015033770089022,0.12897202399223884,0.21595905859903486,0.1030118037742768,0.23501724874628305
ewma,2017-08-14,0.0950904057768182,0.19821043125522253,0.1331265017911664,0.21321104200381358,0.11768666613227916,0.24267495304070028
ewma,2017-08-15,0.09478173398941481,0.19852005159948094,0.13297025886649125,0.21418238102251452,0.11662602616130179,0.24291954836079663
ewma,2017-08-16,0.09470654120981796,0.19835697661961244,0.13298977403155257,0.21395233306892164,0.11671954753660818,0.24327482753348717
ewma,2017-08-17,0.10097888732513127,0.19887393093323186,0.13105573942848245,0.21121062737482155,0.12176424117962846,0.23611657375870448
ewma,2017-08-18,0.10104742999135108,0.1987044955260566,0.1305140186138336,0.2117961343973121,0.1219715645071507,0.2359663569642959
ewma,2017-08-21,0.10036104460670262,0.19831351576522582,0.12603564766348865,0.2167525068391048,0.1240674749494844,0.23446981017599386
ewma,2017-08-22,0.10244898695620325,0.19858744559353111,0.13242185123073963,0.22046974964466287,0.1283014353799441,0.21777053119491888
ewma,2017-08-23,0.10099495458183157,0.20195741265975964,0.12848461425533994,0.22288547101323458,0.12859013434965175,0.21708741314018257
ewma,2017-08-24,0.10161517762908266,0.2014835848975938,0.12976289724653353,0.22206547067383167,0.12897621729991432,0.21609665225304409
ewma,2017-08-25,0.10324690434204276,0.20179265705375043,0.12914668676662142,0.22042411341167772,0.128748913458781,0.21664072496712666
ewma,2017-08-28,0.10304476267761024,0.20190298948910868,0.12966477807331128,0.21956054488788335,0.12840969075698766,0.21741723411509878
ewma,2017-08-29,0.10537050586424597,0.20019045763157264,0.13074445613528224,0.22018331181057074,0.12833285516994167,0.21517841338838664
ewma,2017-08-30,0.11204636586715146,0.1970355991211991,0.1313013771608185,0.21971464812836633,0.11942540013609673,0.2204766095863678
ewma,2017-08-31,0.11088965018685486,0.19385460456256115,0.1353248008090255,0.21637454580774348,0.12727484350444745,0.21628155512936767
ewma,2017-09-01,0.1110473058082144,0.19376105179747014,0.1353248747809233,0.2164741621667409,0.12732848989597723,0.2160641155506742
ewma,2017-09-05,0.10805705818919668,0.18993828002498575,0.1346339980858454,0.21921747616145812,0.13492946746388687,0.21322372007462723
ewma,2017-09-06,0.10879579171805401,0.19056216235200263,0.13818106823524529,0.2167982581364678,0.13093373188977833,0.2147289876684519
ewma,2017-09-07,0.11149101252302823,0.1867388230232515,0.13554417979622002,0.21698525887510245,0.1360960858711469,0.21314463991125102
ewma,2017-09-08,0.11337632914200875,0.1850029096014161,0.13344456068068766,0.21272777031935822,0.13815036180051896,0.2172980684560104
ewma,2017-09-11,0.10977721744597144,0.1913570690713747,0.10775142884787811,0.20957645573157743,0.1299813763487975,0.2515564525544007
ewma,2017-09-12,0.10988232021824672,0.1907000939313291,0.1085947985956801,0.212325739649745,0.12773028297062622,0.2507667646343729
ewma,2017-09-13,0.11054486183660373,0.18448647587486564,0.10843496990729837,0.2148146382806614,0.13105284913662865,0.2506662049639422
ewma,2017-09-14,0.11132519870777265,0.18441366092395356,0.11476077869877802,0.21121588451867088,0.13204426844885547,0.24624020870196947
ewma,2017-09-15,0.10056999590679426,0.18874976165736215,0.11469433136433188,0.2097207838280826,0.13307808740080124,0.2531870398426281
ewma,2017-09-18,0.0987693542509275,0.19025864803752898,0.11387388324436223,0.2112058658035925,0.13183204344356808,0.25406020522002076
ewma,2017-09-19,0.09915387971371065,0.192425327173725,0.11614317853276687,0.20812053917282494,0.13182639557642745,0.2523306798305451
ewma,2017-09-20,0.09987781689976971,0.19253434099640404,0.1167067304387037,0.20970709391887396,0.13241900801783882,0.24875500972840972
ewma,2017-09-21,0.09669460936058312,0.18887010202971197,0.11390563909678558,0.20720620385800023,0.1408904454695454,0.2524330001853738
ewma,2017-09-22,0.09932346274480332,0.18671651855388516,0.10268153492586486,0.21311445202539825,0.1430821687923273,0.2550818629577212
ewma,2017-09-25,0.09855217685856224,0.20514366323662928,0.12135483008822155,0.15461726660988429,0.12361932197509716,0.2967127412316054
ewma,2017-09-26,0.09857289884515816,0.20680646394497948,0.12177340012648971,0.1536229653970314,0.12366788139487307,0.29555639029146824
ewma,2017-09-27,0.10126239122687387,0.21141344524894745,0.1434698191406131,0.154082729135651,0.13082859614076145,0.25894301910715317
ewma,2017-09-28,0.10152983011299763,0.21067423331504295,0.1441556365214946,0.15373757435736732,0.13186263974865065,0.25804008594444683
ewma,2017-09-29,0.10076109075950647,0.21281551162886023,0.14631755433951135,0.15209505274935498,0.13498106377726438,0.25302972674550256
ewma,2017-10-02,0.10282558023471004,0.21527178904880295,0.1488405730461803,0.15190420631060594,0.1301643245346656,0.2509935268250351
ewma,2017-10-03,0.10416278177804916,0.2207885079859334,0.14455473021061963,0.1529315883179855,0.12860163438337294,0.24896075732403924
ewma,2017-10-04,0.1040574888289585,0.21514873807952667,0.1403167552307258,0.15991910804091192,0.1213218051145846,0.25923610470529257
ewma,2017-10-05,0.1199725162889292,0.21226439737291158,0.1576601019196675,0.16457339492100095,0.10444772189450888,0.24108186760298195
ewma,2017-10-06,0.12248158792026903,0.21009058575088363,0.15960886947454414,0.1665511398980497,0.10327936763591794,0.23798844932033547
ewma,2017-10-09,0.1269164205793001,0.21236145334012987,0.15202062669471078,0.16744950241024736,0.1033162916436517,0.23793570533196037
ewma,2017-10-10,0.12421677946223544,0.21543624234994072,0.1447491310529425,0.1696157972007586,0.10494313235117758,0.2410389175829452
ewma,2017-10-11,0.12492762643201459,0.2157721478126976,0.15039069146183717,0.17285248438547812,0.10989376032529502,0.22616328958267734
ewma,2017-10-12,0.1251700455047555,0.2142861928003912,0.15036946458425277,0.17357139112091177,0.10979543569314897,0.2268074702965397
ewma,2017-10-13,0.12153741065870198,0.21667556942848956,0.15294674301150443,0.1727505464338038,0.10703500163874069,0.2290547288287595
ewma,2017-10-16,0.11919505935639314,0.21601464264136325,0.15682950854140856,0.1725718266788594,0.10541423178512745,0.22997473099684812
ewma,2017-10-17,0.1202808466796653,0.2160101915197483,0.1546422978726722,0.17028566929396072,0.10828729778644948,0.23049369684750412
ewma,2017-10-18,0.12065125870990213,0.21080528419079786,0.15740517465308382,0.1713017746206673,0.10646766418312058,0.2333688436424283
ewma,2017-10-19,0.12935750839093751,0.20726993727526188,0.15057206794250952,0.17315823174401632,0.11286865038501541,0.22677360426225934
ewma,2017-10-20,0.12917434202622685,0.20596117749658724,0.14670607475279665,0.17517461537064158,0.11253388385655694,0.23044990649719066
ewma,2017-10-23,0.1504846911791139,0.20005797511838178,0.1432865418212523,0.16716431925361594,0.12630558472388784,0.21270088790374816
ewma,2017-10-24,0.1490432121947321,0.19548285329484855,0.14643903302249964,0.17034636513824256,0.12288825368821772,0.2158002826614594
ewma,2017-10-25,0.13851516933060493,0.20197707115142144,0.131780467694864,0.17123187832308004,0.12271800764510322,0.2337774058549262
ewma,2017-10-26,0.13720615109324494,0.20274899593449852,0.13199418679236896,0.1716997740439105,0.12205640365104961,0.23429448848492757
ewma,2017-10-27,0.15229256554367593,0.08164621697542929,0.24372349426190826,0.16398663757683718,0.16474151296127432,0.1936095726808751
ewma,2017-10-30,0.1513658013980335,0.08152026067070504,0.24441786680405414,0.16261076032405503,0.1658603053762335,0.19422500542691873
ewma,2017-10-31,0.14991832608299746,0.08372539442436458,0.22614876386847588,0.1660812403020565,0.17595590884344378,0.1981703664786618
ewma,2017-11-01,0.15019306933170254,0.08352750067223008,0.22343028858416777,0.16722596328436984,0.17657539894159596,0.19904777918593394
ewma,2017-11-02,0.16301592624910263,0.08761332657894544,0.17490103967810672,0.15891590720739676,0.19987859798816365,0.21567520229828482
ewma,2017-11-03,0.16093165920452565,0.08753453362414981,0.16935918108144918,0.16479122036273436,0.20261583168642375,0.21476757404071736
ewma,2017-11-06,0.1611529780539947,0.08765004731270981,0.16909637157111657,0.16514382059110008,0.20268061463535003,0.21427616783572875
ewma,2017-11-07,0.16010105714178746,0.08766455951828123,0.16852226772318482,0.1652677456391608,0.20590598329478366,0.21253838668280212
ewma,2017-11-08,0.1591140346051205,0.0878935756151897,0.1683766262356651,0.16495098514327994,0.20626930651877828,0.21339547188196648
ewma,2017-11-09,0.15418192247021076,0.09107810176767128,0.1710544462727217,0.17124076763886983,0.20217506394331558,0.21026969790721076
ewma,2017-11-10,0.14255821899091062,0.09172875845142768,0.17249259719636822,0.17368763027584477,0.20682054610340325,0.21271224898204552
ewma,2017-11-13,0.15298911306711732,0.09275279650544786,0.1588768711576946,0.17705824843181509,0.19818546444085214,0.22013750639707308
ewma,2017-11-14,0.15384688533385477,0.09308273960058178,0.15737030978237154,0.17656980320646556,0.19888928723072205,0.22024097484600436
ewma,2017-11-15,0.14876002895721385,0.09430915198299059,0.1636039441103827,0.18172874026011293,0.18993287780605997,0.22166525688324
ewma,2017-11-16,0.15175913872216687,0.09791722902466551,0.167967629072047,0.18300584917593946,0.18262956659536556,0.2167205874098157
ewma,2017-11-17,0.1534145494085158,0.09880500290788999,0.17175142869122964,0.18436587159297896,0.18005169529232073,0.2116114521070648
ewma,2017-11-20,0.15478758655156533,0.09866580230296994,0.17009038364307466,0.1843124122935079,0.18081060152861436,0.2113332136802679
ewma,2017-11-21,0.1635478785356446,0.10697450150127205,0.15912777802349798,0.17934814830174609,0.18664793920628378,0.20435375443155557
ewma,2017-11-22,0.16317146268870464,0.10852881890202981,0.1575112481252528,0.17840606881530985,0.18714558899945372,0.20523681246924919
ewma,2017-11-24,0.16190120419591017,0.1038958916819465,0.15653340710398334,0.17505670396066425,0.19531613325660105,0.20729665980089457
ewma,2017-11-27,0.16427597788603812,0.10367173463198479,0.15633917219705343,0.17542710358078784,0.19677390102118775,0.20351211068294806
ewma,2017-11-28,0.16362192834130024,0.10367202101801141,0.15644000769467248,0.1752494443343952,0.19816262211791746,0.20285397649370324
ewma,2017-11-29,0.12456985868335457,0.14597161588238286,0.1771640696112899,0.16938813812984227,0.15160088207057948,0.23130543562255096
ewma,2017-11-30,0.12178995389864487,0.1440695914312076,0.17749245359540267,0.16696038380484743,0.15439733525424773,0.2352902820156497
ewma,2017-12-01,0.12151606618463033,0.14419833314042216,0.1786747845918715,0.16614946236356992,0.15789597969323046,0.23156537402627558
ewma,2017-12-04,0.10705123258975041,0.1423089935764547,0.19155349523635845,0.16389521301042256,0.1623438240781761,0.2328472415088379
ewma,2017-12-05,0.10714644569991293,0.1421892249279782,0.1935059083643394,0.163099275802575,0.16306275676644702,0.23099638843874748
ewma,2017-12-06,0.1129120335338656,0.14744937429111793,0.17927508228432343,0.16101535255299546,0.17126961564649407,0.22807854169120348
ewma,2017-12-07,0.11248695067914016,0.14873005035233305,0.185099161757418,0.15488870911510483,0.17502721967741833,0.22376790841858563
ewma,2017-12-08,0.11412860066559993,0.14980005104900487,0.18296745782772086,0.1586842564961612,0.17095501167972743,0.22346462228178574
ewma,2017-12-11,0.11267610581562831,0.15030049830776035,0.16599247592330718,0.16287207979413032,0.18199439121191968,0.2261644489472541
ewma,2017-12-12,0.11286156345577085,0.15033106998836215,0.16539929431447334,0.16310786434013802,0.1820363510246771,0.2262638568765784
ewma,2017-12-13,0.1128934535435826,0.15033674436590502,0.16541351317136266,0.16309096417460864,0.1820076397781713,0.22625768496636978
ewma,2017-12-14,0.113534602120491,0.1495407187512624,0.16702574468664236,0.16434571030384862,0.18055458107072603,0.22499864306702963
ewma,2017-12-15,0.10976738565265716,0.15575043928196222,0.16429192043966986,0.16585361819395789,0.1877222623142722,0.21661437411748066
ewma,2017-12-18,0.10533267573331567,0.15492933960069558,0.1711226761375018,0.16761947064787816,0.1901249788052552,0.2108708590753537
ewma,2017-12-19,0.10764150965840466,0.16084917709170254,0.16387249293290615,0.1702871770871254,0.1821270226838075,0.2152226205460537
ewma,2017-12-20,0.1085205277556779,0.159867309967664,0.163361892574797,0.1688070217296151,0.18547608838844265,0.21396715958380338
ewma,2017-12-21,0.10845111750090008,0.15981147773495774,0.1637450681423752,0.16872088887124137,0.18546750321466535,0.2138039445358603
ewma,2017-12-22,0.10862427507084993,0.15903294559542783,0.16004512954704236,0.16924897431131966,0.18902435076750781,0.2140243247078524
ewma,2017-12-26,0.11254243441338242,0.1646134624295616,0.1543404838341004,0.16826930902895954,0.18542666712029846,0.2148076431736976
ewma,2017-12-27,0.11280898074828596,0.1666473894289948,0.15166128876788768,0.172289546871585,0.18362810055017967,0.21296469363306683
ewma,2017-12-28,0.11569660181617543,0.16868163064670114,0.15027574434622776,0.17656000864829918,0.16275079278882257,0.22603522175377402
ewma,2017-12-29,0.11255477334374717,0.16348402170097154,0.14799349023540076,0.17636152158336402,0.16637801453560563,0.2332281786009109
ewma,2018-01-02,0.12145121384550865,0.1860372884539838,0.15077435610025391,0.1705800878112538,0.13669128446593715,0.23446576932306287
ewma,2018-01-03,0.10084494502784927,0.19169384112277285,0.17636250877113058,0.16982089717269266,0.13682624510825847,0.22445156279729606
ewma,2018-01-04,0.10079246685641814,0.1914415678159378,0.17684957875599755,0.17003711099263025,0.13675662665501867,0.22412264892399755
ewma,2018-01-05,0.106096059532313,0.18702132941840205,0.18299134755845659,0.17019536545943664,0.13427304279922245,0.21942285523216937
ewma,2018-01-08,0.10346734888352102,0.18734566073084866,0.14057483764570036,0.18289933159050537,0.14460282478743666,0.2411099963619878
ewma,2018-01-09,0.10370153098037488,0.18895877617831153,0.14002885625622744,0.18288313693675498,0.14323130403821718,0.2411963956101139
ewma,2018-01-10,0.10329813918100227,0.1890408259079262,0.13995117042699332,0.18345884330966494,0.14122761443009757,0.24302340674431575
ewma,2018-01-11,0.10579936740103464,0.1808035165874611,0.14011538331143109,0.18936562609821436,0.13601137127836976,0.24790473532348906
ewma,2018-01-12,0.1059649513371476,0.1794280192534094,0.14036123870397854,0.19301199598539492,0.13540707057644055,0.2458267241436289
ewma,2018-01-16,0.1057225996837497,0.1794371071666554,0.1407449998319459,0.1927324844446787,0.13546586088725404,0.24589694798571612
ewma,2018-01-17,0.10438238968786648,0.18150099482882126,0.13866025712081195,0.19429074333269125,0.137975901340811,0.24318971368899797
ewma,2018-01-18,0.10472600263250668,0.18211465698151974,0.139750950529362,0.19204721524146598,0.13664868439619035,0.24471249021895528
ewma,2018-01-19,0.10118283169509723,0.18744273785422527,0.13706418881512067,0.1912774184953162,0.14079475399373265,0.24223806914650803
ewma,2018-01-22,0.11360914626227209,0.17740361254902978,0.1585099115259668,0.18347923535760327,0.13489371585554075,0.23210437844958726
ewma,2018-01-23,0.1205190432839117,0.1712591774729133,0.18387068848585938,0.18228396978595476,0.0882109801841381,0.25385614078722274
ewma,2018-01-24,0.12033902681562156,0.17197836637881095,0.1801785559892457,0.1791376459014058,0.09405768120746281,0.2543087237074533
ewma,2018-01-25,0.12097801988873251,0.16911648938717216,0.18846957548026014,0.17885221214553484,0.0923570166052169,0.25022668649308355
ewma,2018-01-26,0.11569648395875842,0.1645373766061677,0.18574062457590176,0.17849485114557925,0.09409859377313692,0.2614320699404559
ewma,2018-01-29,0.1135449527718631,0.1615448488742439,0.17868732050790043,0.19060577709497067,0.09025622403505414,0.2653608767159677
ewma,2018-01-30,0.11196390097077454,0.1672271264280448,0.1768744652893049,0.19399169550270742,0.08899904942732768,0.2609437623818407
ewma,2018-01-31,0.11160403635812287,0.16557995281297022,0.1710669074116341,0.19743106869154461,0.09359052159372966,0.2607275131319986
ewma,2018-02-01,0.10801178889651697,0.14949236940236302,0.1670504491083968,0.2192659156774131,0.09223876844825792,0.26394070846705214
ewma,2018-02-02,0.10866464726135236,0.19641976839878258,0.17162561481338864,0.22837658379620207,0.10444061464203525,0.19047277108823904
ewma,2018-02-05,0.09806218647945754,0.2154440334392704,0.19808574967243248,0.1965490443929772,0.12061521295095948,0.1712437730649029
ewma,2018-02-06,0.09416849555175068,0.19382351531191822,0.22330016755972518,0.19559373099673602,0.11818281549942755,0.1749312750804422
ewma,2018-02-07,0.09562117694984076,0.19063147556829937,0.2334430517528723,0.1907523393250986,0.11878938411380753,0.17076257229008135
ewma,2018-02-08,0.12371924808037317,0.19510364749717035,0.16631538917628563,0.1934475016877684,0.13578713770620537,0.18562707585219712
ewma,2018-02-09,0.11554909709062852,0.2037650253415011,0.1758700628622483,0.18837727094047405,0.1399414635757966,0.1764970801893514
ewma,2018-02-12,0.12182401868733361,0.19478526914789082,0.17535576890071913,0.19275947347939693,0.13715808606315105,0.1781173837215085
ewma,2018-02-13,0.12068544831808417,0.19172139825025955,0.17237766910445418,0.1980287549467285,0.1380715185703265,0.1791152108101471
ewma,2018-02-14,0.11913767387235391,0.18743068618724146,0.1868532931035602,0.18662512704848883,0.1376092707336101,0.18234394905474546
ewma,2018-02-15,0.12081601597536645,0.19501597148654212,0.17740554380568524,0.19585292357816889,0.12852695522882865,0.18238258992540865
ewma,2018-02-16,0.12057558690116085,0.1942703590996147,0.17856351740064147,0.19420324569781505,0.12858919258609447,0.18379809831467356
ewma,2018-02-20,0.11957724132360667,0.19269343163865352,0.1794067838273198,0.1960624322942992,0.12902049285442188,0.18323961806169886
ewma,2018-02-21,0.1208203476089157,0.19215375276625105,0.17994891455486234,0.19542861425401553,0.1288990617442577,0.18274930907169773
ewma,2018-02-22,0.12150094903945048,0.19330245404009178,0.17383268651721495,0.19512307019629746,0.1311615328884114,0.18507930731853384
ewma,2018-02-23,0.12420947804796872,0.19740945510930513,0.17391954066345122,0.1895783168428859,0.12957018301019235,0.18531302632619656
ewma,2018-02-26,0.1278645973203133,0.19615268967907504,0.1732519011941177,0.191195277379501,0.1271201174568534,0.1844154169701394
ewma,2018-02-27,0.13229866975452861,0.19939781938050807,0.17161445968784333,0.18826719521590143,0.1288308599090993,0.17959099605211934
ewma,2018-02-28,0.1319141160754854,0.20376406313968926,0.16780371065910812,0.18524480774117438,0.13219259372499062,0.1790807086595522
ewma,2018-03-01,0.12711742894615166,0.20791012891019917,0.15994870428805164,0.19051793108870557,0.14218415945857177,0.1723216473083202
ewma,2018-03-02,0.1263852622696619,0.21159990233986226,0.15989367347341832,0.19407431490221336,0.1358978789424495,0.17214896807239463
ewma,2018-03-05,0.13197560175663836,0.2092583498256853,0.16740110378986353,0.18893791850393887,0.12851654290878856,0.17391048321508543
ewma,2018-03-06,0.1289365860740073,0.20786453570256935,0.17226568030843828,0.191748838357632,0.12526097443479892,0.173923385122554
ewma,2018-03-07,0.13110368679745094,0.20856673087369776,0.17143909130039134,0.18715962111097675,0.12889286694972804,0.17283800296775514
ewma,2018-03-08,0.13103263748570715,0.20918893546959788,0.17084956861919195,0.18656502083818555,0.12841233534185384,0.1739515022454637
ewma,2018-03-09,0.13325749252249705,0.20659512567051266,0.18597444433943003,0.18695176409011258,0.1209416305904249,0.1662795427870227
ewma,2018-03-12,0.13280396966144742,0.20452749110470023,0.16888136440586685,0.19361813698722727,0.13080410453081187,0.1693649333099464
ewma,2018-03-13,0.1355660757749025,0.2078025237827366,0.16980818826193123,0.19124601920086157,0.13087454344226915,0.16470264953729893
ewma,2018-03-14,0.13564005925622707,0.2078712986509202,0.16905267281778766,0.19155503939681,0.13103155501233915,0.1648493748659159
ewma,2018-03-15,0.1358528642696526,0.2074640080917461,0.16899378527866737,0.1915293654017707,0.13107916130285288,0.16508081565531044
ewma,2018-03-16,0.1374967873061548,0.206606748907799,0.16752623057395183,0.1947606996745874,0.1307356294910005,0.1628739040465066
ewma,2018-03-19,0.13849214472990423,0.22125870629995958,0.17556514698207998,0.14791965784185312,0.14990874321977077,0.1668556009264323
ewma,2018-03-20,0.1341695669349443,0.21292153987014734,0.17950404538452133,0.15424987709591664,0.14962745669517932,0.16952751401929117
ewma,2018-03-21,0.13464647915216685,0.21369023927611236,0.17786094993339532,0.15385801599176221,0.1499383403218364,0.17000597532472667
ewma,2018-03-22,0.13996254106926134,0.21135342375576505,0.180652744317263,0.1573819346009079,0.15056455502275576,0.16008480123404692
ewma,2018-03-23,0.13858408025683408,0.19848505159039712,0.18334916536789725,0.15491829314001668,0.16050343320397278,0.16415997644088212
ewma,2018-03-26,0.13166202980136626,0.18338938046853961,0.2001482073135967,0.1773608559661458,0.1402132597253437,0.1672262667250079
ewma,2018-03-27,0.1278779415090852,0.20338188788291506,0.16067591452535424,0.18320076664736987,0.1433665057926714,0.18149698364260416
ewma,2018-03-28,0.133659155029563,0.1888972314439471,0.14146549461956923,0.20229431818445717,0.13707611868000527,0.19660768204245815
ewma,2018-03-29,0.1315966543720788,0.20171418574437694,0.1434970888356657,0.19025580187416888,0.1389376418260873,0.19399862734762235
ewma,2018-04-02,0.1339172637354951,0.18643508192982164,0.1419407373577828,0.19584980174548133,0.13826120450295976,0.20359591072845942
ewma,2018-04-03,0.1339667403897596,0.18654023145686285,0.13459660870100426,0.19898444696533238,0.13959774738575947,0.2063142251012815
ewma,2018-04-04,0.1363154116508801,0.18665663316076012,0.1262621302718906,0.20544599268996172,0.1392570562390956,0.20606277598741185
ewma,2018-04-05,0.1464297143934985,0.18185899975118436,0.11978731921096292,0.1995055658940064,0.14033135462977697,0.2120870461205709
ewma,2018-04-06,0.14488515740357694,0.17699739490074098,0.1220636195550893,0.20285901086179603,0.14338307686436869,0.20981174041442813
ewma,2018-04-09,0.1448697460316932,0.17700601270055336,0.12223302583583806,0.20282677997469142,0.1433748304622107,0.20968960499501313
ewma,2018-04-10,0.13685568493845976,0.18400510175369267,0.1204556216534928,0.18951797084421312,0.1482187350295968,0.22094688578054486
ewma,2018-04-11,0.13675582045677537,0.18382797855213368,0.12030799060830716,0.18993379503312705,0.1487805479623097,0.22039386738734704
ewma,2018-04-12,0.13427142380857734,0.182507460890498,0.12263310609378986,0.19380354736246264,0.14780648216960038,0.21897797967507177
ewma,2018-04-13,0.13431124031487893,0.18258136745654477,0.12257686669271388,0.1937766039285792,0.14777103758015736,0.21898288402712587
ewma,2018-04-16,0.1342752664048626,0.18291108591178792,0.12202373120329348,0.19384242069032206,0.14740173231756537,0.21954576347216848
ewma,2018-04-17,0.14248138859744683,0.17473092373627608,0.1439402504853679,0.19906558220899176,0.12540860324185005,0.21437325173006738
ewma,2018-04-18,0.1425401937082954,0.17443540887729445,0.1437270534625776,0.19938074609977144,0.12545442258081999,0.21446217527124115
ewma,2018-04-19,0.1465642869933405,0.17269763082416412,0.14264028270097248,0.19868565764083262,0.1266640290092013,0.2127481128314891
ewma,2018-04-20,0.15016272183878182,0.17104333664372773,0.1395462394751008,0.19926709783671806,0.12734828418232857,0.21263232002334295
ewma,2018-04-23,0.14811608752211905,0.17243916443110283,0.13757407089142631,0.20174660188633908,0.12511080325721477,0.21501327201179787
ewma,2018-04-24,0.16168828058839962,0.1679752334030439,0.15472522873830083,0.19345089129116214,0.12799801633996863,0.19416234963912476
ewma,2018-04-25,0.16004971470532986,0.1685515653290082,0.1543273129507122,0.19407348290063559,0.12814958696141696,0.19484833715289726
ewma,2018-04-26,0.16081985380642144,0.1672263204234795,0.1703283667924289,0.1502165712417086,0.1396653332296524,0.21174355450630908
ewma,2018-04-27,0.16108407274075282,0.1625668158798811,0.16727316172329632,0.1515768358607376,0.1414042417308917,0.2160948720644405
ewma,2018-04-30,0.16110560182774294,0.1628144494953273,0.16783551648719333,0.15140074145680352,0.14225947336351333,0.21458421736941954
ewma,2018-05-01,0.16239921971239982,0.16409267461829108,0.1661962343615292,0.15267115691171945,0.14536029894256533,0.20928041545349496
ewma,2018-05-02,0.16238189211136067,0.16384924171701104,0.1665196968196732,0.15337253529901732,0.145535983008284,0.2083406510446538
ewma,2018-05-03,0.16754520494216238,0.16510751902027854,0.16014145855137732,0.1525804960681218,0.14544653726123966,0.20917878415682037
ewma,2018-05-04,0.16524441117119307,0.17447464768752888,0.15538870054735404,0.15669379335563668,0.1446705410192759,0.20352790621901132
ewma,2018-05-07,0.15603239018414447,0.17721464312219745,0.151825993098804,0.16138041927418217,0.14529177821761408,0.2082547761030579
ewma,2018-05-08,0.15592373623967198,0.17734124174701563,0.15187137954802898,0.1612909674514761,0.14527189730114448,0.20830077771266287
ewma,2018-05-09,0.15552135484787533,0.1818433682504903,0.15341376446896948,0.16091751747626526,0.14964017623344786,0.198663818722952
ewma,2018-05-10,0.15411984746199844,0.18323932758316364,0.15538733165682697,0.1595911066712666,0.15132386940441503,0.1963385172223292
ewma,2018-05-11,0.15178403008232924,0.1836609608784908,0.15444066100774118,0.16201891108756886,0.15092296690761678,0.19717247003625316
ewma,2018-05-14,0.1521826103845013,0.1838416177222947,0.15256047196289788,0.16206234992563995,0.15159763276282484,0.19775531724184137
ewma,2018-05-15,0.1442875085660211,0.18510127719829014,0.15017676472307692,0.1664241980061304,0.1590156284929103,0.1949946230135711
ewma,2018-05-16,0.14435230558153522,0.18460453813242883,0.1498707068678791,0.16712333267615195,0.15873982013606655,0.19530929660593846
ewma,2018-05-17,0.14485012598666216,0.1844852260415097,0.14965765794353794,0.16748622802181534,0.15830509797124778,0.19521566403522705
ewma,2018-05-18,0.14566417016487884,0.1860706884781514,0.14572657122476151,0.16859235074350853,0.16023575898062298,0.1937104604080769
ewma,2018-05-21,0.1528655124554321,0.188418487342305,0.14170641608941828,0.16951141195533562,0.15578139374915445,0.19171677840835466
ewma,2018-05-22,0.15328791986183252,0.19021682976598508,0.1368982739358279,0.17072465824510816,0.1578688363060818,0.19100348188516464
ewma,2018-05-23,0.1528421818279499,0.19311545732201635,0.13992148393998324,0.17117992012053296,0.1461923340609104,0.19674862272860702
ewma,2018-05-24,0.15284259340107909,0.19310727648978404,0.13999180011276868,0.17131321561361026,0.1459687050179584,0.1967764093647995
ewma,2018-05-25,0.15253448308544099,0.19278446647690098,0.13991286550438242,0.1719285783491276,0.1457401318335377,0.1970994747506102
ewma,2018-05-29,0.15252215113914763,0.1928546545102205,0.14013782516327664,0.1720472602084596,0.14570183323746155,0.19673627574143404
ewma,2018-05-30,0.15048590146771215,0.19570672206039394,0.1353326280700847,0.17312226012428303,0.14720620657842323,0.1981462816991029
ewma,2018-05-31,0.15193160140332074,0.19610758836805986,0.13868349477246011,0.17014505052805826,0.14891844795472794,0.19421381697337298
ewma,2018-06-01,0.15186404585059837,0.20829333578149498,0.13748754837148272,0.17751914325061702,0.14751167518094424,0.17732425156486262
ewma,2018-06-04,0.1454328543659282,0.20414468007865408,0.1368990996315024,0.18750413151621928,0.15165447021052775,0.17436476419716823
ewma,2018-06-05,0.14572989658347155,0.20147580368719165,0.13853613754102115,0.18820256516459224,0.15102757724895424,0.17502801977476917
ewma,2018-06-06,0.148862643491997,0.20607515100552976,0.11572852063815486,0.19681773219259108,0.1523577440127683,0.18015820865895898
ewma,2018-06-07,0.15059778540114696,0.2107011789691852,0.1167877075772014,0.1917696704139807,0.15023122008338294,0.1799124375551028
ewma,2018-06-08,0.15058841123748862,0.2106728519846086,0.11680177000260938,0.19181184644054997,0.1502218843180945,0.17990323601664876
ewma,2018-06-11,0.15675446857171182,0.21288243320829464,0.11034946201007109,0.1877116069301759,0.1527277581612402,0.17957427111850618
ewma,2018-06-12,0.15710220172539063,0.2132451030499721,0.10680707638746438,0.18918818527152526,0.153660518126894,0.17999691543875368
ewma,2018-06-13,0.1600340314642206,0.21459399902572396,0.10749486622791828,0.19200168978966173,0.14110534385983822,0.18477006963263723
ewma,2018-06-14,0.16365480766614948,0.22351919744146123,0.10494442391920444,0.18389679021774336,0.1330895482958777,0.1908952324595636
ewma,2018-06-15,0.1632178238540713,0.22289898317208884,0.10539912936308356,0.18354275232903022,0.1333756766846279,0.19156563459709805
ewma,2018-06-18,0.16965866458460616,0.2257274107217112,0.10144267702383707,0.1813116910149338,0.13983610843303196,0.18202344822187985
ewma,2018-06-19,0.16659948520121068,0.22785722131456998,0.09895164157712055,0.18069554471087484,0.14433572625543398,0.18156038094078994
ewma,2018-06-20,0.17189909621867805,0.23121232414046802,0.09778692994782899,0.17060577396409676,0.13684538700996463,0.1916504887189637
ewma,2018-06-21,0.1662895324209137,0.22742704458358806,0.0936415395761747,0.17928528912062366,0.1429336237313324,0.1904229705673674
ewma,2018-06-22,0.15743992749672703,0.22555198323019945,0.08958075586288208,0.18678817372328504,0.14284382327207892,0.19779533641482747
ewma,2018-06-25,0.14371809789896117,0.21392903321721135,0.12041835938005443,0.19474683692957662,0.1225621764799406,0.2046254960942557
ewma,2018-06-26,0.1452077185200851,0.20703766113877253,0.11756307419429946,0.1923547697486559,0.11583367141125232,0.22200310498693465
ewma,2018-06-27,0.14176243736256544,0.20243110251600976,0.12697777082677264,0.1912514587107744,0.11678772320478505,0.2207895073790927
ewma,2018-06-28,0.13957182371711047,0.1908268710709796,0.12783593959587022,0.19990708752599073,0.11917772576601474,0.22268055232403416
ewma,2018-06-29,0.13730096732006214,0.1931115263492554,0.12587928218783936,0.19755705739234286,0.11893597093665313,0.2272151958138472
ewma,2018-07-02,0.13442375196248485,0.19413500276280665,0.1341122685616027,0.1937518638579391,0.11879407647982855,0.2247830363753381
ewma,2018-07-03,0.14112090484932507,0.20977816237627483,0.11388331780983794,0.19088429875045515,0.12732617981142785,0.2170071364026791
ewma,2018-07-05,0.13916742330362836,0.22224800889195603,0.1229440891498342,0.1792321387029476,0.12868305129357493,0.20772528865805884
ewma,2018-07-06,0.13841094521572003,0.2268741819786335,0.1282148719418053,0.17236964575848146,0.12674004712087703,0.20739030798448277
ewma,2018-07-09,0.14351122367620966,0.2207179277154231,0.12484987030922434,0.17755726758885335,0.12447464285934366,0.20888906785094583
ewma,2018-07-10,0.14244461205908832,0.2205516281898426,0.12440344943893177,0.17841398800055572,0.12504717624186792,0.20913914606971354
ewma,2018-07-11,0.14079542170182177,0.2219326695870685,0.12394171234563478,0.17791065455011026,0.12550700108250548,0.2099125407328591
ewma,2018-07-12,0.14340874062057943,0.21003894922335817,0.13351299473866624,0.17423861395293108,0.1394980428499808,0.19930265861448415
ewma,2018-07-13,0.1427377080761385,0.21275622214609244,0.13418287491577482,0.17488649658744354,0.13540729675124866,0.20002940152330204
ewma,2018-07-16,0.14250963668580863,0.21445842795170478,0.13228129835613958,0.17512970898100969,0.13667064845475504,0.19895027957058223
ewma,2018-07-17,0.139012402578144,0.21115410401682919,0.1269063172722161,0.17287501830564164,0.15391296237201246,0.19613919545515657
ewma,2018-07-18,0.13844842484468878,0.21161028941863153,0.1274379566170698,0.1728203832525881,0.15305036716657447,0.19663257870044737
ewma,2018-07-19,0.14677587020495517,0.2047750669529924,0.12874424971419648,0.1775225491210921,0.14671103726074147,0.19547122674602244
ewma,2018-07-20,0.14643447982485597,0.20531235873746165,0.12709338388914207,0.1798015332694107,0.14584952129343912,0.19550872298569058
ewma,2018-07-23,0.1459006948919284,0.2038518540626129,0.12469705167101326,0.1808141913545289,0.14632033783757661,0.1984158701823399
ewma,2018-07-24,0.1527286393605771,0.2000411230253402,0.13347843543302246,0.17775547364139108,0.15605462131937536,0.1799417072202939
ewma,2018-07-25,0.15922129850206876,0.19364843223940745,0.12530628470395846,0.1814455180037493,0.15814776488119026,0.18223070166962593
ewma,2018-07-26,0.19707288036320347,0.17863899838655078,0.13491722703522474,0.0836594952319281,0.17718853178083552,0.22852286720225737
ewma,2018-07-27,0.20174375407110673,0.1987853433422252,0.12989354718011978,0.08638533599231045,0.17240058821018286,0.21079143120405505
ewma,2018-07-30,0.19217902910444928,0.20312919618005013,0.14016715903616134,0.09592761934858837,0.14692324154261457,0.2216737547881364
ewma,2018-07-31,0.19251600655076842,0.20475425224844584,0.13680523501135083,0.09573483614096648,0.14640094143110133,0.22378872861736718
ewma,2018-08-01,0.19242799000186372,0.20225057293026816,0.13674173737348996,0.09705293973855007,0.14737413378350298,0.22415262617232526
ewma,2018-08-02,0.2050708115165983,0.20261204826662657,0.0804161338781042,0.10320564351678418,0.15687570392642855,0.25181965889545815
ewma,2018-08-03,0.2054141616205709,0.20235359782517215,0.08040410728494991,0.1033168245713394,0.1568006969045756,0.251710611793392
ewma,2018-08-06,0.20514791402358296,0.1994045375527885,0.0843533271682149,0.09965900865147803,0.1525182615483094,0.25891695105562623
ewma,2018-08-07,0.2069147753795804,0.2026499790752392,0.07363535096823164,0.10622328936723732,0.15918236838505967,0.25139423682465156
ewma,2018-08-08,0.20652624391917077,0.20136540101966702,0.07418724480943341,0.10628966087034022,0.16045125338530558,0.25118019599608293
ewma,2018-08-09,0.2046822810742705,0.20334886021621246,0.07283113072347774,0.10555914731691718,0.16128280801501527,0.2522957726541069
ewma,2018-08-10,0.2050957868660346,0.20405132262497355,0.0747403672705971,0.10546691593296499,0.16117183392893636,0.24947377337649343
ewma,2018-08-13,0.20541868198142132,0.2043678862457264,0.07475411168132984,0.1054495465846063,0.16077876954355808,0.24923100396335804
ewma,2018-08-14,0.1991855711748826,0.20203132917000355,0.07729684774158378,0.10639488315170668,0.16631688026124897,0.2487744885005745
ewma,2018-08-15,0.2128645730648328,0.19796941458588285,0.08097584106462254,0.11516028022888875,0.1567762055991671,0.23625368545660597
ewma,2018-08-16,0.21226179315336918,0.2038694026963471,0.08144601900937472,0.11231615009101129,0.15531745451691428,0.23478918053298337
ewma,2018-08-17,0.16874163253208216,0.22698081166392378,0.07276741843435226,0.12057519988896058,0.15880230968374967,0.25213262779693163
ewma,2018-08-20,0.16716918495257924,0.23299096095978988,0.07344199505148749,0.12334990852315687,0.15058545706554696,0.25246249344743965
ewma,2018-08-21,0.16027280062146393,0.23494192472454814,0.07134676167095115,0.12585652413450502,0.14170683626975114,0.26587515257878047
ewma,2018-08-22,0.14695737249085677,0.23197901123238293,0.07556206292605419,0.12968049126589987,0.1408043170871467,0.27501674499765955
ewma,2018-08-23,0.14780164689217498,0.23192613985360133,0.07551090202004629,0.12959935667313524,0.14015627266330394,0.27500568189773816
ewma,2018-08-24,0.14693997191668498,0.2500360001444252,0.08027802431726501,0.133307591793641,0.12095986469959574,0.2684785471283881
ewma,2018-08-27,0.14855488950488094,0.24845423845092543,0.0863487779004324,0.13487080608413438,0.12272529473533787,0.25904599332428907
ewma,2018-08-28,0.14833702479833202,0.25113240747233534,0.0855713940748432,0.1344901819574851,0.12452939038587517,0.25593960131112914
ewma,2018-08-29,0.1503934156154227,0.22388670262066981,0.09433972463069856,0.1450346681059739,0.13338582721115844,0.2529596618160766
ewma,2018-08-30,0.15039324670921883,0.22388827392998942,0.09433945718884054,0.14503650451329014,0.1333874666492335,0.25295505100942745
ewma,2018-08-31,0.15457445059667696,0.22936153735935325,0.09476001189669013,0.14431117608970867,0.13318734941755037,0.24380547464002053
ewma,2018-09-04,0.1617230055657427,0.24573156661261536,0.09079957912412245,0.13843188794109088,0.13230112217277276,0.2310128385836559
ewma,2018-09-05,0.1701103021143779,0.23076312133080626,0.09562013014747775,0.14297041766791427,0.11104537466722042,0.24949065407220336
ewma,2018-09-06,0.1661874848098441,0.2239359213759554,0.10097542132410536,0.13918192306137278,0.12326212970111979,0.24645711972760262
ewma,2018-09-07,0.1676800904308016,0.22390106065752677,0.09472255550862158,0.14178210749523446,0.12650909664191634,0.2454050892658992
ewma,2018-09-10,0.1647142226398801,0.23049002954554468,0.08604543319206939,0.14060535618674444,0.12808438901920066,0.2500605694165608
ewma,2018-09-11,0.17654769614300897,0.21638192367804854,0.09148165320425161,0.1430767036501101,0.1266215464278277,0.24589047689675303
ewma,2018-09-12,0.17555322789428912,0.2172665363084969,0.0923158763736866,0.1423303842408409,0.12830464786664958,0.24422932731603683
ewma,2018-09-13,0.17419173698850382,0.21830829262759754,0.09280535014603108,0.14336505639904804,0.1291913970390139,0.24213816679980557
ewma,2018-09-14,0.17207310647660595,0.2200236651287671,0.09236371181836578,0.14287239428766227,0.12973585132575272,0.24293127096284614
ewma,2018-09-17,0.18445822947080176,0.1953536132288435,0.10214893011499677,0.15393901755589318,0.12296097462748212,0.24113923500198273
ewma,2018-09-18,0.18966547773372514,0.19154626721701226,0.10575882992487508,0.15582706043846128,0.11707760094510075,0.2401247637408256
ewma,2018-09-19,0.1920324603710427,0.19938629523201187,0.10023972730714345,0.15171378244132777,0.1192146233497205,0.23741311129875367
ewma,2018-09-20,0.19870471244063853,0.1979605021261312,0.10048272208605077,0.1498048809756097,0.12043044136620955,0.2326167410053602
ewma,2018-09-21,0.19965656477248742,0.19630205407091053,0.10685163994332454,0.1487935494480732,0.1242322886349002,0.22416390313030413
ewma,2018-09-24,0.1993089033645432,0.1962301946189324,0.10995682191614096,0.1468841803470074,0.12112281772885788,0.22649708202451804
ewma,2018-09-25,0.198433770782467,0.1872975589928207,0.11186504747722723,0.15399664834140384,0.12615556475512446,0.2222514096509567
ewma,2018-09-26,0.20448735773271084,0.18921562101181424,0.10836478688093878,0.15113259394471487,0.12201873638286355,0.22478090404695766
ewma,2018-09-27,0.20927999614394902,0.18210987428046582,0.11203205975814644,0.15107652556093945,0.1240889566311876,0.22141258762531163
ewma,2018-09-28,0.25187049478126033,0.17543806395190478,0.09040764210021145,0.14216574864933623,0.12040654173425229,0.21971150878303491
ewma,2018-10-01,0.21101785835409848,0.19065949036546417,0.06038703846570594,0.17525293252688418,0.12211654232942808,0.24056613795841925
ewma,2018-10-02,0.2091282055039524,0.1831591563546754,0.060337731844851854,0.16849314798844003,0.12408918716880304,0.25479257113927734
ewma,2018-10-03,0.2091107275976018,0.18456664690650734,0.060604445904164715,0.1670739922115328,0.1241745280281215,0.25446965935207194
ewma,2018-10-04,0.20691116921065614,0.1951478189780607,0.06716555108117239,0.17856792222302764,0.12694965327149763,0.2252578852355856
ewma,2018-10-05,0.18498436445661207,0.20392890867466018,0.0643712978192718,0.1863701119186102,0.12192662153143337,0.23841869559941248
ewma,2018-10-08,0.18257005145475552,0.20020488543203085,0.0633011499379691,0.1930959607545293,0.12517922863249,0.23564872378822502
ewma,2018-10-09,0.1829142564458869,0.19924828728303223,0.06205157315640322,0.1920788403870281,0.12300274893359933,0.2407042937940502
ewma,2018-10-10,0.15570746580159073,0.17996766079183038,0.10027482425704251,0.21378448659755575,0.1196878485017025,0.2305777140502783
ewma,2018-10-11,0.14790383477088961,0.1757493781008466,0.09991533152777478,0.22308066129782236,0.11947027802164994,0.23388051628101678
ewma,2018-10-12,0.1406923067278686,0.1665161093521879,0.10473823415982578,0.24954410192991794,0.11343317744916938,0.22507607038103045
ewma,2018-10-15,0.13408608965832353,0.16672128145015638,0.10772320802476326,0.2556080963205345,0.11399314845891635,0.22186817608730602
ewma,2018-10-16,0.1357981639645638,0.1712668719012665,0.10648882598217452,0.24107629988901094,0.12124742088276438,0.22412241738021976
ewma,2018-10-17,0.13671803324935675,0.1709929765313881,0.1071833206308601,0.24077775012606326,0.1189334310227753,0.22539448843955645
ewma,2018-10-18,0.14711095810266078,0.16902329078859085,0.11155842789993449,0.23353232703054486,0.11714183300605716,0.2216331631722118
ewma,2018-10-19,0.1404256271787961,0.17109947110179627,0.11161125201851285,0.2338646788740066,0.11352200041417446,0.2294769704127138
ewma,2018-10-22,0.1403158747265175,0.1699719880214841,0.11188217127087402,0.23383799699792915,0.1146732290493387,0.2293187399338566
ewma,2018-10-23,0.1454975176062468,0.1719693728619809,0.10496747341771462,0.2353098415176189,0.11401830957594883,0.22823748502049
ewma,2018-10-24,0.1314348064187139,0.17750140934582131,0.1372409006578944,0.22006997227255742,0.11357868499083194,0.22017422631418088
ewma,2018-10-25,0.14155031949734634,0.1609362085927893,0.12801466904481126,0.2270446738621008,0.12790656150476754,0.21454756749818474
ewma,2018-10-26,0.14072192623540278,0.14694178415516534,0.14559967328794396,0.21883405835915248,0.12812788908394002,0.2197746688783954
ewma,2018-10-29,0.13629217596596838,0.14118000916137627,0.16078309714446817,0.22542144065086,0.12843158700165905,0.20789169007566818
ewma,2018-10-30,0.12654937892189105,0.14695249618422127,0.16600496694651448,0.2196461471866016,0.13193897457578999,0.20890803618498158
ewma,2018-10-31,0.13097822320059627,0.14795897094805227,0.17240688802530732,0.21407949905912235,0.1305865522183795,0.20398986654854234
ewma,2018-11-01,0.12890945029169001,0.14341695965370158,0.17120437781998316,0.21945638129835848,0.12610161383580146,0.21091121710046534
ewma,2018-11-02,0.1288404164471121,0.1444648966761523,0.1725615460684519,0.21912741481350867,0.1251823157470863,0.2098234102476888
ewma,2018-11-05,0.12886954058250416,0.14343119086259018,0.17222290588411054,0.21861645498247653,0.1282505789451892,0.20860932874312918
ewma,2018-11-06,0.12917706558673914,0.1433154515374409,0.17246925834419746,0.2182492176861661,0.12888046120363159,0.20790854564182468
ewma,2018-11-07,0.1367094186085562,0.1333520109875909,0.17579524724129364,0.22868167045425336,0.12537377678346504,0.2000878759248409
ewma,2018-11-08,0.13466657839659055,0.13635549152300885,0.1800645915015874,0.22394603671118102,0.12440062900453396,0.20056667286309823
ewma,2018-11-09,0.13833038075103216,0.13603248545608734,0.18327459037246457,0.22096494942879394,0.12129823612766073,0.20009935786396132
ewma,2018-11-12,0.1271295003875838,0.13728702947184218,0.17370603673204388,0.2271234041877481,0.128653595979062,0.2061004332417199
ewma,2018-11-13,0.1236674848478803,0.13879962488019335,0.1718668048539083,0.22781629137982062,0.12963271223145925,0.2082170818067381
ewma,2018-11-14,0.12365118433515726,0.1387660816276453,0.17188743633373493,0.22786812989472624,0.12959485785974148,0.2082323099489947
ewma,2018-11-15,0.12241900348406462,0.13876098626070046,0.17144855919931712,0.23152530057325987,0.12980679885914356,0.2060393516235144
ewma,2018-11-16,0.0952872347233796,0.14298432284421425,0.18547583519618555,0.2226225782367524,0.13488168641534917,0.218748342584119
ewma,2018-11-19,0.08941303232867287,0.14531231049913454,0.2116978500800918,0.20092094440255126,0.136534599579803,0.21612126310974653
ewma,2018-11-20,0.08971407414892886,0.14508908128404321,0.2111603665590067,0.20131396841865531,0.1362982204322795,0.21642428915708645
ewma,2018-11-21,0.08937018586159154,0.14544179708263422,0.21002539090684375,0.20220641768646364,0.13581940563475048,0.21713680282771627
ewma,2018-11-23,0.09237308658547437,0.14829323206455244,0.20390490517170634,0.19893676900445734,0.13809822366653518,0.2183937835072744
ewma,2018-11-26,0.09459483643596275,0.14399644657612287,0.18664746447318362,0.19654764125557903,0.15458332534590985,0.22363028591324186
ewma,2018-11-27,0.09460722093578414,0.1440026497447022,0.18662223466802114,0.1964736156399617,0.15468973512443024,0.22360454388710074
ewma,2018-11-28,0.09782066559327485,0.13677304677561325,0.1971171866020836,0.20899773466555796,0.1458699832889863,0.2134213830744841
ewma,2018-11-29,0.09792388801009569,0.13683233957523205,0.1974474653138815,0.20871933557336378,0.1456646600790313,0.21341231144839573
ewma,2018-11-30,0.09689078101044164,0.13816895154824177,0.19380705136761495,0.20810000992673897,0.1505369030208915,0.21249630312607107
ewma,2018-12-03,0.09565077050217104,0.13207911600459726,0.19096316454280446,0.2131695901079088,0.15167446877823726,0.21646289006428118
ewma,2018-12-04,0.09364911575748465,0.1278897096406632,0.2133321333086363,0.2196497469984448,0.14708941429639158,0.1983898799983795
ewma,2018-12-06,0.09511857541165188,0.12816865250705087,0.21420597829475832,0.21933441217065597,0.14532073586327798,0.19785164575260494
ewma,2018-12-07,0.09312539849698521,0.12817554645258303,0.22044812115958665,0.2266122832095554,0.135783066605351,0.1958555840759387
ewma,2018-12-10,0.09392290934931471,0.13169366581844258,0.21890115759624607,0.2175490915763717,0.13723524658731473,0.20069792907231024
ewma,2018-12-11,0.09374615783390296,0.13170787703373535,0.21900266367453178,0.21760219158701358,0.13697150063459212,0.20096960923622428
ewma,2018-12-12,0.0951609379120515,0.1324429167038831,0.22227557465657224,0.21501851074542383,0.1340879618244095,0.20101409815765978
ewma,2018-12-13,0.0956739247403193,0.13350204437212357,0.21858478337778883,0.2155307413986599,0.13447385449174393,0.20223465161936446
ewma,2018-12-14,0.09889715668424472,0.13047385310241508,0.21223359587899226,0.22373686937559387,0.13321692586679332,0.2014415990919607
ewma,2018-12-17,0.1054707442256833,0.12932968046310445,0.1988449646274417,0.22103457408751928,0.14227328891940866,0.2030467476768428
ewma,2018-12-18,0.10538046815345362,0.1287615721184786,0.20947481468181592,0.21550782698666088,0.13998861702956983,0.20088670103002118
ewma,2018-12-19,0.10451580275141709,0.13011087146291617,0.21877442921214044,0.18033194598692695,0.14897215129848085,0.21729479928811848
ewma,2018-12-20,0.10582404794309984,0.13159848465041055,0.2019598151210441,0.1901478110469616,0.1492949841963169,0.221174857042167
ewma,2018-12-21,0.10977202479831795,0.12732381506729176,0.23262839521790848,0.17030448406397317,0.14328744052907055,0.21668384032343813
ewma,2018-12-24,0.11549788527905885,0.13241008196959808,0.20066853271138657,0.18131141554262886,0.13802248253884844,0.23208960195847905
ewma,2018-12-26,0.14761468790475085,0.1367233734057009,0.17176031765669092,0.1743876792804193,0.14598843402364414,0.22352550772879384
ewma,2018-12-27,0.14718192736687963,0.13669108754464263,0.17036722966285148,0.17480399710732492,0.14656360633978396,0.22439215197851736
ewma,2018-12-28,0.14631185834875074,0.13666992811373402,0.16544143659752358,0.1771131902513069,0.14733289937505406,0.22713068731363073
ewma,2018-12-31,0.14652309757553353,0.13620784576711736,0.16579657175633766,0.17833678234946884,0.14551690193725852,0.2276188006142842
ewma,2019-01-02,0.1461399245719153,0.13568263669739986,0.16820992868154078,0.17706520684430876,0.14567328910312566,0.22722901410170968
ewma,2019-01-03,0.13952133366503106,0.1375230105438845,0.16682007573232124,0.17615056641492438,0.15754061854166487,0.22244439510217404
ewma,2019-01-04,0.14274638295945696,0.14829011659706262,0.16858195207864898,0.18291837806000702,0.14157221926782745,0.215890951036997
ewma,2019-01-07,0.13781177092552702,0.14688577484937435,0.16138889188807318,0.19084589987953152,0.13557104806226253,0.22749661439523142
ewma,2019-01-08,0.1404487925576787,0.14656308121610484,0.16217814996138702,0.18794004571760012,0.135403917334441,0.2274660132127884
ewma,2019-01-09,0.13983831060425178,0.14679059855441667,0.1619314567832536,0.18731574851120875,0.1357246993143715,0.22839918623249772
ewma,2019-01-10,0.1391703678571134,0.14732062761589293,0.16105693138534713,0.1877572795014188,0.13530402517120294,0.2293907684690249
ewma,2019-01-11,0.13824012383512463,0.14791748729567378,0.16086072362264364,0.18803842386607486,0.13379542211103343,0.2311478192694497
ewma,2019-01-14,0.14000669702748972,0.14750446952612953,0.15823505774519642,0.19087406840966753,0.1336584850756356,0.22972122221588115
ewma,2019-01-15,0.1518270288166698,0.14750071357522207,0.15931904546876635,0.19219782705596725,0.1272228743647276,0.22193251071864692
ewma,2019-01-16,0.15172904483142596,0.14765862320438483,0.1594482616345088,0.19192772620052742,0.127112697963173,0.22212364616598004
ewma,2019-01-17,0.15078231598508307,0.14800862179381413,0.15991868631850242,0.19227651209871877,0.1274908478062022,0.2215230159976793
ewma,2019-01-18,0.1586386930825805,0.1504815637972127,0.14162403146813715,0.1970596005304941,0.12467860362345351,0.22751750749812197
ewma,2019-01-22,0.15153111528429306,0.1487818317258772,0.14799128001630082,0.203377329374499,0.1240638611640297,0.22425458243500013
ewma,2019-01-23,0.1527516208258409,0.15036664833728208,0.14550880951163334,0.1999862973454975,0.12424154829395809,0.22714507568578804
ewma,2019-01-24,0.14474176359137758,0.15183726320081106,0.14559829956978015,0.20051242831747876,0.12482063901226603,0.2324896063082864
ewma,2019-01-25,0.14645098958539834,0.15515150294052896,0.14630130325495064,0.19790694853517862,0.12316142572736166,0.23102782995658183
ewma,2019-01-28,0.11784385696422674,0.15956678415484996,0.1535861830099514,0.20742689318260432,0.13061560178786893,0.2309606809004987
ewma,2019-01-29,0.11524191723422791,0.15733341167133447,0.15843318103802767,0.2041883165415664,0.13091023588981252,0.23389293762503108
ewma,2019-01-30,0.1187945568179467,0.1538736139238834,0.15965421083593015,0.19494809866165572,0.13632320720570806,0.236406312554876
ewma,2019-01-31,0.12072046023798094,0.15861298219691447,0.17483816795037116,0.15619731935523912,0.15191923753809336,0.23771183272140095
ewma,2019-02-01,0.12172551993240283,0.1542481905733598,0.17709530078142838,0.15657701341148644,0.15267484076466822,0.23767913453665437
ewma,2019-02-04,0.1211269778811346,0.1584004004043038,0.18128516394068575,0.15635392976955467,0.14932937419308123,0.23350415381124
ewma,2019-02-05,0.12261338685459632,0.15817797801673567,0.1784554885298465,0.1569183919896452,0.15007594613376382,0.23375880847541247
ewma,2019-02-06,0.125695848388948,0.15850058755304555,0.17847626176052278,0.1582283466185155,0.15066305122925258,0.22843590444971545
ewma,2019-02-07,0.12428286490411132,0.16139556673034083,0.17494721582182673,0.1580143284456428,0.15203821153987818,0.2293218125582001
ewma,2019-02-08,0.12439109980128622,0.161024087835628,0.17485376777745743,0.15820735584297016,0.15229257049720824,0.22923111824544992
ewma,2019-02-11,0.12445170920180844,0.16101094976915392,0.17464898272655174,0.15828908364005287,0.15236018256864758,0.2292390920937856
ewma,2019-02-12,0.12335422546081017,0.15787536594769525,0.1825411933522071,0.16681314902678057,0.14635208668597538,0.22306397952653148
ewma,2019-02-13,0.12417481934116055,0.15838199208489653,0.18197497153093753,0.1665843538245708,0.14508060235355796,0.22380326086487645
ewma,2019-02-14,0.12416652915653133,0.15839621685370364,0.18199536333229946,0.16658475743837742,0.1450557426931471,0.22380139052594106
ewma,2019-02-15,0.1244261038264239,0.1582652924479679,0.1823403901979015,0.166453193971865,0.14498269477532083,0.22353232478052093
ewma,2019-02-19,0.124832823715446,0.15766799825720962,0.18320808835079577,0.16684607029179746,0.1443729867766869,0.22307203260806432
ewma,2019-02-20,0.12538837011751108,0.1576696139676957,0.18280010795874915,0.16712953162478733,0.14431405253025856,0.2226983238009982
ewma,2019-02-21,0.12615374250477074,0.16398900939501823,0.17394365752992916,0.16730042929057573,0.14821151516407308,0.22040164611563287
ewma,2019-02-22,0.12522428882895606,0.1659966176436522,0.17408869335299107,0.16774419754277095,0.14752302143904394,0.2194231811925859
ewma,2019-02-25,0.12608465861795093,0.16669999348415857,0.1728931431691696,0.16595193812061473,0.1479746355781037,0.2203956310300024
ewma,2019-02-26,0.12598760991426064,0.16673313481904453,0.17283758852538175,0.16590025854091,0.14801267217224046,0.2205287360281626
ewma,2019-02-27,0.12784289611925692,0.16723053650229142,0.16414530218724177,0.16853458473794278,0.15050693483518357,0.2217397456180836
ewma,2019-02-28,0.12776637655688983,0.1672336673332948,0.16454183046281082,0.1683067950078167,0.15017482349264466,0.2219765071465433
ewma,2019-03-01,0.12821119029990988,0.16886460176892998,0.15939089766114484,0.16841269061789166,0.15005436932291313,0.22506625032921046
ewma,2019-03-04,0.12832516226518262,0.16837851330684075,0.16028571469135852,0.16723501588641723,0.15075091597384557,0.2250246778763553
ewma,2019-03-05,0.12896718274292518,0.16944038335534822,0.16263580141088935,0.1655189966879731,0.15021832509698488,0.22321931070587922
ewma,2019-03-06,0.12698190952129784,0.16781804052259214,0.16266603682803418,0.1671338797060794,0.1524951960626983,0.22290493735929817
ewma,2019-03-07,0.12823719009164092,0.1617488614975679,0.1696611679267361,0.1655383813601019,0.15093429158230037,0.22388010754165294
ewma,2019-03-08,0.12760022244951316,0.1627759646388786,0.16670434602871956,0.1653805371589812,0.15295198972138638,0.22458694000252113
ewma,2019-03-11,0.11019807273920844,0.1620929453298922,0.17037765423031298,0.1829669316883005,0.157808555216559,0.21655584079572696
ewma,2019-03-12,0.11033703867669216,0.16207148855557724,0.16953280142045682,0.18279114623462078,0.1575032977612016,0.2177642273514515
ewma,2019-03-13,0.10573623609338574,0.16255604854512365,0.1665543531651027,0.18367222710827497,0.15676682642844683,0.22471430865966613
ewma,2019-03-14,0.10498141051831829,0.16432349085223252,0.1687981475935838,0.17972928930871337,0.15700105399278336,0.2251666077343687
ewma,2019-03-15,0.10890822537823004,0.1702904918638022,0.16066873092665368,0.1736250363106218,0.16095576181630383,0.22555175370438846
ewma,2019-03-18,0.10894429429769234,0.17677388237960603,0.15816266739092208,0.1660719907532922,0.1636107548995882,0.22643641027889913
ewma,2019-03-19,0.10519754765885168,0.17545243258226842,0.16049253135164696,0.16620360855986668,0.1699177159678821,0.22273616387948417
ewma,2019-03-20,0.12462433359116033,0.1775378494458477,0.1634258081787989,0.16585430691442707,0.15039538233620459,0.21816231953356138
ewma,2019-03-21,0.11451248854854258,0.17749207747083884,0.16640961019376255,0.16968104914834953,0.1524398167695535,0.2194649578689529
ewma,2019-03-22,0.11743618237964741,0.17356305181909648,0.161567953561529,0.1902051285016013,0.14140100930661262,0.21582667443151327
ewma,2019-03-25,0.11687465623748776,0.17401574904919784,0.1608723168080974,0.19119314514521862,0.14213095741656812,0.21491317534343038
ewma,2019-03-26,0.11559712129308512,0.1732596291563645,0.15706341186804146,0.189838020481882,0.1457670714879343,0.21847474571269265
ewma,2019-03-27,0.11629688532974396,0.17259858322079535,0.16169877752909537,0.18849002424774394,0.14401009000545176,0.21690563966716958
ewma,2019-03-28,0.11617010618134078,0.1721474202359945,0.16071043009121147,0.18894073213650847,0.1438560631339033,0.2181752482210414
ewma,2019-03-29,0.11552232163030379,0.17264834756836425,0.16101579108477795,0.18829607955463123,0.14406345896615033,0.2184540011957724
ewma,2019-04-01,0.1224122258367439,0.17379460715161402,0.15355688961338954,0.19627354415832746,0.14100228354001487,0.2129604496999102
ewma,2019-04-02,0.12340922630888594,0.17638018715015258,0.15766014010930704,0.18663729552298877,0.14242424749869545,0.21348890340997018
ewma,2019-04-03,0.1189101972961762,0.17807767717813996,0.15390859425113596,0.19161908726297072,0.1432701396447273,0.21421430436684982
ewma,2019-04-04,0.11997468160556024,0.1791219609065666,0.1352210076168338,0.20052887757165294,0.1438863121191119,0.22126716018027442
ewma,2019-04-05,0.11879915872908955,0.1767754227930985,0.13270422783284364,0.20126696883663955,0.1456420227766388,0.22481219903169003
ewma,2019-04-08,0.11921552860499722,0.17813523448399168,0.1324913410761103,0.20083192765345428,0.1447824737777621,0.22454349440368437
ewma,2019-04-09,0.11920534844338258,0.1781203320721779,0.13248904951132304,0.2008646424742132,0.14479443922997887,0.2245261882689244
ewma,2019-04-10,0.11793021050727634,0.17745068254019808,0.13130996856475227,0.20182170535635166,0.14684740713079988,0.22464002590062174
ewma,2019-04-11,0.1179199302578019,0.17726793397941484,0.12935882479072802,0.20143708323536333,0.14847384766676133,0.22554238006993063
ewma,2019-04-12,0.11689531051392422,0.1775440964010868,0.12946870104235006,0.20435720659575438,0.14026247499620423,0.23147221045068037
ewma,2019-04-15,0.11390987847388276,0.1784397584177716,0.12925615523014733,0.20546400475521895,0.13944939028240574,0.23348081284057362
ewma,2019-04-16,0.11225653628390907,0.17799306271471577,0.12469378329876832,0.2190257087550689,0.12961824637869634,0.2364126625688415
ewma,2019-04-17,0.11197340267121883,0.1781361788694049,0.12433054096971222,0.2187346812823813,0.12867609253157028,0.23814910367571246
ewma,2019-04-18,0.11243769123130636,0.17865235275589378,0.12400731049356888,0.21946837521577536,0.12752032365481034,0.23791394664864515
ewma,2019-04-22,0.11423316754777757,0.17652204718718664,0.14545994083197833,0.21146753988599368,0.11362194922652763,0.23869535532053626
ewma,2019-04-23,0.11870836817184574,0.1692642275249859,0.15141454120385975,0.21035971117702654,0.11802368895091499,0.2322294629713671
ewma,2019-04-24,0.12638919468274276,0.16779235141339496,0.14759384721063243,0.21221765083952465,0.11584619398369343,0.23016076187001186
ewma,2019-04-25,0.12917185450556012,0.16902244442682543,0.15158550473718174,0.20090723106124125,0.11806737382475777,0.2312455914444336
ewma,2019-04-26,0.11763015138923583,0.18622711284291377,0.1402582717477659,0.19278614306204395,0.12315415709512884,0.23994416386291173
ewma,2019-04-29,0.12098312254803112,0.20069760592719152,0.13472269569454748,0.187056848881607,0.13108381674367356,0.22545591020494926
ewma,2019-04-30,0.143177311409898,0.2228406598059471,0.13960012204081995,0.20797694799602914,0.14652812172063004,0.13987683702667594
ewma,2019-05-01,0.14402721877289548,0.21885162206260586,0.13719856574869937,0.20921622318396726,0.1543349940669604,0.13637137616487158
ewma,2019-05-02,0.1423734054446043,0.22362328405471157,0.13003354196603814,0.2103641902821619,0.15473968279284186,0.13886589545964223
ewma,2019-05-03,0.1726505857288299,0.18633991005303574,0.11627921592862492,0.2126578987395432,0.16470004212636075,0.14737234742360553
ewma,2019-05-06,0.16815169467846525,0.18741266466871886,0.11948989927681662,0.21133111736409343,0.16120095696706596,0.15241366704483986
ewma,2019-05-07,0.1521267977118651,0.195058343780225,0.11994117672682,0.20395301048995657,0.16314279061079193,0.16577788068034127
ewma,2019-05-08,0.1543915664310451,0.19630484016553384,0.11940109080726452,0.20480867768654995,0.15995988472675587,0.16513394018285074
ewma,2019-05-09,0.1493528032344047,0.1941447384674019,0.11987472156386009,0.20628927120671225,0.16233303237425753,0.16800543315336355
ewma,2019-05-10,0.14875715820913005,0.19341855578522654,0.1193824220681852,0.2069538950909887,0.16233648560270764,0.16915148324376195
ewma,2019-05-13,0.13107681242711258,0.19178784475555438,0.1239863214149313,0.19873734277794058,0.16013237343388984,0.1942793051905713
ewma,2019-05-14,0.1289678436609333,0.18973199014189715,0.12217875231704968,0.20064925696849392,0.16075276274572142,0.1977193941659046
ewma,2019-05-15,0.14919043023689463,0.19240978078001644,0.13293072411455426,0.18940317523306424,0.15709851852627557,0.17896737110919486
ewma,2019-05-16,0.14985926649799836,0.18754852740953792,0.1372562338537147,0.19101307395201703,0.15640901361943177,0.17791388466730032
ewma,2019-05-17,0.15306223234617325,0.18501864955877034,0.11421990658605531,0.20074814580597589,0.163429918787432,0.18352114691559315
ewma,2019-05-20,0.14674376547629422,0.1952152692982248,0.11418997378815117,0.20143601297170288,0.16325546203565994,0.17915951642996705
ewma,2019-05-21,0.14347401864626577,0.20040356788280894,0.11691569187726394,0.19962838445675254,0.16035782421073239,0.17922051292617644
ewma,2019-05-22,0.14146452631176704,0.2016754209115033,0.11122310378219799,0.20101637830431776,0.16462673388201754,0.17999383680819647
ewma,2019-05-23,0.13584143643745486,0.19346040768799969,0.12462487123825591,0.19373082887997314,0.16462415934798352,0.18771829640833293
ewma,2019-05-24,0.13465680970141275,0.1950616108207692,0.12303613288281005,0.194395688427563,0.16605283191941095,0.18679692624803393
ewma,2019-05-28,0.13582178113225107,0.19449033776682925,0.1236778409719936,0.19232538142150804,0.16636097642596784,0.18732368228145016
ewma,2019-05-29,0.13327504388910832,0.19602733932851768,0.12998817056479264,0.19267270053040828,0.1646990279794178,0.1833377177077552
ewma,2019-05-30,0.1332546555564176,0.19601271161940279,0.1299716958318619,0.19269322310423184,0.164727926069209,0.18333978781887691
ewma,2019-05-31,0.13437335037025963,0.19169579156025968,0.1363979140012694,0.17997701580944928,0.1641562834083977,0.19339964485036434
ewma,2019-06-03,0.17386947610969578,0.17666364895190176,0.14856946999136916,0.1394630706412027,0.20095446835681388,0.1604798659490167
ewma,2019-06-04,0.14948246453947864,0.19665084231008095,0.127417368478372,0.15987190605044677,0.1793612995311684,0.18721611909045313
ewma,2019-06-05,0.14985264878127455,0.19644050215896,0.12715051163813135,0.15976824704784992,0.17913720050249907,0.18765088987128514
ewma,2019-06-06,0.14882223243641637,0.19597753390717496,0.12171903459362896,0.1623663205310956,0.18132825075470443,0.18978662777697977
ewma,2019-06-07,0.15101556833626203,0.1882370440476121,0.12899096893811332,0.15836553699752667,0.1848506683673172,0.18854021331316873
ewma,2019-06-10,0.1488729684483442,0.17842281858402417,0.12417451608692485,0.15966475602300176,0.201721691058687,0.18714324979901814
ewma,2019-06-11,0.147452775886141,0.17952313040914666,0.12297369884768083,0.15701759029094828,0.20392303040416346,0.18910977416191987
ewma,2019-06-12,0.14310786007834364,0.18470448648840446,0.1194929709171761,0.15574006159296308,0.20123164682266229,0.19572297410045048
ewma,2019-06-13,0.14213844161315536,0.1846176486563641,0.11809092387324767,0.1544431612013904,0.2065266355169677,0.19418318913887478
ewma,2019-06-14,0.140858717231543,0.18482113701486333,0.11855970719742974,0.15636836023550285,0.20556165619705394,0.19383042212360715
ewma,2019-06-17,0.15301213546101144,0.1939810639096085,0.11236451577315734,0.1447015223734604,0.19107690558602136,0.20486385689674103
ewma,2019-06-18,0.13974732989170816,0.1968827016589125,0.11789777875326886,0.15167574543762696,0.1882948015264232,0.20550164273206029
ewma,2019-06-19,0.1402581881348745,0.19677162867219405,0.11781388268204898,0.15294921042267587,0.18580260934083198,0.2064044807473745
ewma,2019-06-20,0.14005986727081862,0.19660755214425893,0.11930767202110262,0.15246582277621554,0.18569869237706607,0.2058603934105382
ewma,2019-06-21,0.1421639938587077,0.19825840234514655,0.1189257608795205,0.1521203246270576,0.1843669114609802,0.20416460682858759
ewma,2019-06-24,0.1419083364243619,0.19824562728910797,0.11868292565259929,0.15157832836053103,0.18397785727653573,0.20560692499686406
ewma,2019-06-25,0.15206236163476516,0.19784537783546732,0.1232661778961378,0.1551775020554132,0.17539409800015648,0.19625448257806002
ewma,2019-06-26,0.14231809108197133,0.19575284755666195,0.1256055307693986,0.15851605394359836,0.1761759419598078,0.20163153468856207
ewma,2019-06-27,0.13867172685024354,0.19875985944251265,0.12499541383478242,0.15821791300514548,0.17039351164584493,0.2089615752214709
ewma,2019-06-28,0.1382790476008706,0.2003282553288471,0.12503973740212793,0.1563771189767968,0.17172033114967278,0.20825550954168492
ewma,2019-07-01,0.14051417049239492,0.19729715637751216,0.12558446208870602,0.16478457683299966,0.16790360504192595,0.20391602916646132
ewma,2019-07-02,0.14118388017285394,0.19706416593332576,0.12587908332102232,0.1645417372786387,0.16789490086005845,0.2034362324341009
ewma,2019-07-03,0.1460675622734506,0.20396645681597678,0.11645181854669318,0.16519890260537187,0.16478601009249313,0.20352924966601438
ewma,2019-07-05,0.1450574305318254,0.20441305115574704,0.11619181594362828,0.1647694713357109,0.16460525319018446,0.20496297784290402
ewma,2019-07-08,0.14206102308455365,0.21249305684323497,0.11613738589168753,0.16663822521371807,0.16316844134344785,0.19950186762335798
ewma,2019-07-09,0.1461311886245769,0.20444776485672525,0.12014934350995281,0.1635842209422485,0.16356872666351982,0.2021187554029767
ewma,2019-07-10,0.1464443597033459,0.20219897468060427,0.11352150110665313,0.16250166033529853,0.1753564454752201,0.1999770586988781
ewma,2019-07-11,0.1430446889300268,0.20407944178181878,0.11382512873736704,0.1634290719856696,0.17623706251426097,0.19938460605085678
ewma,2019-07-12,0.1422742163899158,0.20337987184471756,0.11102499701356693,0.15940104072139738,0.18341395470454108,0.2005059193258613
ewma,2019-07-15,0.14242838245961992,0.20276575167773406,0.10983887543641509,0.15986220300598433,0.18514691294157848,0.19995787447866809
ewma,2019-07-16,0.14249398051752835,0.202080928830615,0.1097535214985256,0.15999429812148197,0.1851104572932519,0.20056681373859714
ewma,2019-07-17,0.1451866564381389,0.20059468411850045,0.11105147021312166,0.15918126911900493,0.1838043599139248,0.20018156019730923
ewma,2019-07-18,0.16156795722682118,0.20987623577740883,0.11733673922079316,0.17063078418977348,0.11824774039168921,0.22234054319351418
ewma,2019-07-19,0.16100374569144407,0.21176172794909068,0.12730636721940058,0.16941918631246802,0.11447101396366026,0.21603795886393645
ewma,2019-07-22,0.15780128343087743,0.20892846169137558,0.1329198933536938,0.16412195991774509,0.11963092449443587,0.2165974771118722
ewma,2019-07-23,0.15155059742784951,0.21021742174194508,0.131150312551422,0.16803319445554743,0.12427741457578173,0.21477105924745415
ewma,2019-07-24,0.14705509849137857,0.21309769680766508,0.12784173380228162,0.1644081606991026,0.11689014004448167,0.23070717015509035
ewma,2019-07-25,0.14306119156807962,0.21331906026306763,0.08008022361581546,0.1624600355669806,0.1459297069423602,0.25514978204369637
ewma,2019-07-26,0.15073693635643828,0.27709334938139024,0.08731149457585528,0.18885167725924865,0.1452006345696382,0.15080590785742945
ewma,2019-07-29,0.15352843582855766,0.2685050726111125,0.09311729150441925,0.18465560773048384,0.1469798985939484,0.15321369373147847
ewma,2019-07-30,0.15430888273203766,0.2662799414899321,0.09436109445103891,0.18648190423277025,0.14591176803288103,0.1526564090613401
ewma,2019-07-31,0.14049187517965134,0.2550313311643474,0.10322840753317133,0.18884564683385827,0.15282107113944454,0.15958166814952707
ewma,2019-08-01,0.13629383547048046,0.2572038164282684,0.10040335401267775,0.19081435755235268,0.15254126707631946,0.1627433694599013
ewma,2019-08-02,0.13433450049645407,0.24596705818188566,0.10812026814136443,0.1859841510195958,0.16143097128936398,0.16416305087133606
ewma,2019-08-05,0.1194854034131809,0.23066698984573877,0.13035229531509046,0.1796398001647967,0.1693892540951115,0.17046625716608169
ewma,2019-08-06,0.12150035797479462,0.22745871303895082,0.1318495651469355,0.17786852345484583,0.17161636686147194,0.16970647352300142
ewma,2019-08-07,0.12123886632393487,0.22721590239564723,0.13161825238466393,0.17773056487500516,0.1727271135942037,0.16946930042654496
ewma,2019-08-08,0.12629941058468505,0.2239002494759481,0.13841003003271216,0.1762913246910343,0.16367489956894962,0.17142408564667092
ewma,2019-08-09,0.12479921066130528,0.22217412013852345,0.14039651462295547,0.17882038534090147,0.16119993055924914,0.17260983867706522
ewma,2019-08-12,0.12459743239961743,0.2193913248660456,0.13799649434378158,0.17796012406676573,0.16806736463448427,0.1719872596893053
ewma,2019-08-13,0.12309488798930858,0.21062583536473645,0.13762133446005104,0.17972088258693542,0.17745188933330716,0.17148517026566126
ewma,2019-08-14,0.13532188582085775,0.2088851296898071,0.12736328464927157,0.1691394591918422,0.1723845762117273,0.1869056644364941
ewma,2019-08-15,0.13525767099312788,0.20898325836814363,0.12726069079890917,0.16929031608172607,0.17226344875772046,0.18694461500037277
ewma,2019-08-16,0.11804942004460815,0.21440521113085587,0.12885295949997838,0.17701924374890654,0.1687782877356244,0.19289487784002673
ewma,2019-08-19,0.10616040107626978,0.21947932183246902,0.12821831474961876,0.1830292490969095,0.16904492827700376,0.1940677849677291
ewma,2019-08-20,0.107267658955903,0.2219408594219098,0.13159536755886422,0.18345377993486783,0.16197544587864757,0.19376688824980756
ewma,2019-08-21,0.10682334262903954,0.22066712785532655,0.1327030667832173,0.18387203564052249,0.16250476179862633,0.19342966529326786
ewma,2019-08-22,0.1071907445693717,0.21936226324580974,0.13343521959792826,0.18335447712838893,0.1626857128415928,0.19397158261690867
ewma,2019-08-23,0.10634408414274454,0.2099374792239951,0.12943941202702408,0.19032769346742304,0.1751496276977759,0.18880170344103722
ewma,2019-08-26,0.10706181445072724,0.2103341018712827,0.12984044078040174,0.1892702416006832,0.17591584817949868,0.1875775531174064
ewma,2019-08-27,0.1060839963434745,0.21014211158003265,0.12992848545878266,0.19113954117279405,0.17441561875448724,0.18829024669042888
ewma,2019-08-28,0.10628356509805587,0.21020899405508522,0.12975729303589034,0.19110302721604774,0.17439194941687575,0.188255171178045
ewma,2019-08-29,0.1050980484279052,0.21390473127268414,0.1288469183437436,0.1880267092568268,0.17566802866896888,0.1884555640298712
ewma,2019-08-30,0.10517069119598757,0.2136904993226039,0.12918125109766493,0.1881179992334974,0.17542421455670282,0.1884153445935433
ewma,2019-09-03,0.10440235167910925,0.22291632188127597,0.13100988300130395,0.18375062843848117,0.17335046380550648,0.18457035119432327
ewma,2019-09-04,0.10272130308892127,0.22412451283702367,0.13787653252697746,0.17669909879203274,0.17447301246960545,0.18410554028543935
ewma,2019-09-05,0.09514254027308247,0.21860487878417922,0.13301160533726905,0.180305323037629,0.19195411630193202,0.18098153626590827
ewma,2019-09-06,0.09614070546077293,0.22028476041775338,0.13335204569067863,0.17690133999104135,0.19101666470275036,0.1823044837370033
ewma,2019-09-09,0.09618607749786623,0.22305671999973398,0.13158960604008973,0.17661009533633645,0.18817530814040856,0.18438219298556496
ewma,2019-09-10,0.09752596859753863,0.2226233950353891,0.13373130105911996,0.1752229168770428,0.18531769839529755,0.185578720035612
ewma,2019-09-11,0.09965621052583253,0.22842595517510025,0.12448356042304155,0.17379719854931205,0.18953975789470973,0.1840973174320039
ewma,2019-09-12,0.10014738939736911,0.22620387779390286,0.1253967233622865,0.17556396855786777,0.1900235599482385,0.18266448094033516
ewma,2019-09-13,0.10063675442992162,0.22681156990372178,0.1256029823385663,0.17594048334695253,0.18850761766544077,0.1825005923153969
ewma,2019-09-16,0.10144554630884639,0.21968200883439049,0.12611671961491602,0.17740271766498605,0.19224349955300313,0.18310950802385798
ewma,2019-09-17,0.10258643475332029,0.21836927396727443,0.12651266642313924,0.17645920808389878,0.18896520904830255,0.18710720772406472
ewma,2019-09-18,0.1029019127980498,0.2191172142083978,0.12671501896184356,0.17850180093321194,0.1828552940864398,0.1899087590120572
ewma,2019-09-19,0.10293735367616999,0.2191035430198009,0.12668584132384703,0.17844409446224843,0.1829485460180429,0.18988062149989074
ewma,2019-09-20,0.1055113560066396,0.21754374604095253,0.12604361172278597,0.19895433773338342,0.14988564609295832,0.20206130240328007
ewma,2019-09-23,0.10752566851816858,0.21728220365604395,0.12724270400981239,0.19502853043143467,0.14791575221614442,0.20500514116839605
ewma,2019-09-24,0.12782391311732103,0.21303687245349853,0.10530766521349642,0.18775735820497347,0.13939232651974492,0.22668186449096564
ewma,2019-09-25,0.1258532281144371,0.21578540276628227,0.10884594101896257,0.20110939362297348,0.13177264611710213,0.21663338836024237
ewma,2019-09-26,0.12595061612605749,0.2143565277157792,0.11092133755257565,0.20007083307761744,0.13186533435290185,0.2168353511750683
ewma,2019-09-27,0.1219370165170008,0.21624848786082668,0.1147462395334511,0.1958079974639858,0.136874384155564,0.21438587446917165
ewma,2019-09-30,0.1210461569720304,0.21537133670701486,0.1158582914186958,0.1953078596705336,0.13522564353023808,0.21719071170148715
ewma,2019-10-01,0.12140907431219469,0.21606787912172187,0.11695990342346627,0.19394461698425786,0.1361289916768592,0.21548953448150016
ewma,2019-10-02,0.12524284544054856,0.21334469990442556,0.11990600321008921,0.1975299816821191,0.13970145326612898,0.20427501649668856
ewma,2019-10-03,0.11758151216856329,0.21549805448441023,0.13201396699219878,0.18729421308920025,0.14325573271981593,0.20435652054581155
ewma,2019-10-04,0.12006091755701649,0.21476496001775955,0.13656727200159038,0.18921304791763574,0.14139142050473832,0.1980023820012596
ewma,2019-10-07,0.11883878669001773,0.2167155691936079,0.13386978538737013,0.19062011481963484,0.14089314994696314,0.19906259396240625
ewma,2019-10-08,0.11278870639777569,0.21121137962829023,0.1441204583876122,0.19333946670188565,0.1421036165381619,0.1964363723462743
ewma,2019-10-09,0.11163156093897919,0.209392641992416,0.14167705476981013,0.19112538620876526,0.1510358245737764,0.1951375315162531
ewma,2019-10-10,0.11140132018228616,0.21647174474313197,0.14473876188256668,0.1952780685121016,0.1363542022997015,0.19575590238021198
ewma,2019-10-11,0.11200690501376293,0.2196465413115665,0.14488986267985163,0.18406476269998173,0.1386732970745627,0.2007186312202745
ewma,2019-10-14,0.11269672859280723,0.220366027081344,0.13822030687188103,0.18849255816761434,0.13817359243216046,0.20205078685419303
ewma,2019-10-15,0.10320757468796787,0.21647849855875834,0.1492935750135867,0.17456026624737403,0.15866558503322994,0.19779450045908306
ewma,2019-10-16,0.10435427808344462,0.21552808092798126,0.14902909886020257,0.1744676352185832,0.15825644650330348,0.19836446040648495
ewma,2019-10-17,0.10713394253573257,0.2164752892128031,0.14986208724726705,0.17644743376246597,0.1522792124807619,0.19780203476096941
ewma,2019-10-18,0.1141225681327968,0.2162486226174722,0.15499922478419317,0.17099982142009884,0.1242378767867019,0.21939188625873718
ewma,2019-10-21,0.11095589819035484,0.20910905387162293,0.16312228463158235,0.16547062436153506,0.1247012136881508,0.22664092525675406
ewma,2019-10-22,0.1166736778830704,0.20847184505137945,0.17406787471247392,0.14914029785936983,0.11643228119238767,0.23521402330131871
ewma,2019-10-23,0.11929398732367423,0.21380824448897948,0.1773426809542182,0.1453390956610278,0.11525144289542039,0.22896454867667984
ewma,2019-10-24,0.12987562969323235,0.222936947658897,0.09238387847352945,0.16067862594827134,0.13322345172797553,0.2609014664980943
ewma,2019-10-25,0.11757962152497031,0.251384278410408,0.08020149892451349,0.15971685211628037,0.128556188756516,0.2625615602673118
ewma,2019-10-28,0.120863453124065,0.25321598376522775,0.08386118147585507,0.1647170190748984,0.12900759577500853,0.2483347667849453
ewma,2019-10-29,0.12139054375454537,0.2549503767754694,0.08322240271460878,0.17391178962350923,0.13501779087299154,0.23150709625887583
ewma,2019-10-30,0.12263458452242719,0.25074551791871175,0.08425415942021601,0.1784506777108118,0.1296493324184299,0.23426572800940343
ewma,2019-10-31,0.12244420602083536,0.2505904106016397,0.08426478367981638,0.17915942439234178,0.12937563995030973,0.234165535355057
ewma,2019-11-01,0.12339443210355665,0.2486045864014464,0.08597815894886575,0.17850475292739187,0.13243603876444007,0.2310820308542992
ewma,2019-11-04,0.11484603304606064,0.25307135791003604,0.0886764281620334,0.18634796207274512,0.1307851965371638,0.22627302227196094
ewma,2019-11-05,0.11477461379080318,0.2531485617014404,0.08883505323812864,0.18643985333688606,0.12935526680429135,0.22744665112845033
ewma,2019-11-06,0.11451647446940323,0.25298904910985254,0.08966919019521247,0.18504683934413035,0.12978470072655096,0.22799374615485057
ewma,2019-11-07,0.11468144800210285,0.2566479280448358,0.08852459825827184,0.18745685994011718,0.12973626215753362,0.22295290359713868
ewma,2019-11-08,0.11489670567485838,0.2571611408772297,0.08846189558580751,0.18727952224389158,0.129410651209917,0.22279008440829587
ewma,2019-11-11,0.11542571063345433,0.2558615190921017,0.0892754350347573,0.18712305609929356,0.13046766115539554,0.22184661798499752
ewma,2019-11-12,0.11610384647312427,0.2570487398944668,0.08880576158165081,0.17576303305900387,0.1351537619965837,0.22712485699517068
ewma,2019-11-13,0.12033270665285754,0.24409411016692292,0.09043248739445597,0.17941754597351342,0.12739769903238468,0.23832545077986542
ewma,2019-11-14,0.12140110322889545,0.24894458860806035,0.09092556789458699,0.18331457079591693,0.12312314529731526,0.23229102417522496
ewma,2019-11-15,0.12682213077238344,0.2569049597591836,0.09085269737583203,0.18083328420391695,0.12112084233909969,0.22346608554958428
ewma,2019-11-18,0.11517560629989476,0.25391851437376584,0.09405482827062216,0.17678046201611095,0.11509163601342197,0.24497895302618428
ewma,2019-11-19,0.11572765591083728,0.25381192068626757,0.093651769034762,0.176098105183043,0.11507592722671757,0.24563462195837266
ewma,2019-11-20,0.11953053504565277,0.2526918827750534,0.09280289219068377,0.17449640435718555,0.11775409548319582,0.24272419014822869
ewma,2019-11-21,0.11970199311623186,0.2541748512893945,0.09256595865699938,0.17409702255114093,0.11655382221899643,0.2429063521672369
ewma,2019-11-22,0.12041498689668925,0.2608137873511365,0.08680312950927435,0.17625933376487785,0.11607516828181043,0.2396335941962117
ewma,2019-11-25,0.10388521855588584,0.243077609707543,0.09323074286492461,0.19539448400148476,0.12101238311612728,0.24339956175403446
ewma,2019-11-26,0.10255587738250295,0.2465684640019779,0.09234064018313365,0.19401484194360644,0.12007952430851491,0.24444065218026406
ewma,2019-11-27,0.10552537555921214,0.23660404948442107,0.09378470952522092,0.1864928734813417,0.12073361453990587,0.2568593774098983
ewma,2019-11-29,0.1066065618317915,0.2309537371192526,0.0949878569331268,0.19009843709116936,0.12244555713272998,0.25490784989192966
ewma,2019-12-02,0.10053216912268978,0.23020822204551517,0.10608200319947295,0.19303241703302437,0.12385235800085295,0.24629283059844478
ewma,2019-12-03,0.1002978350220684,0.2275736427246849,0.10673656159386642,0.19234351588196563,0.12236399111863445,0.25068445365878017
ewma,2019-12-04,0.10006455859859067,0.23190276338018087,0.10813583103273842,0.19369636111126445,0.12392914976659015,0.2422713361106354
ewma,2019-12-05,0.10016065141889864,0.2268116469817154,0.10767423565080071,0.19565401854086925,0.12370441959287543,0.24599502781484056
ewma,2019-12-06,0.10078136614771778,0.2300585372597289,0.10777143619042921,0.19675057452447808,0.12339251499816799,0.24124557087947807
ewma,2019-12-09,0.1007842855361675,0.23003467250581291,0.10781813327196656,0.19678405685497813,0.12326727013840405,0.24131158169267086
ewma,2019-12-10,0.1019896170056549,0.22884612078120997,0.10992367669813545,0.19706833041812177,0.12021180946890832,0.24196044562796962
ewma,2019-12-11,0.10045707810047017,0.22896232587222273,0.10960405759296667,0.1959223437566193,0.11544032760450924,0.24961386707321181
ewma,2019-12-12,0.0978633120589633,0.22564443481159271,0.10818146800647005,0.20488316655947678,0.11548002637193173,0.24794759219156526
ewma,2019-12-13,0.09855719664408286,0.22821878475493895,0.10837762030185157,0.19879550240490362,0.11680674453822001,0.2492441513560029
ewma,2019-12-16,0.11371420906468563,0.2494442857332177,0.08645512393207326,0.18261156674741044,0.1184987301165315,0.24927608440608137
ewma,2019-12-17,0.11268805728684539,0.2368935349670671,0.09009366781831164,0.1868139186073057,0.10760962880350243,0.2659011925169676
ewma,2019-12-18,0.11238702269448166,0.25099843594738985,0.08385366195493184,0.1700354873083937,0.10392876468216174,0.2787966274126413
ewma,2019-12-19,0.10575673550906076,0.2639480623635081,0.08223722669559254,0.16076943183552195,0.09420343380186205,0.2930851097944546
ewma,2019-12-20,0.104266414552876,0.26543655206144645,0.08198119824906423,0.16036936857154868,0.09320624716130557,0.2947402194037591
ewma,2019-12-23,0.10487332492529385,0.26316174436584094,0.0801529353438641,0.16103941786991618,0.09458102314134494,0.2961915543537401
ewma,2019-12-24,0.10528390408439607,0.2632756548117551,0.08119110874337483,0.16065351370449574,0.0950557510949043,0.29454006756107387
ewma,2019-12-26,0.13460622879287923,0.1750584441252873,0.0940166815706532,0.1768910312889249,0.1243399462403381,0.2950876679819172
ewma,2019-12-27,0.13366482033119487,0.1775750037299702,0.09491420861608652,0.17987000955835084,0.12325562284658097,0.29072033491781657
ewma,2019-12-30,0.13522895915124483,0.1842999248169337,0.09200107632734375,0.1759686653542888,0.12791408335088222,0.2845872909993068
ewma,2019-12-31,0.13311645170774675,0.18501419829382776,0.0916476780843965,0.1752729967250077,0.12859826745665368,0.2863504077323677
ewma,2020-01-02,0.14681332527916738,0.17713514360087454,0.10095569079591986,0.1785516569957463,0.1424154672464875,0.25412871608180443
ewma,2020-01-03,0.14433371336168427,0.1747927396623959,0.10695882809827228,0.17896261897054003,0.14145672433674117,0.25349537557036633
ewma,2020-01-06,0.16700040071009825,0.1837305900410878,0.11423750277030184,0.1808274498261503,0.13546960438833544,0.21873445226402638
ewma,2020-01-07,0.16414511495104722,0.18390214592693027,0.10988435689053452,0.18109094614860424,0.13970294536741376,0.22127449071546992
ewma,2020-01-08,0.1694799471390262,0.19912673311939277,0.10014233969823083,0.17961504236357326,0.13164053692132172,0.21999540075845525
ewma,2020-01-09,0.16794867356730825,0.1999579378827017,0.10339950447853766,0.17639136223161048,0.1353007918542527,0.2170017299855893
ewma,2020-01-10,0.1698326890788973,0.1971405961490904,0.10311632318393778,0.17669240511940656,0.1326301750494594,0.22058781141920852
ewma,2020-01-13,0.15249159568209095,0.2238527341741456,0.0763781206960901,0.1782581794060266,0.12856093245058836,0.2404584375910585
ewma,2020-01-14,0.14883645834281692,0.2209287421114184,0.0812244594191588,0.1757284756263563,0.13211372317339887,0.24116814132685077
ewma,2020-01-15,0.14819112025414197,0.21989282360628382,0.08032226440971549,0.17693471701955105,0.13219135916526897,0.24246771554503876
ewma,2020-01-16,0.1461740952790787,0.21804401173516338,0.08229442634098998,0.17874322931552467,0.13461540986248374,0.2401288274667596
ewma,2020-01-17,0.1471311269369495,0.22392608911697298,0.0833452952226972,0.1801093845714789,0.13519029575772692,0.23029780839417452
ewma,2020-01-21,0.15314461285554884,0.21273705563835665,0.07576682094563537,0.18629302768488293,0.1401064504352844,0.23195203244029186
ewma,2020-01-22,0.15386694037856338,0.21257246271588595,0.07640264686914623,0.18648422023377004,0.13832192365262747,0.23235180615000692
ewma,2020-01-23,0.15113257315126308,0.22032751500559727,0.07764357406701769,0.20181010488741144,0.11137778315684041,0.23770844973187008
ewma,2020-01-24,0.15230364037353022,0.2156350853513314,0.079118744105096,0.20303389974065697,0.11940199757375244,0.23050663285563305
ewma,2020-01-27,0.13377378808350612,0.21786044670045202,0.09332266418960328,0.2188121981436149,0.12318323482408661,0.21304766805873698
ewma,2020-01-28,0.12592155653022175,0.21718800835261676,0.09781157478013593,0.21792673040098634,0.12702641606707962,0.21412571386895946
ewma,2020-01-29,0.13073350668205094,0.2197538562260327,0.09657985628758421,0.20525809223080801,0.13214734097647857,0.2155273475970456
ewma,2020-01-30,0.13063931406536966,0.21934393978772732,0.09600036725071887,0.20673816271779127,0.13194746562995427,0.21533075054843862
ewma,2020-01-31,0.13178547319308356,0.21474355033087356,0.09618074294085902,0.2084354456749876,0.13226963967892522,0.21658514818127095
ewma,2020-02-03,0.15470452200551987,0.26703285971340457,0.053885666200400785,0.21732138326799028,0.1280687215268295,0.1789868472858551
ewma,2020-02-04,0.14314914440504437,0.24640413155534785,0.04506134338949179,0.18977970649685733,0.12218537760076832,0.2534202965524904
ewma,2020-02-05,0.14717083779410084,0.24542338437079686,0.041464947355412556,0.18929838482941863,0.12303696734640734,0.2536054783038637
ewma,2020-02-06,0.1465381666759383,0.24692288524767947,0.042213632572217476,0.19392988400111819,0.12981934097062142,0.24057609053242507
ewma,2020-02-07,0.1493578352351175,0.24381799514988342,0.0425403398170797,0.1928572012337552,0.13062731975308464,0.24079930881107964
ewma,2020-02-10,0.1316352543261368,0.22765311452002013,0.04710416897492217,0.21728279098370404,0.14404632486384983,0.23227834633136704
ewma,2020-02-11,0.13186827664844822,0.2278087362578225,0.04710961479871554,0.21672767836592494,0.14413662002994782,0.23234907389914106
ewma,2020-02-12,0.13110847140855822,0.23038528130086078,0.049270718415067846,0.21121823554222802,0.1423971271197384,0.23562016621354684
ewma,2020-02-13,0.1318344373881018,0.23137745333883472,0.04872613280684252,0.20917915367393944,0.14212875966647523,0.2367540631258062
ewma,2020-02-14,0.11465515589902979,0.23887913843258324,0.04947488208307194,0.21086086393879405,0.14643486071370815,0.2396950989328128
ewma,2020-02-18,0.11252922486986527,0.23773808315444941,0.04741108731213396,0.20275472320314752,0.1436943912684574,0.2558724901919464
ewma,2020-02-19,0.09858470239465802,0.23628904133514003,0.045169279585590694,0.20963580315307015,0.15129039595006205,0.259030777581479
ewma,2020-02-20,0.09797470553222506,0.2347345935412239,0.045721099829516255,0.20534087312191618,0.15586629733178498,0.2603624306433337
ewma,2020-02-21,0.09739672196950307,0.22017163780238644,0.05620053932727543,0.20826380042770723,0.1699440439875659,0.24802325648556195
ewma,2020-02-24,0.10449759281367683,0.20988408481576895,0.06848879309810009,0.1974439600981228,0.19911129547621728,0.22057427369811405
ewma,2020-02-25,0.10452022162991544,0.21228033101846797,0.07095824826153582,0.19971276727732434,0.1971102999742418,0.21541813183851463
ewma,2020-02-26,0.10467358093611508,0.21648133755836946,0.07472748584916764,0.20471752754084643,0.17910537289782913,0.22029469521767236
ewma,2020-02-27,0.11478907322517704,0.20058322168584808,0.07134009505453784,0.20802654677813404,0.2129524140560476,0.19230864920025556
ewma,2020-02-28,0.10866279251750129,0.2038206707713835,0.0730703720894155,0.2061200159945316,0.21896870210156497,0.18935744652560313
ewma,2020-03-02,0.11912369298921173,0.19649590780389087,0.06950447099707241,0.2154616954601981,0.21355954373965774,0.18585468900996924
ewma,2020-03-03,0.12457442998195083,0.20402270703265166,0.08000694742703435,0.19450392698886793,0.21145646257646222,0.185435525993033
ewma,2020-03-04,0.11951683625465069,0.20126459583070933,0.09087764151730182,0.1972469131725912,0.20331367913723247,0.1877803340875144
ewma,2020-03-05,0.12292071772992395,0.20432426265356649,0.09576847318914739,0.1951492109418119,0.2043322507748203,0.17750508471073
ewma,2020-03-06,0.12249385053521172,0.20518868559622938,0.09581171314251052,0.19251055262707448,0.20588030389495776,0.17811489420401605
ewma,2020-03-09,0.129678003138304,0.20913648287976003,0.09229647052301605,0.18802894747620633,0.20018842314715815,0.18067167283555546
ewma,2020-03-10,0.13216148985211776,0.20379854267270395,0.09847162325908802,0.18670180664249197,0.19675080033477782,0.1821157372388205
ewma,2020-03-11,0.13234522642269883,0.20303009439115696,0.10627281975925104,0.18454661847079665,0.1960858282276245,0.17771941272847194
ewma,2020-03-12,0.1324489328131918,0.2034580336000314,0.11531978396959255,0.18112177761135353,0.18328432414688972,0.18436714785894112
ewma,2020-03-13,0.1285380366620054,0.20181611429283094,0.14344736873123434,0.16782106084045514,0.18445730196673438,0.17392011750673975
ewma,2020-03-16,0.1204816924490984,0.23859333621161288,0.1293897545767513,0.1566851630250808,0.18221616722382072,0.17263388651363593
ewma,2020-03-17,0.11747401997250753,0.2270259139765736,0.14065360535885507,0.16245383517916592,0.1777202721580235,0.1746723533548743
ewma,2020-03-18,0.11551746186635396,0.2355227305242337,0.13008462479941235,0.16415163470454713,0.17970033838596136,0.17502320971949153
ewma,2020-03-19,0.11790902538527463,0.23821849039446163,0.1174981689627738,0.1660127394044015,0.17810596394921405,0.18225561190387432
ewma,2020-03-20,0.11770176479526571,0.23756446276560728,0.11846548505739089,0.16587548730645538,0.18005497631273254,0.18033782376254823
ewma,2020-03-23,0.11780477380053685,0.23508213138477999,0.11938452896003969,0.16959353835641722,0.17333584702778393,0.1847991804704424
ewma,2020-03-24,0.106596676723818,0.24730642714579626,0.10990880897940908,0.1619872244596312,0.19520841288807236,0.17899244980327303
ewma,2020-03-25,0.10736848902716406,0.245699929897352,0.11328266965857077,0.16162687632132314,0.19321590683242063,0.1788061282631694
ewma,2020-03-26,0.10906372724500145,0.2441540618715977,0.11998169958162991,0.1618334389543041,0.18883284933995692,0.17613422300750992
ewma,2020-03-27,0.1109009629518869,0.24231092664705106,0.12106351153338953,0.16091172204292073,0.19093104184247917,0.17388183498227258
ewma,2020-03-30,0.11111365042089627,0.24005751783875034,0.12652269086737186,0.15795985739293522,0.18988763269480335,0.17445865078524295
ewma,2020-03-31,0.11145983552366952,0.24105659158383577,0.12581935031109442,0.158039159520671,0.1895122080156279,0.17411285504510152
ewma,2020-04-01,0.11019497298238531,0.2447675317868852,0.12332401282970336,0.15860529166699358,0.1914871502437331,0.1716210404902993
ewma,2020-04-02,0.10977321973739732,0.24472874364048955,0.12398434245551157,0.1589021113380435,0.19118179276899114,0.17142979005956704
ewma,2020-04-03,0.10905343991887599,0.24527750719185457,0.12624901830849486,0.15822271034426696,0.19035374346389022,0.17084358077261744
ewma,2020-04-06,0.10962284378202924,0.2442560741155752,0.12876146610953443,0.15766556462444756,0.19460908823165804,0.16508496313675558
ewma,2020-04-07,0.11003091318296965,0.24398184751695381,0.1281697895651357,0.15733773899990586,0.19529975258753224,0.1651799581475026
ewma,2020-04-08,0.10978431414933834,0.2430641840572116,0.12885943717502074,0.15611498567114493,0.19736948338103516,0.1648075955662493
ewma,2020-04-09,0.110026948746892,0.24317668315883903,0.12831778278620415,0.15608040591730868,0.19749145631552334,0.16490672307523274
ewma,2020-04-13,0.116160984650417,0.2280653747649112,0.11887798662321382,0.17067880013322442,0.18769614223358655,0.1785207115946469
ewma,2020-04-14,0.11843207620482134,0.21976329035871256,0.11629313074325258,0.17899078012238062,0.18828429216740156,0.17823643040343126
ewma,2020-04-15,0.11896589874119384,0.21948218057533206,0.11597865558664751,0.17973639301823813,0.18686838361870184,0.17896848845988655
ewma,2020-04-16,0.11769415217145503,0.21352401316361855,0.11677861450212569,0.18384001256205879,0.18571455347196753,0.18244865412877445
ewma,2020-04-17,0.11766104082847169,0.21321445701682543,0.11694039519483615,0.18432169338212429,0.18491740047761554,0.18294501310012679
ewma,2020-04-20,0.11774740325654466,0.21315726378386385,0.11699093440407718,0.18438675257953696,0.18462080423381952,0.1830968417421578
ewma,2020-04-21,0.11659254492111935,0.2133744806754828,0.11380959600008708,0.18188531666028873,0.19274433650329378,0.1815937252397284
ewma,2020-04-22,0.1144337892538993,0.2148568474184357,0.1115474125449374,0.17213795206242913,0.20803238001379792,0.17899161870650052
ewma,2020-04-23,0.1148442329184424,0.21429899250009102,0.11239130119768424,0.171805832717857,0.20775745775424123,0.17890218291168425
ewma,2020-04-24,0.11462248741721269,0.21462069840990664,0.11192094561138574,0.17025716317177197,0.20911982917386798,0.179458876215855
ewma,2020-04-27,0.11397231463971208,0.21582934060757125,0.10978169632300763,0.17103947141239248,0.20965658903835074,0.17972058797896576
ewma,2020-04-28,0.11742398157847475,0.2156829145080188,0.11089421429489525,0.1726815980853113,0.20391906392042006,0.17939822761287982
ewma,2020-04-29,0.12484480240874643,0.22062211097423157,0.1145227269894187,0.16650540965110133,0.2116491706371042,0.16185577933939782
ewma,2020-04-30,0.12917238422499952,0.2143158324693899,0.1180556481212778,0.16186768001349192,0.21173159668849312,0.16485685848234782
ewma,2020-05-01,0.13267812825824266,0.1918644600970956,0.11142821516181255,0.17077821898663104,0.22302966484275005,0.17022131265346832
ewma,2020-05-04,0.13280483698162748,0.19446322092221338,0.10720553298810247,0.1725109489509036,0.21828244964547874,0.17473301051167425
ewma,2020-05-05,0.13274260971964807,0.1946421933349861,0.10716958041284641,0.17233608288191352,0.21917747172909438,0.17393206192151142
ewma,2020-05-06,0.1328926942621204,0.19421914648421243,0.10723937644038456,0.17294070585057703,0.21689896421083757,0.17580911275186806
ewma,2020-05-07,0.13221555972071802,0.19455026888541818,0.10808187097752292,0.17270806882968454,0.21744191362408427,0.175002317962572
ewma,2020-05-08,0.13123836485598367,0.19502423328628826,0.10639625093114202,0.173272207184312,0.2193227019885059,0.17474624175376813
ewma,2020-05-11,0.12988062672951178,0.19465688005850557,0.10776732951712274,0.17435710522324202,0.2189297068651644,0.17440835160645335
ewma,2020-05-12,0.12893999519882632,0.19343748685433793,0.11025454450340177,0.1756032260442693,0.21757369273311405,0.1741910546660505
ewma,2020-05-13,0.1291309345999552,0.194248006019258,0.10977832781553022,0.17407408035106678,0.21973217577911716,0.1730364754350727
ewma,2020-05-14,0.12751733333055235,0.19443316326561802,0.10990692609373441,0.17448935236699703,0.21981686635649159,0.17383635858660682
ewma,2020-05-15,0.12294159772631548,0.19776967828715875,0.11378740423102683,0.17443520326391423,0.21488762753923396,0.1761784889523507
ewma,2020-05-18,0.1215343039434229,0.19773264970337232,0.11349280449677152,0.17406324217290373,0.21704287338277778,0.17613412630075181
ewma,2020-05-19,0.12148105487080176,0.19732415474181655,0.1136873993918238,0.17342033106933338,0.21743191653568378,0.17665514339054067
ewma,2020-05-20,0.1229363347595426,0.1957307369829425,0.11624721360255881,0.16136591018814794,0.22856530009741907,0.1751545043693891
ewma,2020-05-21,0.12245793034825958,0.19371456484009578,0.11852734056207938,0.16403041097518628,0.22452598947884694,0.176743763795532
ewma,2020-05-22,0.12221104240778495,0.19377039155368123,0.11861438786402152,0.16381875605930882,0.22490910507772768,0.17667631703747577
ewma,2020-05-26,0.12040773810468346,0.19613660609864975,0.12099597399192918,0.1641282857925294,0.2165337621690968,0.18179763384311146
ewma,2020-05-27,0.1198390561823113,0.19584359479020158,0.1211129828734043,0.16358092849550362,0.2176975675755521,0.1819258700830271
ewma,2020-05-28,0.1207552974535803,0.19713008735363016,0.12072205330880081,0.16236391441496914,0.21539906065658335,0.18362958681243619
ewma,2020-05-29,0.116623741285341,0.195728102575262,0.11867289312108359,0.16889229279506723,0.21468266330063518,0.18540030692261109
ewma,2020-06-01,0.12278474945612357,0.19731816243177375,0.11046391212133513,0.16361043897370242,0.21346493019520588,0.1923578068218593
ewma,2020-06-02,0.12278656890134801,0.19733381037210815,0.11057088981590522,0.1635894521712161,0.21342516214187085,0.1922941165975518
ewma,2020-06-03,0.12285745492485903,0.1985151955344529,0.1110029101673225,0.16295834631254147,0.21198120726261538,0.19268488579820867
ewma,2020-06-04,0.12640428111441065,0.20094444019047783,0.11109185310914417,0.16236450634565872,0.2086619255701933,0.19053299367011514
ewma,2020-06-05,0.12724866698490986,0.20337732012088733,0.11101211095265306,0.1612668807735029,0.2085698223443575,0.18852519882368937
ewma,2020-06-08,0.13119385805686662,0.19981351783319198,0.10501650797600014,0.16302252815504073,0.21166867875735224,0.18928490922154842
ewma,2020-06-09,0.13212618141225374,0.19215386304602022,0.11434376565167428,0.1589911174128131,0.20045060172842044,0.20193447074881815
ewma,2020-06-10,0.12732719625116046,0.18907023660901243,0.10299550295146075,0.16895446045823326,0.20741355995843935,0.20423904377169375
ewma,2020-06-11,0.12383192307350638,0.19107199876291145,0.10772490065908054,0.16004398548062276,0.22384616598361012,0.19348102604026857
ewma,2020-06-12,0.12443338372311094,0.190923082105367,0.10699994519535001,0.16110324216750121,0.22235339914957514,0.1941869476590956
ewma,2020-06-15,0.12358092430402604,0.19393707701355858,0.10212487304069864,0.16118291530377338,0.21912796722871908,0.20004624310922434
ewma,2020-06-16,0.1286980082913443,0.19277112800583646,0.10538763149322723,0.1619072977191042,0.2135042537899238,0.1977316807005642
ewma,2020-06-17,0.12825919054844215,0.19334447149746228,0.10640079161430581,0.16535866918488606,0.20664269327076012,0.19999418388414353
ewma,2020-06-18,0.12827899706161078,0.19322808650523043,0.10632058395360255,0.16531352390553664,0.20652877063234681,0.2003300379416728
ewma,2020-06-19,0.12834327209330204,0.19262448971458648,0.10672961121714926,0.16444493644361044,0.20579125816199687,0.2020664323693549
ewma,2020-06-22,0.12692992402244252,0.19339044534155442,0.11245875828128152,0.1717037610675113,0.19599981674066522,0.19951729454654502
ewma,2020-06-23,0.1289111033854792,0.19019973114122316,0.11277157643508555,0.1707479513947433,0.19859253971151922,0.19877709793194961
ewma,2020-06-24,0.13157881648002934,0.19830786001916254,0.11081589149938684,0.1633497695677861,0.19899911832294637,0.1969485441106888
ewma,2020-06-25,0.12896320755560392,0.20042911375512198,0.10980303604375918,0.16552964936924894,0.19556758255599288,0.19970741072027307
ewma,2020-06-26,0.1446067178224191,0.22568418878712482,0.1283280119357039,0.13711256195316207,0.1839925744765785,0.18027594502501157
ewma,2020-06-29,0.14717386856552767,0.23484772524718675,0.12224635864355976,0.13589335925793278,0.1848417223949012,0.17499696589089195
ewma,2020-06-30,0.14750425442245452,0.2246182090835863,0.11378899380685831,0.1382813076951039,0.1916396932040058,0.18416754178799108
ewma,2020-07-01,0.17070226000643848,0.207552233264125,0.11903466924033038,0.13773673624000407,0.16592010677049968,0.19905399447860225
ewma,2020-07-02,0.17081452698075342,0.2081911363927806,0.1132994813102468,0.14138322259458458,0.1707199039480605,0.19559172877357392
ewma,2020-07-06,0.18461353874428296,0.18352964211296227,0.09404418566556032,0.15159528769064126,0.17436433806191085,0.21185300772464244
ewma,2020-07-07,0.18503128448988612,0.1825982430605303,0.09437271291236783,0.15190085049824936,0.1745376292911721,0.21155927974779426
ewma,2020-07-08,0.1786682505381588,0.17885812141466545,0.09931751603748529,0.15449937497465743,0.17427347631013138,0.21438326072490171
ewma,2020-07-09,0.1744228060567125,0.17281793606042656,0.10046948324724057,0.1589380129574451,0.17695150906497245,0.2164002526132029
ewma,2020-07-10,0.18795885900933107,0.18325595230423827,0.09014187048166111,0.16943235006584204,0.14961615340290224,0.2195948147360253
ewma,2020-07-13,0.17954078149721658,0.18212872172134864,0.09416203000290764,0.17270461677088936,0.14611934573807825,0.2253445042695597
ewma,2020-07-14,0.17567900001464465,0.1844141372507911,0.09412233239148386,0.17333831038428216,0.1470590976168795,0.2253871223419188
ewma,2020-07-15,0.1748348472049087,0.1819581861170418,0.09523986176193637,0.1745512489224305,0.14748436388503394,0.22593149210864868
ewma,2020-07-16,0.17431827023847726,0.18191106680508237,0.09468008550339484,0.1749453287995949,0.14811263105706973,0.22603261759638107
ewma,2020-07-17,0.17723380615930684,0.18077701267116375,0.09572844197866309,0.1777588828475979,0.13994556604999306,0.22855629029327534
ewma,2020-07-20,0.18310466187724983,0.14878568200896647,0.09001318084003877,0.19850047285824374,0.15542625595582601,0.2241697464596751
ewma,2020-07-21,0.18205877343878893,0.14890925541484185,0.08858503097820124,0.19783837340701976,0.15359041908407,0.2290181476770782
ewma,2020-07-22,0.1817866787862087,0.1491758972701311,0.08849960739683019,0.19813480627709604,0.15361602141418348,0.22878698885555038
ewma,2020-07-23,0.18275614904976512,0.1494215787985399,0.09071833871060765,0.19642316012433997,0.1592744946604413,0.22140627865630605
ewma,2020-07-24,0.18395809840645988,0.1504212070340081,0.08899174377122597,0.19558092942272912,0.1601870200894647,0.2208610012761123
ewma,2020-07-27,0.18240941992112508,0.15434722107798732,0.08333807005902623,0.20004273218000165,0.1566080245885678,0.22325453217329191
ewma,2020-07-28,0.181305305257114,0.15515109509206804,0.0830333037234663,0.2007570019605712,0.15841929848594838,0.2213339954808321
ewma,2020-07-29,0.17781298947089708,0.15575595597341207,0.08363795988273964,0.1997380426739857,0.1631429142264601,0.21991213777250548
ewma,2020-07-30,0.17673159385240048,0.15604277774387496,0.08446038133179604,0.20007133477170283,0.16377748782057672,0.2189164244796491
ewma,2020-07-31,0.1796597562107581,0.15091408980851434,0.08795463219740061,0.17796203867893964,0.16517303467953667,0.23833644842485055
ewma,2020-08-03,0.17249094545510363,0.1550957756196942,0.08667469953045273,0.1805392431136027,0.16264099165447274,0.24255834462667397
ewma,2020-08-04,0.17023471507973478,0.1545536201476579,0.08695866902088945,0.1824591171919676,0.16047963187143074,0.2453142466883196
ewma,2020-08-05,0.17006996407504274,0.15363794043684176,0.08704824067704969,0.1828219202034422,0.16135376346946562,0.24506817113815793
ewma,2020-08-06,0.17915901749814728,0.16269207597680657,0.09195956702758476,0.16084022578085994,0.16518220419579724,0.24016690952080416
ewma,2020-08-07,0.17855107873507206,0.160505368674996,0.09169275659786257,0.16672673668858815,0.1603746268750183,0.24214943242846293
ewma,2020-08-10,0.18062625997470996,0.16182438090886456,0.09105185292691716,0.16388365443437639,0.156904957736003,0.24570889401912901
ewma,2020-08-11,0.17562487110790165,0.16367792769685363,0.09330711493845376,0.1628109095146551,0.15194358380227957,0.25263559293985627
ewma,2020-08-12,0.15568112339765036,0.16775219236888353,0.07737940838176702,0.17441947514076786,0.16429231653846982,0.26047548417246147
ewma,2020-08-13,0.15706153163186196,0.16925434831352043,0.07619732025357925,0.1745043512285525,0.16329032868738483,0.259692119885101
ewma,2020-08-14,0.15684998470899644,0.1693142264756068,0.07611015087879013,0.17447216455645984,0.16321631148108218,0.2600371618990645
ewma,2020-08-17,0.13565984734228181,0.1726935135071322,0.06851286183755385,0.18294876688361927,0.17377170786745583,0.2664133025619569
ewma,2020-08-18,0.1477781908631367,0.16234072572963135,0.07069442592280911,0.19282240522149655,0.1747783417085786,0.2515859105543477
ewma,2020-08-19,0.14777634091524633,0.16089528721113067,0.07149518067422797,0.1955496639384567,0.17321401928172195,0.2510695079792163
ewma,2020-08-20,0.15932494028018507,0.16740485350638912,0.06957660087052564,0.19124279071476197,0.16925619461160127,0.24319462001653694
ewma,2020-08-21,0.15482298738772488,0.16825426646758607,0.06933963153410214,0.19261082996831203,0.17106684232736927,0.24390544231490574
ewma,2020-08-24,0.15502041530956648,0.16811489604748187,0.06993768317764297,0.1910628806902698,0.17261715827486762,0.2432469665001713
ewma,2020-08-25,0.1590944586329357,0.16959850278900404,0.07188804110741377,0.18147946411396185,0.1774499955030366,0.24048953785364793
ewma,2020-08-26,0.2063421380275807,0.19082808495074663,0.07877152517341084,0.14589612901294316,0.1201011832105194,0.2580609396247992
ewma,2020-08-27,0.20564358614520137,0.19171850190418263,0.08428388814669331,0.14244115817455116,0.11755234456864075,0.25836052106073076
ewma,2020-08-28,0.19694184889666877,0.19448646706494563,0.08651272831701909,0.14399228613603282,0.11950744286850827,0.2585592267168256
ewma,2020-08-31,0.19400486317770163,0.1909680827824703,0.07677345634200677,0.1468968309256061,0.11972364935922214,0.27163311741299295
ewma,2020-09-01,0.1853542742325199,0.1930847336562005,0.08549474868326574,0.15283666042146507,0.11474390806489168,0.2684856749416571
ewma,2020-09-02,0.17879411853868882,0.19965191989289016,0.09636346524984225,0.15390791966689815,0.12333775622370513,0.2479448204279755
ewma,2020-09-03,0.14778809948275867,0.20463704304956604,0.10091325759337669,0.17806901238250325,0.14104911568208295,0.2275434718097123
ewma,2020-09-04,0.14708077404653339,0.20349860695973407,0.10865893629691564,0.17630744946201324,0.14361122195729514,0.2208430112775087
ewma,2020-09-08,0.14881712403997388,0.20083653998379694,0.0807730259133968,0.1791473033421431,0.16904836287180733,0.22137764384888198
ewma,2020-09-09,0.13850182635781347,0.19188136759524232,0.07670547324978036,0.18450233790210813,0.1840348893094688,0.22437410558558685
ewma,2020-09-10,0.13787114556387112,0.18879614972561765,0.08110138298252635,0.1858962621830404,0.1787524982948422,0.22758256125010232
ewma,2020-09-11,0.13774796604448972,0.18725489549305335,0.08156949139891814,0.1860812431382137,0.1798918330524873,0.22745457087283766
ewma,2020-09-14,0.1314023713982377,0.19020049913180942,0.07704960321937822,0.1872032611084739,0.1830740741280392,0.2310701910140616
ewma,2020-09-15,0.137100512254998,0.19303284807084076,0.0755281427751731,0.18726051755676598,0.17547627809954677,0.23160170124267546
ewma,2020-09-16,0.1356047143150157,0.19193403816611485,0.07850284254637793,0.1830258977262853,0.17604114076235672,0.23489136648384942
ewma,2020-09-17,0.14149291637001418,0.19108226289458044,0.07897325017415349,0.17868982432301259,0.1745517478583918,0.23520999837984743
ewma,2020-09-18,0.14090376624636503,0.18995295764217224,0.08158087540053659,0.17966676690312375,0.1770407966492793,0.2308548371585231
ewma,2020-09-21,0.13933325068868416,0.18999529358413836,0.08140983230856673,0.18186676292226223,0.17358786669940235,0.23380699379694625
ewma,2020-09-22,0.14296286389211615,0.17635676065549175,0.08853378070709572,0.18074576468717826,0.1789139298486535,0.23248690020946466
ewma,2020-09-23,0.14678096817940836,0.17422111691617656,0.08457535027569113,0.19289364230212597,0.17600261868539424,0.22552630364120377
ewma,2020-09-24,0.14589693030691123,0.17451327565799557,0.0845388891200164,0.19393045535603787,0.17642505330417652,0.22469539625486243
ewma,2020-09-25,0.1414963238798836,0.17362468866510564,0.08440979286994772,0.1934539954200906,0.17724955311863688,0.22976564604633556
ewma,2020-09-28,0.14294624008299275,0.17073966089474527,0.08430414388499015,0.19597293607416325,0.17709247623906407,0.22894454282404456
ewma,2020-09-29,0.14238578839952581,0.1726107093281766,0.08476563568615636,0.19403244143266007,0.177226219764943,0.2289792053885381
ewma,2020-09-30,0.1408046349080861,0.1733816859861732,0.08445501098641445,0.19497778026818469,0.17604561666404306,0.23033527118709843
ewma,2020-10-01,0.14854796737007886,0.17393836619913636,0.08482735212623159,0.1977293233660929,0.1621377646504493,0.23281922628801097
ewma,2020-10-02,0.14746626082226508,0.17573935501956914,0.08394482972425367,0.20082545468203009,0.15613557871088066,0.2358885210410013
ewma,2020-10-05,0.1426670483152432,0.17667998480026764,0.08703247881948108,0.20365513890666445,0.15370711568620665,0.23625823347213684
ewma,2020-10-06,0.15152344370537796,0.1729846266784609,0.08824602583022732,0.20194814758931992,0.1527844147335178,0.23251334146309602
ewma,2020-10-07,0.15221641931482086,0.16799854420180915,0.0888122637969813,0.2107068093240704,0.14300178737117114,0.23726417599114713
ewma,2020-10-08,0.15394910583223695,0.16929349307787864,0.08922693132828502,0.20822865134392043,0.14433351227763785,0.2349683061400409
ewma,2020-10-09,0.15810737308610143,0.16519802588564625,0.08955482172356052,0.21160152692921522,0.14464513161340356,0.23089312076207294
ewma,2020-10-12,0.15963475479893133,0.15900386169272634,0.09692704978075228,0.19995512794987033,0.163133505406502,0.22134570037121767
ewma,2020-10-13,0.16006955309536713,0.1596287461407059,0.09694446030181852,0.2004778849472039,0.16104480726465673,0.22183454825024776
ewma,2020-10-14,0.160021137377712,0.15774234637321854,0.0999560166967906,0.1989605739555527,0.15925708326463053,0.22406284233209559
ewma,2020-10-15,0.16030622098543587,0.15826969987098077,0.09923570792496761,0.1959414387190488,0.16124616040175033,0.22500077209781666
ewma,2020-10-16,0.15964624202063057,0.15607723110807334,0.09874142799598092,0.1966457011300806,0.15909796585040725,0.2297914318948274
ewma,2020-10-19,0.15866213586288763,0.15620911342883273,0.10018956331141338,0.19645360954581118,0.16574630981263197,0.22273926803842317
ewma,2020-10-20,0.15837008061576555,0.15704501453390787,0.10177271810663714,0.193538530729234,0.1681252961246003,0.2211483598898551
ewma,2020-10-21,0.15808314948959795,0.1567424855214499,0.10180392626953153,0.19500124960578283,0.166276304159609,0.2220928849540288
ewma,2020-10-22,0.15796796269465962,0.15671527699271967,0.10183106604502687,0.19494787608081982,0.1662135643321259,0.22232425385464807
ewma,2020-10-23,0.1571469691364198,0.15864356250943246,0.10573795237074476,0.19074049004557633,0.1679276488956095,0.21980337704221717
ewma,2020-10-26,0.15202973075584547,0.16733818239856663,0.11035330349729958,0.18654778643177025,0.17407866292084528,0.2096523339956728
ewma,2020-10-27,0.15094904187911817,0.16327328791650716,0.11210543685575663,0.1827830106907454,0.17878912186964488,0.21210010078822775
ewma,2020-10-28,0.14363275204583095,0.16780316783602944,0.11900011708043196,0.1703719070818952,0.2117851226421586,0.1874069333136538
ewma,2020-10-29,0.14593349097855973,0.17902262650082318,0.12878540179598869,0.15946496553530534,0.2010241694380282,0.18576934575129478
ewma,2020-10-30,0.14360475074969078,0.1620315253568794,0.12374743139881698,0.14083982346293736,0.1812947441863242,0.24848172484535117
ewma,2020-11-02,0.14393492729469057,0.16413126127542432,0.12224595144643007,0.14202420785182562,0.17968051549736846,0.24798313663426105
ewma,2020-11-03,0.14012233695799758,0.16616199064317244,0.11583825812822761,0.14442745583152736,0.18512449383684432,0.24832546460223082
ewma,2020-11-04,0.14013551410862848,0.15625198244016145,0.14901504982358446,0.13250486138874587,0.2057715119582694,0.21632108028061017
ewma,2020-11-05,0.14131639124685527,0.1572489437509673,0.14600216334705252,0.13406982942473336,0.1991520524283127,0.22221061980207885
ewma,2020-11-06,0.14122853069315244,0.15726300261468848,0.14605662459209678,0.13408401949445192,0.1991409766168865,0.22222684598872375
ewma,2020-11-09,0.13354420994220367,0.1534199874096719,0.15936328524482776,0.13349354616568265,0.1643623957204273,0.2558165755171868
ewma,2020-11-10,0.12564968445633384,0.14941643690863118,0.15766279733641508,0.13386715177436104,0.1767966050341059,0.256607324490153
ewma,2020-11-11,0.12095726620174468,0.14624426876877478,0.15898883917810544,0.13610031778008969,0.1759860054626292,0.26172330260865617
ewma,2020-11-12,0.12154319535798165,0.14608297114203908,0.15847394270847664,0.13622660937739106,0.17576435698016105,0.2619089244339506
ewma,2020-11-13,0.12191358012442606,0.14603878237592374,0.1588244453533469,0.13621555007642955,0.17616058820207206,0.26084705386780177
ewma,2020-11-16,0.12163067245462529,0.14605915439443679,0.15888042750997527,0.13608055721107806,0.1764695043647523,0.26087968406513234
ewma,2020-11-17,0.12323534380385562,0.14686464039646432,0.14935320087540774,0.13851303393566558,0.1775151368421064,0.2645186441465003
ewma,2020-11-18,0.12384797191684577,0.14909196737355523,0.13869544677669038,0.1401875742459617,0.17851952463976462,0.2696575150471822
ewma,2020-11-19,0.1251014930902036,0.15007068975962531,0.13722051075652272,0.14115689848197852,0.1789598799011674,0.2674905280105023
ewma,2020-11-20,0.12338861619846993,0.15123613045184,0.13625740703770342,0.14127257986253916,0.18318799854728213,0.2646572679021653
ewma,2020-11-23,0.1232134489106934,0.1511399669816783,0.1338737880306449,0.1413575447355168,0.18508384465849714,0.26533140668296956
ewma,2020-11-24,0.13543761254154862,0.15769371586699596,0.12515410349869377,0.13825442186096581,0.18723467671997346,0.2562254695118224
ewma,2020-11-25,0.13366278454612365,0.15466707722405854,0.12274273556959159,0.14120652854377955,0.1885610961449248,0.25915977797152184
ewma,2020-11-27,0.13573226747561673,0.1567807261852999,0.1221751007347298,0.14228422454215722,0.18736733476118142,0.25566034630101503
ewma,2020-11-30,0.13954450878727243,0.15703381739492614,0.1204388239810158,0.14398329014797726,0.18923112684170534,0.24976843284710304
ewma,2020-12-01,0.15213205791322107,0.16145428146191354,0.12102489027480652,0.14076369059403138,0.18367726382792948,0.24094781592809805
ewma,2020-12-02,0.15186328246725725,0.1618804130084947,0.1216544122008701,0.14085802912318526,0.18392629275038713,0.23981757044980553
ewma,2020-12-03,0.1515335064636341,0.16185184456216373,0.12316910394481868,0.14010142098217904,0.18328160800444496,0.24006251604275958
ewma,2020-12-04,0.15116746656185323,0.16220032124330774,0.12303619161297688,0.14035101731533245,0.18323753601270407,0.24000746725382566
ewma,2020-12-07,0.15570682193974583,0.17086469067775806,0.11216655892630036,0.13771288160705378,0.17108415345134617,0.2524648933977958
ewma,2020-12-08,0.15429353730149953,0.17217501760424933,0.11289953699724695,0.13749229509518243,0.17076964504033848,0.25236996796148337
ewma,2020-12-09,0.15396045665621153,0.17738506307327725,0.1047006993415442,0.14834054333803173,0.16347844264010863,0.2521347949508266
ewma,2020-12-10,0.15384621564741427,0.17795834845455735,0.10310380875551886,0.1489660541201964,0.16187893310644283,0.2542466399158703
ewma,2020-12-11,0.15396552923128443,0.17825666292108272,0.10260309398401415,0.14832733905643067,0.1621298862288076,0.2547174885783805
ewma,2020-12-14,0.14927374189040252,0.1762188989350233,0.09826271885395411,0.15124180073815321,0.1517702147492656,0.27323262483320127
ewma,2020-12-15,0.14922579984034795,0.17620580963828122,0.0984664787218831,0.15116163766381566,0.1520560870949035,0.27288418704076856
ewma,2020-12-16,0.15011694119049943,0.17411814217172558,0.09903477203755953,0.15138837131263444,0.15162546524576306,0.2737163080418179
ewma,2020-12-17,0.1491354336028648,0.17475483264508532,0.09608603673306908,0.1522000170375719,0.1497759076451991,0.2780477723362098
ewma,2020-12-18,0.1494039886694948,0.17571248821587035,0.09445506835103737,0.1513389879659391,0.14963213845603965,0.27945732834161874
ewma,2020-12-21,0.15171009598474863,0.17723505998666503,0.08977844027417188,0.14858272745745768,0.14871237986282262,0.2839812964341342
ewma,2020-12-22,0.1531198655979739,0.180634831341145,0.08973851312946324,0.145014501117128,0.1503059175878367,0.2811863712264531
ewma,2020-12-23,0.14990424112395115,0.18016149981307172,0.09103698817242836,0.14680693738346604,0.14650346201230216,0.2855868714947805
ewma,2020-12-24,0.15008224211584165,0.1807120523261048,0.09052466509967834,0.14715962547576844,0.14669397353064476,0.284827441451962
ewma,2020-12-28,0.1757004705808747,0.1651851020276827,0.09814232967275413,0.1397622800964474,0.15467989870084098,0.2665299189214001
ewma,2020-12-29,0.17566519896737953,0.1633439927416782,0.09832417265577281,0.14012992640490302,0.15167829532248722,0.2708584139077791
ewma,2020-12-30,0.17833542920218107,0.1628469831431587,0.10008301866449754,0.13920881700956383,0.15071645047651427,0.2688093015040847
ewma,2020-12-31,0.1837599690159637,0.16903646002435474,0.09978791828472088,0.14029782402648075,0.14371167401622145,0.2634061546322585
ewma,2021-01-04,0.19356025337816446,0.16459296977264448,0.10868582762642574,0.1408341651369748,0.1356687854036624,0.2566579986821281
ewma,2021-01-05,0.18509368327579695,0.16495369974690058,0.1102984620701906,0.1427411422133885,0.14165903040590008,0.25525398228782326
ewma,2021-01-06,0.14563088260565146,0.16713719452284848,0.13910146043847335,0.14180585833181994,0.1329173073085961,0.27340729679261067
ewma,2021-01-07,0.12693219017044755,0.2034025784945169,0.11769941266293747,0.15963176317755257,0.1536602870063303,0.23867376848821512
ewma,2021-01-08,0.13298459579214025,0.20319743184367134,0.10706322334805307,0.16715177517173546,0.15702995629562966,0.2325730175487702
ewma,2021-01-11,0.16892471312297513,0.19938933269611434,0.09627959027390763,0.1532161130611359,0.15853699117222764,0.22365325967363925
ewma,2021-01-12,0.16851155311496552,0.20146731407030483,0.0987794675450927,0.1511526635842708,0.15809894293469112,0.22199005875067507
ewma,2021-01-13,0.17122200688882164,0.19824968805529386,0.1001257392328738,0.15467747525340053,0.1524644862140943,0.22326060435551587
ewma,2021-01-14,0.16622878681726255,0.19947400648731461,0.10276100983171123,0.1508223650037173,0.15451667565526886,0.2261971562047255
ewma,2021-01-15,0.16207547839070183,0.19812312763752066,0.10178843811950139,0.15688047063715677,0.15450274879836876,0.22662973641675058
ewma,2021-01-19,0.16723682302273415,0.21309075933919824,0.10475938590630388,0.14647009542322148,0.16439646274441178,0.20404647356413044
ewma,2021-01-20,0.2001222893265108,0.20279053131263144,0.14267413599885526,0.1868357896881734,0.08778215446964538,0.17979509920418357
ewma,2021-01-21,0.19037145723417304,0.20225008387472057,0.14726184053081887,0.18415663776677085,0.09151903569620437,0.1844409448973122
ewma,2021-01-22,0.1894460026116995,0.20195959684425796,0.14745069502300695,0.18498284684617033,0.09097490320789832,0.18518595546696695
ewma,2021-01-25,0.19141079233049957,0.2028706077503193,0.14400603161093678,0.18324798225568806,0.09226156491588292,0.1862030211366733
ewma,2021-01-26,0.19444317290543955,0.20165142094649707,0.14420779991261296,0.1816855760349604,0.09223699576522172,0.18577503443526833
ewma,2021-01-27,0.18809941956770124,0.20773662233102425,0.15797727011934348,0.18196229272605186,0.09274740179497758,0.1714769934609016
ewma,2021-01-28,0.18872733761603938,0.20789698073762605,0.15705281057000833,0.18058604627107827,0.09316913417014125,0.1725676906351067
ewma,2021-01-29,0.19503301505363294,0.21112442873155984,0.14763620000994226,0.1761225470986494,0.09600861240619535,0.1740751967000202
ewma,2021-02-01,0.203021357030976,0.19029471379303675,0.13828706091517887,0.19159302727810193,0.1079217680217394,0.16888207296096688
ewma,2021-02-02,0.1978267093461751,0.19465875889691797,0.13437485600558421,0.19058502961662024,0.1105568508761493,0.17199779525855322
ewma,2021-02-03,0.19838128349313655,0.1972630572355483,0.13545785771152433,0.19113373943149195,0.11138026763448175,0.1663837944938172
ewma,2021-02-04,0.19743914573613328,0.19699955610488895,0.13611063557597491,0.19174014029865577,0.11055363184937939,0.1671568904349677
ewma,2021-02-05,0.19893222658606097,0.19647791755935573,0.13633599005496463,0.19145428099908599,0.1110547901521049,0.16574479464842776
ewma,2021-02-08,0.18075583945239826,0.20374718356631205,0.13619262716104827,0.19674106943109004,0.11361380425716722,0.16894947613198422
ewma,2021-02-09,0.18018338799792738,0.20335215540039708,0.1357792828212863,0.19772044933632935,0.11419210986208572,0.168772614581974
ewma,2021-02-10,0.17855977458489086,0.20395819113367797,0.13738697572852743,0.19718305978158027,0.11417779624804086,0.1687342025232826
ewma,2021-02-11,0.17524851475812603,0.2055801971431635,0.1369996197690387,0.19837067819886595,0.1149092106460026,0.1688917794848032
ewma,2021-02-12,0.1745286372974617,0.20594496933371886,0.1371429340885342,0.19841755826569127,0.11489493019948341,0.16907097081511052
ewma,2021-02-16,0.1718064174340609,0.2075590508095771,0.13990491406390382,0.19638557876582374,0.11547997412441889,0.1688640648022156
ewma,2021-02-17,0.16937101240005942,0.20988158073710297,0.14001300042958287,0.19627853984874288,0.11498763471145768,0.16946823187305432
ewma,2021-02-18,0.16952717331684794,0.21454304134294158,0.13895302851432165,0.19243821549798842,0.11514260076315665,0.16939594056474383
ewma,2021-02-19,0.1802758250303114,0.204332064350792,0.14322800803894378,0.18106749079247805,0.11748670353242291,0.17360990825505185
ewma,2021-02-22,0.16616609810924896,0.20269311911076832,0.11489826276977447,0.20599906665393475,0.12935178531240676,0.18089166804386675
ewma,2021-02-23,0.16858729567912575,0.2028652001569462,0.11658162057466956,0.20251859067542985,0.1280966938138751,0.18135059909995355
ewma,2021-02-24,0.16249720252707192,0.215615948604944,0.10733813501330514,0.20956924430357968,0.12622775148501394,0.17875171806608545
ewma,2021-02-25,0.12910501592918414,0.21349094776392416,0.10235500877226161,0.20209369218030707,0.1643388456956559,0.1886164896586671
ewma,2021-02-26,0.12688825395190434,0.21144007295001416,0.10385753702409083,0.20060331953630106,0.16789108195590505,0.18931973458178436
ewma,2021-03-01,0.13719146566542637,0.21481318886957293,0.09773479035575901,0.19270118529230817,0.16984484929390062,0.18771452052303297
ewma,2021-03-02,0.13385218875257693,0.21202971718703073,0.09530123411754768,0.18734806944488885,0.1752707374899004,0.19619805300805535
ewma,2021-03-03,0.13127266281682393,0.20718211064567957,0.09743726011182094,0.20511179238460064,0.16047295243507645,0.19852322160599858
ewma,2021-03-04,0.1274034663325825,0.20547977107060159,0.09433051669639962,0.2104986757035587,0.1575938872736226,0.2046936829232349
ewma,2021-03-05,0.12960388654382776,0.20814990045163803,0.10127999350228463,0.20443435007530847,0.15986010505327058,0.19667176437367054
ewma,2021-03-08,0.11977106588514558,0.23332308611130573,0.10317332119806803,0.20160505199761627,0.15655390901347138,0.185573565794393
ewma,2021-03-09,0.11339166194245782,0.22555003193059597,0.07390958551565026,0.19619670478056575,0.17486080318996744,0.21609121264076278
ewma,2021-03-10,0.1134034077458106,0.22562090099260407,0.07389436323002536,0.19614817375252513,0.17480587380911203,0.21612728046992277
ewma,2021-03-11,0.11519120418054288,0.23282334657166182,0.07704382179027287,0.19179259400646023,0.17200832351305964,0.21114070993800255
ewma,2021-03-12,0.11675287406331987,0.23470599579776572,0.07843197692751956,0.1897317470650126,0.17377577353275983,0.20660163261362235
ewma,2021-03-15,0.11543998996701836,0.23764523478678984,0.07828509939766093,0.18662962434749775,0.17427369217735406,0.20772635932367922
ewma,2021-03-16,0.11570842717378686,0.23839121834074228,0.08001942719421783,0.18474252389239487,0.17456563771876474,0.2065727656800934
ewma,2021-03-17,0.11686722986907351,0.23527295019082498,0.07931508795876321,0.18259792222238597,0.17654842123953274,0.20939838851941955
ewma,2021-03-18,0.11853808432567606,0.22332095152233997,0.08034733372184757,0.19509522650278044,0.17411505389488022,0.2085833500324758
ewma,2021-03-19,0.12096083163131782,0.2220677766026548,0.08283312538228636,0.1844549404868623,0.17495131699497338,0.21473200890190525
ewma,2021-03-22,0.11973997692808595,0.22130093650276572,0.08316904525075074,0.18455050361791023,0.17227253203548012,0.2189670056650072
ewma,2021-03-23,0.12027071716113111,0.22067534371121267,0.08350388914026168,0.18575071104071103,0.17098963167740008,0.2188097072692834
ewma,2021-03-24,0.11947818877919131,0.22087391309772764,0.0829072873978603,0.1797352540584664,0.1678555939882881,0.22914976267846612
ewma,2021-03-25,0.1203550054923235,0.21908597498353577,0.08520115787444282,0.17945261314707422,0.1626803978665994,0.23322485063602422
ewma,2021-03-26,0.1194105931441506,0.21933353558946242,0.08623447327459906,0.17824517321711295,0.16219880998225375,0.23457741479242114
ewma,2021-03-29,0.12065578859231389,0.2202156576776454,0.08874400400064626,0.17360915256505732,0.16270251096711177,0.23407288619722527
ewma,2021-03-30,0.12063538193563696,0.22011387182564762,0.08887593751085901,0.17352620732605373,0.16272436062917411,0.23412424077262872
ewma,2021-03-31,0.11757861025347884,0.2214787932019428,0.08671984741826669,0.17063119742997243,0.164011504562153,0.23958004713418615
ewma,2021-04-01,0.11831417888087295,0.21990399236111696,0.09682925971321892,0.17923713877333844,0.1609670794619689,0.22474835080948377
ewma,2021-04-05,0.12722260662849577,0.22012640849552967,0.09743302580890965,0.17367086092312428,0.17772315654735335,0.2038239415965873
ewma,2021-04-06,0.12700983191601561,0.2202158733280583,0.09753252747944118,0.1732726047770002,0.1783487757416903,0.2036203867577943
ewma,2021-04-07,0.12639524556734483,0.2166171244949028,0.10233636274937587,0.17064941072438605,0.18113454688511088,0.20286730957887958
ewma,2021-04-08,0.12618345751235135,0.2166429409895326,0.1018821239164034,0.1725507229102003,0.1794453115214476,0.20329544315006487
ewma,2021-04-09,0.12666227080085812,0.21183225917626622,0.10331077425577466,0.1745398234548623,0.18085441967636737,0.20280045263587132
ewma,2021-04-12,0.1204292579353738,0.21202875496624415,0.10122410663905151,0.1760634291135927,0.18289528427854848,0.20735916706718915
ewma,2021-04-13,0.11722871110026889,0.21280593583355772,0.09259872538326086,0.18281160334971916,0.18599728763570414,0.20855773669748914
ewma,2021-04-14,0.11843227095565408,0.20887955817815607,0.09210661763840573,0.17979151202748425,0.18108987907045987,0.21970016212983998
ewma,2021-04-15,0.11027562788407212,0.2116278036500799,0.09740912020171831,0.18198872912027003,0.18272077755884544,0.2159779415850142
ewma,2021-04-16,0.10991548903273991,0.21250783093391104,0.09749826577348684,0.18165819759251062,0.18242782352956546,0.21599239313778607
ewma,2021-04-19,0.10714059658244778,0.2107520937823264,0.09574339409198081,0.1791043326260257,0.188381294402277,0.21887828851494223
ewma,2021-04-20,0.10689027058042458,0.20881179326678664,0.09675712749697739,0.18082790327696938,0.1877102317429484,0.2190026736358936
ewma,2021-04-21,0.10947018019252683,0.21561655858891615,0.10038519741020988,0.1822930014196272,0.16964350840046707,0.22259155398825292
ewma,2021-04-22,0.10738144188041006,0.21223636150449143,0.09954860862698131,0.18075186004053456,0.1772844458887105,0.22279728205887217
ewma,2021-04-23,0.10605391729645358,0.21333427130233237,0.10122647223229521,0.17916025529431612,0.18621016236905275,0.21401492150554996
ewma,2021-04-26,0.1067838905278176,0.2054929428466948,0.10227951406634296,0.18139366133550094,0.18669637999875197,0.2173536112248917
ewma,2021-04-27,0.10740152111268235,0.2093819936677483,0.0986132466890216,0.18420225413976907,0.18512699388479179,0.21527399050598683
ewma,2021-04-28,0.11137300784414335,0.2081816531659641,0.10271027484707798,0.18437892349004023,0.18940992666024617,0.20394621399252824
ewma,2021-04-29,0.11649003796558126,0.21760672314319698,0.11251934071732064,0.15154015559136338,0.19684373177545242,0.20500001080708516
ewma,2021-04-30,0.11611878342873616,0.21767374414666166,0.1132586627314531,0.1513237620870554,0.19736390428519565,0.20426114332089812
ewma,2021-05-03,0.11916026679231252,0.20513829053360014,0.110667964768649,0.15466074391646714,0.1998055073880281,0.21056722660094307
ewma,2021-05-04,0.11646966104763291,0.1971081583569689,0.11423894973834028,0.15921041845771555,0.20323647297960437,0.20973633941973796
ewma,2021-05-05,0.11854305623143657,0.19441977919722736,0.11473048877981452,0.1583553981847458,0.20063934926556537,0.21331192834121038
ewma,2021-05-06,0.11969748992557197,0.19264053652158628,0.1177290269352324,0.15681821229931617,0.20096203479377256,0.21215269952452062
ewma,2021-05-07,0.11790850785371595,0.19603442924730508,0.11713082884140455,0.1586241940813339,0.19937249345320796,0.21092954652303259
ewma,2021-05-10,0.12848000898524817,0.1963436740746539,0.10990205293620942,0.1547316958230478,0.19343415018372817,0.2171084179971126
ewma,2021-05-11,0.12845333001905818,0.1954749186973496,0.11054820179798754,0.1548092020006033,0.19217674729167034,0.21853760019333102
ewma,2021-05-12,0.12691350551080163,0.19637089803625177,0.10960299496974267,0.1683816798350082,0.19537982579094476,0.20335109585725106
ewma,2021-05-13,0.12716586758204712,0.19635137645133632,0.11018060345218238,0.1682034629557608,0.19537387693731717,0.20272481262135617
ewma,2021-05-14,0.12269373006485818,0.1989273009086422,0.11244844184577124,0.16033671414455256,0.20412278469236295,0.20147102834381284
ewma,2021-05-17,0.12255417380301872,0.1999417265662752,0.11202057962798737,0.1602250058570914,0.20351217659436452,0.2017463375512628
ewma,2021-05-18,0.12317470951284083,0.1984506931329296,0.11447552062506597,0.15833284902898348,0.20511424850673932,0.20045197919344085
ewma,2021-05-19,0.12313733810134991,0.1985291481501581,0.11482732707000666,0.15808477126724124,0.2050583398037113,0.20036307560753291
ewma,2021-05-20,0.11849660292560123,0.21420664645013685,0.11126544810439411,0.1619859268080736,0.19229373238642816,0.20175164332536602
ewma,2021-05-21,0.12187475542775278,0.21157696868246295,0.11112526675127701,0.16186560517509427,0.19187329742179676,0.2016841065416164
ewma,2021-05-24,0.11796241047196739,0.2200821358436984,0.10808324718565783,0.160034517525843,0.20412449388322634,0.18971319508960705
ewma,2021-05-25,0.1179851114016814,0.21973025106598953,0.1082578695586474,0.1595249593062523,0.20464930026599915,0.18985250840143025
ewma,2021-05-26,0.1183713146794661,0.22030169207084088,0.10690496224164586,0.16044472256876696,0.205120762062095,0.1888565463771853
ewma,2021-05-27,0.1183117316092601,0.22013429198629264,0.10698924584387687,0.16060615629253175,0.20517920763723488,0.18877936663080375
ewma,2021-05-28,0.11670997677954364,0.22036737881726157,0.1072601977683178,0.1613176646587866,0.20533934981534976,0.18900543216074064
ewma,2021-06-01,0.11670582859787346,0.2204011183655932,0.10726945189695572,0.16130876461714677,0.20546214636718585,0.18885269015524503
ewma,2021-06-02,0.11617658363113983,0.2201403587862431,0.1077271504667796,0.16133976567633218,0.20548293602237994,0.18913320541712533
ewma,2021-06-03,0.12823965166298198,0.2158432852938847,0.0999202956592953,0.16560705091659936,0.1981445453698788,0.19224517109735995
ewma,2021-06-04,0.12174053951182623,0.226849751501167,0.09476819087091487,0.1685746761236034,0.201921835437116,0.18614500655537247
ewma,2021-06-07,0.12204575127670979,0.22919647524877607,0.09449153969430027,0.165126308714917,0.20300683478239914,0.1861330902828977
ewma,2021-06-08,0.12229409256699558,0.22785911986359914,0.09457691900360377,0.16554714916054922,0.20339105023484866,0.1863316691704036
ewma,2021-06-09,0.12215837449350352,0.2309193283336506,0.09444842177100378,0.1640618066161631,0.20008829836617684,0.1883237704195021
ewma,2021-06-10,0.1261694821290829,0.21766847361300237,0.09483336088665989,0.16727177971305407,0.2062318099244893,0.18782509373371148
ewma,2021-06-11,0.12462253649649144,0.21810187857950686,0.09497672414680357,0.16799167910395174,0.20583552917159115,0.18847165250165523
ewma,2021-06-14,0.12853953664285733,0.21835889413496204,0.09861386129107244,0.16656386145581223,0.19351714899120917,0.19440669748408687
ewma,2021-06-15,0.12799696899443178,0.22438060119945824,0.09579743208939408,0.1714657176447104,0.18716490238776798,0.1931943776842375
ewma,2021-06-16,0.1280352967256783,0.22499649890513573,0.09590658020730618,0.17087265399081242,0.1872344889727736,0.19295448119829367
ewma,2021-06-17,0.11472449116322389,0.21016246173337186,0.10101032072176587,0.1727547477877538,0.19401206985359062,0.20733590874029398
ewma,2021-06-18,0.11560115936161562,0.21174145249826004,0.10291833023888622,0.16861651717232054,0.19753617160679715,0.20358636912212028
ewma,2021-06-21,0.11529624464026854,0.21084056793853084,0.10286154626055516,0.16908923598077222,0.19694171652253137,0.20497068865734178
ewma,2021-06-22,0.1145019166060916,0.2073751533808007,0.11103478219281424,0.1645188386929356,0.18405917003586653,0.21851013909149128
ewma,2021-06-23,0.11438123137978946,0.21182801555618658,0.10182221957270483,0.1647138672537795,0.1828774228134665,0.22437724342407295
ewma,2021-06-24,0.11370586260005808,0.22141349201776964,0.09837505116324848,0.16308985905734516,0.17979283709451266,0.22362289806706595
ewma,2021-06-25,0.11320076365336852,0.21734998513437523,0.09774529265253627,0.16242615034254912,0.18473820216992803,0.22453960604724282
ewma,2021-06-28,0.09982093051339566,0.21778237153751862,0.09872499957864765,0.13608859381908556,0.1907071192351753,0.2568759853161773
ewma,2021-06-29,0.10018489322092233,0.21855961959467368,0.09822829702950506,0.13509851786478852,0.1913423846232693,0.2565862876668411
ewma,2021-06-30,0.10111219347134347,0.21932505733049745,0.09904862549510395,0.13370701831673223,0.18880302493961484,0.25800408044670814
ewma,2021-07-01,0.10081445646843536,0.22376023473006013,0.10079609403898043,0.13020899798948118,0.18588510155947444,0.25853511521356853
ewma,2021-07-02,0.10502703731353467,0.20858814583270832,0.10913776677619647,0.14226585435355263,0.20101168600748498,0.23396950971652286
ewma,2021-07-06,0.10860711605065564,0.17630250490165042,0.12487054546161479,0.1541536636557687,0.1967731282226817,0.23929304170762875
ewma,2021-07-07,0.10700115963119164,0.18044715096401384,0.12172452636959884,0.15398614776233607,0.19291469389997903,0.24392632137288053
ewma,2021-07-08,0.10451497230002291,0.18891936691472852,0.12701173645023553,0.15184966279625234,0.19037554561169118,0.2373287159270697
ewma,2021-07-09,0.10495626469900668,0.19328045874451588,0.127616488256394,0.1491900762068841,0.18752253375846395,0.23743417833473557
ewma,2021-07-12,0.10269931558042066,0.20317946263331244,0.11483746799290354,0.15340988718520954,0.19683650576668593,0.22903736084146795
ewma,2021-07-13,0.10151383901382004,0.19827042712246004,0.11123916649825003,0.1533617119643173,0.2022308865713574,0.23338396882979517
ewma,2021-07-14,0.10019484457278717,0.19795994297737698,0.10976239994900812,0.15145726864819528,0.2052629563494004,0.235362587503232
ewma,2021-07-15,0.09088840792690918,0.19492656603594696,0.11662277790285887,0.1561469441949263,0.20726730174478225,0.23414800219457643
ewma,2021-07-16,0.08456219409886992,0.18902674077664872,0.12111067245101037,0.16091291786062048,0.18696799543883977,0.2574194793740107
ewma,2021-07-19,0.08914931087024498,0.18925963507862367,0.12317168607485043,0.15935631556584207,0.19141148892376061,0.24765156348667822
ewma,2021-07-20,0.0944407068603351,0.18996106618075992,0.11986977910867556,0.15665707065779885,0.20047126340224752,0.23860011379018306
ewma,2021-07-21,0.09242106578735487,0.18941039351658887,0.12045351062873402,0.15506176713706127,0.20687170269247518,0.2357815602377858
ewma,2021-07-22,0.09282206400975967,0.18398912259020506,0.12468189777791108,0.15147491429949636,0.21256270477641162,0.23446929654621632
ewma,2021-07-23,0.1075478416170946,0.2048532143937766,0.14909418355883253,0.12336485031199028,0.22301003338932862,0.19212987672897727
ewma,2021-07-26,0.1139444252839788,0.19963296666169458,0.14359388071252943,0.12433396843958044,0.22690459297590965,0.1915901659263072
ewma,2021-07-27,0.11843669860583354,0.18684253117340582,0.13886600311185854,0.12560832412113168,0.24532119873340394,0.18492524425436657
ewma,2021-07-28,0.11729348047041817,0.19612482751638816,0.14288930404488606,0.12646443358228,0.2533144782717797,0.16391347611424778
ewma,2021-07-29,0.11805894238870375,0.19518112803334375,0.14733839515137478,0.12357719400134837,0.25127490443887585,0.16456943598635368
ewma,2021-07-30,0.12177872299311802,0.14020676000483004,0.16140800333522745,0.12970951401925554,0.27677832859781804,0.170118671049751
ewma,2021-08-02,0.12049749136363454,0.140229261485376,0.15477644655075776,0.13254614512770732,0.2816194287949406,0.17033122667758385
ewma,2021-08-03,0.12045396340238368,0.14009838304869304,0.15475153633597077,0.13255914305402547,0.28194127818571085,0.17019569597321615
ewma,2021-08-04,0.11590105033724,0.14643516093547657,0.15888288439955398,0.12719574051817883,0.2708087803120805,0.18077638349747027
ewma,2021-08-05,0.11513730962407316,0.15094639189835599,0.16437878948600612,0.13034830732139668,0.25656542248296205,0.1826237791872061
ewma,2021-08-06,0.11557857262218946,0.15078295792974503,0.15804087311777817,0.1366829610058748,0.2525203261782445,0.18639430914616806
ewma,2021-08-09,0.11700714005061714,0.15169240196963263,0.15453146906515353,0.13843405677043433,0.2544209909006613,0.1839139412435011
ewma,2021-08-10,0.11441414309859498,0.15181580390337313,0.15558489671493436,0.14114654172974497,0.24988073397133,0.18715788058202257
ewma,2021-08-11,0.11355467995567196,0.15105287019499866,0.15726945881661805,0.14316338489863167,0.24679242904505813,0.1881671770890215
ewma,2021-08-12,0.11288139806567549,0.15202932629946223,0.1507354476165557,0.14169228560439645,0.2558767934249324,0.18678474898897768
ewma,2021-08-13,0.11134443359467946,0.15446198583731754,0.15416141878719825,0.14332925930903992,0.25040350716576654,0.18629939530599826
ewma,2021-08-16,0.11008938134459013,0.1553261449693623,0.142668464701577,0.14623770320557125,0.25542202827689475,0.19025627750200438
ewma,2021-08-17,0.10640640304272064,0.15061978535244017,0.12996190618055242,0.13512691165379537,0.28817321447466177,0.18971177929582966
ewma,2021-08-18,0.10554747189655858,0.1500016168708338,0.13139568678202854,0.13483981229065695,0.28939031251109487,0.1888250996488272
ewma,2021-08-19,0.09844212902940894,0.16687338672080068,0.15610381218168234,0.15256867033608895,0.22417571792886792,0.20183628380315113
ewma,2021-08-20,0.08483030891195187,0.17674295790755723,0.15810315924607962,0.1535255425323413,0.23212713402436186,0.19467089737770804
ewma,2021-08-23,0.0784689799757392,0.1749777813798258,0.14191842710805577,0.1731356809598818,0.2405668707968037,0.1909322597796938
ewma,2021-08-24,0.08030737926964394,0.1723806875252096,0.14269227762309677,0.17311899054462915,0.24258940195880474,0.18891126307861575
ewma,2021-08-25,0.07955890529590758,0.1728498685231912,0.142453864280744,0.17195526710854805,0.24525915486534375,0.1879229399262654
ewma,2021-08-26,0.07942961243689041,0.17526982408313488,0.14059139529108236,0.16916859878142382,0.248352053529047,0.18718851587842153
ewma,2021-08-27,0.08406684396368334,0.18634699183372103,0.14530911106633396,0.16234924714109575,0.2390439540757331,0.18288385191943282
ewma,2021-08-30,0.0945497362416946,0.17642951479103883,0.13874297182544285,0.15573769993402653,0.23376209518290977,0.2007779820248874
ewma,2021-08-31,0.09623885695905188,0.17366592400871889,0.13847305532159365,0.1574595061435958,0.23252203853294473,0.20164061903409508
ewma,2021-09-01,0.09918798541969753,0.177331174555795,0.14279581757259666,0.15874921839048795,0.21739207739204433,0.20454372666937848
ewma,2021-09-02,0.0998206572006357,0.17746521629259412,0.14357099015080818,0.15448667559468432,0.22532901463436686,0.19932744612691064
ewma,2021-09-03,0.09781048978131945,0.17726860749622841,0.14454295259714361,0.1553006560552865,0.22543304763400465,0.19964424643601744
ewma,2021-09-07,0.11315539017075985,0.18309131759111388,0.1372126619382128,0.15431016492882527,0.19864402641400417,0.213586438957084
ewma,2021-09-08,0.11184744083623105,0.1858721179204235,0.13813302951647902,0.15192480411049908,0.19929815085497934,0.21292445676138796
ewma,2021-09-09,0.11219462961145711,0.18191753497049654,0.140932105544656,0.15544556146595198,0.19368577841661555,0.21582438999082282
ewma,2021-09-10,0.11836806071414115,0.1836224395549443,0.1356727904441241,0.16057858402324224,0.19845526590228735,0.2033028593612609
ewma,2021-09-13,0.1169411303395883,0.18309550286702422,0.1376005989219979,0.15961068293070588,0.19392592287751143,0.20882616206317225
ewma,2021-09-14,0.11846702928214672,0.18356388846670657,0.13873112247723848,0.16076378579092004,0.18801400494133252,0.21046016904165565
ewma,2021-09-15,0.1206738344310722,0.18325545929129283,0.1364282493531394,0.17270311275554018,0.18562791173603685,0.2013114324329185
ewma,2021-09-16,0.12066117844672403,0.18328176480911043,0.13643563147842788,0.1726909452927357,0.1856663701333936,0.20126410983960838
ewma,2021-09-17,0.12006315087751708,0.1854082152064703,0.14691847154139498,0.16026797306201496,0.2014187646377358,0.18592342467486686
ewma,2021-09-20,0.12057064687216962,0.1683677013313527,0.13481977348891858,0.1647727136892206,0.1982225293324858,0.21324663528585258
ewma,2021-09-21,0.12017067562326338,0.16946994752227892,0.13355957453164696,0.16413972312797487,0.1995454652911911,0.2131146139036447
ewma,2021-09-22,0.11310152214178763,0.16738026246311805,0.13128050460014679,0.19875793598095023,0.1819846711703528,0.2074951036436445
ewma,2021-09-23,0.10895509803148559,0.16549779477910248,0.13497177308893127,0.19815926275042106,0.184739821601735,0.20767624974832458
ewma,2021-09-24,0.11699082413535633,0.16864567128556573,0.1281610532271124,0.18959236035529553,0.1892282705784104,0.20738182041825962
ewma,2021-09-27,0.11595013566497976,0.16808020980706578,0.1302141441489367,0.1901797437401421,0.1897183135656986,0.20585745307317707
ewma,2021-09-28,0.11370005879828597,0.17302639286933294,0.15496351211449666,0.17135970762905886,0.2136811355351308,0.17326919305369481
ewma,2021-09-29,0.11463201877721697,0.17422938074571281,0.15492132590857643,0.1718577413797271,0.20909829609353797,0.1752612370952287
ewma,2021-09-30,0.11426538757880002,0.17540956331012567,0.15608239281694133,0.17200916326625554,0.20593927795425854,0.17629421507361898
ewma,2021-10-01,0.11644164759647462,0.17958926397727235,0.15921530291038108,0.17058735452757534,0.20585859578999688,0.16830783519829975
ewma,2021-10-04,0.10676332465340087,0.16775418309598752,0.2052990554030661,0.13963801357291084,0.20838663182566367,0.172158791448971
ewma,2021-10-05,0.10598056537020782,0.18206531132150106,0.23412162683508492,0.14211634587221714,0.16223787195120776,0.17347827864978121
ewma,2021-10-06,0.1060690195759759,0.17896170464282043,0.23616006096665668,0.14454933877741347,0.16275005518116817,0.17150982085596542
ewma,2021-10-07,0.1046901887910534,0.17633431817069053,0.2316438008096173,0.14984552707978324,0.16819616123750927,0.16929000391134616
ewma,2021-10-08,0.10408729110778997,0.17606306584844925,0.22937377543332893,0.15064736511344848,0.16899849825585653,0.17083000424112676
ewma,2021-10-11,0.10459156823043046,0.17254816683485918,0.23608304847162762,0.14854693290726795,0.16777020078776655,0.17046008276804825
ewma,2021-10-12,0.10459232785518673,0.17255523297773898,0.23662380323014595,0.14848813366952918,0.1677016197290728,0.17003888253832644
ewma,2021-10-13,0.10459591090237857,0.17017322947550945,0.2360835108909797,0.1515642109563488,0.16785986563493968,0.1697232721398438
ewma,2021-10-14,0.09781368073657142,0.18042276277395125,0.23638839460345185,0.15377830022430586,0.17460529308641823,0.15699156857530133
ewma,2021-10-15,0.10095684506619523,0.1634969579493896,0.2170225613409573,0.16706005246007227,0.18807731508035408,0.16338626810303156
ewma,2021-10-18,0.10940848631310536,0.17766152404611307,0.1911343101198816,0.15227337044837266,0.1916147576947645,0.1779075513777628
ewma,2021-10-19,0.1093995325067867,0.17791658997678236,0.19219132180303858,0.15110271741009643,0.19166077915425686,0.177729059149039
ewma,2021-10-20,0.11057664121889638,0.17701928522007268,0.19731103104728842,0.1561573612879307,0.18297518520203876,0.1759604960237731
ewma,2021-10-21,0.1103309197245806,0.19259731392601984,0.17575924777828067,0.17141946144764006,0.1524800169588252,0.19741304016465358
ewma,2021-10-22,0.11885762422145996,0.1775680236180012,0.19906685611878527,0.14966500442744865,0.17228700488278237,0.18255548673152264
ewma,2021-10-25,0.1252253331313378,0.2136180181865635,0.11246115298265501,0.1522979230114381,0.19107603933332468,0.20532153335468079
ewma,2021-10-26,0.11481896464627675,0.20784054681825542,0.11438434062867757,0.16572005240060006,0.1960768998700823,0.20115919563610776
ewma,2021-10-27,0.12050631454221267,0.21081523068262645,0.11267314477814855,0.17485272868403326,0.20324128547369583,0.17791129583928336
ewma,2021-10-28,0.12097907999469412,0.2036456393867706,0.10819022768068827,0.1740235906963003,0.19962311284146234,0.19353834940008435
ewma,2021-10-29,0.1164207193571889,0.23887035159766093,0.10456410133821584,0.16627286440432876,0.18808356431170525,0.18578839899090038
ewma,2021-11-01,0.11580371605217428,0.23997379743933517,0.10271617338715758,0.16485577032206936,0.18910636264640596,0.18754418015285773
ewma,2021-11-02,0.11600906882926046,0.2398395982376389,0.10256811607014099,0.16479947620442836,0.1889982744535861,0.18778546620494513
ewma,2021-11-03,0.12429288298833388,0.222569351904695,0.09985796225775785,0.17053029665531555,0.1873320176861861,0.1954174885077116
ewma,2021-11-04,0.08741012881650106,0.20294087370516012,0.1017533132016942,0.16845585232980442,0.23946067785919195,0.19997915408764816
ewma,2021-11-05,0.08729430256447991,0.20583186511806767,0.10195868493320893,0.17147098468702116,0.232304334687345,0.20113982800987718
ewma,2021-11-08,0.08900048278176846,0.20402883446759304,0.09984169558754304,0.1710591709751505,0.23469560176793167,0.20137421442001327
ewma,2021-11-09,0.088122842380161,0.2176770680514431,0.08797901208032756,0.1688474573273494,0.2399056523256926,0.19746796783502624
ewma,2021-11-10,0.0878863677350813,0.20809762381486946,0.10533388220246744,0.16293798235284426,0.2388972798287,0.19684686406603752
ewma,2021-11-11,0.0856787914140445,0.21165071573827882,0.10661969902328118,0.16413974402328335,0.23265962387599198,0.19925142592512027
ewma,2021-11-12,0.09827843549904683,0.2200459948333505,0.1270058741538616,0.14792405270693476,0.20591441040974862,0.20083123239705764
ewma,2021-11-15,0.09810158279871319,0.22033711721023,0.12673021815447916,0.14859656547277506,0.20560007909329897,0.20063443727050367
ewma,2021-11-16,0.09815804687971375,0.2205702639861331,0.12340190221867021,0.1529798533926915,0.20205475174039414,0.2028351817823974
ewma,2021-11-17,0.09965144113544999,0.21980182302433407,0.12229707570621252,0.15402753058384366,0.20150743491676396,0.20271469463339567
ewma,2021-11-18,0.08616308250685396,0.18441840845258864,0.12367384986296262,0.17149748353498423,0.2284184330772092,0.20582874256540126
ewma,2021-11-19,0.08177277766910884,0.1897404592132792,0.11923722210129968,0.16344071688646392,0.2335149824205585,0.21229384170928975
ewma,2021-11-22,0.0843505771706302,0.1794775345551971,0.1351227838523734,0.172618735294331,0.2137038846664479,0.21472648446102022
ewma,2021-11-23,0.08577412305000214,0.18466304594628247,0.12916121611954048,0.1713908287971052,0.21302829257107292,0.21598249351599677
ewma,2021-11-24,0.08364805125403561,0.18793367366477343,0.12972326573739446,0.16896565189608653,0.21194941667119474,0.21777994077651536
ewma,2021-11-26,0.08453137096552357,0.18256041001999793,0.12588763129919994,0.16226762305894218,0.2493653701210438,0.19538759453529264
ewma,2021-11-29,0.07888829841357847,0.18323462893427336,0.11518602674244882,0.16597898038697528,0.2744322163035699,0.1822798492191541
ewma,2021-11-30,0.08706491812310323,0.19676213412761956,0.13467483343676825,0.1529452730758907,0.24664356456642628,0.18190927667019202
ewma,2021-12-01,0.09163440900508857,0.20342494634732938,0.13113891388430346,0.1434102019035308,0.21558959152769128,0.21480193733205652
ewma,2021-12-02,0.09106902162516933,0.20442502422088463,0.1318047591809131,0.14372425029825678,0.21623832863184647,0.21273861604292973
ewma,2021-12-03,0.08950539845448995,0.2065854320944063,0.11790454549548503,0.15360387818262844,0.2064968022742137,0.2259039434987766
ewma,2021-12-06,0.09495236675180224,0.20594545859267482,0.12177268269089572,0.14643368505649024,0.20362752752546903,0.22726827938266786
ewma,2021-12-07,0.08760089144996196,0.20234639921361272,0.1217514534493118,0.16382759265044222,0.20811131362815619,0.216362349608515
ewma,2021-12-08,0.08956442152838473,0.20411215735935953,0.12107150472837198,0.16037836261168925,0.20901191074012088,0.21586164303207359
ewma,2021-12-09,0.08804192798843635,0.2062471603171442,0.11125900294966644,0.17127374737702855,0.19631040752435963,0.22686775384336486
ewma,2021-12-10,0.08797743875037116,0.20571251986469913,0.11145716288726332,0.17130701644204166,0.19640279983925277,0.22714306221637198
ewma,2021-12-13,0.08223899086697548,0.20284674073160294,0.10539970400874928,0.19094263319135504,0.1961720858188189,0.22239984538249824
ewma,2021-12-14,0.08360587024833792,0.204184363672152,0.10571221956517687,0.19259133348372173,0.1948311387087107,0.2190750743219007
ewma,2021-12-15,0.07784183291140566,0.1977712357310582,0.11167565562327537,0.18832625719064006,0.2040223546558071,0.22036266388781361
ewma,2021-12-16,0.07563826223992257,0.19288766645268757,0.10791277443266471,0.1915606438803511,0.20158035258518112,0.23042030040919295
ewma,2021-12-17,0.07537325931447032,0.1967997261271419,0.10925091077949806,0.19237637589432535,0.20110882108757042,0.22509090679699392
ewma,2021-12-20,0.07668457840963568,0.19203795720223296,0.10633492977186357,0.1849326161070849,0.21119445357331457,0.22881546493586843
ewma,2021-12-21,0.07702839327155532,0.19253830002747968,0.10465009148415012,0.17972673644971437,0.21103413846487393,0.23502234030222657
ewma,2021-12-22,0.07955227871163152,0.19809877009986593,0.09581964417998223,0.19427634063240654,0.20789936511861085,0.22435360125750298
ewma,2021-12-23,0.08015313984869284,0.20106357416770207,0.09137883853385931,0.19062786134474308,0.2112720725422096,0.22550451356279302
ewma,2021-12-27,0.0775563140861836,0.21142690619665908,0.09038176820611704,0.178528472192736,0.21693872280687065,0.22516781651143364
ewma,2021-12-28,0.07713745012046981,0.21326184351788918,0.09041962033410639,0.17892628703509678,0.21658758038056958,0.22366721861186822
ewma,2021-12-29,0.07712397940415677,0.21177796103525479,0.09075256310452501,0.17790772663445606,0.2176025862065982,0.22483518361500918
ewma,2021-12-30,0.07689203584664464,0.21142332645704084,0.09040385957502611,0.17855379741186733,0.21826642893649909,0.224460551772922
ewma,2021-12-31,0.080525446489769,0.21200712915236503,0.09298792178636427,0.17316912775667226,0.2145451998626716,0.2267651749521579
ewma,2022-01-03,0.08099671102606998,0.19715010426137589,0.07368686337405694,0.17608982350411514,0.23532991564364142,0.23674658219074063
ewma,2022-01-04,0.0807253824884741,0.19187661817326876,0.07232005739324236,0.17969050294071823,0.23304134293095388,0.24234609607334254
ewma,2022-01-05,0.09011124282950894,0.22501165333169873,0.08239315516559384,0.18361735885871383,0.21403839915687167,0.20482819065761293
ewma,2022-01-06,0.0906661104522922,0.22446928114591436,0.0821682297271536,0.18593259636801815,0.21163534465224645,0.2051284376543753
ewma,2022-01-07,0.08907410837383337,0.22821319834671527,0.08101502392722447,0.19027588986507654,0.20316522907087642,0.20825655041627392
ewma,2022-01-10,0.08898849517758106,0.22882197178622415,0.08067454687700368,0.19093025706204955,0.20332328214827822,0.20726144694886328
ewma,2022-01-11,0.09079764751008561,0.217548020030845,0.08334729159220551,0.1876413307664842,0.21043077115800288,0.21023493894237674
ewma,2022-01-12,0.09074476909907334,0.21835186296445885,0.08210778323964381,0.18865441693420665,0.21258939904350416,0.20755176871911316
ewma,2022-01-13,0.09229766650896598,0.21665648593318867,0.08084428766854461,0.19698639557275957,0.19819708335191719,0.21501808096462383
ewma,2022-01-14,0.09310826666562258,0.21869940096722662,0.0813146606041822,0.19354503936741577,0.19668848482959583,0.21664414756595698
ewma,2022-01-18,0.09768820729374136,0.2239816016670411,0.09073916665279808,0.1785318030099094,0.19426639386439826,0.2147928275121117
ewma,2022-01-19,0.09590148223023343,0.21871089240050004,0.08934719157253956,0.18182195197262294,0.20000962583659737,0.21420885598750672
ewma,2022-01-20,0.09532447099830077,0.2053300860577353,0.09516258863979765,0.187490626054483,0.20105328361329206,0.2156389446363911
ewma,2022-01-21,0.13017875157017908,0.1887176758752482,0.11584723533334822,0.20575318883884725,0.08630769397896121,0.2731954544034162
ewma,2022-01-24,0.13054454564175705,0.18804959773560126,0.11655842630898282,0.20453178576207476,0.08698841269190698,0.27332723185967733
ewma,2022-01-25,0.1302828191309678,0.1873269373274432,0.1274182888013421,0.20549997719267354,0.08903390094145837,0.2604380766061151
ewma,2022-01-26,0.12980894659121833,0.18816351208935042,0.12699346342927204,0.20740082699387108,0.08940593184645805,0.2582273190498301
ewma,2022-01-27,0.12725116755186286,0.19155118073327804,0.1163526778871529,0.20903830590596437,0.0948257348875385,0.2609809330342034
ewma,2022-01-28,0.1280258367814419,0.18844982073278388,0.12284571548249332,0.21009540423312142,0.10536854631947956,0.24521467645068
ewma,2022-01-31,0.1222199051565047,0.19067273475174462,0.10702766778172663,0.20735469031332474,0.09448482830125532,0.27824017369544396
ewma,2022-02-01,0.12502405057507834,0.1931555247553898,0.11066441511623891,0.20619678945620196,0.09158885851464513,0.27337036158244576
ewma,2022-02-02,0.12728356948314068,0.20261691679967297,0.11800159513026452,0.21024440004339237,0.09951799891735962,0.24233551962616987
ewma,2022-02-03,0.15166798754222743,0.18750909375071584,0.15821805022507945,0.09731112251674034,0.12412497214678585,0.28116877381845107
ewma,2022-02-04,0.15772315822188643,0.15095662396536974,0.15837090295262174,0.10479538463286886,0.13098927358343734,0.29716465664381586
ewma,2022-02-07,0.1640516905717555,0.15412611093071743,0.15827541951411161,0.10358097714811904,0.1313528333489416,0.2886129684863548
ewma,2022-02-08,0.16349460085551615,0.153219180630086,0.1578783237190592,0.10455136262828596,0.13164705986505268,0.289209472302
ewma,2022-02-09,0.15328186719420483,0.15992492675404027,0.16169755834500363,0.10309901882574382,0.13271997546840336,0.2892766534126041
ewma,2022-02-10,0.15203855095219285,0.1624925684916049,0.16090392999212047,0.10520815460785927,0.13473010119434645,0.28462669476187596
ewma,2022-02-11,0.14354649572140063,0.16639354953348884,0.16036381773895256,0.111220768945852,0.13958854117456324,0.2788868268857427
ewma,2022-02-14,0.14362109918607605,0.1663237359067218,0.1598331481492503,0.1125027465157137,0.1396138331805663,0.27810543706167173
ewma,2022-02-15,0.12992573696364385,0.17274612897133138,0.15394843517150542,0.1159932809174749,0.14072098748682257,0.2866654304892219
ewma,2022-02-16,0.1299054619100995,0.1728816491362915,0.153932054101099,0.11584093954305334,0.14048741233041395,0.2869524829790427
ewma,2022-02-17,0.12487505052687428,0.1824168583760551,0.15283806528624913,0.12041774874213831,0.14713574171946653,0.27231653534921657
ewma,2022-02-18,0.12362440338872292,0.18241839802558657,0.15225923078179654,0.1214479007860303,0.1504294305037333,0.2698206365141304
ewma,2022-02-22,0.12555201245852926,0.18278669139568704,0.14835797246281324,0.12194710534986018,0.14791242406140312,0.2734437942717072
ewma,2022-02-23,0.12607793082467425,0.18021383540171307,0.1394688871299929,0.12709762660056542,0.15101247761285802,0.27612924243019643
ewma,2022-02-24,0.12814297460742158,0.181357465599961,0.14423185764490778,0.13351852175624382,0.1488618586089214,0.2638873217825443
ewma,2022-02-25,0.1281979867293238,0.1807668266893903,0.14466800982213698,0.13379329013955008,0.1502051655419094,0.2623687210776895
ewma,2022-02-28,0.1291819593273347,0.183414249511744,0.13785306099174294,0.13491847672651755,0.1508293072915524,0.2638029461511084
ewma,2022-03-01,0.12710992683040928,0.18343995920550146,0.13989970576975255,0.1330456990095461,0.1505498619130381,0.26595484727175234
ewma,2022-03-02,0.12569506683280976,0.1835955367934184,0.13927045315660044,0.13212318148902696,0.15280026320473272,0.2665154985234117
ewma,2022-03-03,0.12711971219260898,0.1810004961733722,0.13536313730785213,0.13247677065754468,0.15111776346273462,0.27292212020588746
ewma,2022-03-04,0.12575174406134035,0.18100288726658653,0.13803804075926018,0.13343334223409872,0.1512674905986806,0.2705064950800336
ewma,2022-03-07,0.1253530682732278,0.1748848241991848,0.14648963300411288,0.13402739875121314,0.1628532151445093,0.256391860627752
ewma,2022-03-08,0.1252927022439399,0.17525504598947977,0.1460291788393207,0.13379645431576145,0.16349798506782345,0.25612863354367477
ewma,2022-03-09,0.1236020042616595,0.18787754494621808,0.15092488719110975,0.13930457242703045,0.16257307871262125,0.2357179124613608
ewma,2022-03-10,0.12356588025570224,0.18813687920399103,0.15084544767882344,0.13925332686869998,0.16254407389611283,0.23565439209667052
ewma,2022-03-11,0.12658634322900558,0.19550606363673637,0.1457843273906556,0.13820551869940922,0.15754691931615716,0.2363708277280361
ewma,2022-03-14,0.12715283606005323,0.1950652824034567,0.14496374973626552,0.14459501159318883,0.15822431990039,0.22999880030664574
ewma,2022-03-15,0.1207571684643345,0.1921243254708155,0.14486585230265853,0.15018315476825606,0.1594160975404961,0.23265340145343927
ewma,2022-03-16,0.11967678901004813,0.19213221968168348,0.14616713350783161,0.14640431693619368,0.16232132540037994,0.2332982154638631
ewma,2022-03-17,0.12205029673371112,0.1896815616648,0.14390902252088533,0.1470469581594376,0.15885129557527108,0.23846086534589478
ewma,2022-03-18,0.11739536501216209,0.19048700947797628,0.14329838582326196,0.14539836103976292,0.16131337682706554,0.24210750181977128
ewma,2022-03-21,0.11753753031036615,0.19058136988795019,0.14360258968693873,0.1450719679640763,0.16104697067043555,0.24215957148023312
ewma,2022-03-22,0.12603077735674353,0.1923433564124436,0.13398057680619366,0.1471066772573557,0.16345319284491375,0.23708541932234972
ewma,2022-03-23,0.12463047291858596,0.19300103653973244,0.13630356166423446,0.1472760537377222,0.16224584063083972,0.23654303450888525
ewma,2022-03-24,0.11454426916993221,0.20000496499935683,0.13878390894583428,0.14668317706542133,0.16762986562916185,0.23235381419029352
ewma,2022-03-25,0.11453392542562452,0.20001605834822683,0.13878050217258134,0.14669241288549473,0.16762243244762448,0.2323546687204482
ewma,2022-03-28,0.1154647629334191,0.19631472031463867,0.1288998891696348,0.14929219220901066,0.1694116415747038,0.24061679379859305
ewma,2022-03-29,0.11599335654405075,0.1992891430678236,0.1302635182019629,0.14745791770655614,0.1652244892382883,0.2417715752413182
ewma,2022-03-30,0.11461223006120605,0.19756850169274362,0.13192342237443505,0.14869279127192211,0.16281535422614216,0.2443877003735509
ewma,2022-03-31,0.11671449628265176,0.1966178047111662,0.13382454505157057,0.14852764635932272,0.16364866698782074,0.24066684060746793
ewma,2022-04-01,0.1171400383919252,0.19659860771545418,0.1337802418705039,0.14833752461544567,0.16385892097959956,0.2402846664270714
ewma,2022-04-04,0.1236137684609572,0.1968474724108558,0.12979117664826664,0.14773783407459648,0.15782010294751353,0.2441896454578103
ewma,2022-04-05,0.12015772682078103,0.19529918484120393,0.12685410469693406,0.15467446186163164,0.15748157783417066,0.2455329439452787
ewma,2022-04-06,0.11823239575137273,0.1945912613919875,0.12876243361304152,0.15590293856287307,0.16100768178931502,0.24150328889141004
ewma,2022-04-07,0.11821777345836257,0.19445560187579558,0.12952168863834224,0.15618659346383088,0.1602782604669097,0.24134008209675903
ewma,2022-04-08,0.11593152717094525,0.19323168021405351,0.12907096585618627,0.16178062287845227,0.16159799651348009,0.23838720736688257
ewma,2022-04-11,0.11493246090771987,0.19735756219273937,0.12743428595896267,0.16496307684201456,0.16664943233482757,0.22866318176373596
ewma,2022-04-12,0.11452993986316358,0.1978996377844169,0.12866063971831393,0.16464991671172152,0.1662378425272976,0.22802202339508654
ewma,2022-04-13,0.1145476699335412,0.19205600201441614,0.12739582246884862,0.1709184917415276,0.16758505741308538,0.22749695642858112
ewma,2022-04-14,0.1143027933452179,0.19201863792205004,0.12754293044241144,0.17326039143827068,0.1682530379363468,0.22462220891570295
ewma,2022-04-18,0.11349545820267135,0.19179448818738457,0.12681801235739562,0.1736549422105728,0.1701357182095833,0.22410138083239237
ewma,2022-04-19,0.11790988167654673,0.18601749096743797,0.13001110259191778,0.17183183306328126,0.16832590201488634,0.22590378968593006
ewma,2022-04-20,0.13943918382709797,0.2154043061647207,0.14240720565281798,0.15842078473899526,0.07259004712903855,0.27173847248732946
ewma,2022-04-21,0.13465628923635836,0.20888208839223943,0.16311131349433028,0.15035675472713747,0.07522977462746677,0.2677637795224676
ewma,2022-04-22,0.13622962557903862,0.2084215790383362,0.17130745366540798,0.15381964643448356,0.0783269459913116,0.251894749291422
ewma,2022-04-25,0.13639251962952034,0.2087707363118357,0.17446324213601,0.15398546028640236,0.07995431500635292,0.24643372662987864
ewma,2022-04-26,0.14212205496351704,0.2089089246294511,0.14225143922155145,0.16840894096909584,0.08822736462232847,0.25008127559405624
ewma,2022-04-27,0.1439635872498917,0.21334449521583893,0.14822725225284275,0.16665398367584225,0.08809676030349098,0.2397139213020934
ewma,2022-04-28,0.1422580633099824,0.2131607600811704,0.17952436792032442,0.12260973853957918,0.09648725583463424,0.24595981431430938
ewma,2022-04-29,0.1445430027901399,0.16297641153198641,0.20340668415551338,0.13653164813758237,0.10340006842205006,0.24914218496272794
ewma,2022-05-02,0.14144647201601146,0.17105373448200992,0.19997647021482642,0.13431267870933694,0.10396648643347357,0.24924415814434178
ewma,2022-05-03,0.14149908018089266,0.17128017153348532,0.19985267718497707,0.1343442476350465,0.10403390269969434,0.2489899207659042
ewma,2022-05-04,0.14400418260060713,0.17975101951905817,0.19456052484827344,0.13350372771403002,0.1090921245064331,0.2390884208115981
ewma,2022-05-05,0.1472975484336741,0.17449623253955046,0.18185055827866856,0.1395005586158352,0.11530520496268729,0.2415498971695845
ewma,2022-05-06,0.14779947950101302,0.17432057802643755,0.18224816939077448,0.13910520895163342,0.1144150505776196,0.24211151355252175
ewma,2022-05-09,0.13943564714562545,0.1748996366619038,0.16704815199143572,0.1466750168636665,0.12079096474175292,0.2511505825956156
ewma,2022-05-10,0.13792652201219766,0.17691587297597622,0.16716022104349576,0.14778121205959333,0.12058670667357786,0.2496294652351592
ewma,2022-05-11,0.13633601640697246,0.17831693859109354,0.155536470811344,0.14722605106917672,0.1193222427509956,0.2632622803704177
ewma,2022-05-12,0.1368463525814754,0.17790722297600675,0.15573735420641224,0.14700294488038537,0.11877084979027304,0.26373527556544724
ewma,2022-05-13,0.12934979763815982,0.1747167171795865,0.15576505081420464,0.15338996006840316,0.1181660742474941,0.26861240005215176
ewma,2022-05-16,0.1294827435240195,0.1746193757501288,0.15158573715315296,0.1566525118036765,0.1195876332272204,0.2680719985418018
ewma,2022-05-17,0.1277687514187238,0.17187277867880885,0.14862124509234126,0.16060575688232487,0.12195211279992334,0.26917935512787783
ewma,2022-05-18,0.13012450493406014,0.166316050499609,0.14829050048857437,0.1643814683594422,0.12415744756426353,0.2667300281540509
ewma,2022-05-19,0.13002057699466585,0.16626683513660645,0.14827621953125067,0.16441599444110383,0.1239233755945992,0.2670969983017741
ewma,2022-05-20,0.12959405191537052,0.16767831671067965,0.14498598601983445,0.16643126532560998,0.1254207011920579,0.2658896788364475
ewma,2022-05-23,0.13016652407986407,0.16944496470106973,0.1451577864027017,0.16667499073691328,0.12627331525975946,0.2622824188196918
ewma,2022-05-24,0.13663064979211006,0.17816852232946653,0.14322239514723278,0.15896565614767183,0.13368275504808316,0.24933002153543557
ewma,2022-05-25,0.13355812806808107,0.17710778852522674,0.1401088475892797,0.16045700628196527,0.1320798286064355,0.25668840092901174
ewma,2022-05-26,0.13278711630856932,0.1754932783981042,0.13444281321166435,0.15929042977470723,0.13710130215349456,0.2608850601534603
ewma,2022-05-27,0.13273064235455626,0.17665137261820502,0.130757388844232,0.1663244473737345,0.1429641241827576,0.25057202462651457
ewma,2022-05-31,0.13389713484758317,0.17384420038629936,0.13159208032650035,0.16786782927114638,0.14309653242645334,0.24970222274201742
ewma,2022-06-01,0.1334375827465881,0.17582683778826957,0.13090048684851732,0.1663857589595465,0.14235331263774775,0.25109602101933076
ewma,2022-06-02,0.13081946830530958,0.18128978737964155,0.13389676423434066,0.1639962548807068,0.1403483931699665,0.24964933203003487
ewma,2022-06-03,0.13194973315864367,0.18516869093219995,0.125869816932772,0.16354002379166507,0.1437740890159589,0.2496976461687603
ewma,2022-06-06,0.13300462482767472,0.1843896103962366,0.12611320564730774,0.16324352433749634,0.1457456658217122,0.2475033689695725
ewma,2022-06-07,0.1329505293260484,0.1846517273304632,0.12610645351767935,0.16316814835168902,0.14568521078869295,0.24743793068542702
ewma,2022-06-08,0.13303236833899343,0.1848043265123267,0.12604605181758946,0.163131918975874,0.14555741938027236,0.2474279149749441
ewma,2022-06-09,0.13572310401157106,0.18133856455345282,0.13332600755520368,0.1552792920224379,0.14389813375022772,0.25043489810710673
ewma,2022-06-10,0.1347898698568409,0.17535010451324878,0.13987810406451912,0.15645016154836938,0.14446236107731944,0.2490693989397023
ewma,2022-06-13,0.13409006694486517,0.1773418384153181,0.14059302610303373,0.15689008676769375,0.14392380374251237,0.24716117802657683
ewma,2022-06-14,0.13402860821511473,0.17747445862910963,0.14045862755855443,0.15691795461515465,0.14400509912670334,0.24711525185536315
ewma,2022-06-15,0.13715158004701636,0.17377716198405804,0.14024839476039797,0.16154245237788634,0.13853646942641698,0.24874394140422434
ewma,2022-06-16,0.13769939154824445,0.1769876558443819,0.13360398967013604,0.16113086807003102,0.14329958517106237,0.24727850969614432
ewma,2022-06-17,0.13789978321708551,0.17571750604794523,0.13388722585961652,0.16104983318280724,0.14393594736182636,0.2475097043307192
ewma,2022-06-21,0.1362907734700553,0.17553284445481976,0.1275655457402575,0.17163065951440826,0.15038129083361496,0.23859888598684414
ewma,2022-06-22,0.13664092513549048,0.17555970635099108,0.12769850857017367,0.17203653365395588,0.14932294639724691,0.238741379892142
ewma,2022-06-23,0.13819249017719606,0.17334733336735783,0.128790952582503,0.17140189719894935,0.1492386398675413,0.23902868680645242
ewma,2022-06-24,0.14084561091965897,0.18087743306399492,0.1349541190976617,0.1633392287182191,0.15259532728876535,0.2273882809116999
ewma,2022-06-27,0.1410814008339451,0.17900136603979658,0.13616247828787625,0.1646182415317304,0.1532907108080411,0.2258458024986106
ewma,2022-06-28,0.14197741231511085,0.17584252782886142,0.13808985635028384,0.1632055150785511,0.15371862187996832,0.22716606654722446
ewma,2022-06-29,0.1416134721336594,0.1761740481611082,0.1378942928216909,0.16359398711062423,0.1536148488075909,0.2271093509653262
ewma,2022-06-30,0.14188159509092504,0.17544691988978858,0.13920359722809975,0.1648099453795672,0.15436657604020498,0.22429136637141436
ewma,2022-07-01,0.14318331005585302,0.17431852215257457,0.13898270030474213,0.1652601532445694,0.1536205639064371,0.22463475033582375
ewma,2022-07-05,0.14690757674158322,0.17473360402848148,0.1438801558818925,0.16149266764841066,0.1562567649567321,0.21672923074290004
ewma,2022-07-06,0.14673825865836684,0.1746244150107117,0.14427874162604337,0.16133629534122945,0.15684422839024606,0.21617806097340264
ewma,2022-07-07,0.14428347650526804,0.17945776715376052,0.14059788186197167,0.16707533616933887,0.15831450743291584,0.21027103087674517
ewma,2022-07-08,0.14428345929060224,0.1794576781485009,0.14059809214922125,0.16707525965794578,0.1583143893759258,0.21027112137780393
ewma,2022-07-11,0.14645562788365382,0.18310665585439745,0.13637746337228487,0.16541458369384798,0.1560481073051579,0.21259756189065793
ewma,2022-07-12,0.1471694685403235,0.18153835588211745,0.13702475649085455,0.1669571011921226,0.1556764483740746,0.21163386952050728
ewma,2022-07-13,0.14706761623018702,0.18123378661748452,0.13674833150361396,0.16693117606730415,0.15544265920674716,0.21257643037466314
ewma,2022-07-14,0.1481739860387777,0.18189304895044878,0.1372920289336079,0.16519713585542029,0.15530484530602645,0.21213895491571894
ewma,2022-07-15,0.15043221981047364,0.182813139299189,0.1444367574441462,0.16191709280833472,0.1419471797847974,0.21845361085305906
ewma,2022-07-18,0.14993245820157836,0.18274684666526514,0.1443840704265085,0.16152059523003215,0.141775558475828,0.21964047100078782
ewma,2022-07-19,0.14758639153416456,0.18391465270440358,0.15655355891720887,0.15968408221142613,0.14076872746902963,0.21149258716376707
ewma,2022-07-20,0.14347784733656477,0.17912572558165238,0.1636778985133644,0.15676881429366948,0.13221613372662447,0.22473358054812453
ewma,2022-07-21,0.1466061291164782,0.18123721301415638,0.1464487288446541,0.16260126927329072,0.13105847238842286,0.2320481873629978
ewma,2022-07-22,0.14751415147886668,0.1895151940943685,0.15979093861410124,0.1507503720366861,0.13925361625904734,0.21317572751693012
ewma,2022-07-25,0.14702393315150036,0.1893399813556303,0.1594868067261377,0.15035387284281596,0.13962807422387377,0.21416733170004196
ewma,2022-07-26,0.15035999022295327,0.17913803997588937,0.15973006232225784,0.14836208071888546,0.14547898020796782,0.2169308465520462
ewma,2022-07-27,0.14956803340854996,0.1851722682437207,0.1641872822500372,0.15330841734695497,0.1528786122455814,0.19488538650515577
ewma,2022-07-28,0.1495155952743295,0.18508882675140342,0.16406634680294416,0.1536288286936793,0.15290407330035116,0.1947963291772925
ewma,2022-07-29,0.155299573871973,0.16236536202329252,0.15820446489435505,0.16382435855501473,0.16233795235170884,0.19796828830365593
ewma,2022-08-01,0.15502166647608337,0.1623251040121812,0.15822728643834894,0.16374810289188924,0.1622584703618759,0.19841936981962133
ewma,2022-08-02,0.1551215695730674,0.16219578097496212,0.1584282375378689,0.1638161009485907,0.1619329851938014,0.1985053257717094
ewma,2022-08-03,0.15905107350142156,0.15958949669954883,0.16100737669354143,0.15719851535428092,0.16443870384426107,0.19871483390694633
ewma,2022-08-04,0.15835089001116784,0.15838340809424192,0.16179796155944712,0.15728726027926662,0.16407406456878923,0.2001064154870873
ewma,2022-08-05,0.1604980571625875,0.1604968212204443,0.15247060878833024,0.15708841409140348,0.16557816701689798,0.20386793172033646
ewma,2022-08-08,0.15857157823622947,0.16028041112271327,0.1528102618843518,0.1577336303353482,0.16665616760652238,0.20394795081483483
ewma,2022-08-09,0.1543610131197928,0.16146957186947827,0.151729837576979,0.15905561016010467,0.16685898914571845,0.20652497812792678
ewma,2022-08-10,0.14957996717881936,0.1667336724319694,0.15588527658362555,0.15424024924114413,0.15879979662146146,0.21476103794298004
ewma,2022-08-11,0.14995979022302955,0.166320331048242,0.1542979980577375,0.15495434487431722,0.1594397032396132,0.21502783255706054
ewma,2022-08-12,0.14703654742574399,0.16939197830596858,0.1499872868807884,0.15920590688403216,0.16025966605631373,0.21411861444715313
ewma,2022-08-15,0.14634385220385085,0.17038102330980776,0.14823997298026054,0.15959467877537617,0.16096293759207392,0.21447753513863077
ewma,2022-08-16,0.1461972247268739,0.17140660233604582,0.14802868585134885,0.15942887119036703,0.16043424612685672,0.21450436976850765
ewma,2022-08-17,0.14486555931655645,0.1715266558211728,0.15091398605156026,0.158250256982982,0.16096799848142723,0.2134755433463013
ewma,2022-08-18,0.14364503246500523,0.17203199527738205,0.15179474851590474,0.1590196973722526,0.16005169405556502,0.2134568323138905
ewma,2022-08-19,0.13889423647590438,0.17169769648584268,0.15564494207964566,0.1559798368230107,0.16558870397708644,0.21219458415851014
ewma,2022-08-22,0.1378907619253261,0.1707565890566058,0.16238748099587655,0.16029216130867585,0.15442429357208637,0.21424871314142938
ewma,2022-08-23,0.13778761683907403,0.17072133652950275,0.16200022957420737,0.1605175229434067,0.1545866332689861,0.2143866608448229
ewma,2022-08-24,0.1380783349547759,0.1711253143894276,0.1622835013485588,0.15989732722034863,0.15327927815451695,0.21533624393237208
ewma,2022-08-25,0.13519771688437315,0.16981411547476524,0.17174278233973403,0.15709473430395618,0.15538202020606576,0.21076863079110564
ewma,2022-08-26,0.12281522286748989,0.17044888559941895,0.1869994379070444,0.16417811703332935,0.15951087475779896,0.19604746183491828
ewma,2022-08-29,0.12166113966275038,0.17079508255895956,0.18654239528107647,0.16328281822632745,0.16162555883979352,0.1960930054310926
ewma,2022-08-30,0.12143843665018617,0.17206372606915019,0.1835391984499712,0.163577549420272,0.16105203153246045,0.19832905787795999
ewma,2022-08-31,0.12141529722284727,0.1720352070156862,0.1835255324917196,0.16363977262021204,0.16107225755190466,0.19831193309763007
ewma,2022-09-01,0.123571609333783,0.17188240190657023,0.18349567189991037,0.16329665959516368,0.16011176898292365,0.19764188828164891
ewma,2022-09-02,0.12427651727298523,0.17730684594306875,0.18050640420572808,0.16001233810605606,0.160930269723655,0.19696762474850688
ewma,2022-09-06,0.12414138315719389,0.17684133919271133,0.1852671337220341,0.16000647269799365,0.15715776202101892,0.19658590920904806
ewma,2022-09-07,0.12897293111979186,0.17678434568822818,0.18071671523793623,0.1680802004763745,0.14966203063889763,0.19578377683877152
ewma,2022-09-08,0.1282025965492054,0.176987078941374,0.17906930907244864,0.1674469332827246,0.1505763882873713,0.1977176938668759
ewma,2022-09-09,0.13164952649186093,0.17814427999240287,0.17463546490390577,0.16057498377192897,0.15367680937153136,0.20131893546837012
ewma,2022-09-12,0.13219915870912696,0.17514616047861709,0.1735239751232562,0.162564516538833,0.15340039084755247,0.20316579830261422
ewma,2022-09-13,0.12852711978758355,0.17078620229416958,0.20119456320679244,0.1462851941902574,0.15213523962150344,0.20107168089969352
ewma,2022-09-14,0.1304393783038272,0.1709403017972146,0.19578289743981359,0.14993755661040034,0.1504789061760147,0.20242095967272966
ewma,2022-09-15,0.13024522480555129,0.1704156299711651,0.19608373217580902,0.14968881337142884,0.15202117447456392,0.20154542520148175
ewma,2022-09-16,0.1305963892783272,0.16992591148689334,0.19610039817015396,0.14931933437830033,0.15246720028423152,0.20159076640209353
ewma,2022-09-19,0.13065638639762303,0.17031389412814285,0.19402733342280837,0.1494132914408249,0.15220667086968903,0.20338242374091178
ewma,2022-09-20,0.13070180404759035,0.168777844864451,0.19630113130138135,0.14954419251925588,0.1537096969060372,0.2009653303612842
ewma,2022-09-21,0.13790117807884136,0.16592968640168176,0.19321039182670277,0.14872663696845792,0.15351763815543737,0.20071446856887887
ewma,2022-09-22,0.13247039416405218,0.16654737779124,0.18495035494625076,0.15217593742181726,0.15638764877637418,0.2074682869002657
ewma,2022-09-23,0.14080227167137732,0.16504855184195366,0.17457679819071387,0.15655418500028473,0.1507186582129946,0.21229953508267588
ewma,2022-09-26,0.1394519051055428,0.16779653219945379,0.17589131837265187,0.15404583426585,0.15045679763671918,0.21235761241978227
ewma,2022-09-27,0.13913689949385458,0.16809199718782603,0.17500868158685978,0.15450648548011497,0.1504668858407068,0.21278905041063778
ewma,2022-09-28,0.1472241241503973,0.17176765154118165,0.18837175494114608,0.1480076739737412,0.12794651346275937,0.21668228193077452
ewma,2022-09-29,0.14863133391790995,0.17800362550708435,0.16708368347148722,0.15003617027227384,0.13739011755116828,0.21885506928007634
ewma,2022-09-30,0.15000939082027523,0.17734936900278575,0.16760055120645442,0.151752221788622,0.13722798959266388,0.21606047758919886
ewma,2022-10-03,0.14817779978247514,0.17522048096197756,0.17684035765840495,0.15088492297056866,0.13683190699301015,0.21204453163356354
ewma,2022-10-04,0.1420746878262301,0.16711784155694306,0.17682285889479551,0.15993638913802097,0.14686643154058077,0.2071817910434295
ewma,2022-10-05,0.14384389606075212,0.16858796661974443,0.17291093232758034,0.1599892867273612,0.14619265990001107,0.20847525836455083
ewma,2022-10-06,0.1437670092027911,0.16847723938351766,0.17267281081335228,0.16003635732426635,0.146525734913187,0.20852084836288573
ewma,2022-10-07,0.13210013885870153,0.16955992429323163,0.16305065525171422,0.16821909039862531,0.14235262232867554,0.22471756886905175
ewma,2022-10-10,0.13104834936684093,0.16935049297152774,0.163239812587455,0.16862243686378398,0.1435818540181048,0.2241570541922875
ewma,2022-10-11,0.13658465212942658,0.1737028219942346,0.16187416402191585,0.16269703346877296,0.1330594670204961,0.23208186136515394
ewma,2022-10-12,0.13714037778440075,0.17350782200344003,0.16193631310653564,0.16357757592306094,0.13193413164306347,0.2319037795394991
ewma,2022-10-13,0.1333430621683938,0.1835783497965535,0.16220673775911773,0.16345703845151527,0.1261375315612161,0.23127728026320368
ewma,2022-10-14,0.12977506812088246,0.1744551328545906,0.14612897904485536,0.17157550845318745,0.14230484777238542,0.2357604637540987
ewma,2022-10-17,0.13571760239702446,0.16653914704942677,0.1433362949379185,0.1695441277329598,0.14254865046324755,0.24231417741942307
ewma,2022-10-18,0.13569441296825302,0.16580295468181566,0.1433690696779281,0.1700906185348739,0.14316073349942157,0.24188221063770782
ewma,2022-10-19,0.13617094597681215,0.16993906111949972,0.1439780259016698,0.17208320664652968,0.1278528285205395,0.24997593183494923
ewma,2022-10-20,0.13850735142341303,0.17155054551637242,0.13809320496121374,0.17131236901659141,0.1276492087685723,0.2528873203138371
ewma,2022-10-21,0.13943723654213633,0.16605940477721826,0.13642171752212964,0.18485563913519584,0.11863466130000505,0.2545913407233147
ewma,2022-10-24,0.13941592143362125,0.16605853770754553,0.13647815116652962,0.1848878754303679,0.1186975751554704,0.25446193910646536
ewma,2022-10-25,0.13535847431625833,0.18149598934312913,0.1329473723522497,0.1685192397408673,0.12321337454719894,0.25846554970029667
ewma,2022-10-26,0.14592555268628646,0.183891794500063,0.15388189040096378,0.16445903739865494,0.14586194354008772,0.20597978147394413
ewma,2022-10-27,0.1731713071716842,0.1806875829243083,0.17036173778213423,0.1055923212812781,0.15742372778514302,0.21276332305545198
ewma,2022-10-28,0.1689510355839103,0.19074658909933948,0.16962175373725707,0.1054575138104933,0.1584471863827555,0.20677592138624434
ewma,2022-10-31,0.16699393863902062,0.19270489232595733,0.17257542743668705,0.10268889957344547,0.15922112411180325,0.20581571791308625
ewma,2022-11-01,0.1737253916690007,0.1824813821881837,0.17815320685384248,0.10841582699645792,0.16001707545716598,0.19720711683534917
ewma,2022-11-02,0.18488363998263405,0.1780805707259636,0.16978185913634958,0.1123776706376893,0.1595161712351557,0.19536008828220774
ewma,2022-11-03,0.1911449018543311,0.17525423105193466,0.1723256198305671,0.11300959187308493,0.1593679100764881,0.18889774531359416
ewma,2022-11-04,0.1833686074613846,0.17423980094282615,0.1798037212254503,0.11305001164599171,0.16447033922814905,0.1850675194961983
ewma,2022-11-07,0.1830257299767619,0.1744243393995758,0.18119855468171148,0.11235773638714042,0.1645133483503352,0.1844802912044752
ewma,2022-11-08,0.18266075823793224,0.17454117785890466,0.18174035734747343,0.11239239476969097,0.16422490705345996,0.18444040473253878
ewma,2022-11-09,0.1722283279008518,0.17001218461196108,0.1670542039243855,0.13258614953149944,0.16741438063718772,0.19070475339411452
ewma,2022-11-10,0.1393664931916603,0.15044877544635984,0.18641007951197663,0.1413252940720538,0.18026906591816158,0.20218029185978775
ewma,2022-11-11,0.1402217225304188,0.14927166120590116,0.18799370557321868,0.14636611547922837,0.17371064724509083,0.20243614796614215
ewma,2022-11-14,0.1402769389550375,0.14889841371964724,0.18731811385691471,0.14660046923764763,0.1746270780555339,0.20227898617521903
ewma,2022-11-15,0.14111058269576754,0.15260759423310272,0.18804842759537985,0.1469582077357298,0.171774535333016,0.19950065240700413
ewma,2022-11-16,0.13814098590903423,0.15343154997553926,0.1834687401337797,0.14541492236617448,0.17349309569310548,0.20605070592236682
ewma,2022-11-17,0.13905689974434596,0.15289598299368612,0.18302090094184234,0.1459456880459087,0.17052336291347897,0.20855716536073785
ewma,2022-11-18,0.13890633097313737,0.1535083363429707,0.18250799311372753,0.1474486134316758,0.169130939534475,0.20849778660401347
ewma,2022-11-21,0.14330431804120802,0.1556372062679411,0.17077064244505682,0.14867514494936482,0.17309763856087554,0.20851504973555363
ewma,2022-11-22,0.13977431896831652,0.157048222984869,0.17132542030111747,0.1490895487592353,0.17477782492300392,0.20798466406345767
ewma,2022-11-23,0.1400224542608807,0.16150158518062163,0.15815101618647592,0.15283287655542516,0.17752221238184981,0.2099698554347468
ewma,2022-11-25,0.13984190956716855,0.1619018543794009,0.15914899509613953,0.15324468716784134,0.17620587062826196,0.20965668316118777
ewma,2022-11-28,0.13852811146928998,0.16443969867545424,0.16067996579644428,0.15219135935364908,0.17553741562977243,0.20862344907538996
ewma,2022-11-29,0.13837075686233927,0.16368405215381562,0.16043169068401358,0.15315466575871448,0.17616346781654502,0.20819536672457223
ewma,2022-11-30,0.13977350528236235,0.18369292460005238,0.15862803504793893,0.1521178276816003,0.1624716315882221,0.20331607579982386
ewma,2022-12-01,0.13955647057650536,0.18557055700213573,0.1592663398061218,0.1513555009438468,0.16011528931322816,0.20413584235816212
ewma,2022-12-02,0.13953900932170799,0.18554123405712297,0.1592703571487048,0.15139164681470088,0.16013447647763127,0.20412327618013218
ewma,2022-12-05,0.14244236715309108,0.18214912064114375,0.15098692016707396,0.15514963683842797,0.16075805915153038,0.20851389604873294
ewma,2022-12-06,0.14227469948023014,0.18154599957803344,0.1564555471915189,0.1465988131245579,0.16399422298072786,0.2091307176449317
ewma,2022-12-07,0.14321011791695643,0.18238463820481465,0.15494955240178024,0.1469397026007559,0.16517568798769153,0.20734030088800132
ewma,2022-12-08,0.13760200034289885,0.18032770932282674,0.1567974929131088,0.14685106169451645,0.16589427786776656,0.21252745785888258
ewma,2022-12-09,0.13822103246945208,0.18162886389963612,0.15533457018750016,0.14677029752847368,0.16427068070689235,0.21377455520804564
ewma,2022-12-12,0.13986701336587062,0.1832026218667459,0.15220302988332587,0.1464026137182737,0.16369415739174215,0.21463056377404174
ewma,2022-12-13,0.13859594402056902,0.18187809579117226,0.16284372268349484,0.1423492205791467,0.1634926583067474,0.2108403586188697
ewma,2022-12-14,0.13757207842622082,0.18175154487487316,0.16107775973570818,0.14458418644993712,0.16385282991258227,0.21116160060067848
ewma,2022-12-15,0.14098293025820038,0.1835703304735491,0.18457669808382238,0.146307145970324,0.14326775863182434,0.20129513658227985
ewma,2022-12-16,0.13993053576466333,0.18407034135396677,0.17962799375320776,0.15024402695204697,0.1446672641454007,0.20145983803071454
ewma,2022-12-19,0.1413106801179168,0.17906434716640207,0.18425099736195713,0.14655448696995638,0.14821142486125605,0.2006080635225116
ewma,2022-12-20,0.14138580093807307,0.18124048840208418,0.17412632614698736,0.14990202498949123,0.14969558525622373,0.20364977426714034
ewma,2022-12-21,0.14008532812378116,0.1800653781610733,0.17780131834511548,0.1491365939529454,0.14643113847318967,0.20648024294389497
ewma,2022-12-22,0.13062377519755336,0.1799185662224825,0.15474704990285157,0.1553682733553348,0.16556175831343903,0.21378057700833875
ewma,2022-12-23,0.13096775219017717,0.1793269949946597,0.15533146857068236,0.15533169099930966,0.166073107923762,0.21296898532140904
ewma,2022-12-27,0.12426185943777734,0.18661406853658258,0.13040812439602542,0.16989853528293994,0.16738154309337647,0.22143586925329814
ewma,2022-12-28,0.12477984324301766,0.18585983057811023,0.1335663521198788,0.17027594501028748,0.1655884821746749,0.21992954687403105
ewma,2022-12-29,0.13008841985112976,0.19179328803550882,0.12492706367927865,0.16993776073575964,0.16052333366913404,0.22273013402918912
ewma,2022-12-30,0.13013363564152666,0.1919822634085814,0.12477070378622171,0.16997192656613824,0.16014591920199353,0.22299555139553842
ewma,2023-01-03,0.1293426202826132,0.1938847103045754,0.12075739810115399,0.17205645670916556,0.16007649241968583,0.223882322182806
ewma,2023-01-04,0.12723702814355986,0.20037563897057942,0.11729248205123262,0.16900536567336633,0.15202385039865585,0.23406563476260603
ewma,2023-01-05,0.1259054970278224,0.1972042936085584,0.11708721190452039,0.173164849988822,0.15698019014958453,0.2296579573206922
ewma,2023-01-06,0.1239978006968663,0.18956531412499272,0.11901027244824743,0.17340768234242473,0.15974946823852804,0.23426946214894084
ewma,2023-01-09,0.11939819587862588,0.18861468807140142,0.1149150762117862,0.1779123949007824,0.1638994216337549,0.23526022330364915
ewma,2023-01-10,0.12065408879896017,0.1840185992385793,0.11947173905167462,0.17568601622308763,0.15831804671575445,0.2418515099719437
ewma,2023-01-11,0.12751709558923086,0.1691714481889505,0.11928281817963635,0.18683959323276453,0.1679387750691384,0.22925026974027937
ewma,2023-01-12,0.1253596265345085,0.17050794010730788,0.12004560470113713,0.18262594062828544,0.16827943166474776,0.23318145636401336
ewma,2023-01-13,0.12433628947916583,0.16681406662958181,0.12247495485994107,0.18495208167349286,0.16884791712943265,0.23257469022838567
ewma,2023-01-17,0.12256733045703848,0.16811202666426964,0.12028341184907988,0.18541058351485867,0.1701589425957536,0.23346770491899965
ewma,2023-01-18,0.12194120858915003,0.16846608566860033,0.11955007752642949,0.18312246760266163,0.17190256928560943,0.2350175913275491
ewma,2023-01-19,0.12012454415901969,0.16635258726986338,0.11931922782992996,0.18606458823230332,0.1684979947120225,0.23964105779686112
ewma,2023-01-20,0.12287356281838983,0.1796538736786251,0.12907456537637813,0.2131412789408226,0.14377736665899715,0.21147935252678712
ewma,2023-01-23,0.11433718812877594,0.19788303559327428,0.12024892526453389,0.2093516346207766,0.14128506757987896,0.2168941488127604
ewma,2023-01-24,0.11471660393020432,0.19732783452120073,0.12051300378013423,0.20981867010763247,0.14251321775532302,0.21511066990550531
ewma,2023-01-25,0.11502035060355201,0.19865430941390574,0.12082346710081991,0.2092499545594606,0.14334926774400625,0.21290265057825547
ewma,2023-01-26,0.12107639683260586,0.20153361867212335,0.10577370350288261,0.19605600872418702,0.1623656399925956,0.21319463227560553
ewma,2023-01-27,0.12346590424442398,0.19552411957755858,0.0953038386145608,0.1911609809596131,0.1795452851669859,0.21499987143685773
ewma,2023-01-30,0.11857431303466176,0.20195720449165855,0.09399681784615475,0.18824947426020294,0.18329307877169532,0.2139291115956265
ewma,2023-01-31,0.11950445468367214,0.19765516376975295,0.09346540948785374,0.189596133145516,0.18817861368693992,0.21160022522626526
ewma,2023-02-01,0.11191316402782511,0.20033585100730228,0.09415639075243841,0.18765754038044866,0.18965685901805196,0.2162801948139337
ewma,2023-02-02,0.14027639962159436,0.18907829320217034,0.11956271064006514,0.10244425426115678,0.24810867146107787,0.20052967081393547
ewma,2023-02-03,0.14070193244116969,0.1700552011868017,0.12606462405839014,0.10653804511620314,0.2572872904508491,0.1993529067465863
ewma,2023-02-06,0.14113104563820092,0.1699095052306451,0.12733339402306965,0.10688566126859153,0.2564161963364613,0.1983241975030316
ewma,2023-02-07,0.13617454634782863,0.17608878254295723,0.12997469059154668,0.10738451670536044,0.26207780672782255,0.18829965708448462
ewma,2023-02-08,0.1384733850550245,0.1757280628269793,0.13434385347300357,0.1066323641475935,0.2705694981517576,0.17425283634564157
ewma,2023-02-09,0.1407888211413181,0.1753631593399354,0.1384776512111226,0.1064708316409295,0.26921309370617647,0.1696864429605179
ewma,2023-02-10,0.13873594598424688,0.18412172668097843,0.13648437465213306,0.10973766092481804,0.25249073921812687,0.1784295525396969
ewma,2023-02-13,0.13848586190998816,0.18347871433792046,0.1413348593675741,0.10952697265263747,0.24424990699021626,0.18292368474166348
ewma,2023-02-14,0.13312781702724763,0.1868623552754037,0.13350349897936206,0.11172807163681131,0.2485241373212639,0.1862541197599114
ewma,2023-02-15,0.1349314499930553,0.18603639453621226,0.13261083152391007,0.11334120937623911,0.24905087054046451,0.18402924403011875
ewma,2023-02-16,0.1370991747372864,0.18462352323347733,0.12880545030821572,0.11677812216169589,0.24226010660514039,0.19043362295418423
ewma,2023-02-17,0.13595201480590446,0.1843667403107719,0.13058521762424646,0.11730919500873016,0.24189191241518815,0.18989491983515874
ewma,2023-02-21,0.13756473339140868,0.18452388247827253,0.1279524680589525,0.12546301967974519,0.23543170456295476,0.1890641918286663
ewma,2023-02-22,0.1374973546923388,0.18399198749131132,0.12765042844149913,0.12561372787643563,0.23604845987933415,0.18919804161908094
ewma,2023-02-23,0.12469084451432492,0.18416747032521052,0.12805901221179958,0.12526148059249004,0.24677634662967307,0.1910448457265018
ewma,2023-02-24,0.12663062005525824,0.18219125048513446,0.1283856339937317,0.12855788820071729,0.24360558993721895,0.19062901732793947
ewma,2023-02-27,0.12802589117255958,0.18489518930308682,0.12412741778487855,0.13146706764363392,0.2401127221806579,0.19137171191518323
ewma,2023-02-28,0.1282952445522451,0.1847689673148003,0.12430738931069536,0.13083295171117507,0.24037393785214242,0.19142150925894172
ewma,2023-03-01,0.12822114398983422,0.18224860214678643,0.12579181049687818,0.13274141279346915,0.2328304809992848,0.1981665495737471
ewma,2023-03-02,0.12842683068273564,0.18221396738248882,0.1253935838491938,0.13276105013758,0.23273618747950167,0.19846838046850007
ewma,2023-03-03,0.13083764074684998,0.17841857039556683,0.1244873955244729,0.1244135016090761,0.23985132156451955,0.20199157015951452
ewma,2023-03-06,0.1304041605505297,0.1773071751259862,0.12383315089620653,0.12460107886605061,0.23854800701391513,0.20530642754731196
ewma,2023-03-07,0.1309773141659659,0.17974031990098582,0.12204998461903628,0.12628485331075076,0.23729561455551276,0.20365191344774858
ewma,2023-03-08,0.12889872054039994,0.18010221526229933,0.12455441139405513,0.12674469082927795,0.23576073933782415,0.2039392226361435
ewma,2023-03-09,0.13247511989680816,0.1887128812518879,0.12296425755887777,0.1348265277794575,0.21321017371845644,0.20781103979451213
ewma,2023-03-10,0.1323775063351511,0.18785144749363025,0.12672988725269824,0.13647154811963902,0.21109163787655408,0.20547797292232728
ewma,2023-03-13,0.13320200853196754,0.1854665784881378,0.12699866880083574,0.1366833427971885,0.21189309176364698,0.20575630961822342
ewma,2023-03-14,0.13007211402973815,0.18781313319683113,0.12332029876446408,0.12328281176027876,0.23468833095113284,0.20082331129755504
ewma,2023-03-15,0.13303183139477875,0.18918020174756064,0.13017950313310694,0.12437273652098867,0.22537290216498054,0.1978628250385844
ewma,2023-03-16,0.12935038975039145,0.18251343520802266,0.13998877872232238,0.1293845373921058,0.23227532843244242,0.18648753049471523
ewma,2023-03-17,0.13246222537942134,0.18251182571376123,0.13898956700004575,0.12512555436023828,0.22700242270866713,0.19390840483786634
ewma,2023-03-20,0.1323051081460638,0.18355056697074074,0.13845401076872263,0.12481076735845173,0.22658514682301223,0.19429439993300876
ewma,2023-03-21,0.13995846161381975,0.17941149730507328,0.12365179339372774,0.12899908918821093,0.24403859562543842,0.1839405628737301
ewma,2023-03-22,0.14981605269130266,0.18014892574834176,0.1232273414810414,0.13291755263007726,0.22764923140213358,0.1862408960471033
ewma,2023-03-23,0.15316360269912987,0.20221415297937026,0.13528285951418675,0.13916820702502886,0.1790728160456105,0.1910983617366739
ewma,2023-03-24,0.15330283004638148,0.20231771795255035,0.13534960403553778,0.1391057978035975,0.1787933765453821,0.19113067361655087
ewma,2023-03-27,0.15338711489840037,0.20419126977865584,0.1372717365380488,0.13862473585839166,0.1799650004556518,0.18656014247085143
ewma,2023-03-28,0.15468672628404073,0.20443373605652335,0.13717104108271647,0.1390086805420613,0.17938151137031813,0.18531830466434002
ewma,2023-03-29,0.1553325156718572,0.19524608116599984,0.13785260921534911,0.13993041878052406,0.17648381715926234,0.19515455800700748
ewma,2023-03-30,0.15465756679980072,0.1923536787121846,0.13878980782885733,0.14000434315772706,0.17427440636889235,0.19992019713253803
ewma,2023-03-31,0.1601643931512631,0.1989860213555744,0.12795312204900375,0.1435773718202096,0.17561420740432818,0.19370488421962093
ewma,2023-04-03,0.16118677735701117,0.19807370996059917,0.12454272572131501,0.14430549250742447,0.17686625688657195,0.19502503756707834
ewma,2023-04-04,0.16104045195940841,0.19825335539544234,0.12448671246764663,0.14434595166026654,0.17681990760979432,0.19505362090744177
ewma,2023-04-05,0.1600586814430852,0.19045891093278325,0.12174919411099978,0.14610590511947402,0.1785462494480641,0.20308105894559367
ewma,2023-04-06,0.16200425011635214,0.19126924717855176,0.12459972098902049,0.1447490557973155,0.1851360333823396,0.1922416925364205
ewma,2023-04-10,0.16279727839165153,0.1914328615717143,0.12457543626473112,0.1446454200888644,0.1851617538999748,0.19138724978306382
ewma,2023-04-11,0.16173491532081954,0.18720157403620627,0.1275802073950214,0.14590319783176703,0.18670472391447754,0.19087538150170813
ewma,2023-04-12,0.1587728531208697,0.1834964041305849,0.12489466461186524,0.15374105551421907,0.18347065515793118,0.1956243674645299
ewma,2023-04-13,0.18336588290494718,0.16682613949264516,0.1293755145350279,0.15621755806104462,0.1690479583966846,0.1951669466096505
ewma,2023-04-14,0.18300541391868977,0.1668551798594948,0.1295173759318107,0.15613857230038936,0.16986557539037175,0.19461788259924373
ewma,2023-04-17,0.18612127964195269,0.16874719680458167,0.13155026801470515,0.15565502768000428,0.1680578898223243,0.189868338036432
ewma,2023-04-18,0.18685547361909594,0.1686506575918917,0.1313237649061975,0.15557997649077102,0.16815539959625955,0.1894347277957843
ewma,2023-04-19,0.18903911228420445,0.1726413509331838,0.1299262883375646,0.1547324212507508,0.1641580850332508,0.18950274216104548
ewma,2023-04-20,0.1798285585475794,0.1775414826095135,0.11005827371148974,0.15483112574967448,0.17406378262523314,0.20367677675650983
ewma,2023-04-21,0.1820692098150174,0.17048294933793884,0.1100570391109751,0.15729730152853913,0.17403586806709018,0.20605763214043932
ewma,2023-04-24,0.18198871038749473,0.17007011393675678,0.10972574778504882,0.15731700716563635,0.1742917391563127,0.2066066815687506
ewma,2023-04-25,0.17587344020166643,0.16205343982753626,0.11871489689147101,0.15854230824077217,0.1775963959772119,0.20721951886134218
ewma,2023-04-26,0.17296155395140902,0.15988554263775034,0.12175804010457844,0.15811676618638842,0.17879732542982635,0.20848077169004745
ewma,2023-04-27,0.20914633629566912,0.15488466661656586,0.1273497344236709,0.09675972688686332,0.2097301372161781,0.20212939856105264
ewma,2023-04-28,0.20669302457368893,0.15926848949958508,0.12629343262911374,0.09663630638494304,0.2082703969017356,0.20283835001093362
ewma,2023-05-01,0.2085280578918655,0.15832594638279257,0.126008771727448,0.09679875117389039,0.207482982545156,0.20285549027884747
ewma,2023-05-02,0.2026142753206147,0.16942464786334122,0.12821239243413463,0.09790576859962304,0.20263518830569682,0.19920772747658977
ewma,2023-05-03,0.20149417813859347,0.16954602862087567,0.12840257476095018,0.09775676570907982,0.20332682980951008,0.1994736229609908
ewma,2023-05-04,0.20082441642610246,0.17004071509805688,0.12871757067796824,0.09743979302592741,0.20411025623564213,0.19886724853630283
ewma,2023-05-05,0.1834957317491184,0.1712754655603968,0.11923854702953861,0.1067532085027269,0.2137719899673772,0.20546505719084207
ewma,2023-05-08,0.18285678268540184,0.17847088292752156,0.1223919273348621,0.11166270798895218,0.2047112511096566,0.19990644795360568
ewma,2023-05-09,0.18043393569376884,0.18019594738089834,0.12170360347198016,0.11205604741949758,0.20598549291476095,0.1996249731190941
ewma,2023-05-10,0.18428360437816946,0.1711848300807186,0.13071792233225424,0.12133816025004192,0.21191340566163258,0.1805620772971832
ewma,2023-05-11,0.20407952335580964,0.17269868170546193,0.13109521155429038,0.12645864806399687,0.20171756703488522,0.16395036828555593
ewma,2023-05-12,0.20422397259988606,0.16981528639306495,0.12907507194405132,0.12741995054098226,0.19872506198760065,0.1707406565344148
ewma,2023-05-15,0.20126957304402499,0.16904986173232167,0.13015953245018827,0.12619999070202026,0.20105201276084236,0.17226902931060248
ewma,2023-05-16,0.20037981403694452,0.16566203171915525,0.13173819908378784,0.12843171406317283,0.20728511124570934,0.16650312985123017
ewma,2023-05-17,0.18762623028990064,0.16860752317955902,0.12542911341586496,0.13558889660075035,0.2067804394355267,0.17596779707839832
ewma,2023-05-18,0.16991776509753834,0.18330141884898776,0.14811843643386857,0.155617705322786,0.14172403950685095,0.2013206347899684
ewma,2023-05-19,0.1687006660792798,0.1811898170681936,0.15116391282174893,0.15577793959201094,0.14071499928490122,0.20245266515386534
ewma,2023-05-22,0.1718856925579738,0.1875382335888764,0.14343554268582465,0.15553700086195715,0.1439284732907769,0.1976750570145911
ewma,2023-05-23,0.1705295207883759,0.19326804960727978,0.14309693802032095,0.15797936731343545,0.14266447177568206,0.19246165249490577
ewma,2023-05-24,0.17113401509175705,0.19192755956403065,0.14399448983763774,0.15741197357534928,0.141403605322346,0.19412835660887925
ewma,2023-05-25,0.0857311311645376,0.22987972634816095,0.157332633735989,0.1649931875696699,0.16998044644707613,0.19208287473456653
ewma,2023-05-26,0.09421641745358805,0.20703292612986107,0.15144658910741315,0.16592825157655847,0.1567561923205659,0.2246196234120134
ewma,2023-05-30,0.09307549165021413,0.20590999606813493,0.14333596439552407,0.17068498007929375,0.14937428892680757,0.2376192788800256
ewma,2023-05-31,0.09162938022768606,0.20447200205068258,0.14477905196912563,0.17216284885378513,0.1501246697006606,0.23683204719806009
ewma,2023-06-01,0.08940634113330603,0.20244654612605723,0.14677109309819852,0.1657962642680856,0.1507877339206149,0.2447920214537378
ewma,2023-06-02,0.09063147433065295,0.20091726297323106,0.1436756607598238,0.16746831680489777,0.15343255572611667,0.24387472940527766
ewma,2023-06-05,0.09155814067384761,0.20046329424100606,0.14258802453940933,0.17010914621106313,0.15368832464454205,0.2415930696901318
ewma,2023-06-06,0.0923110831575461,0.19945030215560863,0.14169895630801788,0.17101173548414253,0.15551340146918985,0.24001452142549493
ewma,2023-06-07,0.09531455611263884,0.18182427848671864,0.1638049374275881,0.1695201076821027,0.17204303295515094,0.21749308733580075
ewma,2023-06-08,0.0950811422412957,0.17536396794762266,0.151548109238559,0.17697222279865488,0.169067004704291,0.2319675530695767
ewma,2023-06-09,0.09584615051657573,0.18095652566963444,0.1449570242554996,0.17932485099793163,0.16442182126699126,0.23449362729336748
ewma,2023-06-12,0.09793250018869468,0.17578621813165257,0.14436246578122797,0.17574981613489596,0.16956812773736968,0.2366008720261591
ewma,2023-06-13,0.09549308707173666,0.1806853643775446,0.13837577434327933,0.18061538806513033,0.16323485185754946,0.24159553428475972
ewma,2023-06-14,0.09324550731621191,0.18187790038640367,0.14009478721250945,0.17970360051482284,0.1616792521161101,0.2433989524539421
ewma,2023-06-15,0.09593190577693322,0.18455761160496917,0.14382270468236147,0.17228618939363824,0.16201029312344462,0.2413912954186534
ewma,2023-06-16,0.09727593875927515,0.18353734977359967,0.14977662047003495,0.17445633159388751,0.15680337077613551,0.23815038862706728
ewma,2023-06-20,0.09626289273913179,0.1870228795341467,0.13701007003212803,0.17297634783872404,0.15930678188119926,0.24742102797467017
ewma,2023-06-21,0.1007231749208284,0.19794381017782614,0.12505725560074032,0.18170155031115282,0.15862238708528087,0.23595182190417147
ewma,2023-06-22,0.10660761654692853,0.17926414552452904,0.12622191967619092,0.18692775581574067,0.17246174161566005,0.22851682082095065
ewma,2023-06-23,0.10577356810607369,0.17848975954287416,0.12371124888596463,0.1910164232640669,0.17393212118949164,0.2270768790115289
ewma,2023-06-26,0.11078807691633537,0.1964038903206354,0.11485051691434671,0.18108918558743092,0.18608951674195504,0.21077881351929664
ewma,2023-06-27,0.10916239100838067,0.19466980179804283,0.11096960896019074,0.17094955079331572,0.19286576929175772,0.22138287814831237
ewma,2023-06-28,0.1127649113036969,0.1986548170159557,0.10997402240282579,0.17570519353434055,0.18571416331567034,0.21718689242751085
ewma,2023-06-29,0.11320878326217901,0.19810526168819914,0.1117048052138314,0.17427099881523628,0.18659447341264845,0.21611567760790568
ewma,2023-06-30,0.11096740196903507,0.19496534508661786,0.11536969402264949,0.17345173483136617,0.17799786278911917,0.22724796130121216
ewma,2023-07-03,0.11162245065154333,0.19689125145754577,0.10804249776180722,0.1759501530013096,0.17918394463364073,0.2283097024941533
ewma,2023-07-05,0.1152921458673642,0.2030238511463136,0.10966545741182934,0.16830723849337287,0.17994292309379004,0.22376838398732998
ewma,2023-07-06,0.11842677355611929,0.20048231190345606,0.10977629699740013,0.17137190377205444,0.17861667430638478,0.22132603946458537
ewma,2023-07-07,0.11839612357951379,0.20036663435209412,0.10979879206843021,0.17141286358479518,0.1786300805726404,0.22139550584252632
ewma,2023-07-10,0.11929730072475182,0.19469959784323101,0.1093890744125617,0.17999287223064275,0.1854950377467705,0.2111261170420422
ewma,2023-07-11,0.11985762608823083,0.19231042576913396,0.11043483236254545,0.17766263277749725,0.18858132831723368,0.21115315468535883
ewma,2023-07-12,0.1172543433603867,0.1939887260018168,0.1176167854501174,0.16285513435691265,0.19678460289841473,0.21150040793235186
ewma,2023-07-13,0.11423745415948437,0.19195431580622957,0.12678011258474994,0.17923692271336544,0.20908527344964747,0.17870592128652324
ewma,2023-07-14,0.11398195811572231,0.1934470035001036,0.12850763551559127,0.17756579314488813,0.20568437261182237,0.18081323711187236
ewma,2023-07-17,0.1123492208473904,0.19957645089851775,0.12457637038676779,0.17787569681762727,0.20017679556715312,0.18544546548254365
ewma,2023-07-18,0.11151396872666193,0.20935954665245793,0.12670817593328107,0.18192904314516256,0.17528595141900463,0.195203314123432
ewma,2023-07-19,0.11217866791806276,0.20659569811338138,0.12740333905635234,0.18082417126473221,0.17507434263699923,0.197923781010472
ewma,2023-07-20,0.13913954365153933,0.20303824336444912,0.10638460735833216,0.1836255979020138,0.13524889509499752,0.232563112628668
ewma,2023-07-21,0.13615439936911108,0.20651092061751022,0.10689029879964837,0.17687099504404385,0.13329061610675197,0.24028277006293447
ewma,2023-07-24,0.13595970988138079,0.20894458687090933,0.10536448959403794,0.17858840993917985,0.13346642284949053,0.23767638086500162
ewma,2023-07-25,0.13433159622276214,0.20947765157727766,0.10683736216308226,0.17781340492661654,0.13430928123770408,0.23723070387255737
ewma,2023-07-26,0.1397000946060452,0.22139990319723837,0.11062716037188573,0.17730157195147567,0.14033106138144155,0.21064020849191337
ewma,2023-07-27,0.13950502769629985,0.22185755714455077,0.11201797327969086,0.1735021329120455,0.141984475738094,0.21113283322931906
ewma,2023-07-28,0.15257937345474648,0.21219049386121747,0.11401546627470346,0.16173772522291563,0.1465990134406512,0.21287792774576578
ewma,2023-07-31,0.15300709493318193,0.21065365209891224,0.11432389168324304,0.164608272002309,0.14430273555752055,0.2131043537248333
ewma,2023-08-01,0.1533107620616153,0.2075438707013199,0.11307493991259181,0.16845235345666373,0.14549597066213193,0.2121221032056773
ewma,2023-08-02,0.1429422391182268,0.20304702378198716,0.11897010452672112,0.17112078564742694,0.15315625511959316,0.21076359180604481
ewma,2023-08-03,0.14280614102843345,0.20257149144131054,0.11798861716606622,0.1720392096402774,0.15336212605804447,0.211232414665868
ewma,2023-08-04,0.14573517791031537,0.1725737094852855,0.1252530482135356,0.18016198346375192,0.1574740975217475,0.21880198340536414
ewma,2023-08-07,0.1476116684137948,0.172550026324456,0.13568487165066287,0.1796393519533122,0.15579255264997044,0.2087215290078036
ewma,2023-08-08,0.14619878720555018,0.17053979815363698,0.13636337055641934,0.17833541583036358,0.1569234528547383,0.21163917539929172
ewma,2023-08-09,0.13552665435920555,0.17571829292537733,0.13555580247416738,0.17686786141295402,0.15903097560520701,0.21730041322308868
ewma,2023-08-10,0.1359726077012765,0.17545819323729336,0.13497868509652353,0.17691575838276552,0.15909959441033836,0.21757516117180273
ewma,2023-08-11,0.13023477142760043,0.17928303902255827,0.13588690878291734,0.1757820756272822,0.15638914069258292,0.22242406444705884
ewma,2023-08-14,0.11486356953994871,0.1798034391857466,0.14886487267298998,0.17730240508911121,0.15764919200881078,0.2215165215033928
ewma,2023-08-15,0.12059712832834833,0.17628450735033804,0.1448168933471766,0.17694987004191728,0.16035051138588663,0.22100108954633313
ewma,2023-08-16,0.12547264712722028,0.17523529339804308,0.14052218671357594,0.171311306925051,0.1604512672541893,0.2270072985819204
ewma,2023-08-17,0.1286665354800196,0.17656640443456717,0.13667035733048258,0.16215037638493157,0.15379502733767864,0.24215129903232033
ewma,2023-08-18,0.1306813189607655,0.1777117526750602,0.13562269953653985,0.1631195836336976,0.15742243510406143,0.2354422100898754
ewma,2023-08-21,0.10643043713843774,0.18835561452264596,0.11362150005196521,0.16449635730621118,0.17331662197118688,0.2537794690095531
ewma,2023-08-22,0.10625700643553718,0.18827659943115863,0.1136669437572471,0.1643649746273994,0.173493222077658,0.25394125367099973
ewma,2023-08-23,0.10824291043296763,0.20051130334035808,0.12138463822762978,0.16586579796789264,0.16444603457785772,0.23954931545329405
ewma,2023-08-24,0.12293363135020323,0.1963303438856373,0.12471519817862393,0.16694326194082018,0.15058254051710307,0.23849502412761228
ewma,2023-08-25,0.1263059969430567,0.1949228429719791,0.12160427787261453,0.16907113901157952,0.14825635695734934,0.23983938624342074
ewma,2023-08-28,0.12543486186353783,0.1975080748174578,0.12293795484428727,0.16680334198498467,0.14899905741666927,0.238316709073063
ewma,2023-08-29,0.12533159117280473,0.21401331694830808,0.10773499577602555,0.17085628978895498,0.15379809157182228,0.2282657147420844
ewma,2023-08-30,0.12503076116052309,0.21436491628291204,0.10808220053011686,0.17249140722984552,0.1531447219969889,0.22688599279961366
ewma,2023-08-31,0.12576357388896686,0.20966371444550125,0.1085169267132594,0.1732921222434726,0.15481914152650894,0.22794452118229117
ewma,2023-09-01,0.12457187043532221,0.21052367854668727,0.10496648442367022,0.1744047283890695,0.15795763389074252,0.22757560431450816
ewma,2023-09-05,0.12613555083620515,0.21619861667486254,0.10073467148527387,0.17226690932652008,0.15451522949421698,0.2301490221829212
ewma,2023-09-06,0.12266099675217747,0.2130395650750241,0.10109380581623184,0.17665968848944175,0.15698922631309947,0.22955671755402526
ewma,2023-09-07,0.12343898451170604,0.21152536613863515,0.10125307867571343,0.17701842345368607,0.1575979045875102,0.22916624263274904
ewma,2023-09-08,0.12308878906472606,0.2116389691098979,0.10105177554075007,0.17686651319511115,0.15754030105243572,0.2298136520370792
ewma,2023-09-11,0.14142371673171028,0.18973772543464465,0.0836863718577867,0.16456313727764482,0.17189168859064877,0.24869736010756469
ewma,2023-09-12,0.1463781497421834,0.19079561741678344,0.08524112047404186,0.16283240465447482,0.16696564586179924,0.24778706185071736
ewma,2023-09-13,0.14554683707448948,0.1871787545376148,0.08504498225844229,0.16185808208850022,0.17471627809786344,0.24565506594308983
ewma,2023-09-14,0.1457377342150485,0.18788346711664267,0.08472690064773103,0.1598689265675303,0.17797694650722903,0.2438060249458185
ewma,2023-09-15,0.13811552311358763,0.17639001737357024,0.09224280445457188,0.14841700002857663,0.18504506389576397,0.25978959113392974
ewma,2023-09-18,0.13813579053528324,0.17609980563308805,0.09143445445046906,0.148930544357956,0.18451316049432956,0.260886244528874
ewma,2023-09-19,0.13767669956306972,0.17457053198588354,0.09169321742652112,0.14988852041379286,0.1851508268141338,0.26102020379659907
ewma,2023-09-20,0.13969121007085336,0.1831008006916812,0.10179880541846888,0.15946573472117556,0.18423268492979394,0.23171076416802697
ewma,2023-09-21,0.13986824432195807,0.16351531956381055,0.10597500178957893,0.17024767599711674,0.19965001191270695,0.22074374641482877
ewma,2023-09-22,0.14128164077166477,0.16355752092277603,0.1040985530286318,0.17212715356107508,0.19825874395986132,0.22067638775599085
ewma,2023-09-25,0.14072375500833123,0.16119712908239078,0.10555373041502746,0.17436883016498803,0.196122996033365,0.2220335592958976
ewma,2023-09-26,0.14727064813797439,0.14873295394730282,0.10989778925912744,0.18241642004582137,0.19636144473504513,0.21532074387472883
ewma,2023-09-27,0.14670951705779223,0.1490059351038999,0.11053142922909225,0.18313663976118963,0.1970603524594369,0.21355612638858906
ewma,2023-09-28,0.14613381618524257,0.15380275763785828,0.10892294274711599,0.1772390798853996,0.204304704060334,0.2095966994840495
ewma,2023-09-29,0.14587291385898538,0.15353971302773148,0.10871413776272948,0.17763782304014183,0.20414923341064414,0.21008617889976755
ewma,2023-10-02,0.14210700441402752,0.1554152483533766,0.11664524553033065,0.1743497760990493,0.21288449099060858,0.19859823461260714
ewma,2023-10-03,0.13907647005348844,0.14484386992606751,0.11954453287453085,0.17385567946418953,0.21951691071436402,0.20316253696735956
ewma,2023-10-04,0.14310063693150465,0.14560769618747293,0.10772334137141974,0.1746722647749128,0.2340993836400582,0.1947966770946317
ewma,2023-10-05,0.144835267663462,0.1451984439441125,0.10783947435774222,0.1747336911148348,0.23232194906066728,0.19507117385918132
ewma,2023-10-06,0.14663896820000488,0.1519708891760329,0.12034383397620513,0.16278351776793246,0.2220419309844391,0.19622085989538549
ewma,2023-10-09,0.1485753570944491,0.15231780736639727,0.12111701554488416,0.1620834713099622,0.2201801336167424,0.19572621506756488
ewma,2023-10-10,0.1490086134957212,0.15272559011744566,0.121491801450504,0.1626179370986668,0.21845014863053802,0.19570590920712444
ewma,2023-10-11,0.145781769177408,0.1499783969348062,0.12371549684771319,0.15914670094246322,0.23123818374109584,0.19013945235651353
ewma,2023-10-12,0.14924532102601926,0.15402670562010154,0.12287541148709892,0.1581182622057236,0.2277961964900083,0.18793810317104837
ewma,2023-10-13,0.1432724728081301,0.15716812835246652,0.12218465186618788,0.15203738572596626,0.22767480141874108,0.19766255982850814
ewma,2023-10-16,0.14576958725964564,0.15440647745226938,0.12612678964006713,0.15018412556872554,0.22490136507517144,0.19861165500412067
ewma,2023-10-17,0.13564659102407634,0.15449513685071206,0.12889283293062367,0.15602139394053263,0.2200635493963087,0.20488049585774654
ewma,2023-10-18,0.13038000327488863,0.15714558757918842,0.12074615017377256,0.16213695854918267,0.2094447105343004,0.22014658988866723
ewma,2023-10-19,0.13619856051114154,0.1616346498745258,0.14577904778180129,0.17253683173538523,0.154608576352595,0.22924233374455116
ewma,2023-10-20,0.1388535624356363,0.1575613243689375,0.1409363078127562,0.17688071491862858,0.15939317300673758,0.22637491745730376
ewma,2023-10-23,0.13096341033481537,0.15916909569109897,0.14605381578237753,0.17369170581715934,0.16034438307345872,0.22977758930109002
ewma,2023-10-24,0.131241744547058,0.15838294628078906,0.14377167684093267,0.1848964781859448,0.15940747410660305,0.22229968003867245
ewma,2023-10-25,0.14224053648802634,0.1497572570881404,0.18282264187951874,0.18506697148514034,0.20024866359997728,0.13986392945919698
ewma,2023-10-26,0.14102907456059177,0.15987800156763352,0.17955051146182302,0.1746317168466754,0.20179815705318035,0.14311253851009578
ewma,2023-10-27,0.14467025705122538,0.1429547976390314,0.18407900561148688,0.1687037006980713,0.2107375949061568,0.14885464409402815
ewma,2023-10-30,0.1433110582628944,0.13705023183630125,0.1999670081605357,0.16485805741523535,0.20775848223127974,0.1470551620937537
ewma,2023-10-31,0.14392111198112925,0.1370305631794744,0.1989276067294344,0.16534063343928806,0.20743801968684952,0.1473420649838243
ewma,2023-11-01,0.1403787020963736,0.13895427349376455,0.19845426595529472,0.1595884243138297,0.20807140167736723,0.1545529324633703
ewma,2023-11-02,0.13900810457655005,0.14450166698462497,0.17637925347302305,0.17277767126621651,0.2068413204030625,0.1604919832965229
ewma,2023-11-03,0.13418662477672405,0.14822031205473965,0.17835780547642813,0.17324132180950566,0.20483476798779343,0.16115916789480908
ewma,2023-11-06,0.13306107082761498,0.1479987441006666,0.1796602610253016,0.17361667511695633,0.2049678487718516,0.1606954001576088
ewma,2023-11-07,0.13414115853470238,0.14565199303267468,0.17871418882916754,0.17336508852187738,0.20655736912654205,0.16157020195503588
ewma,2023-11-08,0.1334301987260244,0.14642612956292533,0.1790766895676664,0.17339460741037363,0.2064396161611117,0.16123275857189856
ewma,2023-11-09,0.13990434315476466,0.1472118544115937,0.16548191502527212,0.17979509239795197,0.20645866385962827,0.16114813115078935
ewma,2023-11-10,0.1396892781109033,0.15104205128345272,0.1659770014936685,0.1766079431301101,0.20041037691504646,0.16627334906681884
ewma,2023-11-13,0.139651310926129,0.15264298906919266,0.16154682331076406,0.17715622042647527,0.20132115385532592,0.1676815024121129
ewma,2023-11-14,0.14287206548666181,0.15389594509733434,0.14411036580960424,0.17695651542182797,0.20590619619210515,0.1762589119924665
ewma,2023-11-15,0.14472942629191893,0.15609627897865505,0.14247372066242023,0.17878195930218338,0.2023192175414223,0.1755993972234002
ewma,2023-11-16,0.1443056477036787,0.1564590270311318,0.14400241297494815,0.1786518875102667,0.2020009350272456,0.17458008975272912
ewma,2023-11-17,0.14435160077212067,0.156240225337977,0.14398162215204327,0.17861540183998187,0.2020255205389373,0.17478562935893988
ewma,2023-11-20,0.14156469730995785,0.1591651933243551,0.1462487441947937,0.17679726501657914,0.1985764373603714,0.17764766279394278
ewma,2023-11-21,0.14141635132317792,0.15884269766141695,0.14664232043204406,0.17657821242226568,0.19866821607909732,0.177852202081998
ewma,2023-11-22,0.1422438752575153,0.15827213594228734,0.14736167619898835,0.1760829595049575,0.19856810689977492,0.1774712461964766
ewma,2023-11-24,0.1400797153847257,0.15965653825182272,0.1490841414316348,0.17501498854373948,0.20070988664062642,0.17545472974745097
ewma,2023-11-27,0.13991511740255846,0.15950120511893043,0.1490513627004109,0.1753025700641615,0.20072645524290605,0.17550328947103266
ewma,2023-11-28,0.14474646430038768,0.16362680964628368,0.14141338311525448,0.17237926798036893,0.2021280878717799,0.17570598708592536
ewma,2023-11-29,0.15017832333814685,0.1654827127705438,0.14150359332569137,0.1671176834913519,0.2035793333194686,0.1721383537547975
ewma,2023-11-30,0.14299767595283347,0.17415932837565026,0.14163194397162202,0.1657529716167866,0.207144286525424,0.1683137935576836
ewma,2023-12-01,0.14425750434829177,0.17751437267367276,0.14161887576542764,0.16502265988980797,0.20318894795950593,0.16839763936329408
ewma,2023-12-04,0.14118791061356087,0.18090162746871383,0.14625227247492,0.16963807687876312,0.19401624984686083,0.16800386271718135
ewma,2023-12-05,0.13690522410077693,0.1775709842622416,0.14544148178484562,0.1777407474063891,0.19665782880639968,0.1656837336393471
ewma,2023-12-06,0.13338873537034,0.1739723276229539,0.15031972121564813,0.18284162718889363,0.19164448545886673,0.16783310314329755
ewma,2023-12-07,0.13774417416208892,0.1830208883346157,0.16089237522155497,0.17446512090422658,0.20424768141815206,0.1396297599593617
ewma,2023-12-08,0.1353133840264004,0.18392287339344518,0.16136093004658097,0.17009494125637883,0.20473707100671398,0.1445708002704806
ewma,2023-12-11,0.132903468819475,0.1829775756024082,0.15947196784410145,0.16354438125144974,0.2172723618349583,0.1438302446476072
ewma,2023-12-12,0.12991346642043194,0.18177567011752194,0.1657396134419592,0.15603287534390634,0.21757668253586745,0.1489616921403132
ewma,2023-12-13,0.13317817569811255,0.18351554371432224,0.16641494440860116,0.1629257077620404,0.19729940682257324,0.15666622159435026
ewma,2023-12-14,0.13289832190170467,0.18427246378320722,0.1638040843718129,0.16326981445338698,0.1987655749223625,0.1569897405675257
ewma,2023-12-15,0.13294551202275884,0.17874448602984108,0.16358061043014785,0.1653520675357081,0.2003542255207228,0.15902309846082135
ewma,2023-12-18,0.13538881821815957,0.17183855942561654,0.1864887882425815,0.15857615922800938,0.1894837883457675,0.15822388653986544
ewma,2023-12-19,0.14254282613295582,0.1773470481635986,0.18128704790867067,0.15520198296252274,0.18380659412107422,0.15981450071117795
ewma,2023-12-20,0.13515829542258845,0.17724480263887532,0.16643994246168167,0.1615809203384647,0.18216792396243625,0.17740811517595356
ewma,2023-12-21,0.13523655659187023,0.17911197194118775,0.15852118566295095,0.1625358087286914,0.18852499771975162,0.17606947935554795
ewma,2023-12-22,0.13529348735073948,0.17906062550554058,0.1579540790269745,0.16262892661473094,0.18719488361657935,0.17786799788543495
ewma,2023-12-26,0.13484238536577442,0.18120645016674033,0.1555761612981473,0.1631355344511677,0.18548946116647066,0.17975000755169948
ewma,2023-12-27,0.1350031902883352,0.18183156069286452,0.1535297643889629,0.16193331995553759,0.18558272129472278,0.18211944337957695
ewma,2023-12-28,0.13666458909231607,0.18303749579461995,0.14831534379441758,0.16357812541067804,0.18554380486114913,0.18286064104681934
ewma,2023-12-29,0.14082823611908496,0.18164202897931567,0.1452466950937446,0.16153278709507526,0.1854238903431575,0.18532636236962208
ewma,2024-01-02,0.13647403962488958,0.18769980537284536,0.1596963956689582,0.15876428247667593,0.16363469745863868,0.1937307793979924
ewma,2024-01-03,0.13555834114245252,0.18517894269188817,0.14873244030358554,0.16003774976952662,0.16850580781554583,0.20198671827700132
ewma,2024-01-04,0.13887993080823324,0.17770004401702308,0.14955908722093186,0.1642244330936948,0.1727393433833645,0.19689716147675257
ewma,2024-01-05,0.1349698401976318,0.17742162744514448,0.1511361896056508,0.16121613143161329,0.17470610061972963,0.20055011070023002
ewma,2024-01-08,0.10882844032065864,0.1739817248894425,0.16804047232736927,0.17338475907754328,0.17814445127519782,0.19762015210978853
ewma,2024-01-09,0.10814682239785955,0.17250115031608604,0.17020472132110742,0.1741090670480828,0.17923439252316695,0.19580384639369725
ewma,2024-01-10,0.1065671670808568,0.16945637311562892,0.17815254120461252,0.15706460708777065,0.1924018804152788,0.19635743109585238
ewma,2024-01-11,0.10636704449125026,0.1685331822900027,0.18164160707632399,0.15774396016748812,0.18839691711615006,0.19731728885878505
ewma,2024-01-12,0.10675187861080064,0.16810698764829077,0.1742452539554679,0.16233304575823188,0.1888171877779528,0.1997456462492561
ewma,2024-01-16,0.11273790285370901,0.16695241374470607,0.17655433338561555,0.15856909930431282,0.18332601257551404,0.20186023813614265
ewma,2024-01-17,0.11384831542026878,0.16544867312547554,0.17186692481960686,0.1630138535189521,0.18520700565303835,0.20061522746265845
ewma,2024-01-18,0.11246637632797128,0.16478163857851466,0.1845778178242921,0.15691423315926342,0.18528878043929842,0.19597115367066015
ewma,2024-01-19,0.10351625760692436,0.16571745410098418,0.19166053219334633,0.15212455237763753,0.2017288404243853,0.1852523632967222
ewma,2024-01-22,0.10433978381200816,0.16550847560801185,0.1890775179423202,0.15179001129513497,0.20408966634857542,0.18519454499394944
ewma,2024-01-23,0.1064219944450331,0.16556631399026356,0.19142299252148642,0.15178049625115492,0.19965969780652118,0.18514850498554092
ewma,2024-01-24,0.11067576816049708,0.19254716649424555,0.22005575910646769,0.16502684212058188,0.11275090601311455,0.1989435581050933
ewma,2024-01-25,0.11568862366714722,0.2032440160788695,0.16436717120169952,0.17247500614996933,0.12117083573309381,0.22305434716922062
ewma,2024-01-26,0.11781889410112323,0.20102691012632412,0.16439854410309124,0.17298867941831766,0.12014267286808343,0.22362429938306036
ewma,2024-01-29,0.11843988983653252,0.2021937171525214,0.15314729632875348,0.17124342808849422,0.12612970751103147,0.2288459610826669
ewma,2024-01-30,0.12347452281649322,0.19756084970029247,0.15573335528772095,0.1753249555447367,0.12420361121492669,0.22370270543583007
ewma,2024-01-31,0.1431483659610001,0.2057699825848466,0.1640371021206158,0.1838301073469068,0.16040907185660436,0.14280537013002628
ewma,2024-02-01,0.1399439520304081,0.19137610497442864,0.1678989534432156,0.18585223056068423,0.16605815099543067,0.1488706079958327
ewma,2024-02-02,0.1391354712118574,0.13868513608943342,0.21744396664698976,0.07597619060639405,0.22891891109035045,0.19984032435497504
ewma,2024-02-05,0.14453774466352845,0.13799645562646104,0.2130754811147943,0.07508762543494552,0.22769144026296342,0.2016112528973073
ewma,2024-02-06,0.14409668673920759,0.13784380748997085,0.21389442867818007,0.07503859699198963,0.22722011531614994,0.201906364784502
ewma,2024-02-07,0.13931468670350267,0.14131686047259956,0.21246010718392452,0.07464617910317803,0.22957924513774872,0.20268292139904662
ewma,2024-02-08,0.13952737401683019,0.14147946887991475,0.21212793738638602,0.07464385050376962,0.22965905991887706,0.20256230929422242
ewma,2024-02-09,0.13310286953218156,0.13806504029453187,0.20922350673171172,0.08229031887324567,0.23916686731941877,0.19815139724891037
ewma,2024-02-12,0.13729868207188153,0.13800106331444914,0.20251528490286133,0.08464728034193021,0.23969855082481778,0.19783913854405996
ewma,2024-02-13,0.14332863319153377,0.1358899321451439,0.19808174414905633,0.0858534236305067,0.24240348894452438,0.1944427779392349
ewma,2024-02-14,0.14581415873566236,0.14611081065651532,0.19366232546886727,0.08978104115048224,0.20948255148924091,0.2151491124992318
ewma,2024-02-15,0.15229440880028555,0.15050606740172806,0.1769752950695875,0.08856377494819505,0.20096769324603966,0.2306927605341642
ewma,2024-02-16,0.15585673598440844,0.15375591882783815,0.17909483579955196,0.08803193668631856,0.19792577966192343,0.22533479303995954
ewma,2024-02-20,0.14162954517662907,0.15442895301393755,0.17143242476850126,0.09286559381214861,0.19689658478710048,0.2427468984416832
ewma,2024-02-21,0.14117584974463396,0.1545960499645596,0.1714936273473246,0.0928077386156949,0.19680659344383455,0.2431201408839524
ewma,2024-02-22,0.08078921823352675,0.1549680117559872,0.18816204870062675,0.10121280505463609,0.19996644623028131,0.2749014700249418
ewma,2024-02-23,0.08172766737085424,0.15699725671490414,0.18389796892517787,0.10173776583760627,0.19937727171310474,0.27626206943835263
ewma,2024-02-26,0.08251307861618543,0.15846757034998366,0.18911304289067982,0.10224557840938477,0.20180944117790897,0.26585128855585727
ewma,2024-02-27,0.08404326982682188,0.16271464845780603,0.19073843678091923,0.10238020472302775,0.19629253795652563,0.2638309022548994
ewma,2024-02-28,0.08420613422734004,0.16430998627070204,0.19442135670872096,0.10292772595337982,0.19564996390901226,0.2584848329308449
ewma,2024-02-29,0.0852878166241885,0.1606548561581321,0.19962231844592387,0.1047810410858487,0.19580177864943354,0.25385218903647333
ewma,2024-03-01,0.0827743281897919,0.1606522540735842,0.2019857759110943,0.10281414885073616,0.1854801122764269,0.2662933806983666
ewma,2024-03-04,0.0988610326858066,0.1756385416660702,0.1696401456680468,0.11077968452615798,0.19915636070001871,0.24592423475389966
ewma,2024-03-05,0.10766540092146891,0.1726567442987335,0.16135939055349344,0.11414784652526355,0.18909965250417665,0.25507096519686384
ewma,2024-03-06,0.10879047875185113,0.17256869885129975,0.16040353382875958,0.11482794751524891,0.18932765016191205,0.2540816908909285
ewma,2024-03-07,0.1062327407440199,0.17645713734413027,0.1673832048081616,0.11540496049304833,0.1916097483112807,0.24291220829935908
ewma,2024-03-08,0.10010263876496338,0.17632641090161444,0.16347551234034638,0.11548658511921286,0.19253246168365443,0.25207639119020836
ewma,2024-03-11,0.09945996101235823,0.17259953823977967,0.16568866566524862,0.11197651337781729,0.19141444716371192,0.2588608745410843
ewma,2024-03-12,0.0906843961187471,0.170610331963714,0.17463918846489743,0.11006224413818898,0.18956142963858424,0.2644424096758683
ewma,2024-03-13,0.09007292060655586,0.1736644884678573,0.16609892682863184,0.10959256864830333,0.1901777426228255,0.2703933528258261
ewma,2024-03-14,0.08964535393725735,0.17399860689686222,0.16488686760437746,0.10937194588667849,0.19033174884082524,0.2717654768339991
ewma,2024-03-15,0.09272122459994925,0.1677452123568963,0.17122513417229038,0.11021460859407681,0.18979464427128384,0.26829917600550346
ewma,2024-03-18,0.10701786136731789,0.20747401721204814,0.14942398232661383,0.11749167718722127,0.19910625554366462,0.21948620636313426
ewma,2024-03-19,0.10698538609316587,0.20734599947849297,0.1495294009768297,0.1175162351114693,0.1990523063680778,0.2195706719719644
ewma,2024-03-20,0.10952245109741247,0.20600072614956894,0.14658486318310857,0.11811331532335508,0.20005132450317611,0.21972731974337886
ewma,2024-03-21,0.11057864638411646,0.206654037394647,0.14569348935870288,0.11891044517162351,0.1991672646224487,0.2189961170684614
ewma,2024-03-22,0.10796183905721513,0.20977747456108192,0.15131645677345273,0.12098975810036902,0.19907648021705862,0.2108779912908225
ewma,2024-03-25,0.10788194801794648,0.20953338342241848,0.15111344687004477,0.12122861780939514,0.19914383490525578,0.2110987689749393
ewma,2024-03-26,0.1077589159954543,0.20939678549056798,0.15135928743927177,0.12113203586584496,0.1991959201057534,0.21115705510310753
ewma,2024-03-27,0.10640573198940313,0.21355787670015614,0.15353541574698432,0.12121043057711842,0.19305431990587218,0.21223622508046597
ewma,2024-03-28,0.10755163354493873,0.21746291998001535,0.15026865486438853,0.11935186087502073,0.19072905168532894,0.2146358790503077
ewma,2024-04-01,0.11100188300742576,0.22303502310425208,0.15640557961748539,0.12008479738377219,0.18978125403190943,0.19969146285515524
ewma,2024-04-02,0.11041418369026268,0.2248517956278397,0.14495872608282317,0.12575621192888017,0.19397822035512383,0.20004086231507037
ewma,2024-04-03,0.11666745607782775,0.22353384418248679,0.14642686414890232,0.12469984855243213,0.18197778986113045,0.2066941971772206
ewma,2024-04-04,0.11284879122048636,0.22120254491672883,0.16033810992374853,0.1367245846473009,0.17633815627208402,0.19254781301965138
ewma,2024-04-05,0.11503025626768688,0.20487558911881373,0.18850655903306981,0.1321040210006394,0.16473116331571683,0.19475241126407325
ewma,2024-04-08,0.11735365382621811,0.20542450125605158,0.17828439293384582,0.1370669713968838,0.17124572363691395,0.1906247569500866
ewma,2024-04-09,0.11779347337675641,0.205152975151981,0.1776935650611587,0.1371872365552416,0.17211676567010478,0.19005598418475747
ewma,2024-04-10,0.11894398796891639,0.20538435340281166,0.17570162489959193,0.1377059997262872,0.1721705040795092,0.19009352992288356
ewma,2024-04-11,0.11159116783769911,0.20252316558398845,0.17655733478908137,0.15058541381607934,0.17409594721260618,0.18464697076054562
ewma,2024-04-12,0.11041837681382659,0.19933801514204913,0.1732210698309716,0.14796523446989104,0.18010807644272697,0.1889492273005347
ewma,2024-04-15,0.1160589357911796,0.21117538840794256,0.14905317656825312,0.1518276646412169,0.1754451597030834,0.19643967488832448
ewma,2024-04-16,0.11612018492453952,0.2111313199499388,0.1489125486318403,0.15180780076169237,0.1756181483871565,0.19640999734483247
ewma,2024-04-17,0.11048039960565219,0.20764952783158191,0.14780976083444727,0.1515048096842119,0.17687184290166147,0.2056836591424452
ewma,2024-04-18,0.11174973571536376,0.20405294927210174,0.14387826084858846,0.1555108424712307,0.1761883865956262,0.20861982509708915
ewma,2024-04-19,0.09056202570585226,0.21902413000861956,0.16372590801219478,0.1576519911141335,0.11578380146528097,0.25325214369391885
ewma,2024-04-22,0.08891126168450611,0.21595759419932775,0.1697846900918573,0.1591243263571611,0.1171165181367771,0.24910560953037073
ewma,2024-04-23,0.08995152839592797,0.2211910619990357,0.17112711763093422,0.15375111927508506,0.1125922096576726,0.25138696304134456
ewma,2024-04-24,0.09262534618275062,0.23126672236805346,0.14986171227236922,0.15569922662608907,0.11897903073450172,0.251567961816236
ewma,2024-04-25,0.10127621384254024,0.2303062520616169,0.1631461149086037,0.1327743480754346,0.12763916618011706,0.24485790493168755
ewma,2024-04-26,0.10024413889064848,0.22124022414069594,0.19640556938192394,0.1647026321467223,0.1636138430155128,0.1537935924244966
ledoit_wolf,2016-07-01,0.18837115313595973,0.1593521497665383,0.15142491302345407,0.18283196736558077,0.12363791694616534,0.1943818997623018
ledoit_wolf,2016-07-05,0.1883684988254365,0.15935236191854354,0.15142684147928842,0.18283159358767767,0.12363810391559191,0.1943826002734621
ledoit_wolf,2016-07-06,0.18836876966829913,0.15933179797752958,0.15143939145459873,0.1827396279624878,0.12374227298363273,0.19437813995345218
ledoit_wolf,2016-07-07,0.18826258257528788,0.15935704157820862,0.15142791470672343,0.18279829595884545,0.12374490845606073,0.19440925672487394
ledoit_wolf,2016-07-08,0.18765098994138257,0.15951159378211016,0.15170893490296006,0.1829209670797539,0.12378955062670424,0.19441796366708894
ledoit_wolf,2016-07-11,0.1874801193818409,0.15956382551523388,0.15141307752172842,0.18304488907244393,0.12415162207006238,0.1943464664386904
ledoit_wolf,2016-07-12,0.18743236615807085,0.1596215675574924,0.15142958238514723,0.18306379084394162,0.12413359259601225,0.19431910045933573
ledoit_wolf,2016-07-13,0.18746182884117124,0.15959602256996094,0.1514111824494518,0.18300671975789884,0.12419380032251624,0.19433044605900102
ledoit_wolf,2016-07-14,0.1874373073241374,0.15964252623698327,0.15145183937514395,0.18300846762006112,0.12416562726352437,0.1942942321801499
ledoit_wolf,2016-07-15,0.18734662815498945,0.15960722972505267,0.15146350694569072,0.18301734612077686,0.12421529646366193,0.19434999258982855
ledoit_wolf,2016-07-18,0.18755716727054653,0.15990223180018098,0.15129179993045808,0.18283251946197462,0.12437890957394214,0.1940373719628976
ledoit_wolf,2016-07-19,0.18790992996348724,0.1601479810128593,0.15139532535468753,0.1832691999382401,0.12305623670991775,0.19422132702080816
ledoit_wolf,2016-07-20,0.18788302245857647,0.1602101434253103,0.15136228342758454,0.1832490923951526,0.12297938297511213,0.19431607531826398
ledoit_wolf,2016-07-21,0.18768898767629796,0.16045995693069157,0.15102987740540535,0.18329320819011813,0.12293549030543409,0.1945924794920529
ledoit_wolf,2016-07-22,0.18749474349488768,0.16053965585947008,0.15103117786800388,0.18334186330165242,0.12299904854432113,0.19459351093166488
ledoit_wolf,2016-07-25,0.18737450108307255,0.16075686685758742,0.150768282553746,0.18338599468841751,0.12294310027559371,0.1947712545415827
ledoit_wolf,2016-07-26,0.187286037222349,0.1608358544378729,0.15080852116568774,0.18345612032752207,0.12280246290724672,0.1948110039393216
ledoit_wolf,2016-07-27,0.18731242933681028,0.16084201311708074,0.15081788618110292,0.18342382146949454,0.12280123688733977,0.19480261300817164
ledoit_wolf,2016-07-28,0.18738525920294213,0.16073271324343688,0.15080870069036356,0.18335618823875668,0.12288144361187203,0.19483569501262868
ledoit_wolf,2016-07-29,0.1873292999093948,0.16081503364623825,0.15073880308676413,0.18372923001706642,0.12304780347017209,0.1943398298703643
ledoit_wolf,2016-08-01,0.18738526985192408,0.1607902458694067,0.15081986068395214,0.18373515585792083,0.12298145405697673,0.19428801367981946
ledoit_wolf,2016-08-02,0.18728480670808126,0.16076736775439443,0.1508061947607153,0.1836975404269549,0.12300590139681665,0.19443818895303747
ledoit_wolf,2016-08-03,0.18732093251090817,0.16073047895991152,0.1507997718773324,0.1836850119603541,0.12300514128549707,0.19445866340599685
ledoit_wolf,2016-08-04,0.18720924263234703,0.1607718812839511,0.15068840691457178,0.18358232838000973,0.1230795277460339,0.1946686130430865
ledoit_wolf,2016-08-05,0.187122234994929,0.16085757629464342,0.1508545865794275,0.18365837681631686,0.12288947470359829,0.1946177506110851
ledoit_wolf,2016-08-08,0.18720834848777995,0.16087684415711562,0.1507794357021661,0.1836915900808762,0.12282462169169728,0.19461915988036485
ledoit_wolf,2016-08-09,0.18720779080793118,0.16087708952293153,0.15078202675508837,0.1836903630243383,0.12282374323233967,0.19461898665737098
ledoit_wolf,2016-08-10,0.18716667159988515,0.16089735247138212,0.1507235042109884,0.18370669000658102,0.12284071808835959,0.19466506362280378
ledoit_wolf,2016-08-11,0.18706184175247564,0.16091523266622954,0.1507693165988416,0.18374635622983115,0.12279259937251963,0.19471465338010246
ledoit_wolf,2016-08-12,0.18634427507822374,0.16105357393937222,0.15087652388674205,0.18392664078681487,0.12286083316882973,0.19493815314001744
ledoit_wolf,2016-08-15,0.1863561138921627,0.16104001138233426,0.15091984759346347,0.18388314154753874,0.12282524235493154,0.19497564322956923
ledoit_wolf,2016-08-16,0.18632903812044815,0.16103545057589613,0.15091294101995892,0.1838948895360353,0.12286064445795816,0.19496703628970338
ledoit_wolf,2016-08-17,0.18625223969262397,0.16103467901110285,0.1509151478819521,0.1839265659633046,0.12288305361209068,0.1949883138389258
ledoit_wolf,2016-08-18,0.18625775268301906,0.1610342672293244,0.15091589258385413,0.18392390237634448,0.1228829570298617,0.19498522809759622
ledoit_wolf,2016-08-19,0.18627143519715225,0.16099656384500133,0.15095578808353438,0.18391977518939395,0.12288280547285989,0.19497363221205816
ledoit_wolf,2016-08-22,0.18628364436099057,0.1610057415900225,0.15093532497959078,0.18394466452017286,0.1228727037492796,0.19495792079994365
ledoit_wolf,2016-08-23,0.18627108966562836,0.16100906942020807,0.15091812436166374,0.18395330192505685,0.12286913430337852,0.19497928032406447
ledoit_wolf,2016-08-24,0.18611889239677487,0.16102277981494117,0.1509314170991181,0.18396609852999682,0.12289762068083816,0.1950631914783309
ledoit_wolf,2016-08-25,0.18610796896557785,0.16102484277523277,0.15092578479222352,0.1839713548602504,0.12291243495782811,0.19505761364888732
ledoit_wolf,2016-08-26,0.1860972705215844,0.16099198350244856,0.15096371595815197,0.18394557325434696,0.12292565863133403,0.19507579813213405
ledoit_wolf,2016-08-29,0.18608914458786704,0.16099568725397415,0.1509162052668441,0.183991732264585,0.12292162121525693,0.19508560941147277
ledoit_wolf,2016-08-30,0.1860723185728056,0.16100839686575674,0.15083147838071556,0.18400084841340428,0.12298688024248525,0.19510007752483252
ledoit_wolf,2016-08-31,0.1860546699027461,0.16101287167524012,0.15084263576670412,0.18401001189521843,0.12298821510991886,0.19509159565017223
ledoit_wolf,2016-09-01,0.18621602030303344,0.16102571958394962,0.15064222912719674,0.18401781257713376,0.12299544442203703,0.19510277398664946
ledoit_wolf,2016-09-02,0.18615927011353697,0.16103779246766645,0.15059697513550238,0.18404248676858387,0.12300146065236794,0.1951620148623426
ledoit_wolf,2016-09-06,0.18644805745367965,0.16103772954780055,0.15047986378337547,0.18378398092723242,0.12297431987013621,0.19527604841777568
ledoit_wolf,2016-09-07,0.18633101528685586,0.16100957497605792,0.15047962829283507,0.18391772656704686,0.12295445361678924,0.19530760126041508
ledoit_wolf,2016-09-08,0.1864123901840383,0.16103345018387524,0.15038444017815664,0.18389681424753923,0.12299923267392646,0.1952736725324642
ledoit_wolf,2016-09-09,0.18519397086714828,0.16092984265800728,0.1510229253798281,0.1839771836161269,0.12314509978141558,0.1957309776974738
ledoit_wolf,2016-09-12,0.18510295894543807,0.16099822470773137,0.15097475812210084,0.18405792070709162,0.1230966941119696,0.19576944340566854
ledoit_wolf,2016-09-13,0.18503373125913788,0.16101332094876772,0.1510921504824684,0.18411614388654995,0.12296350929391635,0.19578114412915965
ledoit_wolf,2016-09-14,0.18501832185466854,0.16103205959888062,0.15109600750260507,0.18411154030143878,0.12295514281617298,0.19578692792623398
ledoit_wolf,2016-09-15,0.1845388974721215,0.16114005650993846,0.15102959952474537,0.18436800881636403,0.12315343873943568,0.1957699989373948
ledoit_wolf,2016-09-16,0.18460977471335985,0.16110717629409876,0.1508826501941736,0.18438385327106863,0.12308731357006839,0.19592923195723078
ledoit_wolf,2016-09-19,0.18465090809740622,0.16109408656257404,0.15089901879446516,0.18437327411454377,0.12306455826465378,0.19591815416635694
ledoit_wolf,2016-09-20,0.1846157777198713,0.16111228421807045,0.15088456298211897,0.1843732532842357,0.12306939383343833,0.19594472796226525
ledoit_wolf,2016-09-21,0.18447057139472417,0.16109038902094835,0.1509105921531885,0.18434630233418334,0.123237563636486,0.19594458146046959
ledoit_wolf,2016-09-22,0.18454220421437253,0.1610030911178823,0.1509227295519479,0.18443425110146447,0.12324424260422735,0.19585348141010525
ledoit_wolf,2016-09-23,0.18454205719172093,0.16102594545086718,0.15096820421986,0.18433340876103368,0.12326131972373576,0.19586906465278234
ledoit_wolf,2016-09-26,0.18448946216595924,0.1610221121983908,0.1511525996728585,0.1843779951275015,0.12323748710156343,0.19572034373372643
ledoit_wolf,2016-09-27,0.18409564815847912,0.16092089532653078,0.1515917550785033,0.18442959974809747,0.12316599861373763,0.19579610307465165
ledoit_wolf,2016-09-28,0.1841036886786332,0.16087914654876362,0.1515953776122675,0.18442797357641424,0.12316968780411587,0.19582412577980557
ledoit_wolf,2016-09-29,0.18428666959247034,0.16096004437549105,0.15142296319751042,0.18439052799841302,0.1231760304562416,0.19576376437987367
ledoit_wolf,2016-09-30,0.18420216112857196,0.1609589796006356,0.1513480403236421,0.1844956951140474,0.12312936351644074,0.19586576031666245
ledoit_wolf,2016-10-03,0.1843825482886916,0.16110870985099804,0.150916448543253,0.1845720658729441,0.12291011330659606,0.19611011413751714
ledoit_wolf,2016-10-04,0.1843741617545981,0.16110052336604821,0.15088535506005904,0.1845563676357828,0.12291463047264232,0.19616896171086962
ledoit_wolf,2016-10-05,0.18439655671681357,0.1610688956056495,0.15093476661965033,0.1845591986141409,0.12284307003242892,0.19619751241131683
ledoit_wolf,2016-10-06,0.18427928200071325,0.16111682708548797,0.15063879973631225,0.1847371107753618,0.1228379028516308,0.19639007755049395
ledoit_wolf,2016-10-07,0.18423661556155632,0.1611332183221867,0.15052441870843247,0.18482875095803902,0.122864617747398,0.1964123787023876
ledoit_wolf,2016-10-10,0.18429359225941513,0.16119880678831225,0.15042797754271922,0.18480956858443318,0.12298686349303702,0.19628319133208325
ledoit_wolf,2016-10-11,0.1841752889920772,0.16116037994102944,0.15057520250449916,0.18480636975736528,0.12287123760063035,0.19641152120439864
ledoit_wolf,2016-10-12,0.18417471193898202,0.16116029127390993,0.1505733793846251,0.18480650957429276,0.12287476769371519,0.19641034013447517
ledoit_wolf,2016-10-13,0.18403322942153344,0.16118856221815545,0.1506216444694203,0.18477769991678286,0.12300591750553116,0.1963729464685768
ledoit_wolf,2016-10-14,0.1840616124371271,0.1611659412589169,0.15058357198848968,0.1847828389139795,0.12302803170553617,0.19637800369595068
ledoit_wolf,2016-10-17,0.18403928161303862,0.16108296427941407,0.15054260836438108,0.18483079334283029,0.12297539893595566,0.19652895346438032
ledoit_wolf,2016-10-18,0.18472099319608629,0.16230668431950313,0.15078966635331442,0.1859198666133094,0.11934625516589088,0.1969165343518959
ledoit_wolf,2016-10-19,0.18486417149193726,0.16241552348117583,0.15066547070197678,0.1858577636248358,0.11927122494751598,0.19692584575255825
ledoit_wolf,2016-10-20,0.1849475261042071,0.1623851485511906,0.1506063760826044,0.18586379751945553,0.1193015433907849,0.1968956083517575
ledoit_wolf,2016-10-21,0.185092730148288,0.16237558396373888,0.15063161515504478,0.18574572554272253,0.11918292179764127,0.19697142339256452
ledoit_wolf,2016-10-24,0.18437322157565156,0.16229959357894208,0.15075750705356294,0.18599995156563598,0.1195249615832547,0.19704476464295279
ledoit_wolf,2016-10-25,0.18445959345424592,0.16229323483104643,0.15076382541399144,0.18596780935217846,0.11951646071207354,0.19699907623646415
ledoit_wolf,2016-10-26,0.18452862379183807,0.16220735868195135,0.1508121533597326,0.18592057465260353,0.11956476042292256,0.19696652909095191
ledoit_wolf,2016-10-27,0.18433004507464607,0.1622290177159906,0.15098812990274188,0.18586495374639175,0.1196012531309267,0.19698660042930297
ledoit_wolf,2016-10-28,0.1843825695783772,0.16159520746483186,0.15088302998854597,0.1862483514669879,0.11969101029135572,0.19719983120990145
ledoit_wolf,2016-10-31,0.18442640747464964,0.16168247005082786,0.150855189499212,0.18624400570564,0.1196663172573902,0.1971256100122803
ledoit_wolf,2016-11-01,0.18398386253482504,0.16191884900697331,0.15055491334687354,0.1863359753163675,0.11978288083704944,0.19742351895791113
ledoit_wolf,2016-11-02,0.18421996424822712,0.1617230412880446,0.15064750233741908,0.18625774982855456,0.11995528610787194,0.19719645618988274
ledoit_wolf,2016-11-03,0.1842587120815641,0.16214393268966715,0.1509458458131668,0.18503819528163043,0.12018843673060273,0.1974248774033688
ledoit_wolf,2016-11-04,0.18423833767642914,0.16210470314448427,0.15098443348608184,0.18506107292885166,0.12018921194863012,0.197422240815523
ledoit_wolf,2016-11-07,0.1831702095951516,0.1617563569366051,0.15146297170749023,0.18576089809945845,0.12054904626897002,0.1973005173923247
ledoit_wolf,2016-11-08,0.18325287104253982,0.16179855482615318,0.15145068745542536,0.18566458188842042,0.12059878728227792,0.19723451750518328
ledoit_wolf,2016-11-09,0.1831358826394512,0.16166737378779458,0.15132484738255889,0.18582809307890347,0.12063107170875098,0.19741273140254087
ledoit_wolf,2016-11-10,0.18295031344567428,0.16139085171209033,0.15174242612064567,0.18641715220473273,0.12034033152184123,0.1971589249950157
ledoit_wolf,2016-11-11,0.16788040513212596,0.16443759185351503,0.15382127007168542,0.190087409028432,0.1232420506654032,0.2005312732488383
ledoit_wolf,2016-11-14,0.16718180101651828,0.16462226274223782,0.15376433246263194,0.18980920787939035,0.12389816289823244,0.20072423300098907
ledoit_wolf,2016-11-15,0.16706682320347616,0.16438341577241308,0.15399044800139072,0.18989873115322428,0.12431341797069731,0.20034716389879845
ledoit_wolf,2016-11-16,0.1664542303662243,0.1644831450871822,0.15411549761473967,0.1902218040234486,0.12432344358527929,0.20040187932312595
ledoit_wolf,2016-11-17,0.16651414090350267,0.1644722777874089,0.1539648634351167,0.19018172469372444,0.12443797661953626,0.20042901656071102
ledoit_wolf,2016-11-18,0.1665976767102282,0.16454427121436285,0.1538912356274315,0.19016528177136832,0.12447027963423261,0.20033125504237653
ledoit_wolf,2016-11-21,0.16695830549752838,0.16441297028757312,0.15418796798837356,0.1895341094113093,0.12446259796158735,0.20044404885362832
ledoit_wolf,2016-11-22,0.16697248189997796,0.16441511254455646,0.154002593903264,0.18961574933846503,0.12450019340629562,0.20049386890744095
ledoit_wolf,2016-11-23,0.1669895555710898,0.1643968314897773,0.15405001613143393,0.1896010177950957,0.12450048394779904,0.20046209506480417
ledoit_wolf,2016-11-25,0.16699212711071557,0.16439976334287487,0.15403499838717047,0.18960831613751677,0.1245049408675865,0.20045985415413578
ledoit_wolf,2016-11-28,0.1669883795547207,0.1643153170133522,0.15404012216535157,0.18962334704221429,0.12450107929062786,0.2005317549337333
ledoit_wolf,2016-11-29,0.166942247219603,0.16429661052987568,0.153850280317578,0.18971637814725995,0.12455423336392585,0.2006402504217575
ledoit_wolf,2016-11-30,0.16694436570726842,0.16426257851838802,0.15407130034220867,0.18953317787196558,0.12468186502609782,0.20050671253407146
ledoit_wolf,2016-12-01,0.16621571061863022,0.16473259849183225,0.15377254608378366,0.1892422156526299,0.12526555490222496,0.20077137425089908
ledoit_wolf,2016-12-02,0.1662029323744339,0.16476888059871414,0.15378885176374232,0.18924310205443762,0.1252077345585118,0.20078849865016024
ledoit_wolf,2016-12-05,0.16590015067619351,0.16467720888938261,0.1536342206183887,0.1892742633194746,0.12574902536158744,0.2007651311349731
ledoit_wolf,2016-12-06,0.16584099207987846,0.1646707150924035,0.15370332161138225,0.1893402010754409,0.12558150411507307,0.20086326602582177
ledoit_wolf,2016-12-07,0.1658547659510138,0.16484317442921925,0.1533555103381214,0.1895506450679601,0.12573112637363265,0.20066477784005288
ledoit_wolf,2016-12-08,0.16576160935366074,0.1648240455552306,0.15335657223845114,0.18964438781797693,0.12567841326502607,0.20073497176965457
ledoit_wolf,2016-12-09,0.16576491421350842,0.16482515809033,0.1533578907252904,0.1896422204115594,0.12568115259207255,0.2007286639672392
ledoit_wolf,2016-12-12,0.16557287892500774,0.1647933983052793,0.15350356946803814,0.1895042503234016,0.12576463296193327,0.2008612700163399
ledoit_wolf,2016-12-13,0.16560983207379415,0.1647852120339304,0.1533076134884187,0.18933805535557802,0.1259328579126333,0.20102642913564556
ledoit_wolf,2016-12-14,0.16524459436328515,0.16492498013970672,0.15334706261502604,0.18942044818443726,0.12600185131681918,0.20106106338072557
ledoit_wolf,2016-12-15,0.16521814068202156,0.164946076443018,0.15335646783778192,0.18941539647108108,0.12599382136480575,0.20107009720129165
ledoit_wolf,2016-12-16,0.16520474026605675,0.16495377398119906,0.15333256743476653,0.18942517073163131,0.12600149409697695,0.2010822534893693
ledoit_wolf,2016-12-19,0.16518514943303625,0.16492776437398377,0.15333917257863958,0.18947305223077385,0.12599274258992801,0.20108211879363858
ledoit_wolf,2016-12-20,0.16496420135448883,0.16497426624654823,0.1531451714496156,0.18963914063154508,0.12610751085932073,0.20116970945848145
ledoit_wolf,2016-12-21,0.1649685765675573,0.16497292973695907,0.1531414328908335,0.1896391345220234,0.12611503158003456,0.20116289470259224
ledoit_wolf,2016-12-22,0.16502466145243413,0.1649609173248768,0.15317698985431713,0.1895662917231588,0.12610586619246528,0.2011652734527478
ledoit_wolf,2016-12-23,0.16494995050103547,0.1650253392539901,0.15309715095068918,0.18959639120424496,0.12612532533578286,0.2012058427542575
ledoit_wolf,2016-12-27,0.16397062555236128,0.16517194150482345,0.15294506456188872,0.18996853220322227,0.12619061331478967,0.20175322286291458
ledoit_wolf,2016-12-28,0.16294623024394006,0.1655150952664878,0.15330819421054825,0.1900774386681647,0.1261939046591424,0.2019591369517168
ledoit_wolf,2016-12-29,0.16306482396828006,0.16547897740732748,0.15321403974522954,0.19007128573371473,0.12619655202947924,0.2019743211159688
ledoit_wolf,2016-12-30,0.16255275211635492,0.16539045633888158,0.15350545588863312,0.19019997720745863,0.12631614307537994,0.2020352153732917
ledoit_wolf,2017-01-03,0.16283325205936255,0.16542184076532687,0.15346052127050847,0.19012639323285987,0.12625475513888595,0.2019032375330563
ledoit_wolf,2017-01-04,0.16257283092459693,0.16548415649523038,0.15339415444664284,0.18974646601099915,0.12666979174734894,0.2021326003751819
ledoit_wolf,2017-01-05,0.1630548079919265,0.16544031484953467,0.1529283630738192,0.1895488124595002,0.12656254200356248,0.20246515962165704
ledoit_wolf,2017-01-06,0.1631036854011554,0.1653732182188767,0.15298470240489204,0.1893588751594577,0.12676698433782768,0.2024125344777905
ledoit_wolf,2017-01-09,0.16313244846307962,0.1653300327564172,0.15275316263937047,0.18962920872170652,0.12688465003008095,0.20227049738934513
ledoit_wolf,2017-01-10,0.16295952385921755,0.16538011049005774,0.1528347156548267,0.18955112534249133,0.1268956469211016,0.20237887773230503
ledoit_wolf,2017-01-11,0.16295052825349338,0.16546281307788827,0.1528960324943789,0.18949310642108314,0.1270495846134224,0.2021479351397338
ledoit_wolf,2017-01-12,0.1628657026912111,0.16553621053412143,0.15292118363699875,0.18943563343063335,0.12705763741520648,0.20218363229182884
ledoit_wolf,2017-01-13,0.16295081244725482,0.16565695546050177,0.15309170727828755,0.18932185325598563,0.12684026411642296,0.20213840744154737
ledoit_wolf,2017-01-17,0.16273028870949327,0.16579117181135117,0.15295629830558571,0.18979666472005088,0.1267327104476717,0.20199286600584732
ledoit_wolf,2017-01-18,0.16269574373556023,0.16575238198667996,0.15277649187872405,0.18984106261044914,0.12696106385701422,0.2019732559315724
ledoit_wolf,2017-01-19,0.1625849274839704,0.16576664714673559,0.15260981153923198,0.19004327213889075,0.12686306314433232,0.20213227854683902
ledoit_wolf,2017-01-20,0.16175855977463632,0.16545310032144342,0.15220202541836889,0.18866835852605943,0.1302165921081394,0.2017013638513526
ledoit_wolf,2017-01-23,0.16142737773385454,0.16598720474897374,0.1520519594047334,0.18795636650868497,0.13062400757990397,0.2019530840238493
ledoit_wolf,2017-01-24,0.1613248703607216,0.16606581190035613,0.1518979113138226,0.1880438513912612,0.13062361092257957,0.20204394411125898
ledoit_wolf,2017-01-25,0.16136788402279348,0.16600793457088622,0.15195747102359033,0.18795817706829693,0.13069663992532377,0.2020118933891093
ledoit_wolf,2017-01-26,0.16193772707864088,0.16576136471089822,0.1515886843173258,0.18810011700493276,0.13010899388087432,0.20250311300732807
ledoit_wolf,2017-01-27,0.16199007086313472,0.1656844297482516,0.15185413069888534,0.18757871857697847,0.13020031652877817,0.20269233358397165
ledoit_wolf,2017-01-30,0.16200718503129077,0.16599617341489034,0.15213319532983685,0.1878858234046209,0.13007646241223983,0.20190116040712133
ledoit_wolf,2017-01-31,0.16086004056108294,0.1688439572258718,0.15154154814450824,0.18624278256472482,0.12948199157997672,0.20302967992383555
ledoit_wolf,2017-02-01,0.1606707994551819,0.16905540261089094,0.1519402262089163,0.18580104478916507,0.1294892272721446,0.20304329966370124
ledoit_wolf,2017-02-02,0.16079867356038113,0.16878783666498604,0.15224559797686713,0.18565485737641022,0.12967930172855205,0.20283373269280336
ledoit_wolf,2017-02-03,0.16074162759224,0.16842769313732017,0.1522705441225293,0.18568707975993323,0.12981829885355062,0.20305475653442676
ledoit_wolf,2017-02-06,0.16065875725074263,0.1687429191615118,0.15214306041946907,0.18554654784669264,0.1297825893470231,0.2031261259745607
ledoit_wolf,2017-02-07,0.16063321327901497,0.16869324091975368,0.1522615557278677,0.1857595826512441,0.12974708398408152,0.20290532343803805
ledoit_wolf,2017-02-08,0.16071391523364711,0.16873189746059108,0.15216136124743723,0.1856127561699288,0.12975749013648172,0.20302257975191407
ledoit_wolf,2017-02-09,0.16083771259980006,0.1686035785769224,0.15193886085067287,0.1855584652854879,0.12981984259045992,0.2032415400966567
ledoit_wolf,2017-02-10,0.16078918981168142,0.1686169536733715,0.151967595238137,0.1855141721685613,0.12982580285197842,0.2032862862562704
ledoit_wolf,2017-02-13,0.16112264909596513,0.16861582243921372,0.15166460030988,0.1853984208956384,0.12978157360891202,0.2034169336503907
ledoit_wolf,2017-02-14,0.1610964814208657,0.1686591691160513,0.15167016686265025,0.1853054875591222,0.12979014879857984,0.20347854624273073
ledoit_wolf,2017-02-15,0.1610655481352975,0.16875111340396917,0.1516234490301553,0.18527571665785517,0.12973965437264398,0.20354451840007892
ledoit_wolf,2017-02-16,0.16098208054504112,0.16883014367519747,0.1513546380088525,0.18535063272375743,0.129761762357808,0.20372074268934345
ledoit_wolf,2017-02-17,0.16073790006217523,0.16878211864987835,0.15160586779133992,0.18585129609168877,0.12951908124880385,0.20350373615611383
ledoit_wolf,2017-02-21,0.16049416579901526,0.16879126444916118,0.15164230366039158,0.1860035593061768,0.12960472894592687,0.2034639778393283
ledoit_wolf,2017-02-22,0.16036349190947524,0.16863191158244695,0.15214568564743677,0.18593194340854993,0.12950326568985887,0.20342370176223232
ledoit_wolf,2017-02-23,0.1583879923073224,0.16935836246605507,0.15114429862328405,0.1866497760598318,0.12999739634838134,0.2044621741951255
ledoit_wolf,2017-02-24,0.15826672231193775,0.16941559469330061,0.1510738889197614,0.18670743092542388,0.1299735473131687,0.20456281583640756
ledoit_wolf,2017-02-27,0.158189154098056,0.16925494534251975,0.15109625013809053,0.18672043853201847,0.12994639623292187,0.2047928156563934
ledoit_wolf,2017-02-28,0.15798398353786197,0.16932219084917247,0.15136864559595611,0.1868963654524246,0.1299839416438175,0.2044448729207673
ledoit_wolf,2017-03-01,0.15807574553791814,0.16937140611228452,0.15112063408614967,0.18683604573340473,0.1300235401682279,0.20457262836201498
ledoit_wolf,2017-03-02,0.1577886396693955,0.16947835030228342,0.1512711396986567,0.18694893327762901,0.12996812213354753,0.20454481491848783
ledoit_wolf,2017-03-03,0.15778863826082146,0.16943603717139855,0.1513098903817279,0.18702327090101661,0.12992574819680017,0.20451641508823537
ledoit_wolf,2017-03-06,0.15782037837559298,0.169468133064388,0.1512580037242515,0.1870210200542815,0.12991247889578098,0.20451998588570497
ledoit_wolf,2017-03-07,0.15770971500496922,0.16949208947247557,0.15149399597852053,0.18689554753574494,0.12997704609942085,0.20443160590886894
ledoit_wolf,2017-03-08,0.15765398196700367,0.16949484598500772,0.15154967611056128,0.18693336856973078,0.1300339467979542,0.20433418056974245
ledoit_wolf,2017-03-09,0.15714719472253888,0.16965657705424167,0.15130220094728353,0.18715373594235288,0.1300708347834108,0.20466945655017232
ledoit_wolf,2017-03-10,0.15715334109764922,0.1696708086305783,0.15128149719395795,0.1871508062194542,0.1300592431576945,0.20468430370066593
ledoit_wolf,2017-03-13,0.1568977351997699,0.1698578826883406,0.15113827506262834,0.18728007254456586,0.13004475435590288,0.20478128014879246
ledoit_wolf,2017-03-14,0.15679233587843844,0.16987992806084545,0.15092542602050796,0.1873363652244657,0.13015608971983159,0.20490985509591086
ledoit_wolf,2017-03-15,0.15678915369073854,0.16987704220876165,0.15109786192154706,0.18726884836984492,0.12994413417894138,0.20502295963016634
ledoit_wolf,2017-03-16,0.1567656577928378,0.16990829634091412,0.15102050098054234,0.1872694360666684,0.12998679906297853,0.2050493097560588
ledoit_wolf,2017-03-17,0.1564153343285339,0.16985405039299933,0.15121798753535381,0.18741853637627992,0.1299420513111848,0.2051520400556482
ledoit_wolf,2017-03-20,0.156311307059184,0.16984605908721345,0.1512283687853957,0.18744211776796613,0.12994132333882213,0.20523082396141865
ledoit_wolf,2017-03-21,0.15607436773011502,0.17009385042548628,0.15081994968820622,0.18794937252500346,0.13000699927356582,0.20505546035762323
ledoit_wolf,2017-03-22,0.15619727223865845,0.17016714551989628,0.15066708998854544,0.18781379911257748,0.13006257056975798,0.20509212257056417
ledoit_wolf,2017-03-23,0.1559648592691185,0.17005633077455573,0.15071259997884673,0.18788313663532932,0.13017264284083832,0.20521043050131155
ledoit_wolf,2017-03-24,0.15696564416035103,0.16921046136088147,0.15071208062168887,0.1880134332101285,0.13022550890955611,0.20487287173739405
ledoit_wolf,2017-03-27,0.15696198334242384,0.16930328604736705,0.15069001508755914,0.18796171581718307,0.13019799131104623,0.20488500839442048
ledoit_wolf,2017-03-28,0.1569850285763883,0.1692174908778451,0.15066761386651972,0.18788448348923298,0.1302281657254089,0.20501721746460486
ledoit_wolf,2017-03-29,0.15699165536422718,0.1691290958909538,0.15090038854525092,0.18775051112698743,0.13027925806988414,0.20494909100269657
ledoit_wolf,2017-03-30,0.15714903135536837,0.16901930826045267,0.15082328794881625,0.18778137384408417,0.13024524406503515,0.20498175452624337
ledoit_wolf,2017-03-31,0.1570817108973604,0.16903109315934597,0.15082019373706368,0.18778416542215107,0.13024979878261628,0.20503303800146255
ledoit_wolf,2017-04-03,0.15731873519707223,0.16912869827527607,0.1501428682214432,0.18796027554102215,0.1304401862251917,0.20500923653999462
ledoit_wolf,2017-04-04,0.15676969077926456,0.16927970080876278,0.15127758205114755,0.18775290909494977,0.13035554747741285,0.20456456978846255
ledoit_wolf,2017-04-05,0.15674902044852215,0.1694008707783234,0.1510839686467154,0.18786303388098788,0.1303212146566534,0.20458189158879772
ledoit_wolf,2017-04-06,0.1566634752793486,0.16946134843642777,0.151230245151531,0.1875827088197168,0.13057904361703382,0.20448317869594196
ledoit_wolf,2017-04-07,0.1567089612459988,0.16946074716962195,0.15130135270961484,0.18754562116537377,0.13054658156389645,0.20443673614549415
ledoit_wolf,2017-04-10,0.15680338278551748,0.1693853723920049,0.15122639940829283,0.18751139107093465,0.13064774540725346,0.20442570893599665
ledoit_wolf,2017-04-11,0.1567741752000926,0.1693394627065641,0.1511495152702148,0.18752824108788754,0.13079806484573905,0.20441054088950203
ledoit_wolf,2017-04-12,0.15678990730292564,0.16927768500385165,0.15087232769221154,0.1875392212866218,0.1308034552968645,0.20471740341752492
ledoit_wolf,2017-04-13,0.156684875870061,0.16922227095744372,0.15099379377549088,0.18758468501667866,0.13080614882571032,0.20470822555461535
ledoit_wolf,2017-04-17,0.15577127659754175,0.16883379897429507,0.1508675363169523,0.18690174217808697,0.1333499829517137,0.20427566298141006
ledoit_wolf,2017-04-18,0.15579198890575527,0.16913393383628908,0.15065434758039178,0.18703071133641508,0.13286816310101413,0.2045208552401346
ledoit_wolf,2017-04-19,0.15552873934646058,0.16946074021315014,0.15037500094433034,0.1873040053533904,0.13260913250388207,0.2047223816387865
ledoit_wolf,2017-04-20,0.1554900368480819,0.16947949413788824,0.15045585642486212,0.18726876408745383,0.1325857088101532,0.20472013969156075
ledoit_wolf,2017-04-21,0.15544366577953916,0.1692450319172165,0.15082800992468046,0.187301604837942,0.13240337447931844,0.20477831306130348
ledoit_wolf,2017-04-24,0.15550013863634016,0.16929777921422093,0.15089638984968065,0.18748831093618423,0.13247041744597843,0.20434696391759563
ledoit_wolf,2017-04-25,0.15447446910313772,0.17376124227844336,0.14999670066755327,0.18591856259095907,0.1311437172450583,0.2047053081148483
ledoit_wolf,2017-04-26,0.1544407643103505,0.17362273911352502,0.1502892385769649,0.18596709702840905,0.1311344797979219,0.20454568117282862
ledoit_wolf,2017-04-27,0.15429546278050849,0.17377947422046522,0.15031731462292952,0.1860652492885672,0.13104004082234302,0.20450245826518648
ledoit_wolf,2017-04-28,0.1546251276338927,0.17389677307146859,0.15025044907228075,0.18601421556247863,0.13123577579783793,0.20397765886204142
ledoit_wolf,2017-05-01,0.15425046587900174,0.17370518453461445,0.15024178184892328,0.18621803773939785,0.1310952904362395,0.20448923956182327
ledoit_wolf,2017-05-02,0.15415700185674344,0.17369950708910528,0.1501746817499116,0.18625307882377057,0.13113474336123107,0.20458098711923806
ledoit_wolf,2017-05-03,0.1541949690849871,0.1736680867114988,0.1500731384719768,0.18621448882941322,0.13112542161348345,0.2047238952886406
ledoit_wolf,2017-05-04,0.15436839544680592,0.17363723861933084,0.14950344107670732,0.18632135341040668,0.13104285351304895,0.20512671793370035
ledoit_wolf,2017-05-05,0.15433261247889227,0.17365716864973813,0.1494512252985575,0.18620094150771427,0.13106595392693962,0.20529209813815816
ledoit_wolf,2017-05-08,0.1543597233605842,0.1737251960673806,0.14962931582032285,0.18599491295468773,0.1309790305485528,0.20531182124847183
ledoit_wolf,2017-05-09,0.15479482841931297,0.1736043344774946,0.14937316168142056,0.1860872463796292,0.1308957405851143,0.2052446884570284
ledoit_wolf,2017-05-10,0.15082617830707684,0.17469754049036854,0.1498694120508786,0.1870262896982568,0.13122266700254512,0.20635791245087404
ledoit_wolf,2017-05-11,0.15072797342785627,0.17471484035001802,0.14980539119506686,0.18706110092583958,0.1312597898009921,0.20643090430022712
ledoit_wolf,2017-05-12,0.1507132505658264,0.17467357801342984,0.14981947329582093,0.1870593765989986,0.13123850208528204,0.2064958194406421
ledoit_wolf,2017-05-15,0.15057944978885512,0.17453058552204045,0.14960199657781084,0.18762844644878968,0.13110348549135242,0.2065560361711515
ledoit_wolf,2017-05-16,0.15054198014980286,0.17447964697474974,0.14962991120619473,0.18764171469466603,0.131173058988979,0.2065336879856075
ledoit_wolf,2017-05-17,0.14950506754655257,0.17504815376880717,0.14980087635320266,0.18744673298389192,0.13128406969152037,0.2069150996560253
ledoit_wolf,2017-05-18,0.14922495128340557,0.17519220154122966,0.14976334374938957,0.1873564713687605,0.13136915055407897,0.20709388150313582
ledoit_wolf,2017-05-19,0.14917810044432328,0.17520631385780347,0.1498068328856694,0.18736517376156064,0.13135754546563105,0.20708603358501212
ledoit_wolf,2017-05-22,0.14908340673665005,0.1752291429054806,0.149856386772594,0.18738635310540286,0.13138194783841556,0.2070627626414568
ledoit_wolf,2017-05-23,0.14903176420086592,0.1752855243705866,0.149734590128646,0.18737345921891907,0.13141065530228246,0.2071640067786999
ledoit_wolf,2017-05-24,0.14903455519731956,0.1752324945561151,0.1495348632777526,0.1874264642422391,0.13147686487263818,0.2072947578539353
ledoit_wolf,2017-05-25,0.14976553728269842,0.17518385015826657,0.1491297512220656,0.18744448538700056,0.13130971146321987,0.20716666448674897
ledoit_wolf,2017-05-26,0.14966972453446128,0.17523838748440454,0.1489949436553689,0.18750392997304402,0.13137264454032638,0.20722036981239472
ledoit_wolf,2017-05-30,0.1495753900711649,0.17517816851847848,0.1487858080425133,0.18765043802513695,0.13137398835929606,0.20743620698341037
ledoit_wolf,2017-05-31,0.14957418314615334,0.175166372360747,0.1488140707042849,0.18768435121671667,0.13135667645676888,0.20740434611532915
ledoit_wolf,2017-06-01,0.14962944462004235,0.1751697916954904,0.14882052960522676,0.1876768878871676,0.13135082805550954,0.2073525181365632
ledoit_wolf,2017-06-02,0.14962675207440662,0.1751788874841086,0.1488479390182794,0.18774351734343966,0.13129487408792812,0.20730802999183773
ledoit_wolf,2017-06-05,0.1494105391886592,0.17529887092166288,0.14877868399969563,0.18785884713958412,0.13132735167457074,0.20732570707582745
ledoit_wolf,2017-06-06,0.1493999955747039,0.17525458316957035,0.14886783237550844,0.18784465147484913,0.13135069829037457,0.20728223911499358
ledoit_wolf,2017-06-07,0.1495284246485182,0.17525266494346547,0.14843637401316273,0.18805665618321202,0.13136161997523724,0.2073642602364043
ledoit_wolf,2017-06-08,0.14877600146532471,0.17560247396662085,0.14824013811314582,0.18809518028748223,0.13164383108945402,0.20764237507797237
ledoit_wolf,2017-06-09,0.14773444773679015,0.1759611375767963,0.1484607484311648,0.18834406004534024,0.1318479302870933,0.20765167592281517
ledoit_wolf,2017-06-12,0.14783375609310317,0.17587130273400098,0.14864509861537792,0.1883876531300597,0.13159289749143252,0.20766929193602565
ledoit_wolf,2017-06-13,0.14817972425114717,0.17586780996508733,0.14814106856948492,0.18832940087460084,0.1317083429702837,0.20777365336939613
ledoit_wolf,2017-06-14,0.14813686056119005,0.17595075531819795,0.1480813824976967,0.18835412073763905,0.13169729301783026,0.2077795878674459
ledoit_wolf,2017-06-15,0.14820835769436927,0.17587984564642237,0.14805418319673516,0.18836930627388562,0.13179667697530464,0.20769163021328294
ledoit_wolf,2017-06-16,0.14822835501919798,0.17578831915391355,0.14818847297854978,0.18839368633075795,0.1317197219805454,0.2076814445370353
ledoit_wolf,2017-06-19,0.14798575065748465,0.17612358452636578,0.14826180945768688,0.1883137835120126,0.13166177877740567,0.20765329306904423
ledoit_wolf,2017-06-20,0.1479938254242665,0.17618524013939996,0.1482759520846708,0.18832177138074002,0.1316649396066267,0.20755827136429594
ledoit_wolf,2017-06-21,0.14791778740228312,0.1761630278128143,0.14817726310653243,0.18852607547650224,0.13170075254108984,0.20751509366077805
ledoit_wolf,2017-06-22,0.14740890912716623,0.1762729200171527,0.14837158586909197,0.18900751325120516,0.13160360282035796,0.20733546891502594
ledoit_wolf,2017-06-23,0.14749484976644026,0.17635829072497322,0.1483941564799411,0.1887988909058249,0.13156924264659067,0.20738456947622985
ledoit_wolf,2017-06-26,0.14746445499272406,0.17637234907133428,0.14830532401682608,0.18887218345664447,0.13173540892596314,0.20725027953650793
ledoit_wolf,2017-06-27,0.1473887764803508,0.17673235362615813,0.14802688755310459,0.18900669527801126,0.13166435192152867,0.20718093514084654
ledoit_wolf,2017-06-28,0.14737292102606578,0.1767868807920951,0.14782087649786108,0.18918593467451852,0.13143357981645995,0.2073998071929996
ledoit_wolf,2017-06-29,0.14710382920783138,0.17704311349815066,0.1478517036541677,0.18936941368828306,0.13160089068226338,0.2070310492693038
ledoit_wolf,2017-06-30,0.14705360922794192,0.17700805981524134,0.1478976239762931,0.18950050318251677,0.1315717613515824,0.20696844244642432
ledoit_wolf,2017-07-03,0.14666071304638414,0.17701530475661859,0.14807830884890893,0.1894612087600628,0.13158201540493336,0.20720244918309197
ledoit_wolf,2017-07-05,0.14668190961924413,0.1769989372103532,0.14818349282556076,0.18940277677873849,0.1315633158668507,0.20716956769925282
ledoit_wolf,2017-07-06,0.14698937007587468,0.17700515003789788,0.14793286459487764,0.18940502521179808,0.1316162067333924,0.20705138334615933
ledoit_wolf,2017-07-07,0.14677594534685,0.1770278677122409,0.14850054804516707,0.18937709470979006,0.13126438693938805,0.2070541572465638
ledoit_wolf,2017-07-10,0.14632936785671186,0.17702365874822643,0.14868379702716822,0.18939767113497827,0.1313832426785892,0.207182262554326
ledoit_wolf,2017-07-11,0.14624319088143323,0.1772496251587653,0.14822203408995752,0.1895389210023772,0.1312960765876492,0.20745015227981736
ledoit_wolf,2017-07-12,0.14554279561420133,0.1775632363545107,0.14819850619987207,0.1894276651518185,0.13139629758063923,0.2078714990989581
ledoit_wolf,2017-07-13,0.14540711984900553,0.17767166999766462,0.14813845081120036,0.1893302024276937,0.1313067368012115,0.20814582011322422
ledoit_wolf,2017-07-14,0.1453290103422294,0.17784545924872389,0.148121625567846,0.1892993054109922,0.1313525180507198,0.20805208137948886
ledoit_wolf,2017-07-17,0.14435067949493355,0.1774976237691915,0.14677313799466316,0.18764985172794685,0.1357186138264139,0.2080100931868511
ledoit_wolf,2017-07-18,0.1417266110392601,0.17480802991198371,0.14523954854460464,0.18694206439557698,0.12986014402773857,0.22142360208083592
ledoit_wolf,2017-07-19,0.1417081743227992,0.17481191689432496,0.1452441233943607,0.1869727031676069,0.12983655305642117,0.22142652916448707
ledoit_wolf,2017-07-20,0.1416651135245565,0.1748089488565839,0.14545288699263045,0.1869159815283147,0.12976106444372124,0.22139600465419326
ledoit_wolf,2017-07-21,0.14176820356491832,0.17475570150698583,0.14537851346390107,0.18704243391914896,0.12974334761114772,0.221311799933898
ledoit_wolf,2017-07-24,0.14162334783548244,0.1746595616017873,0.14493982930670438,0.18707737366364138,0.12975472194435936,0.2219451656480251
ledoit_wolf,2017-07-25,0.14148663253472962,0.17605523585870672,0.14483149331983144,0.18730895744036752,0.1296908117473931,0.22062686909897145
ledoit_wolf,2017-07-26,0.14138910990839534,0.17558198453076893,0.1452802252849121,0.18785434516008684,0.1297984437234944,0.22009589139234237
ledoit_wolf,2017-07-27,0.14117680241475977,0.17530604323407267,0.14542092571613763,0.18881611218787372,0.12951400651450046,0.2197661099326557
ledoit_wolf,2017-07-28,0.14117534981103355,0.17534734916936534,0.14537451184462108,0.18889598789054404,0.12948820249131468,0.21971859879312125
ledoit_wolf,2017-07-31,0.14131975021174314,0.1750316563920363,0.14519093430156493,0.18865472306938894,0.1298924983654057,0.219910437659861
ledoit_wolf,2017-08-01,0.1413168635847586,0.17499792674061973,0.14519118052105276,0.1887166855025884,0.12979059542455398,0.2199867482264265
ledoit_wolf,2017-08-02,0.1412917168101487,0.17500802880613556,0.14524267494012086,0.18871294085516446,0.12981739024342254,0.21992724834500793
ledoit_wolf,2017-08-03,0.1412052751496538,0.17488465606318376,0.14512944221864008,0.18862934704336484,0.1304021813079471,0.2197490982172103
ledoit_wolf,2017-08-04,0.1410806101272018,0.17476398987478653,0.14493512389325242,0.1888938882570842,0.13041165734994803,0.21991473049772697
ledoit_wolf,2017-08-07,0.1407939665874556,0.17473925449507857,0.14625041692299945,0.18878715223740467,0.12975525836208696,0.21967395139497461
ledoit_wolf,2017-08-08,0.14123651496834483,0.174626055344595,0.1462360549874471,0.18870013906270286,0.1296082783645948,0.21959295727231537
ledoit_wolf,2017-08-09,0.1413330279061008,0.1745944847588749,0.14622232948797934,0.1887203296941427,0.1295644315463416,0.2195653966065606
ledoit_wolf,2017-08-10,0.1408941808606947,0.17453455117724298,0.14632640550375012,0.1886513530397512,0.1294158217942081,0.22017768762435272
ledoit_wolf,2017-08-11,0.14080289687797137,0.1745738558006955,0.14633306494597334,0.18863418475093224,0.12946479352884616,0.22019120409558132
ledoit_wolf,2017-08-14,0.13990094675186238,0.17466312555135596,0.1464691870436498,0.1886388476237941,0.12990460437444187,0.22042328865489594
ledoit_wolf,2017-08-15,0.13985573203986226,0.17467625168279455,0.14646511540320664,0.18870063333935683,0.12984915644919942,0.22045311108558024
ledoit_wolf,2017-08-16,0.13968405316210705,0.1746401999505616,0.14679519182073775,0.18847040005467872,0.12989756060460622,0.22051259440730858
ledoit_wolf,2017-08-17,0.1396844862146648,0.17471675586463978,0.14666048999447936,0.1884922974418625,0.12997747604103388,0.22046849444331973
ledoit_wolf,2017-08-18,0.1396993312596194,0.17472918397665516,0.1467272436035385,0.18847942683580154,0.13004721223703727,0.22031760208734805
ledoit_wolf,2017-08-21,0.13928454990661934,0.17422536033949007,0.14672873701381384,0.1897037575656854,0.13104122088727482,0.21901637428711654
ledoit_wolf,2017-08-22,0.13813947477988664,0.17357366412644942,0.1462880614370448,0.1901882551118414,0.131545405587937,0.22026513895684077
ledoit_wolf,2017-08-23,0.13710932609397322,0.17479179189138147,0.14583614486058818,0.1902815518293307,0.13171530640010806,0.22026587892461844
ledoit_wolf,2017-08-24,0.13701831837755293,0.17479742553950653,0.145882842469571,0.19032024681571247,0.13185903044651007,0.22012213635114702
ledoit_wolf,2017-08-25,0.13654626379423707,0.17572227003074792,0.14234736219177913,0.1889693880120377,0.1318499306419366,0.2245647853292617
ledoit_wolf,2017-08-28,0.1362012176524982,0.17574429100426975,0.14386744604602902,0.1886947861578278,0.1326512898555231,0.22284096928385222
ledoit_wolf,2017-08-29,0.13624660590684792,0.17571765960010802,0.14392012660263523,0.18876280514842117,0.13263533051370366,0.222717472228284
ledoit_wolf,2017-08-30,0.1363494773471436,0.17558676011498203,0.1436009755903048,0.18892829238879863,0.1324683709070646,0.22306612365170642
ledoit_wolf,2017-08-31,0.1362400163468251,0.1752994879079748,0.14357503780475803,0.18819781817112552,0.13384222350951056,0.222845416259806
ledoit_wolf,2017-09-01,0.13614624282463728,0.175391288340552,0.14377944161585632,0.18850281079190226,0.13306076546162354,0.22311945096542854
ledoit_wolf,2017-09-05,0.13571071708940238,0.1752499713677616,0.14359891720450746,0.18878819574981065,0.1335903640471136,0.22306183454140424
ledoit_wolf,2017-09-06,0.13586242967843823,0.17525265425145647,0.14363308072112974,0.1884092037260461,0.13364589461586573,0.2231967370070637
ledoit_wolf,2017-09-07,0.13612735923674582,0.17574012768635153,0.14361247396985363,0.1882573283171815,0.13267211214564803,0.22359059864421937
ledoit_wolf,2017-09-08,0.1359942452464375,0.17568483727034576,0.14354202797567128,0.18827914076506966,0.13284311446903302,0.2236566342734427
ledoit_wolf,2017-09-11,0.13588847388679812,0.17588170845798365,0.1426114977066999,0.18847125405398407,0.13263128170944988,0.22451578418508444
ledoit_wolf,2017-09-12,0.13588816031299425,0.17589672233860493,0.14262677637439825,0.1884893187137645,0.13257483494675476,0.2245241873134832
ledoit_wolf,2017-09-13,0.1358843778644367,0.17593308282780862,0.14251743003969727,0.18844688014113165,0.13268600686115065,0.22453222226577513
ledoit_wolf,2017-09-14,0.13580634393128874,0.17571251774515353,0.14256341109639312,0.18826304385094683,0.13289938646353214,0.22475529691268553
ledoit_wolf,2017-09-15,0.13536528033519604,0.17575661356270797,0.14284822227795968,0.1881025344964784,0.1333782154480986,0.22454913387955938
ledoit_wolf,2017-09-18,0.13525516353065917,0.17596797120377938,0.14272721572888103,0.18814409749849306,0.13327513560709525,0.2246304164310921
ledoit_wolf,2017-09-19,0.13521888078046113,0.1758301739937171,0.14267929206851965,0.1880623161920418,0.13332464130520078,0.22488469566005959
ledoit_wolf,2017-09-20,0.1351969459408726,0.17589957450611396,0.14270302946186103,0.18810583339558762,0.13314222461581632,0.22495239207974865
ledoit_wolf,2017-09-21,0.1351041472181627,0.175726576857406,0.14228109523342514,0.18842833237522086,0.13315681896714054,0.22530302934864482
ledoit_wolf,2017-09-22,0.13511724547932716,0.17572923720925485,0.141882025367721,0.18858967013631284,0.1332289399473536,0.22545288186003065
ledoit_wolf,2017-09-25,0.13476649232722102,0.17601708728699947,0.14231484638439368,0.18722374359964156,0.1333068971941628,0.2263709332075815
ledoit_wolf,2017-09-26,0.13436994471753705,0.17604012670966335,0.1423679457088509,0.18722557213899332,0.13317555567976222,0.22682085504519323
ledoit_wolf,2017-09-27,0.13377222056295224,0.17657697697014574,0.1426725295841736,0.18768117731625764,0.13289417341233808,0.22640292215413255
ledoit_wolf,2017-09-28,0.13352463898928332,0.17667877400116072,0.14261620417616291,0.1880898010122009,0.13287644788148642,0.22621413393970582
ledoit_wolf,2017-09-29,0.13346545885264374,0.1767950234827595,0.1417525368971924,0.18853274487159258,0.13323731289388338,0.2262169230019285
ledoit_wolf,2017-10-02,0.13348370924007935,0.17687694968555076,0.141787431106787,0.18850860969013344,0.13313705440129725,0.22620624587615215
ledoit_wolf,2017-10-03,0.1334729242849204,0.1770364552141747,0.14189212050361097,0.1882702941562994,0.1326899037274124,0.22663830211358216
ledoit_wolf,2017-10-04,0.1333910921629596,0.176966508479561,0.14115445272379198,0.18842135318952496,0.13298400757097595,0.22708258587318653
ledoit_wolf,2017-10-05,0.1335524518065614,0.17707715547633882,0.1415770096082692,0.18853721562695164,0.13265625572849535,0.22659991175338356
ledoit_wolf,2017-10-06,0.13353486777555157,0.17693030115173422,0.14182326285130134,0.18857968526720748,0.13258274682856355,0.2265491361256419
ledoit_wolf,2017-10-09,0.1336285542808044,0.17694729794630898,0.14162764469555414,0.18862196682622234,0.13260328558159185,0.22657125066951822
ledoit_wolf,2017-10-10,0.1336179666026083,0.1769175486632046,0.14161673765649022,0.1886180190720749,0.1326637114780194,0.22656601652760264
ledoit_wolf,2017-10-11,0.13363612849416773,0.17702162570548477,0.14157244826215243,0.18867883828600393,0.1327059732371448,0.2263849860150462
ledoit_wolf,2017-10-12,0.1336393727491601,0.17702998131570513,0.14153976260208698,0.18869154716140693,0.13275988741083802,0.22633944876080284
ledoit_wolf,2017-10-13,0.13359758064936963,0.17706791355741575,0.1415816490991552,0.18867346256164497,0.13270044812480958,0.2263789460076049
ledoit_wolf,2017-10-16,0.13350018565862762,0.17724147188415457,0.14165166981796107,0.18876073193149803,0.13224120566154104,0.2266047350462177
ledoit_wolf,2017-10-17,0.13351038158683357,0.1773240935775598,0.14176434531282453,0.18887747262026025,0.13200602955801857,0.22651767734450323
ledoit_wolf,2017-10-18,0.13342869297779758,0.17719873056081598,0.1418097280355064,0.18892862499874866,0.13204303976134532,0.22659118366578607
ledoit_wolf,2017-10-19,0.13279197505575435,0.17694936865253166,0.14272561761724106,0.18838821347098061,0.13194317567647493,0.22720164952701752
ledoit_wolf,2017-10-20,0.13280981137190684,0.17693959004694867,0.1426694172736831,0.1882140997504506,0.1319184149471761,0.2274486666098347
ledoit_wolf,2017-10-23,0.13325720056926404,0.17692803786226025,0.14244790771818158,0.18838086685605607,0.1317851574441969,0.2272008295500412
ledoit_wolf,2017-10-24,0.13214533893272523,0.17837147118751534,0.14070866670757418,0.187730657619611,0.13113247148925433,0.22991139406331992
ledoit_wolf,2017-10-25,0.13156396782503668,0.1784603309311168,0.14055998380225015,0.18770653072577587,0.13123478817227305,0.23047439854354748
ledoit_wolf,2017-10-26,0.1315625808329264,0.17842718652751374,0.1406407369672086,0.18770790375200813,0.13122231553395156,0.2304392763863915
ledoit_wolf,2017-10-27,0.1328483278982214,0.1717336529684593,0.14426788611021632,0.18823379841256577,0.1332447954920994,0.2296715391184378
ledoit_wolf,2017-10-30,0.1328982097988829,0.1716823651675857,0.1442965180779408,0.18819002816573852,0.13328213018475454,0.22965074860509763
ledoit_wolf,2017-10-31,0.1327410510608146,0.17167585363744647,0.14425407072576063,0.188430352512327,0.1331330940773523,0.229765577986299
ledoit_wolf,2017-11-01,0.13267775322516978,0.17152597972098693,0.1444641202184905,0.18847882958488327,0.13291235122312597,0.22994096602734357
ledoit_wolf,2017-11-02,0.1328386569885379,0.17167791243007402,0.14366990589271514,0.18822215522454683,0.13317757467583297,0.2304137947882932
ledoit_wolf,2017-11-03,0.13159310177235523,0.17157787271997674,0.14593572195766194,0.18783703329510593,0.13339219750093145,0.22966407275396883
ledoit_wolf,2017-11-06,0.13129403209290721,0.17172909936591313,0.14574075219680602,0.1885914395597755,0.13314186212708012,0.22950281465751818
ledoit_wolf,2017-11-07,0.13299523858243653,0.1716114084997716,0.14547798573240273,0.18775873423376965,0.1330169143970591,0.2291397185545605
ledoit_wolf,2017-11-08,0.13283967475932634,0.17144940302816158,0.14572402588180686,0.18754803875828854,0.13333366441140318,0.22910519316101352
ledoit_wolf,2017-11-09,0.13277361065422683,0.17150769126043552,0.14584548159571675,0.18762264607172072,0.1332623285481595,0.22898824186974076
ledoit_wolf,2017-11-10,0.1325393630718949,0.17165137307816733,0.14586473441452644,0.18766194727316232,0.13321198173438883,0.22907060042786015
ledoit_wolf,2017-11-13,0.13246288155349012,0.17156218567817044,0.14587791678302475,0.18752373089745722,0.13344086354871998,0.22913242153913752
ledoit_wolf,2017-11-14,0.13200372927339987,0.17180388111360687,0.145490908443206,0.18811722315978466,0.13375933189652595,0.22882492611347677
ledoit_wolf,2017-11-15,0.13174929895806992,0.17136820899149188,0.14591981613018093,0.18745215818386216,0.13473131538630984,0.22877920235008523
ledoit_wolf,2017-11-16,0.13177135593220418,0.1712880128968131,0.14595450057635412,0.18753169545104392,0.13490716719738532,0.22854726794619934
ledoit_wolf,2017-11-17,0.13154828752143255,0.17153101367655282,0.14617565057707546,0.1876194428564126,0.13483555524266974,0.22829005012585693
ledoit_wolf,2017-11-20,0.13156907829289435,0.17152239529312582,0.14607708308529496,0.1877223970234129,0.1348552412997496,0.22825380500552242
ledoit_wolf,2017-11-21,0.13163034114338357,0.1715594898750097,0.14558093765386332,0.1875541925159544,0.13513234266935215,0.22854269614243683
ledoit_wolf,2017-11-22,0.13164210042651708,0.17158202920350205,0.14555572465871985,0.1875389172717062,0.1351194692434056,0.22856175919614924
ledoit_wolf,2017-11-24,0.131574580155769,0.17139535992998245,0.14546387865249316,0.1875842197498405,0.1352755969987679,0.22870636451314702
ledoit_wolf,2017-11-27,0.1315207815295169,0.17138351109102648,0.14583249714186453,0.18745731524120174,0.1352823094450992,0.2285235855512911
ledoit_wolf,2017-11-28,0.13148243181217395,0.17135841397101445,0.1458707363065473,0.18743613638713766,0.1353829617739471,0.22846931974917956
ledoit_wolf,2017-11-29,0.1304553908805149,0.17206976202485688,0.14634271798939788,0.186915981147485,0.1350185398099875,0.22919760814775772
ledoit_wolf,2017-11-30,0.13030695950298907,0.17176267153719857,0.14637011632972066,0.18699695325435678,0.13467455048548804,0.22988874889024694
ledoit_wolf,2017-12-01,0.13027614691454192,0.17171805684721972,0.14654233211572365,0.18701446490383197,0.13456465649107938,0.22988434272760325
ledoit_wolf,2017-12-04,0.12953654954443136,0.17158198156839893,0.14681598122220205,0.18702481330479087,0.13481051809484113,0.23023015626533566
ledoit_wolf,2017-12-05,0.12979174227144744,0.17140768918745755,0.1463778808588215,0.18709356707295188,0.13503974790452875,0.23028937270479294
ledoit_wolf,2017-12-06,0.1300432558065567,0.1714060300951826,0.14592471425524992,0.18684821657026324,0.13558982109493106,0.23018796217781645
ledoit_wolf,2017-12-07,0.13006463928873008,0.17150204076469877,0.1459787567243691,0.18665589925407194,0.13571664426093477,0.23008201970719527
ledoit_wolf,2017-12-08,0.1301727689172167,0.17152753993942327,0.14570202296393686,0.1867558498409518,0.13566640045221012,0.23017541788626125
ledoit_wolf,2017-12-11,0.13015009151704945,0.17153740522156669,0.1454180428891189,0.18684768092567078,0.1358218770480816,0.23022490239851257
ledoit_wolf,2017-12-12,0.12968476188725978,0.1718973295906962,0.14596694109023262,0.18721430234383832,0.13580835115770518,0.22942831393026783
ledoit_wolf,2017-12-13,0.12934064827338876,0.17214487652609595,0.14573741147727834,0.18749747719605722,0.13572037848627433,0.2295592080409054
ledoit_wolf,2017-12-14,0.12934181634504746,0.1721210950096637,0.14574158103151189,0.18751766901390943,0.13573030472892933,0.22954753387093813
ledoit_wolf,2017-12-15,0.12850968026409676,0.17221437884171653,0.14660832217359016,0.18732204682873413,0.13586427677209556,0.22948129511976706
ledoit_wolf,2017-12-18,0.12845396555061467,0.17219851149497475,0.14672777154276012,0.18734801950150332,0.13583973177963873,0.22943200013050846
ledoit_wolf,2017-12-19,0.12837580622175704,0.17201136567359496,0.14636998116972302,0.18752693294843648,0.13605052617472752,0.22966538781176105
ledoit_wolf,2017-12-20,0.1284583206853007,0.17194837059905013,0.14638198328694568,0.18749823864171042,0.13606194594930632,0.22965114083768684
ledoit_wolf,2017-12-21,0.12844846618302022,0.1719482619519004,0.14641813954835417,0.1874868988566599,0.13606713943094925,0.22963109402911605
ledoit_wolf,2017-12-22,0.12844729291149976,0.17192935888605299,0.14632685667128437,0.18750645985178235,0.13613750628240942,0.2296525253969711
ledoit_wolf,2017-12-26,0.1285198499800106,0.17205232783012325,0.14619058288980966,0.18744910489272756,0.13611320442248048,0.2296749299848485
ledoit_wolf,2017-12-27,0.12841246542492268,0.17219024602369393,0.14597427463214577,0.18751044056002947,0.13597694055589715,0.229935632803311
ledoit_wolf,2017-12-28,0.1282466042199149,0.17248829167099647,0.14623656469395632,0.18729276249561808,0.1356738789505396,0.23006189796897464
ledoit_wolf,2017-12-29,0.12815894032297542,0.17237252377656295,0.1460825518270015,0.18734344833447006,0.13585499261201586,0.23018754312697418
ledoit_wolf,2018-01-02,0.1282590084178796,0.17293845120921358,0.1456802537935661,0.18715239362815542,0.13546937204899914,0.2305005209021861
ledoit_wolf,2018-01-03,0.12667339713282658,0.17468924961717824,0.14751509493401316,0.18617150307820773,0.13519107793749383,0.2297596773002803
ledoit_wolf,2018-01-04,0.1266547552443933,0.17470795430046532,0.14750999413276208,0.18615152824713838,0.13522735013915813,0.22974841793608267
ledoit_wolf,2018-01-05,0.1266451106461203,0.17462392648896377,0.1475431058443541,0.18613759091431542,0.13536595039125685,0.22968431571498957
ledoit_wolf,2018-01-08,0.1265332533463574,0.1750404127667709,0.14572173569841823,0.1877598633961517,0.13502036891889235,0.22992436587340948
ledoit_wolf,2018-01-09,0.12662186747898665,0.1747606001490377,0.14579984274022487,0.18755193411509558,0.13516126760562927,0.23010448791102592
ledoit_wolf,2018-01-10,0.12658087197050952,0.17486675715692215,0.14567448293141455,0.18751295213533709,0.13526650198235743,0.2300984338234593
ledoit_wolf,2018-01-11,0.12660371041151516,0.17443944207906822,0.14559926842926948,0.18778400814599897,0.13514274974353907,0.23043082119060918
ledoit_wolf,2018-01-12,0.1253318395119983,0.1756768051751154,0.14507726819177721,0.18717096096725705,0.1366703338105594,0.23007279234329264
ledoit_wolf,2018-01-16,0.12475033531876417,0.17571240788813258,0.14528358053481988,0.18758510064739417,0.13641618329328653,0.23025239231760275
ledoit_wolf,2018-01-17,0.125185347137269,0.17621300449404098,0.1440160060843346,0.1879555472427228,0.13603263708864524,0.23059745795298736
ledoit_wolf,2018-01-18,0.12512559369206483,0.17616492555809976,0.14388485341365703,0.18781879843808252,0.13627465869525057,0.23073117020284514
ledoit_wolf,2018-01-19,0.12496299746185631,0.17624456451089857,0.1440419092469684,0.18787467709071506,0.13628080912543564,0.2305950425641259
ledoit_wolf,2018-01-22,0.12514846083553474,0.17603897961820122,0.14440991899623717,0.18775570843121925,0.1362950644517823,0.2303518676670254
ledoit_wolf,2018-01-23,0.12521739772358415,0.17642992988800102,0.1448269960089382,0.1886307607988097,0.13319366264447136,0.23170125293619556
ledoit_wolf,2018-01-24,0.1250148800480848,0.17608685609809532,0.14501109878737015,0.18844374766407077,0.1334654298984429,0.2319779875039359
ledoit_wolf,2018-01-25,0.12504071910568942,0.175978343421575,0.14524193275244354,0.1884509666672557,0.13337919750674618,0.23190884054629002
ledoit_wolf,2018-01-26,0.12418170313554344,0.17586839487761996,0.14496440242915698,0.18854010756148165,0.1344634459565184,0.23198194603967956
ledoit_wolf,2018-01-29,0.11836454303903264,0.1780484321981522,0.1396207810976692,0.20325397983014043,0.13051253213492883,0.23019973170007665
ledoit_wolf,2018-01-30,0.11812516375826362,0.17874327593905104,0.13949819116797835,0.20320295761694734,0.13042408340951991,0.23000632810823968
ledoit_wolf,2018-01-31,0.11794481894005143,0.1779808616732988,0.13965071696982143,0.20369706116579636,0.13057101887548878,0.23015552237554324
ledoit_wolf,2018-02-01,0.11822406714042848,0.17851279850301854,0.1410929970020982,0.20393894780070013,0.13059455700077033,0.22763663255298427
ledoit_wolf,2018-02-02,0.11699902050885135,0.1808518767927404,0.14177498138889796,0.20313908428466448,0.1301803622756988,0.22705467474914706
ledoit_wolf,2018-02-05,0.11607439492278032,0.1822988191963703,0.14304035757508002,0.2025156719887681,0.130773643701909,0.22529711261509217
ledoit_wolf,2018-02-06,0.11472416628848202,0.18295211701193642,0.14432708844374734,0.20413026173872306,0.1306281352633464,0.2232382312537647
ledoit_wolf,2018-02-07,0.11513878365470889,0.18301960227957303,0.14744969349358328,0.20538919439469125,0.12915003771953876,0.2198526884579047
ledoit_wolf,2018-02-08,0.11642745935329264,0.1833966113084817,0.14566749680908703,0.20501169760905252,0.13011883592428325,0.21937789899580298
ledoit_wolf,2018-02-09,0.11587388722735266,0.1844899360986224,0.1461648324455979,0.20465007882116315,0.13067908334124897,0.21814218206601493
ledoit_wolf,2018-02-12,0.11608992335469502,0.18424026557492695,0.1465033889880799,0.2050026927094901,0.13013243957383905,0.21803128979896894
ledoit_wolf,2018-02-13,0.11607872461070988,0.18409161086407358,0.14638945635957545,0.20522928357369807,0.13018174722124654,0.21802917737069658
ledoit_wolf,2018-02-14,0.11638955922850266,0.18446254093630396,0.1474630139590428,0.20324196885584056,0.13015004992650217,0.21829286709380794
ledoit_wolf,2018-02-15,0.1154284621896067,0.18393418004143466,0.14929147309726062,0.20437140261034645,0.13013913973558047,0.21683534232577115
ledoit_wolf,2018-02-16,0.11449016824444794,0.18397410652345345,0.14935160959086932,0.2043344802653427,0.13045513381791968,0.21739450155796688
ledoit_wolf,2018-02-20,0.11445728518140764,0.18403497572948482,0.1493173622966028,0.20448471673680954,0.13034311047367106,0.21736254958202414
ledoit_wolf,2018-02-21,0.11413793153865438,0.18527930821375718,0.15069355814939753,0.20431139177729085,0.1299292964364213,0.21564851388447864
ledoit_wolf,2018-02-22,0.11390116349636593,0.1852566768262868,0.15025795649997595,0.2044256146854803,0.13022285296858765,0.21593573552330345
ledoit_wolf,2018-02-23,0.11402256033780318,0.18542884164109658,0.15032862120849547,0.20415142903328934,0.13029429132057882,0.2157742564587367
ledoit_wolf,2018-02-26,0.11393237678740285,0.1849505229091919,0.15093153589601752,0.20419529609393952,0.13034320402627925,0.21564706428716898
ledoit_wolf,2018-02-27,0.11421346227866397,0.18527616744740577,0.15090188542470653,0.2039731625746335,0.13049654722513038,0.2151387750494599
ledoit_wolf,2018-02-28,0.11418692857441373,0.18556776098671224,0.1505460762516793,0.20375724604164347,0.13080141450265842,0.21514057364289288
ledoit_wolf,2018-03-01,0.11393344064221758,0.18716788151076288,0.1478193929259423,0.20415694863126058,0.13183500531967451,0.21508733097014218
ledoit_wolf,2018-03-02,0.1139327422755904,0.18735562928151603,0.14781627604111275,0.20434986256079202,0.13155773948574553,0.21498775035524334
ledoit_wolf,2018-03-05,0.11421739500593961,0.18733666303788574,0.14815479512453386,0.20402476895933855,0.1311690748035233,0.21509730306877883
ledoit_wolf,2018-03-06,0.11410311684772441,0.18723984940355684,0.14842572320798633,0.20404408974114757,0.1311364797328642,0.21505074106672073
ledoit_wolf,2018-03-07,0.11381008113092228,0.18741406551110532,0.14708269274528524,0.20416354247016943,0.13216104709761656,0.2153685710449012
ledoit_wolf,2018-03-08,0.11387079057133731,0.18748407797851252,0.1471115869521845,0.20402703848376968,0.13205098030402865,0.2154555257101673
ledoit_wolf,2018-03-09,0.11386093543469089,0.18719093417476212,0.14802490049969952,0.20424743979144186,0.131663418189616,0.21501237190978956
ledoit_wolf,2018-03-12,0.11386120591473076,0.18711110488607147,0.14765567212729616,0.20443869572847517,0.1320479333224076,0.21488538802101892
ledoit_wolf,2018-03-13,0.11391504839144861,0.1874936425626253,0.14768463806007986,0.20455274346169164,0.13179277369331022,0.2145611538308444
ledoit_wolf,2018-03-14,0.11382110900894747,0.18743691849360677,0.14792318189756054,0.20450110734602078,0.13173712516242703,0.21458055809143747
ledoit_wolf,2018-03-15,0.11380202978647563,0.18740890939023866,0.14795163403194486,0.20452491288693034,0.1317137038287967,0.21459881007561385
ledoit_wolf,2018-03-16,0.11397494867525647,0.18700462400031342,0.1479659949351869,0.2049306033329435,0.1317252382898582,0.21439859076644147
ledoit_wolf,2018-03-19,0.114367724650951,0.18869417177721032,0.14856510886748941,0.20127222710381645,0.13285635085568817,0.21424441674484465
ledoit_wolf,2018-03-20,0.11442297837545143,0.18836359553671495,0.1487608090622742,0.2014141693942456,0.1328952363228609,0.21414321130845293
ledoit_wolf,2018-03-21,0.11438509061027644,0.18832516964858953,0.14886341834088032,0.20136802440603477,0.132837948652578,0.21422034834164097
ledoit_wolf,2018-03-22,0.11473847427767679,0.18847324588633202,0.1493708097407091,0.20131319091236008,0.13309663557080612,0.21300764361211583
ledoit_wolf,2018-03-23,0.11474263046287352,0.18787278535123925,0.1500236933231081,0.20065287256561853,0.1336964794830402,0.21301153881412027
ledoit_wolf,2018-03-26,0.11452366084147853,0.18715336009930258,0.15095314645315508,0.20218726221326705,0.1326649947621544,0.21251757563064236
ledoit_wolf,2018-03-27,0.1145476127885897,0.1885108237810202,0.14948742564791118,0.20185526867269044,0.13320684595553,0.21239202315425845
ledoit_wolf,2018-03-28,0.11473333346276883,0.18716931973407364,0.14728850786057443,0.204096754347114,0.13267450270352482,0.21403758189194427
ledoit_wolf,2018-03-29,0.11476291293358712,0.18843654078424818,0.14749377255709178,0.2028531389751531,0.13302711024530514,0.21342652450461466
ledoit_wolf,2018-04-02,0.11504245596492274,0.18688554367176063,0.147112783158801,0.20351231502255057,0.13290442737203692,0.21454247480992805
ledoit_wolf,2018-04-03,0.11496151471691578,0.18658701204636197,0.14660014256552756,0.20399001824281954,0.13326315702304212,0.2145981554053331
ledoit_wolf,2018-04-04,0.11521891152172704,0.18663620472534662,0.1451025978960889,0.20518944303200512,0.13330776159313076,0.21454508123170152
ledoit_wolf,2018-04-05,0.11606005869363978,0.1862684030983753,0.14412747272929047,0.2046601395180873,0.13352813523016632,0.2153557907304408
ledoit_wolf,2018-04-06,0.11573478344620919,0.1860075556637862,0.14465524052405263,0.20504641456861905,0.13343606169715982,0.215119944100173
ledoit_wolf,2018-04-09,0.1156948714070327,0.18622943697710886,0.1448467876642086,0.2047313735718698,0.13329470936125712,0.21520282101852295
ledoit_wolf,2018-04-10,0.11535518397292767,0.18663372505400658,0.14449363874339113,0.20373073822208146,0.1337323942361159,0.21605431977147715
ledoit_wolf,2018-04-11,0.1152960770661061,0.18652239482663976,0.14442269475054823,0.20398237973518885,0.13385174752512008,0.21592470609639694
ledoit_wolf,2018-04-12,0.11505220143354804,0.18643494568147223,0.14431454198843907,0.2043193978334068,0.13407596012388306,0.21580295293925073
ledoit_wolf,2018-04-13,0.11507514697418268,0.1865963098749071,0.14452398755434193,0.20386203980023967,0.13418286929593498,0.21575964650039361
ledoit_wolf,2018-04-16,0.11506575558550347,0.18667034825148598,0.14437405703107417,0.2038774857873346,0.134134910724382,0.21587744262021974
ledoit_wolf,2018-04-17,0.1156452782436771,0.18593288408546493,0.14623458959384067,0.20419055096829455,0.1325502474077367,0.215446449700986
ledoit_wolf,2018-04-18,0.11563985585349855,0.18595558029941814,0.14624382251089393,0.2041765907543237,0.13253641588452983,0.2154477346973357
ledoit_wolf,2018-04-19,0.11562339058975944,0.18546117878162263,0.1461642307479472,0.2018781535056043,0.13559137567274498,0.2152816707023214
ledoit_wolf,2018-04-20,0.11583480193184982,0.1852947629134061,0.1459165058417313,0.20194188511262526,0.13575017343777432,0.2152618707626132
ledoit_wolf,2018-04-23,0.1157517245338809,0.1853893568871554,0.14576245002894342,0.20210257738640405,0.13556224236106296,0.21543164880255328
ledoit_wolf,2018-04-24,0.11630557898523952,0.1848781436070439,0.14636691413185482,0.20184660814636585,0.13510819222920106,0.21549456290029492
ledoit_wolf,2018-04-25,0.11621394919748065,0.18484249111041468,0.14635375831588343,0.20191916022109416,0.1351830394786456,0.2154876016764815
ledoit_wolf,2018-04-26,0.11677163158510306,0.18500987957108553,0.14744038208665428,0.19683875589595823,0.13629969895364716,0.2176396519075517
ledoit_wolf,2018-04-27,0.11666575615053527,0.18479811389566203,0.14729320845430616,0.19685392223485793,0.13646632250519133,0.21792267675944735
ledoit_wolf,2018-04-30,0.11666442469014379,0.18484602842402376,0.14735940959476265,0.19672074366822148,0.1365298186906666,0.21787957493218174
ledoit_wolf,2018-05-01,0.11634608141989262,0.1869072045390206,0.1466202527959579,0.19655874376185353,0.1363559332592988,0.21721178422397644
ledoit_wolf,2018-05-02,0.11618360810439195,0.18755433164287202,0.14638404541002104,0.19644346458829687,0.13656106759091974,0.21687348266349854
ledoit_wolf,2018-05-03,0.1163278354478331,0.18787791983730054,0.14632671229671734,0.1961310802616936,0.13655755106412326,0.21677890109233217
ledoit_wolf,2018-05-04,0.11652942217514803,0.18836749879448084,0.1464576472606519,0.19601874393072483,0.13656249103178053,0.21606419680721392
ledoit_wolf,2018-05-07,0.11614936068766861,0.18869824007057,0.14678608907840796,0.19599921413563137,0.1366189189034093,0.21574817712431282
ledoit_wolf,2018-05-08,0.11598479510241953,0.1889020134703927,0.14674708302740708,0.19601221290056647,0.13654031290072474,0.21581358259848948
ledoit_wolf,2018-05-09,0.11610323700991645,0.18913776655497375,0.1469744301113879,0.19587577364507033,0.13682061212420926,0.21508818055444232
ledoit_wolf,2018-05-10,0.11599776852716268,0.18983518863539328,0.14669545486832836,0.1955842330545854,0.13694693130611382,0.21494042360841653
ledoit_wolf,2018-05-11,0.11585695847827361,0.18953155987124687,0.14656972603466228,0.19582903946124475,0.13709017257323217,0.21512254358134042
ledoit_wolf,2018-05-14,0.11592946026095535,0.1894194257515966,0.14645212980884478,0.19569988899879273,0.137289436899439,0.21520965828037136
ledoit_wolf,2018-05-15,0.11702075400582593,0.18897643790175964,0.14622725768505726,0.19565749394275314,0.13748318133075935,0.2146348751338447
ledoit_wolf,2018-05-16,0.1170921913981865,0.1889402652384839,0.1462190112821944,0.19553913788332689,0.13751809602438111,0.21469129817342714
ledoit_wolf,2018-05-17,0.11690118736740442,0.18922281243971453,0.1462184625986772,0.19554114785522908,0.137328603629272,0.2147877861097027
ledoit_wolf,2018-05-18,0.11702302708144527,0.1891708403012845,0.14627647069493102,0.1954807778839751,0.13751635414945296,0.2145325298889112
ledoit_wolf,2018-05-21,0.11723943158798011,0.189270849017671,0.1460261116017841,0.19553585663248735,0.13745964920500886,0.21446810195506866
ledoit_wolf,2018-05-22,0.11725661375945039,0.18921510767626465,0.14590093461946926,0.19544958614481492,0.13777869225635545,0.21439906554364524
ledoit_wolf,2018-05-23,0.11727932568627021,0.1893740442398888,0.14604007482950193,0.19545212758653815,0.13725610893928808,0.21459831871851284
ledoit_wolf,2018-05-24,0.1172428878126719,0.18915032537014823,0.14581435855755645,0.19540153442473188,0.1374284516599776,0.21496244217491373
ledoit_wolf,2018-05-25,0.11718136490299877,0.1891433203689955,0.14582044106358868,0.1953526179140742,0.13750926938025684,0.214992986370086
ledoit_wolf,2018-05-29,0.1171207610501137,0.18912473318757345,0.14603351672202528,0.19549055488689032,0.13764299972406804,0.21458743442932918
ledoit_wolf,2018-05-30,0.11713290020342569,0.18921719807748313,0.14583124881088452,0.19548635336495016,0.13770137440387256,0.214630925139384
ledoit_wolf,2018-05-31,0.11719011966345354,0.18929634215913216,0.14594036799451024,0.19534576592755729,0.137734237527333,0.21449316672801388
ledoit_wolf,2018-06-01,0.11728782493676942,0.18977863995911756,0.14596089422691266,0.19556591152164232,0.13781424363181752,0.2135924857237405
ledoit_wolf,2018-06-04,0.11720613031142764,0.18968497757689706,0.14590826384631625,0.19589215767341425,0.13792167257757573,0.21338679801436902
ledoit_wolf,2018-06-05,0.11724278324615627,0.1896223277813485,0.1458022991378297,0.1958159634577178,0.13800560727321157,0.21351101910373624
ledoit_wolf,2018-06-06,0.11738612614109371,0.18981044747071493,0.14475836825646193,0.19617470828925682,0.1380933335527963,0.21377701628967624
ledoit_wolf,2018-06-07,0.11743155296371449,0.1899466109762008,0.1449599016845634,0.19592225973724772,0.13800029041851833,0.21373938421975533
ledoit_wolf,2018-06-08,0.11739995092266793,0.18992729111018003,0.14498959143810888,0.19594445945076702,0.13791944046712346,0.21381926661115266
ledoit_wolf,2018-06-11,0.11750351308440464,0.19004848395207014,0.14472736928936963,0.19583384788668945,0.13805831178310995,0.2138284740043562
ledoit_wolf,2018-06-12,0.11747887818425504,0.18980290149839024,0.1450974243397011,0.19575490555173597,0.1383727230711911,0.21349316735472662
ledoit_wolf,2018-06-13,0.11741980338465306,0.1898011974671472,0.1450707786313622,0.19606144540016346,0.138117059093466,0.2135297160232081
ledoit_wolf,2018-06-14,0.11763387533017652,0.19015893153697982,0.14475512698179427,0.19582566205607357,0.13794533273756074,0.21368107135741515
ledoit_wolf,2018-06-15,0.11761543103860594,0.19014760359550295,0.14477136246845743,0.1958080129396062,0.13794555020761495,0.2137120397502124
ledoit_wolf,2018-06-18,0.11778571546232251,0.19031006734250794,0.14452919941971587,0.19578250533299374,0.13817072830253108,0.21342178413992893
ledoit_wolf,2018-06-19,0.1176342273556054,0.1904314728255753,0.14401827351442195,0.19558618643498832,0.13825898798612118,0.21407085188328792
ledoit_wolf,2018-06-20,0.11782602574241936,0.19065512945965357,0.14392872213903668,0.19522618423402122,0.13801783284735186,0.2143461055775174
ledoit_wolf,2018-06-21,0.11781645186422661,0.1906328063991958,0.14350146606448122,0.195488810947566,0.13833979362126148,0.21422067110326892
ledoit_wolf,2018-06-22,0.11735458430638544,0.1903674479894675,0.14500000081548542,0.1953770880915966,0.13818245135899274,0.21371842743807232
ledoit_wolf,2018-06-25,0.11730021567066716,0.19028054569202352,0.14611947843149503,0.19545233948720242,0.1372161654314615,0.2136312552871504
ledoit_wolf,2018-06-26,0.11763127462329687,0.19021753020988724,0.1449580669890365,0.1949320146764261,0.1366537325899338,0.2156073809114195
ledoit_wolf,2018-06-27,0.11750809231448495,0.19005549057272997,0.14482694175405536,0.19535808011763303,0.1368562191544511,0.2153951760866456
ledoit_wolf,2018-06-28,0.11716790508747349,0.189838388267998,0.14457146533112725,0.1962992806670336,0.1369299736236768,0.21519298702269082
ledoit_wolf,2018-06-29,0.11699162050451631,0.18976587214099125,0.14487671226572105,0.19616591903157918,0.1371436846712851,0.21505619138590717
ledoit_wolf,2018-07-02,0.1169426326138132,0.1897292844943378,0.14515456882872724,0.1960073657175505,0.13709657652405383,0.21506957182151742
ledoit_wolf,2018-07-03,0.11700189347636727,0.19053329825706672,0.14390482822935435,0.19563517918169807,0.13799604231663995,0.21492875853887353
ledoit_wolf,2018-07-05,0.11700291634555499,0.19093140308585052,0.14430853509555755,0.19514565989341087,0.1380159043851392,0.2145955811944868
ledoit_wolf,2018-07-06,0.11701304812708403,0.1911619771811534,0.1445143468160041,0.19491462701035575,0.13780667002056832,0.21458933084483436
ledoit_wolf,2018-07-09,0.11719312819455653,0.19107735794362737,0.14429711278244495,0.19508734189618873,0.13771010883819856,0.2146349503449839
ledoit_wolf,2018-07-10,0.11738269335935933,0.19102550847913224,0.14409105379545642,0.19503886084555597,0.13772422535181136,0.21473765816868456
ledoit_wolf,2018-07-11,0.117354965890222,0.19111185568209998,0.14429452446978042,0.19492819568892933,0.13738332480681878,0.21492713346214937
ledoit_wolf,2018-07-12,0.11745506741612387,0.19083706814914464,0.14460914239184183,0.1947283008467041,0.13782804876309218,0.21454237243309332
ledoit_wolf,2018-07-13,0.11739703179057465,0.190989178285922,0.1446749053467317,0.1948340507305575,0.13752586464684685,0.2145789691993673
ledoit_wolf,2018-07-16,0.11739992411435293,0.19102235345679763,0.14450967205271437,0.19486352750901492,0.13764069879115176,0.2145638240759685
ledoit_wolf,2018-07-17,0.11741080061499244,0.19103533304441425,0.14428189795033403,0.19478398186927773,0.1381209748147062,0.21436701170627537
ledoit_wolf,2018-07-18,0.11720652959454393,0.19066075203820865,0.14444682083103097,0.19500369436247297,0.13785828678366674,0.21482391639007675
ledoit_wolf,2018-07-19,0.11703918061980519,0.18997355094823404,0.144326808239414,0.19446163540452585,0.13973668704212694,0.21446213774589415
ledoit_wolf,2018-07-20,0.11700496056356234,0.18994060834897541,0.1442563503126577,0.1946230445428125,0.13980614876946326,0.21436888746252886
ledoit_wolf,2018-07-23,0.11702111778076833,0.18959797578330445,0.14443574029267478,0.19469656633181728,0.13999126134350265,0.21425733846793257
ledoit_wolf,2018-07-24,0.11723451515609411,0.18951696336297735,0.14474821861439013,0.1945923326543993,0.14024683934335377,0.2136611308687854
ledoit_wolf,2018-07-25,0.11745814462104824,0.18921834001672916,0.14464922315034168,0.1946840006331283,0.1404814289511518,0.21350886262760083
ledoit_wolf,2018-07-26,0.11998827379107031,0.1898632233000826,0.14680203866377567,0.18174636365728486,0.1432855905754425,0.21831451001234412
ledoit_wolf,2018-07-27,0.12007483740535806,0.1905004369523857,0.14654375052155336,0.18201706401817602,0.14318077100464152,0.21768314009788525
ledoit_wolf,2018-07-30,0.12008747422394225,0.19084276159077196,0.14676614037033134,0.18226001620970153,0.14215433666658125,0.21788927093867178
ledoit_wolf,2018-07-31,0.12008067427166459,0.19083013756254097,0.14669158030427054,0.18184538997552058,0.1419226476842726,0.21862957020173063
ledoit_wolf,2018-08-01,0.12001203606718774,0.19083093606240628,0.1465233500028521,0.18186124871638062,0.14206430090603403,0.21870812824513922
ledoit_wolf,2018-08-02,0.12104106092790466,0.1916137352333238,0.14186233486230979,0.18207651189817184,0.14303312688855138,0.2203732301897385
ledoit_wolf,2018-08-03,0.12102144649055493,0.191639629398349,0.14186105424558895,0.18211987078052408,0.1430294492144637,0.22032854987051936
ledoit_wolf,2018-08-06,0.12114845811220697,0.19161223619176151,0.14230376504159098,0.1815944815313107,0.14289389447549544,0.22044716464763425
ledoit_wolf,2018-08-07,0.12137599730325598,0.19180567438245677,0.1404946201109547,0.18237419402987765,0.14356406818462564,0.22038544598882936
ledoit_wolf,2018-08-08,0.1213171703287359,0.19178875998552292,0.14052985312509347,0.18233537093391303,0.14365119440095053,0.2203776512257842
ledoit_wolf,2018-08-09,0.12131035731756597,0.1919891634143836,0.14016072052898826,0.18223415122885073,0.14375846158406058,0.22054714592615088
ledoit_wolf,2018-08-10,0.1213496458166794,0.19198104471200284,0.14037775975324737,0.18211080492966902,0.143741876108414,0.2204388686799874
ledoit_wolf,2018-08-13,0.12140066447664671,0.19200197873782607,0.1403578377353716,0.18208811052769044,0.14377072098361635,0.2203806875388489
ledoit_wolf,2018-08-14,0.12163487911699562,0.19193131217871132,0.14036419300294856,0.1820283693685386,0.14379028513846853,0.22025096119433746
ledoit_wolf,2018-08-15,0.12188684010131512,0.1918545165175867,0.14028894267207945,0.18246111312337662,0.14359948572505102,0.2199091018605911
ledoit_wolf,2018-08-16,0.12193546021610228,0.19212717312688574,0.1403274866824301,0.18208341546259177,0.14354667733244772,0.21997978717954236
ledoit_wolf,2018-08-17,0.12148220107439196,0.19288339484480413,0.1387385398209742,0.18267080568406402,0.14364280316839342,0.22058225540737234
ledoit_wolf,2018-08-20,0.12145358938947831,0.19298034229736752,0.13871637225548067,0.18279283076903013,0.14348360786302664,0.22057325742561673
ledoit_wolf,2018-08-21,0.12137077887170071,0.1931829402291113,0.1383166378248547,0.18294226950636255,0.1432344967455495,0.22095287682242132
ledoit_wolf,2018-08-22,0.1211921035392544,0.19312640549274995,0.13844470332689993,0.18296038629825792,0.14318529730430568,0.22109110403853205
ledoit_wolf,2018-08-23,0.12124661119727857,0.19313224807795915,0.13845254843734373,0.1829468548864381,0.1431356468935042,0.22108609050747632
ledoit_wolf,2018-08-24,0.12132253229764868,0.19357773817203855,0.13858584351729403,0.18303971219342796,0.14249280900388228,0.22098136481570854
ledoit_wolf,2018-08-27,0.12135221317529535,0.19357686300303775,0.13880547890887873,0.18295646972734883,0.14249186975577557,0.22081710542966362
ledoit_wolf,2018-08-28,0.12135143608251964,0.193723299186458,0.13866658028208784,0.18296178054626716,0.1425813955705287,0.22071550833213846
ledoit_wolf,2018-08-29,0.1213583876075624,0.19338858518302726,0.13891029325804785,0.1830670485588441,0.14270261690494995,0.22057306848756858
ledoit_wolf,2018-08-30,0.12134912308793919,0.19339599786325304,0.13897727564790233,0.18308343671692076,0.14265084667622926,0.22054332000775545
ledoit_wolf,2018-08-31,0.12146451516227302,0.19356385766145354,0.13900144470912554,0.18303145440449553,0.14264080836700735,0.22029791969564513
ledoit_wolf,2018-09-04,0.12162462350551866,0.19421497877804159,0.13887169476165495,0.18265090072489354,0.14266056150266263,0.2199772407272286
ledoit_wolf,2018-09-05,0.12192660318608536,0.19416095413642978,0.13894641824942258,0.1826426940812964,0.14166157429499984,0.22066175605176597
ledoit_wolf,2018-09-06,0.12160000313391989,0.19404451015404336,0.1391961805487919,0.1825289141302905,0.14214357676582468,0.22048681526712968
ledoit_wolf,2018-09-07,0.12170857986435098,0.19415425353972351,0.13866138072198667,0.18263909438864245,0.14235699981126518,0.22047969167403125
ledoit_wolf,2018-09-10,0.12169402109830167,0.19445785136166005,0.1380002311295641,0.1826450961157728,0.14244093814333686,0.2207618621513644
ledoit_wolf,2018-09-11,0.12216145403335305,0.1947081379201677,0.1377433368492227,0.18257236155297282,0.14243234123348808,0.22038236841079553
ledoit_wolf,2018-09-12,0.12213139767539526,0.1946882590598666,0.13776008367921355,0.182504916328929,0.142542746243206,0.2203725970133896
ledoit_wolf,2018-09-13,0.12207290956902507,0.1947155950071483,0.13764142636003207,0.18239668283492627,0.14278335700514938,0.22039002922371903
ledoit_wolf,2018-09-14,0.12207433251971055,0.1947039900532981,0.1376321658953392,0.18240077098086763,0.14279911013486232,0.22038963041592216
ledoit_wolf,2018-09-17,0.1224979830896017,0.19404590683308753,0.13811291458942518,0.1825537981464943,0.142262139966816,0.22052725737457524
ledoit_wolf,2018-09-18,0.12251014209053604,0.19402222960491533,0.13837903149450043,0.18259877856340864,0.14219633119533423,0.22029348705130536
ledoit_wolf,2018-09-19,0.12253490554266423,0.1943190944357698,0.13804521322397179,0.1824419993204362,0.14235899282116887,0.22029979465598906
ledoit_wolf,2018-09-20,0.1226284550211574,0.19429420873952533,0.1380872967542158,0.18237762909586216,0.1424129617179784,0.22019944867126087
ledoit_wolf,2018-09-21,0.12274480217385657,0.19424790129925856,0.1383362409629741,0.1822942555835324,0.14233710706085234,0.22003969291952605
ledoit_wolf,2018-09-24,0.12271516677397239,0.1944016495672967,0.13837882083888386,0.18207970023510373,0.14221035875849686,0.22021430382624652
ledoit_wolf,2018-09-25,0.12272807789670095,0.19420790184386497,0.13838165222662363,0.18229680225921424,0.14228451867477646,0.2201010470988197
ledoit_wolf,2018-09-26,0.12281250136015068,0.19432789870209696,0.13807796998617952,0.18213796105018568,0.1422324114486153,0.22041125745277185
ledoit_wolf,2018-09-27,0.12302190869655749,0.19439298032118674,0.13782699741711302,0.18206604340081164,0.14239013306549475,0.22030193709883628
ledoit_wolf,2018-09-28,0.12439535085219401,0.19491158512150308,0.13550943713785857,0.18171261486294207,0.14248174674446926,0.22098926528103285
ledoit_wolf,2018-10-01,0.12433956611524578,0.19565891940153515,0.13236851497239902,0.1830931090151186,0.14267676919870254,0.22186312129699895
ledoit_wolf,2018-10-02,0.12443926733406396,0.1955069436796833,0.13223196781967675,0.1828370718145817,0.14279616361309683,0.2221885857388975
ledoit_wolf,2018-10-03,0.12432998168558154,0.1952804349462325,0.1325117706848207,0.18285299048940365,0.14312390978313722,0.2219009124108244
ledoit_wolf,2018-10-04,0.12460012481695562,0.19547002147255113,0.13235935141697192,0.18317552316115857,0.1430317801079359,0.2213631990244268
ledoit_wolf,2018-10-05,0.1244120262268238,0.19589684111514116,0.1313732469869286,0.1835881647688283,0.14285945452388762,0.2218702663783905
ledoit_wolf,2018-10-08,0.12446638529969485,0.19578005774670806,0.13125633078274535,0.1837777361634714,0.1430343511730821,0.2216851388342983
ledoit_wolf,2018-10-09,0.12453180224670846,0.19580261793524603,0.13110266491071987,0.18370051785225217,0.14293946635626167,0.22192293069881175
ledoit_wolf,2018-10-10,0.12439899920237343,0.19419828668003652,0.13331026025950343,0.18477375295560458,0.1416647433725529,0.2216539575299292
ledoit_wolf,2018-10-11,0.12409874073653611,0.1939424995493516,0.1331441503989089,0.18526868281263997,0.14179793046454245,0.221747996038021
ledoit_wolf,2018-10-12,0.12398276173767019,0.19321043955579087,0.13345210423798484,0.186651139650835,0.1412076120894235,0.22149594272829567
ledoit_wolf,2018-10-15,0.12370697464476431,0.1931119107494276,0.13371428765779153,0.18704025832888738,0.14104042949824377,0.22138613912088548
ledoit_wolf,2018-10-16,0.12390026689404973,0.19316838454409235,0.1331792262308038,0.18699889366268913,0.14123514513968272,0.22151808352868238
ledoit_wolf,2018-10-17,0.12393896545777404,0.19327523191378984,0.1332693561557142,0.1869407753001166,0.14117980495361498,0.22139586621899024
ledoit_wolf,2018-10-18,0.12346831934801882,0.19095149240225384,0.13291582344498004,0.18551228190812075,0.14648952642288754,0.22066255647373892
ledoit_wolf,2018-10-19,0.12302887130407354,0.19093659764216328,0.13298048843193977,0.18567045754327996,0.14614257052343135,0.22124101455511225
ledoit_wolf,2018-10-22,0.12297324562682171,0.1909197086692646,0.1330366025157046,0.1856535014724075,0.1461551662268102,0.2212617754889914
ledoit_wolf,2018-10-23,0.12327320936009822,0.19125406277468088,0.1321016083221144,0.1859008454266539,0.1463662163078481,0.22110405780860448
ledoit_wolf,2018-10-24,0.12288764910453163,0.19101060676983225,0.13486954972581153,0.18610525102885384,0.1445165767546183,0.22061036661635236
ledoit_wolf,2018-10-25,0.12390936674354432,0.1888115666588567,0.13385895723708285,0.1873296623672136,0.14587337801632624,0.2202170689769763
ledoit_wolf,2018-10-26,0.12383686151177967,0.18627857869931064,0.13605642737481252,0.18709972466370173,0.1457536937482793,0.2209747140021163
ledoit_wolf,2018-10-29,0.12369080766011738,0.18458454382126158,0.13792579267694852,0.1882922741214622,0.14569351671489755,0.21981306500531272
ledoit_wolf,2018-10-30,0.12282977494628268,0.1859388234466165,0.1384302295372208,0.1874957486972146,0.14582081272744168,0.21948461064522382
ledoit_wolf,2018-10-31,0.12328456699185743,0.18547785190315957,0.1392611507759037,0.18744466050294978,0.14557957167278973,0.21895219815333972
ledoit_wolf,2018-11-01,0.12332407046315906,0.1845184453689511,0.13953491827233083,0.18796707079331182,0.14499263982931077,0.21966285527293644
ledoit_wolf,2018-11-02,0.12307682136626365,0.1849426814919009,0.13958473897924698,0.18798774818954633,0.14460381684732826,0.2198041931257137
ledoit_wolf,2018-11-05,0.12299542441979618,0.18429085574352788,0.13939613653432634,0.18906688643605854,0.14476206901411356,0.21948862785217754
ledoit_wolf,2018-11-06,0.12301824314077316,0.18432481740186293,0.13938164433360667,0.18902730839480264,0.14480571566667413,0.21944227106228048
ledoit_wolf,2018-11-07,0.12416895919680071,0.1830765557296216,0.13961174833689927,0.18974268843142145,0.14421883871065766,0.21918120959459944
ledoit_wolf,2018-11-08,0.12392146658127179,0.18337601679543705,0.13993863091066888,0.18956023910373473,0.14394419745467765,0.21925944915420995
ledoit_wolf,2018-11-09,0.12423405122262648,0.18338572740202044,0.14036391310139773,0.18938575776896688,0.14352078628087592,0.21910976422411269
ledoit_wolf,2018-11-12,0.12316648788810086,0.18313620013804877,0.1396774437141007,0.18949322168328728,0.14459402683421438,0.21993261974224804
ledoit_wolf,2018-11-13,0.1284715208918951,0.18217575787555812,0.1389958617504983,0.18804400141617225,0.1432800953328449,0.21903276273303138
ledoit_wolf,2018-11-14,0.1287120920820163,0.1820743820070065,0.1390932638932522,0.18844675512619738,0.14252978081905526,0.21914372607247246
ledoit_wolf,2018-11-15,0.12861317398261285,0.18242785173326184,0.13885116369643705,0.1885796655108123,0.14202184073085145,0.2195063043460246
ledoit_wolf,2018-11-16,0.12526112423378793,0.18283511527137802,0.14014880800396134,0.1880449133105065,0.14275830436204598,0.22095173481832026
ledoit_wolf,2018-11-19,0.12338107193988897,0.18259430840164947,0.14264058932905171,0.18725001219858753,0.1429331326660606,0.22120088546476166
ledoit_wolf,2018-11-20,0.1233543961816459,0.18247808062168144,0.1426749600131935,0.1872839517589633,0.1428747785085424,0.22133383291597347
ledoit_wolf,2018-11-21,0.12296101874710555,0.18270980781264995,0.1422885212176873,0.18796455486581715,0.14282927919442742,0.22124681816231248
ledoit_wolf,2018-11-23,0.1232324602470039,0.18284499613489094,0.1421873915697608,0.18768139298999137,0.14287612827171273,0.2211776307866402
ledoit_wolf,2018-11-26,0.1231161426325723,0.18182672263494515,0.1416811816794161,0.1876158504271298,0.14415645956572598,0.22160364306021046
ledoit_wolf,2018-11-27,0.12312170771704206,0.18182482847962397,0.14168900998137032,0.18759108761898236,0.1441768114420636,0.22159655476091777
ledoit_wolf,2018-11-28,0.12338965582350851,0.18058769989785256,0.14263049669952974,0.18881095910312243,0.1437233744314709,0.22085781404451577
ledoit_wolf,2018-11-29,0.12341043460221315,0.18062245392261456,0.1427616872656009,0.18875194069425652,0.143686093577423,0.220767389937892
ledoit_wolf,2018-11-30,0.1231585943409711,0.18075844245035685,0.14248990087813487,0.18886369881078788,0.14386726725434903,0.2208620962654002
ledoit_wolf,2018-12-03,0.12331096191120874,0.17954372672437136,0.1427735908467542,0.18963693016988784,0.14350893218975966,0.22122585815801823
ledoit_wolf,2018-12-04,0.12285491060896572,0.17836401242885525,0.14453313384221075,0.19085638720596654,0.14358574683269387,0.21980580908130787
ledoit_wolf,2018-12-06,0.12313012021216418,0.1785018361544714,0.14472231823906107,0.19090842462822413,0.1428800145510764,0.21985728621500292
ledoit_wolf,2018-12-07,0.12269947930397686,0.178068074742059,0.14540652125123096,0.19180997151314794,0.14239620990248222,0.21961974328710313
ledoit_wolf,2018-12-10,0.12261437681764623,0.1781417120289211,0.1456428881804821,0.19116338419750759,0.1422909361483655,0.22014670262707758
ledoit_wolf,2018-12-11,0.12260286347785314,0.17816839484189015,0.14566584458186463,0.19110582532050135,0.14230279029291415,0.2201542814849766
ledoit_wolf,2018-12-12,0.12269435095216492,0.1781978686964233,0.14582195033570317,0.19101381027371667,0.14207932382337227,0.22019269591861979
ledoit_wolf,2018-12-13,0.12278561819795195,0.17828799778597587,0.14568418471254294,0.19113264588353432,0.14200440069103124,0.2201051527289636
ledoit_wolf,2018-12-14,0.12300283901024904,0.17769496625129683,0.14576217822955442,0.19192900823285164,0.14171543074691953,0.21989557752912842
ledoit_wolf,2018-12-17,0.12362755997778015,0.17688081200276912,0.145461017282404,0.19193244668069925,0.1422529378405475,0.2198452262158
ledoit_wolf,2018-12-18,0.12363476425724378,0.1768072581740815,0.14599464797141545,0.19171621054091187,0.14213542897144224,0.21971169008490513
ledoit_wolf,2018-12-19,0.12337341319801433,0.17654613749505388,0.1466745501844185,0.18944342016530064,0.14283310242163216,0.22112937653558049
ledoit_wolf,2018-12-20,0.12339731031020414,0.17639606273155561,0.14614286397703236,0.1899915985141389,0.14280984344874018,0.22126232101832888
ledoit_wolf,2018-12-21,0.12399734921623339,0.1754789125270085,0.14821536209353722,0.18837237382351402,0.14254542005526774,0.22139058228443914
ledoit_wolf,2018-12-24,0.12425885505069473,0.1754233378467083,0.14716110208507396,0.1890157195622283,0.14198598534577125,0.2221550001095234
ledoit_wolf,2018-12-26,0.12726116462176496,0.17379371272109248,0.1465393275242005,0.1879746673988276,0.14279045251129827,0.22164067522281625
ledoit_wolf,2018-12-27,0.12727330257108746,0.17371470755540872,0.1464776855664104,0.1880057148397592,0.1428313897039389,0.2216971997633954
ledoit_wolf,2018-12-28,0.12779070555622665,0.17359133562599008,0.1463054457541568,0.18795438339995765,0.1428953347957153,0.22146279486795364
ledoit_wolf,2018-12-31,0.12832533771757462,0.17327972954991575,0.14616576139702855,0.1880146300153983,0.14281921425306018,0.22139532706702253
ledoit_wolf,2019-01-02,0.1282110325701658,0.17323149624521664,0.1464915358337984,0.18784530208299224,0.1428644755263839,0.221356157741443
ledoit_wolf,2019-01-03,0.12800247975609835,0.17333549079974048,0.1463099461981595,0.18759136052387787,0.143788137935256,0.22097258478686768
ledoit_wolf,2019-01-04,0.1282016953807558,0.17389288234352734,0.14675341736331277,0.18811898509952316,0.14259527471275954,0.22043774510012137
ledoit_wolf,2019-01-07,0.12788064293048743,0.1733847925515042,0.14654800831476722,0.18898447701941726,0.14191604751943887,0.221286031664385
ledoit_wolf,2019-01-08,0.12791328947649028,0.17353314121819732,0.14655361826294064,0.18879116332189808,0.14194183498742055,0.22126695273305327
ledoit_wolf,2019-01-09,0.12783062592673655,0.17362877856230235,0.14648072109401702,0.18890582179304313,0.14173266053710964,0.22142139208679118
ledoit_wolf,2019-01-10,0.1279459967718724,0.1735953624440309,0.14643280919216858,0.18899046647751738,0.14161950416494462,0.22141586094946614
ledoit_wolf,2019-01-11,0.12790269582639505,0.17363285572238674,0.14642748704740785,0.18900837894167957,0.14153455848186636,0.2214940239802645
ledoit_wolf,2019-01-14,0.12802279118981397,0.17354923392959265,0.14622863473824751,0.18931474468459636,0.14149983780126588,0.22138475765648366
ledoit_wolf,2019-01-15,0.12891525992426772,0.17342955472822133,0.14639301436557248,0.18948665913652218,0.1409057460543371,0.22086976579107906
ledoit_wolf,2019-01-16,0.12877956444417216,0.1733238962551035,0.14659320802288658,0.18951734520783806,0.14108051948389758,0.22070546658610224
ledoit_wolf,2019-01-17,0.1288139100186697,0.17336940007553664,0.14661889346376972,0.18948031605734172,0.14108940624159616,0.22062807414308597
ledoit_wolf,2019-01-18,0.12938107134967114,0.1735752377844149,0.14527855327791747,0.18994696073454348,0.14072540329319688,0.2210927735602561
ledoit_wolf,2019-01-22,0.12919062733527967,0.1731612057788291,0.14584969180455395,0.19029350041031212,0.14077386629391472,0.22073110837711035
ledoit_wolf,2019-01-23,0.12928062798892334,0.17329448455431892,0.1456538206881314,0.19008890674168036,0.1407569823128516,0.2209251777140942
ledoit_wolf,2019-01-24,0.12887611666355345,0.17333741212754564,0.14567256163811945,0.190140765335544,0.14056049781249538,0.22141264642274208
ledoit_wolf,2019-01-25,0.12904113574347198,0.17348198716454863,0.14578534191776793,0.18992633782967938,0.14045368384996612,0.22131151349456593
ledoit_wolf,2019-01-28,0.1271166378007128,0.17373418674837793,0.14629092223832774,0.19056801061977066,0.14091054079624662,0.2213797017965642
ledoit_wolf,2019-01-29,0.1268747427902859,0.17351575765097277,0.14662391247825474,0.19045266761763646,0.14092339574634768,0.22160952371650242
ledoit_wolf,2019-01-30,0.12703543793251548,0.17307025972290735,0.14677898358254093,0.18998322314486554,0.1412628199904874,0.22186927562668343
ledoit_wolf,2019-01-31,0.12713006456735326,0.17335569445937643,0.14786721149911522,0.18655710216456073,0.14250831505908898,0.22258161225050543
ledoit_wolf,2019-02-01,0.12725543654216948,0.17288903054792656,0.1480171761195773,0.1866135962412972,0.14260347538039703,0.22262128516863233
ledoit_wolf,2019-02-04,0.12734405475669347,0.17321382475196975,0.14814015368459407,0.1866659984296828,0.1423992644909684,0.22223670388609162
ledoit_wolf,2019-02-05,0.12742123183066856,0.173170171229873,0.148033274155702,0.18668538119175598,0.14243978031874957,0.222250161273251
ledoit_wolf,2019-02-06,0.1276421279852117,0.17340922606930875,0.14801277115429382,0.1867180364747155,0.14238688945229164,0.2218309488641784
ledoit_wolf,2019-02-07,0.12761810975241722,0.17344935212543608,0.148021575082543,0.18661824204369679,0.142428388359187,0.22186433263671987
ledoit_wolf,2019-02-08,0.12765388482253387,0.1733889542985587,0.14797488932862138,0.1865733363836008,0.14250736687965726,0.22190156828702795
ledoit_wolf,2019-02-11,0.12758878662032883,0.17339984419386545,0.14803960721872136,0.1866585514327384,0.14247654318940278,0.22183666734494326
ledoit_wolf,2019-02-12,0.1275100080647921,0.17319308155645696,0.1483440575902898,0.18716318789650363,0.14224036004240287,0.2215493048495546
ledoit_wolf,2019-02-13,0.12757391929496667,0.1732160432987016,0.14832077291174542,0.18714709154174314,0.1421613962591644,0.22158077669367873
ledoit_wolf,2019-02-14,0.12756298200103328,0.1732114181764983,0.148327160367901,0.18714540787477,0.1421658449268017,0.22158718665299576
ledoit_wolf,2019-02-15,0.12759109693733267,0.17318975414951898,0.14835385067373721,0.18712736746057962,0.14219379984294706,0.22154413093588443
ledoit_wolf,2019-02-19,0.1276061911399265,0.1731681807099116,0.14837385356221408,0.1871433617545495,0.14217864436615185,0.2215297684672465
ledoit_wolf,2019-02-20,0.1276848028893936,0.17312835164497267,0.14852126731731272,0.18710636531306885,0.14216251726471266,0.22139669557053954
ledoit_wolf,2019-02-21,0.12770110354528624,0.1733599280915597,0.1483107811528602,0.18705832616719628,0.14226340984374578,0.22130645119935174
ledoit_wolf,2019-02-22,0.1278020300180706,0.17348010398289468,0.14838491342879742,0.1869622539001679,0.14217777028473816,0.2211929283853313
ledoit_wolf,2019-02-25,0.12782194844603526,0.1734945469155049,0.14834103817937352,0.18692392577681372,0.14219837003773525,0.22122017064453725
ledoit_wolf,2019-02-26,0.1288442545510145,0.1730918309962731,0.1490655513266176,0.18653353116399368,0.1419182142056828,0.22054661775641834
ledoit_wolf,2019-02-27,0.1288780695162887,0.17310458149540642,0.14890906804479684,0.18659062181181543,0.14195404379128815,0.2205636153404045
ledoit_wolf,2019-02-28,0.12885532096231245,0.1731025998697618,0.14896405090365034,0.18656286042281023,0.1419311915947779,0.22058397624668738
ledoit_wolf,2019-03-01,0.12895849031291173,0.1731417098598233,0.14871843656795375,0.18657259975998772,0.14193706110162285,0.2206717023977006
ledoit_wolf,2019-03-04,0.12895868608206343,0.17311522598474813,0.14868542961168357,0.18657785031797403,0.14189931885648704,0.22076348914704383
ledoit_wolf,2019-03-05,0.12914673448874844,0.17306913037288352,0.14862995764882397,0.1864438488383073,0.1419947245234986,0.22071560412773814
ledoit_wolf,2019-03-06,0.12908172759141628,0.1730058691344718,0.14863587505166082,0.1865048838524756,0.1420638412598027,0.22070780311017266
ledoit_wolf,2019-03-07,0.12911630254245451,0.17281069942518534,0.14886680428690804,0.18641597711338972,0.14204784457540454,0.22074237205665773
ledoit_wolf,2019-03-08,0.12909989111796807,0.1728317777851821,0.1488280636060402,0.18641456240765034,0.14207818263295646,0.22074752245020274
ledoit_wolf,2019-03-11,0.12854695273666933,0.17276050546581664,0.1489947774449279,0.18684195967046638,0.14228262868100086,0.22057317600111895
ledoit_wolf,2019-03-12,0.1285525104023534,0.17275914290807437,0.1489665177874626,0.1868373146531445,0.14227140382470685,0.2206131104242583
ledoit_wolf,2019-03-13,0.12838829396375165,0.1727724030261299,0.14890312975033937,0.18686550998119061,0.14227844596233585,0.2207922173162526
ledoit_wolf,2019-03-14,0.12843341069066047,0.17275532785406988,0.14898570836785505,0.18672405034227418,0.14234156688835686,0.22075993585678358
ledoit_wolf,2019-03-15,0.1285416435140443,0.17286325284445275,0.1489436047142778,0.18651932663253537,0.14236931694038055,0.2207628553543092
ledoit_wolf,2019-03-18,0.1285608819836679,0.17306118627344705,0.1488586181768804,0.18625465878873296,0.14245145070567528,0.22081320407159646
ledoit_wolf,2019-03-19,0.12845993904826905,0.17302192438372754,0.1489905066986959,0.18625379140745943,0.14253848777970096,0.2207353506821471
ledoit_wolf,2019-03-20,0.12892498766897909,0.1730637566228748,0.14900967050052458,0.18613027818539632,0.14225076156513117,0.22062054545709403
ledoit_wolf,2019-03-21,0.12871287980085577,0.17306871853246125,0.14908976319256476,0.18621776131859732,0.14231920409961563,0.22059167305590519
ledoit_wolf,2019-03-22,0.12877730867064752,0.17280943031057525,0.1493125208777381,0.18645353556478916,0.141997823112799,0.22064938146345103
ledoit_wolf,2019-03-25,0.12879195329687196,0.17281992789300915,0.1493341430913342,0.1865215033270133,0.141994980767976,0.22053749162379538
ledoit_wolf,2019-03-26,0.128766832805494,0.17278258929768495,0.14924193992562948,0.1864523878872751,0.1420633123000105,0.2206929377839059
ledoit_wolf,2019-03-27,0.1287898103425895,0.17272993391770425,0.14945969341806886,0.1864378940447566,0.14199986127781267,0.22058280699906815
ledoit_wolf,2019-03-28,0.12878107691364557,0.17267904327024722,0.14953973729568365,0.18639099888864338,0.14202629012391754,0.22058285350786278
ledoit_wolf,2019-03-29,0.1286924301797123,0.17271125548200658,0.1496362223272753,0.18641038919504374,0.14201605176435939,0.22053365105160266
ledoit_wolf,2019-04-01,0.12876083513950684,0.17284448021641244,0.14944660967761172,0.1865414092995538,0.14194030247386574,0.22046636319304957
ledoit_wolf,2019-04-02,0.1288090086820008,0.17288856796628244,0.14951224355130824,0.18635359278938066,0.14198358328155558,0.2204530037294724
ledoit_wolf,2019-04-03,0.12871432414999598,0.17291347825789827,0.14944338246040476,0.18645008178835415,0.14200774775242636,0.2204709855909205
ledoit_wolf,2019-04-04,0.1286010686819768,0.17287221813926157,0.1493981055178362,0.1865719070177202,0.14183052521847164,0.2207261754247335
ledoit_wolf,2019-04-05,0.12887058729555462,0.17264494099262936,0.14921258053998226,0.18657846949812226,0.14189025307892378,0.22080316859478788
ledoit_wolf,2019-04-08,0.1288835867994815,0.17259746552559774,0.1493233866678986,0.18649728454878156,0.14190662588834824,0.22079165056989222
ledoit_wolf,2019-04-09,0.12885824680461969,0.1726092018569937,0.14929771518864227,0.18653401216879967,0.14191251710370378,0.22078830687724094
ledoit_wolf,2019-04-10,0.128839105709831,0.1726108733332497,0.1492452221629883,0.18655254969281607,0.14194936598220587,0.2208028831189091
ledoit_wolf,2019-04-11,0.12876661102079326,0.17264649523926096,0.1492460197900116,0.18654677199899355,0.1419835273912786,0.2208105745596622
ledoit_wolf,2019-04-12,0.12872435419620315,0.17266235802488716,0.14926844067911696,0.18663526591417684,0.14179503155218035,0.22091454963343546
ledoit_wolf,2019-04-15,0.12864831914193897,0.17268908909643288,0.1494563276494259,0.186623003145371,0.14174946291473103,0.2208337980521001
ledoit_wolf,2019-04-16,0.12864780072227314,0.17274830040321762,0.14927278804751345,0.18680689639054013,0.1416185061379284,0.22090570829852735
ledoit_wolf,2019-04-17,0.12878829648345697,0.17276512023815344,0.14894064065586934,0.18676338599078754,0.1416856394709118,0.22105691716082085
ledoit_wolf,2019-04-18,0.12877134553957553,0.17272865282798935,0.1489280126194275,0.18676184321720737,0.14177530718700668,0.22103483860879355
ledoit_wolf,2019-04-22,0.1287935275318028,0.17271738241475318,0.1492373545564977,0.18667527215577998,0.1415530701982696,0.22102339314289676
ledoit_wolf,2019-04-23,0.12885560043276967,0.17262761148766465,0.14926658550402924,0.18669328207480473,0.141602025636214,0.22095489486451778
ledoit_wolf,2019-04-24,0.1289686600320987,0.17259329699623643,0.14922238547572073,0.18673674832487486,0.14153838703836566,0.22094052213270365
ledoit_wolf,2019-04-25,0.12891977439946034,0.1725265519368442,0.1491572555943555,0.18675186610942793,0.1414384225560849,0.22120612940382714
ledoit_wolf,2019-04-26,0.12868934958027523,0.17247297394571529,0.1489389320460197,0.1865525455223862,0.1420173001079243,0.22132889879767928
ledoit_wolf,2019-04-29,0.1287265885976477,0.1725959898790805,0.14886918695398704,0.18644399950840876,0.14217744043089509,0.2211867946299807
ledoit_wolf,2019-04-30,0.1293019128680664,0.17307231061944803,0.14908981416435432,0.18692714220081866,0.14264731491671362,0.2189615052305989
ledoit_wolf,2019-05-01,0.12909704964567492,0.17294295359771372,0.14904756942150293,0.18701990471972157,0.1425995926359696,0.21929292997941727
ledoit_wolf,2019-05-02,0.12905074391296303,0.1731335428670417,0.1490224317684014,0.18701399772408625,0.1425881577068811,0.21919112602062646
ledoit_wolf,2019-05-03,0.12949243815106962,0.17288205837417123,0.14876324878720534,0.18710357760775262,0.14273730362211492,0.21902137345768627
ledoit_wolf,2019-05-06,0.12942265769331257,0.17289794571273834,0.14886349920530637,0.18710219421590601,0.1426891862001868,0.21902451697254993
ledoit_wolf,2019-05-07,0.12926425875148856,0.1730194299406509,0.1489682925532896,0.18706008428985244,0.14262959137019074,0.21905834309452765
ledoit_wolf,2019-05-08,0.12930204952011304,0.17302422007598506,0.14903166536084222,0.18707290962641143,0.14256511498503052,0.21900404043161772
ledoit_wolf,2019-05-09,0.1292083438794735,0.17302520885444747,0.1490025788967575,0.18710102177040452,0.1425722686838771,0.21909057791503986
ledoit_wolf,2019-05-10,0.12917557862667992,0.17299966671895584,0.14916224467444006,0.18704747029440408,0.14256438435014612,0.21905065533537404
ledoit_wolf,2019-05-13,0.13121711431702723,0.17239700592518148,0.1488133662897785,0.18644247231982275,0.14247797300246334,0.21865206814572652
ledoit_wolf,2019-05-14,0.13121441399913228,0.17235648696569084,0.14874241660293433,0.18646925359158203,0.14246802899129915,0.2187493998493612
ledoit_wolf,2019-05-15,0.13173618243793164,0.17254918566247077,0.14906194275891801,0.18623001664375685,0.1425047044865519,0.21791796801037067
ledoit_wolf,2019-05-16,0.1317894774797049,0.1724717345634282,0.1491278681993999,0.18625107477238817,0.1424894820428443,0.2178703629422346
ledoit_wolf,2019-05-17,0.131908050648019,0.1724897847030785,0.14831455345122824,0.18655068398896207,0.14268551059299625,0.2180514166157159
ledoit_wolf,2019-05-20,0.132352499580285,0.17235877496885785,0.1481511720353598,0.18673761498860006,0.14275113628165573,0.21764880214524168
ledoit_wolf,2019-05-21,0.13252055940379218,0.17237639590749457,0.14824879760203868,0.18677410437984734,0.14263056780359865,0.21744957490322855
ledoit_wolf,2019-05-22,0.1325045359732178,0.17241192947131576,0.1479123639161578,0.18684965409553583,0.14278091964142098,0.21754059690235192
ledoit_wolf,2019-05-23,0.13243874021899796,0.17228215606518033,0.1482392013357336,0.18662420718674447,0.14270289643761258,0.21771279875573096
ledoit_wolf,2019-05-24,0.13243157829650054,0.17232770264321387,0.1482100972450513,0.18666092049913152,0.1427330687670819,0.21763663254902088
ledoit_wolf,2019-05-28,0.1324380937478091,0.17231172643515394,0.14828637817011162,0.18669008703442005,0.14263870449281493,0.21763501011969041
ledoit_wolf,2019-05-29,0.1322023146000425,0.17230020431371132,0.14850773991602628,0.18667353186119232,0.14276779478905613,0.2175484145199715
ledoit_wolf,2019-05-30,0.13227907347158674,0.17226409344516116,0.14859679285642738,0.186640935221513,0.1427080134459871,0.21751109155932458
ledoit_wolf,2019-05-31,0.13237169754047476,0.17214542789850623,0.14886796679155503,0.18630034824024463,0.14267657888857263,0.2176379806406468
ledoit_wolf,2019-06-03,0.13380535767221396,0.17219259730041686,0.14952034737684416,0.18469877233984952,0.1439127813879635,0.21587014392271214
ledoit_wolf,2019-06-04,0.13320207579776708,0.17275954122778775,0.1484487579919084,0.1852087176518807,0.14370825108943205,0.21667265624122398
ledoit_wolf,2019-06-05,0.13314653455339695,0.17277200408332752,0.14840246203240484,0.1852556907388516,0.1437201033087438,0.2167032052832754
ledoit_wolf,2019-06-06,0.13322290816182217,0.17274473320601352,0.14820225934188927,0.18528607037133235,0.1437229772249273,0.21682105169401542
ledoit_wolf,2019-06-07,0.13333670333247877,0.17259845009457117,0.14844160946202273,0.18505510316771084,0.143864420806464,0.21670371313675252
ledoit_wolf,2019-06-10,0.13334158325930298,0.17233263073078386,0.14826364893603386,0.18511391064491195,0.1442998167509341,0.21664840967803323
ledoit_wolf,2019-06-11,0.1338640865237306,0.1721311137710495,0.14834550227259644,0.18496193474264647,0.1441750377167227,0.21652232497325435
ledoit_wolf,2019-06-12,0.13412265904802992,0.17201823983326625,0.14785505251803074,0.18473298849251343,0.1442529360202039,0.21701812408795576
ledoit_wolf,2019-06-13,0.13399485289703691,0.17209204864549993,0.1476470324201228,0.18465275941068693,0.14465226676760426,0.21696103985904922
ledoit_wolf,2019-06-14,0.13386480023516611,0.17209688252108707,0.14797083583774334,0.18471409890781187,0.14449702661175143,0.21685635588644034
ledoit_wolf,2019-06-17,0.13419676610324305,0.17242165999273318,0.14762973480523361,0.1841139126801427,0.14440096444270417,0.21723696197594328
ledoit_wolf,2019-06-18,0.133832746595688,0.17253704550039584,0.1477565130258645,0.1842850764042492,0.14434818737720514,0.21724043109659724
ledoit_wolf,2019-06-19,0.1338197255288968,0.1725911692535917,0.1477250524817594,0.18431502519190776,0.1443171918670859,0.21723183567675852
ledoit_wolf,2019-06-20,0.1339813518353075,0.1724960842106,0.14759790098107353,0.18433439779408564,0.14422236446499748,0.21736790071393589
ledoit_wolf,2019-06-21,0.13402079919404225,0.1725322059055934,0.14755566494716998,0.18432029483113568,0.1442282584025677,0.2173427767194909
ledoit_wolf,2019-06-24,0.1340192954485172,0.1724951963155242,0.1475363950900669,0.18430248398532492,0.14426265523479148,0.21738397392577524
ledoit_wolf,2019-06-25,0.1342806695647802,0.1725352428928378,0.14764251495726927,0.18431185731658226,0.14418050275360453,0.21704921251492593
ledoit_wolf,2019-06-26,0.13404077500020875,0.17248962061289175,0.14765977984034312,0.18440621397154827,0.14421868294396897,0.21718492763103903
ledoit_wolf,2019-06-27,0.13392705165754107,0.17254902558680943,0.14762307149866,0.1843685307876024,0.14407084369841222,0.2174614767709748
ledoit_wolf,2019-06-28,0.13395096676371201,0.17227998269861008,0.14775174121483348,0.1841090441456568,0.1443164157233416,0.2175918494538461
ledoit_wolf,2019-07-01,0.1341286111207524,0.17215758626903493,0.14778465271550523,0.1842971924293041,0.1441909086779569,0.2174410487874465
ledoit_wolf,2019-07-02,0.13421045516566735,0.17199317065952746,0.14781132495927662,0.18412993373172667,0.14414202260542489,0.21771309287837698
ledoit_wolf,2019-07-03,0.13434408622526056,0.1721740503334292,0.14749199199150512,0.1840940117836522,0.14413199119945022,0.21776386846670265
ledoit_wolf,2019-07-05,0.1344806795503204,0.17211684573794006,0.1475109651048684,0.1840752519045183,0.14414151788675306,0.2176747398155997
ledoit_wolf,2019-07-08,0.13445711748048836,0.17227979590371553,0.14740463843443255,0.18414753604454226,0.1441231174518507,0.21758779468497058
ledoit_wolf,2019-07-09,0.13435370799892057,0.17214515397881405,0.14783829135251514,0.18405953297941732,0.1441030622099656,0.21750025148036742
ledoit_wolf,2019-07-10,0.13440384404633615,0.1721155458410897,0.1475714263475842,0.18404863338992875,0.14439679368182357,0.21746375669323773
ledoit_wolf,2019-07-11,0.13465891160424845,0.17213749142109336,0.14746795457946602,0.18401500898319154,0.1443438053092314,0.21737682810276918
ledoit_wolf,2019-07-12,0.13467759759044162,0.17201334605284038,0.14755040146641527,0.1839637015351432,0.1444540853744884,0.21734086798067115
ledoit_wolf,2019-07-15,0.13491342236096765,0.17182418901975732,0.14731243032553729,0.18409630025690615,0.14455840297946188,0.21729525505736969
ledoit_wolf,2019-07-16,0.13493788907838977,0.17182922805753797,0.14735885832384946,0.18405668991158247,0.14455422483878258,0.21726310978985783
ledoit_wolf,2019-07-17,0.13508116009972834,0.17169638872611254,0.14740845529419017,0.18397305276567746,0.14458185160085552,0.21725909151343592
ledoit_wolf,2019-07-18,0.13535068245363396,0.17182120213099822,0.14762314552049915,0.18414784360853872,0.14341505453745032,0.21764207174887965
ledoit_wolf,2019-07-19,0.13477577110668498,0.1712040012673871,0.14765278781121538,0.18382245811930661,0.14569672706346803,0.21684825463193788
ledoit_wolf,2019-07-22,0.1347437848532188,0.1711848020467697,0.14770265282979392,0.18374523983959015,0.14578392212788188,0.2168395983027455
ledoit_wolf,2019-07-23,0.1346983638222839,0.17119159425395186,0.14768523112852888,0.18378446503675588,0.14585593177083778,0.21678441398764176
ledoit_wolf,2019-07-24,0.1346561978010116,0.17124572006545402,0.14761486433747426,0.18372799744167762,0.14571379077598642,0.217041429578396
ledoit_wolf,2019-07-25,0.13452173863390177,0.1714675032095476,0.14589587029152493,0.18375169004954237,0.14672813275247962,0.21763506506300365
ledoit_wolf,2019-07-26,0.13481545447256238,0.17241890972627388,0.14634392936392376,0.18449765939162524,0.14674882537690712,0.21517522166870767
ledoit_wolf,2019-07-29,0.13484864654162926,0.1724099509680306,0.14647628190014705,0.18440833483167413,0.14675525348435997,0.21510153227415907
ledoit_wolf,2019-07-30,0.1350204822908712,0.1723574337810336,0.1466269618192089,0.18384337706418644,0.1469507016538438,0.2152010433908562
ledoit_wolf,2019-07-31,0.1348391485675673,0.17223054260031165,0.14675765382079073,0.18384651484141348,0.1470287791571572,0.21529736101275962
ledoit_wolf,2019-08-01,0.13458065889709198,0.1726000058641931,0.14674537622418143,0.18388962158801,0.14688932591535822,0.2152950115111652
ledoit_wolf,2019-08-02,0.13454355462084291,0.17253590192840845,0.14687639560176063,0.18378963652109329,0.14701129306172003,0.21524321826617462
ledoit_wolf,2019-08-05,0.13413455838588692,0.17273168873146955,0.14733085796185746,0.18364028893003442,0.147224865528791,0.21493774046196054
ledoit_wolf,2019-08-06,0.13420437021121115,0.17266371468623654,0.14756696282549583,0.18355324793261132,0.14723724366143673,0.21477446068300826
ledoit_wolf,2019-08-07,0.13417598799584138,0.1726039389399175,0.14765492143997228,0.18354749516252464,0.14724882453842,0.21476883192332413
ledoit_wolf,2019-08-08,0.1343552774965284,0.17273707383937073,0.14774956569116984,0.18354164734767395,0.14709977707089641,0.21451665855436067
ledoit_wolf,2019-08-09,0.13431314784427292,0.17276583288800035,0.14777056534185484,0.18360806969362944,0.14706824125556353,0.2144741429766788
ledoit_wolf,2019-08-12,0.1342552008412766,0.17276688678818322,0.14768199330831278,0.18356729262063431,0.14729856060519225,0.21443006583640098
ledoit_wolf,2019-08-13,0.13434409132622416,0.17273394831437278,0.14747396755925085,0.18352711786916423,0.1477494897860611,0.2141713851449268
ledoit_wolf,2019-08-14,0.13468700981542034,0.17293953264906153,0.1469880528628583,0.1830715261146133,0.14782813351971225,0.2144857450383343
ledoit_wolf,2019-08-15,0.13539634384182977,0.17287179403574554,0.14692786289099374,0.18305389862380994,0.14744351332483174,0.21430658728278937
ledoit_wolf,2019-08-16,0.13476741546113788,0.1730761894112807,0.1469275882418828,0.18327554098208976,0.14745292469948063,0.21450034120412828
ledoit_wolf,2019-08-19,0.13413219056421435,0.17339000083168732,0.146850667778272,0.18352780767078297,0.1475693634952891,0.21452996965975424
ledoit_wolf,2019-08-20,0.1340942034143482,0.1734544456234576,0.14705420723477067,0.18351866695645738,0.14736436596174549,0.21451411080922062
ledoit_wolf,2019-08-21,0.13407617892296045,0.17344537498232232,0.14709095198327551,0.1835140005811108,0.1473674027408479,0.21450609078948302
ledoit_wolf,2019-08-22,0.1341182060956034,0.17341456233909128,0.1472100386663735,0.18341238390197745,0.14731453375493028,0.21453027524202414
ledoit_wolf,2019-08-23,0.13390243261722443,0.1733922371709442,0.14693786780977638,0.18362403156084006,0.14774502344237436,0.21439840739884067
ledoit_wolf,2019-08-26,0.13394384080648847,0.17338860195558464,0.14701311935849234,0.1835598259092688,0.1477786291532574,0.2143159828169084
ledoit_wolf,2019-08-27,0.13387445594957806,0.17339551195590713,0.1469968341680162,0.1836292189705527,0.147739829037192,0.21436414991875383
ledoit_wolf,2019-08-28,0.1338575136335098,0.1733916037382053,0.14700428136149918,0.1836259334104562,0.14776517267329498,0.21435549518303448
ledoit_wolf,2019-08-29,0.13372849442323426,0.17357685466773348,0.14692516807267947,0.18357957575347433,0.14787537772026957,0.21431452936260884
ledoit_wolf,2019-08-30,0.13369910138756885,0.1735805252748813,0.14692955749119135,0.18357465683517804,0.1478780440930475,0.21433811491813293
ledoit_wolf,2019-09-03,0.13356182718312123,0.17380456261521984,0.14702606220019152,0.1834586571810728,0.14804245693979065,0.2141064338806039
ledoit_wolf,2019-09-04,0.1335332204769323,0.17388310723181058,0.14717870910248682,0.1833030204293798,0.14796911610880945,0.2141328266505811
ledoit_wolf,2019-09-05,0.1330059157075347,0.17403541569543024,0.14700643745452985,0.1834652158913027,0.14851406463014039,0.21397295062106206
ledoit_wolf,2019-09-06,0.13312426137041322,0.17411124957790478,0.14702949095425671,0.18330601678388334,0.14838890021112378,0.2140400811024182
ledoit_wolf,2019-09-09,0.13310108698920242,0.17415739456117613,0.14694129793955255,0.18330940736223572,0.1484061682848368,0.2140846448629966
ledoit_wolf,2019-09-10,0.13311194995799208,0.17417583587703256,0.14702265521617802,0.18326627103383683,0.1483011902983124,0.21412209761664816
ledoit_wolf,2019-09-11,0.13317895709452482,0.1743482063326506,0.14678147099228733,0.18324638646434954,0.1484198697854118,0.21402510933077593
ledoit_wolf,2019-09-12,0.1332903480605236,0.17415400346286222,0.14730115118757792,0.1832087812480598,0.14854898069769024,0.21349673534328636
ledoit_wolf,2019-09-13,0.13328998289449204,0.1741550106329069,0.1472897885842517,0.1831859112007666,0.14858124499808156,0.21349806168950114
ledoit_wolf,2019-09-16,0.13329239321182001,0.17411338874372206,0.14730580817674327,0.18319545889139163,0.14859898980695452,0.21349396116936842
ledoit_wolf,2019-09-17,0.133302843328759,0.17411773928724344,0.1472178884669108,0.18319163655787088,0.14856775663657648,0.2136021357226393
ledoit_wolf,2019-09-18,0.133545618664899,0.17403307975649146,0.14722186120558164,0.18321448626250417,0.1484398812724627,0.21354507283806112
ledoit_wolf,2019-09-19,0.13362886091503462,0.1739747492830074,0.1472503921351225,0.1831749848266973,0.1484646283162306,0.21350638452390766
ledoit_wolf,2019-09-20,0.13361264953602509,0.1740117570664064,0.14721720454130735,0.183512878647469,0.1479266922826155,0.21371881792617656
ledoit_wolf,2019-09-23,0.13365649632227708,0.17400334369566295,0.14723697983961107,0.1834491794236504,0.14788134317770507,0.21377265754109342
ledoit_wolf,2019-09-24,0.13422361154083431,0.17414710635082864,0.14651044004375327,0.18335592425810768,0.14752856689068386,0.21423435091579227
ledoit_wolf,2019-09-25,0.13411968680999323,0.1743378586687405,0.14673068946677637,0.18356992277835185,0.14725377874832749,0.21398806352781058
ledoit_wolf,2019-09-26,0.1343017012784991,0.17402135448030182,0.1464364216647624,0.1842361687381988,0.14761182528869207,0.2133925285495458
ledoit_wolf,2019-09-27,0.13418227138421404,0.1740444480165749,0.14653340279336002,0.18418157202780208,0.14773241836749848,0.2133258874105505
ledoit_wolf,2019-09-30,0.13417713881010562,0.17398313111490055,0.14630202847914112,0.18426832024257425,0.14765010021797775,0.21361928113530068
ledoit_wolf,2019-10-01,0.13418151561517594,0.1739924564361824,0.14632742431809673,0.18424929443847227,0.14766119247697043,0.2135881167151023
ledoit_wolf,2019-10-02,0.1342908032863375,0.17393371027286214,0.14636418600629933,0.1843617728783567,0.1476897360805248,0.21335979147561962
ledoit_wolf,2019-10-03,0.1340715048127572,0.17394315054431836,0.14657720469975624,0.18420905257819123,0.1478460512378195,0.21335303612715745
ledoit_wolf,2019-10-04,0.1340973352714318,0.173908304309763,0.14670662563102332,0.18422575510055955,0.14783574291248777,0.2132262367747345
ledoit_wolf,2019-10-07,0.13408173797067965,0.1739614342049112,0.14670283262051959,0.18415874445257463,0.14793850779238793,0.213156742958927
ledoit_wolf,2019-10-08,0.13364914591639984,0.17385674451143637,0.1467245215065429,0.18419916265779798,0.14838359971773524,0.21318682569008773
ledoit_wolf,2019-10-09,0.13357101227034548,0.17385678762581921,0.14665597850944506,0.1841521041087026,0.14859387389413914,0.21317024359154846
ledoit_wolf,2019-10-10,0.1335017085343667,0.17396629896197943,0.14679519474753822,0.18421453400069593,0.14832754056413078,0.21319472319128893
ledoit_wolf,2019-10-11,0.1335236389443456,0.17400800247216017,0.1468661775552345,0.18402493490254762,0.1483361011016863,0.21324114502402594
ledoit_wolf,2019-10-14,0.1335384853993797,0.1740219243147044,0.1466960818811738,0.18408468975807796,0.1482691364420805,0.21338968220458365
ledoit_wolf,2019-10-15,0.13321715284506963,0.17408462041234468,0.14691932956144116,0.1838251985246302,0.14867784892997404,0.21327584972654018
ledoit_wolf,2019-10-16,0.13327464385451268,0.17404002303097066,0.1468843832115331,0.18382988637221553,0.14872641457227842,0.2132446489584896
ledoit_wolf,2019-10-17,0.13334838592535572,0.1740614593442508,0.14684526701943956,0.18385965627244621,0.14866874243899975,0.21321648899950799
ledoit_wolf,2019-10-18,0.13346979328587077,0.17417569492232232,0.1469611723661933,0.1837707328840356,0.14798409343988048,0.21363851310169754
ledoit_wolf,2019-10-21,0.1333658727031747,0.17415945580931178,0.1470617029355821,0.18363128885972277,0.1480413940090861,0.21374028568312242
ledoit_wolf,2019-10-22,0.13345155470005285,0.17423937175218346,0.14736974146507445,0.18319244982587085,0.1477053364436705,0.21404154581314788
ledoit_wolf,2019-10-23,0.13351493997621144,0.17434337299390232,0.14746862918892253,0.18306377028077989,0.14767416270619468,0.21393512485398902
ledoit_wolf,2019-10-24,0.13367724667989575,0.17471395294271067,0.14493274229019906,0.18375552009847773,0.14812597190440874,0.21479456608430797
ledoit_wolf,2019-10-25,0.13346041220891033,0.17539204277126014,0.14397773593542887,0.18390201823469188,0.14818236968490298,0.21508542116480578
ledoit_wolf,2019-10-28,0.13358380417138724,0.17537265350112569,0.14422950560325348,0.18392390429973396,0.14816373753808515,0.21472639488641443
ledoit_wolf,2019-10-29,0.13358661462513888,0.1754382985687267,0.14407110043382285,0.18413447155495244,0.14831896355254146,0.2144505512648176
ledoit_wolf,2019-10-30,0.13269834953460696,0.1796503616642712,0.14215207463579363,0.18392450222350673,0.14694174139019517,0.2146329705516262
ledoit_wolf,2019-10-31,0.13270029052919666,0.17966412299537088,0.1421408318632528,0.18397977048355815,0.14690417745925388,0.21461080666936774
ledoit_wolf,2019-11-01,0.13272934075675755,0.17961498137257378,0.1422548252671437,0.18394994913981003,0.1468995642251592,0.21455133923855574
ledoit_wolf,2019-11-04,0.1325415937932015,0.17973355910972486,0.1422735712877204,0.18408515856832386,0.14685672702653801,0.21450939021449128
ledoit_wolf,2019-11-05,0.13244523934227131,0.1796980197106018,0.14274950073644962,0.1842487125419561,0.14657763418556097,0.21428089348316035
ledoit_wolf,2019-11-06,0.1324525482102994,0.17976881372971265,0.14282585865174616,0.18415166815038225,0.14652719151291546,0.2142739197449442
ledoit_wolf,2019-11-07,0.13245944463880274,0.1798208570485602,0.14276661975569777,0.18420757722306028,0.1465371362072804,0.21420836512659863
ledoit_wolf,2019-11-08,0.1324707405574247,0.17982443605051135,0.14277213716608708,0.18420237534420375,0.14650140555918786,0.21422890532258526
ledoit_wolf,2019-11-11,0.1324780737407884,0.17981618805247293,0.14277731143467792,0.18420585531971184,0.14650176299283763,0.21422080845951125
ledoit_wolf,2019-11-12,0.13252526441739254,0.17979987681963372,0.14273179722805868,0.18400330687624242,0.14660056656032272,0.21433918809834995
ledoit_wolf,2019-11-13,0.13266062292974404,0.1797187200996263,0.14273341191202832,0.18401908267202743,0.14641573872454086,0.21445242366203304
ledoit_wolf,2019-11-14,0.1325992652655467,0.17976527880016194,0.14284575597988303,0.1840603751755183,0.14638390692720926,0.21434541785168076
ledoit_wolf,2019-11-15,0.1326713492729102,0.17981953642679385,0.14286472004902234,0.18404556596823374,0.14634618754923476,0.2142526407338052
ledoit_wolf,2019-11-18,0.13255995636201942,0.17984711473336915,0.14286783916466367,0.1839415820684211,0.1463014355607369,0.21448207211078982
ledoit_wolf,2019-11-19,0.13254627779617728,0.17983861286221792,0.1428059117248014,0.18392709649401504,0.14633878502015712,0.21454331610263133
ledoit_wolf,2019-11-20,0.1325802311940592,0.17984152530217526,0.14271488123876297,0.18388392953673696,0.14640480031479475,0.21457463241347094
ledoit_wolf,2019-11-21,0.13256609565766184,0.1798659276597122,0.14273369426067917,0.18388179246051792,0.1463692378390391,0.2145832521223898
ledoit_wolf,2019-11-22,0.1325363240639521,0.17992526050101704,0.14255745650129123,0.18403498359774406,0.14630574691730588,0.21464022841868954
ledoit_wolf,2019-11-25,0.132260964205123,0.1798718361578336,0.14264027335727492,0.18419850480701533,0.1463235114994278,0.21470490997332536
ledoit_wolf,2019-11-26,0.13219597559899973,0.18012938397302475,0.14257285438673786,0.18419919596061554,0.14619295020273335,0.2147096398778888
ledoit_wolf,2019-11-27,0.13218319537450307,0.18010393667402602,0.14257971226397917,0.18412011005093046,0.14616818899274778,0.21484485664381345
ledoit_wolf,2019-11-29,0.13220228568060347,0.1800706182138133,0.14258373786625755,0.18414914444036584,0.14614244650573943,0.21485176729322042
ledoit_wolf,2019-12-02,0.13253286235009717,0.17967389737749498,0.14247017882620233,0.18440179382133867,0.1464931684780781,0.21442809914678887
ledoit_wolf,2019-12-03,0.13257749823749487,0.17970583568514467,0.14247310960319198,0.18443570896418893,0.1464077859341087,0.2144000615758708
ledoit_wolf,2019-12-04,0.1325818366368175,0.17974963046731238,0.14244824568721226,0.18445969837430806,0.1463516399549873,0.21440894887936243
ledoit_wolf,2019-12-05,0.13296796390880156,0.17983915546469,0.1421791481132244,0.18450718046135567,0.14620116113409776,0.2143053909178306
ledoit_wolf,2019-12-06,0.1329471581451124,0.17989894291213024,0.14213170978653475,0.18453670853729182,0.14617103564435427,0.2143144449745766
ledoit_wolf,2019-12-09,0.13286966956048996,0.1798351317089119,0.14225454294419412,0.18463192936095663,0.14605284262850737,0.21435588379693998
ledoit_wolf,2019-12-10,0.1328929639696941,0.17979648635654802,0.14220215686066418,0.18476202126811386,0.14594205442830507,0.2144043171166748
ledoit_wolf,2019-12-11,0.1328484731366688,0.17981340774143198,0.1422104313814203,0.18472502341290284,0.14591353583104083,0.2144891284965352
ledoit_wolf,2019-12-12,0.1328392015064542,0.17979670236662357,0.14233870698466325,0.18476899367874347,0.14580985156681983,0.2144465438966955
ledoit_wolf,2019-12-13,0.13286818189779062,0.17981395995900146,0.14229597790280557,0.18474206822265576,0.14582069847439766,0.21445911354334884
ledoit_wolf,2019-12-16,0.13307714502773896,0.18007320010753677,0.14183155434505498,0.18463640055264352,0.1458254311048713,0.2145562688621545
ledoit_wolf,2019-12-17,0.1330475638471584,0.18004857518768258,0.14187855977133176,0.18465468099011667,0.14568320453740524,0.2146874156663054
ledoit_wolf,2019-12-18,0.13317323970472117,0.1801110275966665,0.14173922781286113,0.18449428458945527,0.1455484966085879,0.21493372368770794
ledoit_wolf,2019-12-19,0.13320066871327424,0.18032608888786522,0.14155766749327434,0.1843835788179601,0.14529169212260612,0.2152403039650199
ledoit_wolf,2019-12-20,0.1331612639818443,0.18027451376680606,0.1416315290428151,0.1843722610465601,0.14533368411649958,0.21522674804547487
ledoit_wolf,2019-12-23,0.1331445400807906,0.1802938732677798,0.1415927105873259,0.18440219219789086,0.14531510617061325,0.21525157769559963
ledoit_wolf,2019-12-24,0.13314831475125047,0.18029513184644586,0.14159297421655592,0.1843989555745029,0.14531603200704818,0.21524859160419665
ledoit_wolf,2019-12-26,0.1333106611975115,0.1798191484809532,0.14168910603591348,0.18442944755139268,0.14551463505361825,0.2152370016806109
ledoit_wolf,2019-12-27,0.13324689681757615,0.1797798821220497,0.1417565499096739,0.1844793118652307,0.1455208023436866,0.215216556941783
ledoit_wolf,2019-12-30,0.1332756993471718,0.1798348642925292,0.14161056073170233,0.18439589521067154,0.1455614127904322,0.2153215676274929
ledoit_wolf,2019-12-31,0.13323808838860937,0.17982638945484625,0.14161970251759629,0.18437127323220762,0.14569233892464134,0.21525220748209928
ledoit_wolf,2020-01-02,0.13342328490459923,0.17977125143019673,0.14162698233550727,0.18435232394204093,0.14578002843857413,0.21504612894908157
ledoit_wolf,2020-01-03,0.1333492425596677,0.17945443985917625,0.14169098703547708,0.18447832711762185,0.1460837013451381,0.21494330208291906
ledoit_wolf,2020-01-06,0.13407617210206954,0.17942733131763608,0.1413935309172071,0.18448135303286575,0.1459545014578672,0.21466711117235435
ledoit_wolf,2020-01-07,0.13405552071072738,0.17943457915429237,0.1413063051352313,0.18448358933623835,0.14601833843998357,0.21470166722352693
ledoit_wolf,2020-01-08,0.1340740483085863,0.1797345670894176,0.14098598032779502,0.18448782292583046,0.14594585986472292,0.21477172148364773
ledoit_wolf,2020-01-09,0.13418817437100466,0.17971549325836417,0.14145756452275832,0.18432606324032952,0.14583794017014876,0.21447476443739455
ledoit_wolf,2020-01-10,0.13420729928497613,0.17964960209279912,0.14146063443187676,0.1843336278091754,0.14581329970165002,0.21453553667952266
ledoit_wolf,2020-01-13,0.1341802122501378,0.18021557065978572,0.1404027745264886,0.18442500580471466,0.14578707034919924,0.214989366409674
ledoit_wolf,2020-01-14,0.13410655028316434,0.18026549647243367,0.1405047558608231,0.18431862017477008,0.14588238931889083,0.21492218788991807
ledoit_wolf,2020-01-15,0.13409290477490252,0.1802455572064799,0.14041887811738568,0.18438347466684166,0.14588772486528967,0.2149714603691006
ledoit_wolf,2020-01-16,0.13409003216097612,0.1802291931197293,0.1404336606629879,0.18439831027035306,0.145900773559498,0.21494803022645562
ledoit_wolf,2020-01-17,0.1341149380376191,0.18024381383542,0.14046581077826517,0.184394694972221,0.1458799960051929,0.21490074637128181
ledoit_wolf,2020-01-21,0.13421587195041243,0.18015584387668956,0.14011064759767144,0.18453869136022907,0.14600741224216846,0.2149715329728291
ledoit_wolf,2020-01-22,0.1342909278138251,0.18009388704504892,0.1401250351494996,0.1845483002296194,0.1459695609343291,0.2149722888276778
ledoit_wolf,2020-01-23,0.13417224560251634,0.18034960001070727,0.1399420211276031,0.18479797545785606,0.14561457760330385,0.21512358019801336
ledoit_wolf,2020-01-24,0.1339599150985056,0.18027974290130688,0.13943519549337108,0.18468297437088135,0.1471525600015408,0.21448961213439427
ledoit_wolf,2020-01-27,0.1337975315181236,0.18037609899986895,0.13964770262305332,0.18490793632334185,0.14698212681546635,0.21428860372014594
ledoit_wolf,2020-01-28,0.13364237429328124,0.18046163967788972,0.13955871635173694,0.18490849743644175,0.14711794194909275,0.2143108302915576
ledoit_wolf,2020-01-29,0.133802594396774,0.18054419910537048,0.13948849301694627,0.18479880312829086,0.14722007845997712,0.2141458318926413
ledoit_wolf,2020-01-30,0.13383972062870908,0.1805464809740284,0.139245785790664,0.18495039549084966,0.1473370581668054,0.2140805589489434
ledoit_wolf,2020-01-31,0.13385296799438595,0.18055683210820778,0.13928314444974219,0.18483008120561306,0.14739944360724974,0.21407753063480128
ledoit_wolf,2020-02-03,0.134706310899634,0.1824483411929635,0.13583140164261814,0.18587248845263818,0.14756152423320226,0.21357993357894386
ledoit_wolf,2020-02-04,0.13477229359038898,0.18280168781727404,0.13422257707437704,0.1850930886628683,0.14754642432109233,0.21556392853399928
ledoit_wolf,2020-02-05,0.1353230879042253,0.18224974291666843,0.13252672975889238,0.18541493156657543,0.14759411066153277,0.21689139719210557
ledoit_wolf,2020-02-06,0.13605580423944197,0.1812869235734649,0.13179866044191818,0.18560503485766985,0.14750403419341268,0.21774954269409244
ledoit_wolf,2020-02-07,0.1364108630289634,0.18158535100718817,0.13126885690564163,0.18541374132644797,0.14773615395157183,0.21758503378018693
ledoit_wolf,2020-02-10,0.13595876396487044,0.18148768304151258,0.13101128022837996,0.1859558435635934,0.1478581686859014,0.21772826051574226
ledoit_wolf,2020-02-11,0.13539362601824279,0.18136508843401325,0.13154406137792177,0.1859171818781364,0.14763325407290992,0.21814678821877592
ledoit_wolf,2020-02-12,0.13583209222374065,0.18082353958536157,0.13126001048286337,0.18598565833840866,0.14725179579658962,0.2188469035730362
ledoit_wolf,2020-02-13,0.1355995340290541,0.18120385213669982,0.13113775062784286,0.18578277463622553,0.14742349388942283,0.21885259468075496
ledoit_wolf,2020-02-14,0.13534105062211685,0.1814436443451141,0.13124583049632355,0.18565551738844005,0.14747147941188213,0.2188424777361232
ledoit_wolf,2020-02-18,0.13540049127154513,0.18163365354077432,0.13032711968219465,0.18597770164608968,0.1474913369209567,0.21916969693843963
ledoit_wolf,2020-02-19,0.1348742886825932,0.18148998625162088,0.13000381705841793,0.18590398714999118,0.14825784791826674,0.21947007293911006
ledoit_wolf,2020-02-20,0.134841408780906,0.18153528255405926,0.12992625324245005,0.18591737811159115,0.14835280350158353,0.21942687380940987
ledoit_wolf,2020-02-21,0.13461492561420998,0.1814409024888516,0.13024025120134164,0.18588603726813313,0.1485282542149511,0.2192896292125125
ledoit_wolf,2020-02-24,0.13426637148188986,0.18165447369238805,0.12989770158525368,0.1858580321784397,0.1494968746252393,0.21882654643678942
ledoit_wolf,2020-02-25,0.1341199968890385,0.18183801166380845,0.12984177648109357,0.18600365276302847,0.14957688094242122,0.21861968126060988
ledoit_wolf,2020-02-26,0.13399018333405885,0.18173425942222965,0.12993018576106807,0.18621048942706614,0.14940204705024226,0.2187328350053349
ledoit_wolf,2020-02-27,0.13425957943762842,0.18178718485903309,0.12833396797171348,0.1868414120530399,0.1512517840192426,0.21752607165934268
ledoit_wolf,2020-02-28,0.1337176099572706,0.18183643347265194,0.12852281282778072,0.1868873713189368,0.1514044313458105,0.21763134107754945
ledoit_wolf,2020-03-02,0.13434208543106743,0.18161912235292993,0.1274510522907472,0.187626401162378,0.1516146302873991,0.2173467084754783
ledoit_wolf,2020-03-03,0.13461874355533082,0.18176455786648515,0.12821507881353555,0.18662809858042476,0.15138888914270723,0.21738463204151642
ledoit_wolf,2020-03-04,0.13412619779374899,0.18161645716065827,0.1288767655571231,0.18658188401903242,0.15160776440377718,0.21719093106566006
ledoit_wolf,2020-03-05,0.13409178985792056,0.1819863676148036,0.12893537410748246,0.18671108598209216,0.152272653614481,0.2160027288232202
ledoit_wolf,2020-03-06,0.1341246846520781,0.18209244045322567,0.12876468074016265,0.18648890455121023,0.1525538879421381,0.2159754016611853
ledoit_wolf,2020-03-09,0.13453311082252528,0.18302701124100312,0.12732090249044298,0.18655039706059198,0.15335447417856177,0.21521410420687484
ledoit_wolf,2020-03-10,0.13464854469309584,0.1829713524886592,0.12758610802911335,0.1864255686890981,0.15370294814055144,0.21466547795948185
ledoit_wolf,2020-03-11,0.13450646308412254,0.18304367944767588,0.12798311051694902,0.18615998957908114,0.15430749031056606,0.2139992670616054
ledoit_wolf,2020-03-12,0.13444681430209235,0.18398911710558938,0.1284789937871797,0.1855476038541731,0.15448872827125465,0.21304874267971075
ledoit_wolf,2020-03-13,0.13384870528108553,0.18450805388592645,0.13232574365662592,0.18349910209934814,0.15544811266484138,0.21037028241217276
ledoit_wolf,2020-03-16,0.1322169015498276,0.19184339985624416,0.13090946781801402,0.18024314514861162,0.15733927389719976,0.20744781173010282
ledoit_wolf,2020-03-17,0.13128920823515075,0.1906398570243899,0.1327001571131284,0.1811780083620006,0.15683584878299686,0.20735692048233362
ledoit_wolf,2020-03-18,0.13077648743083756,0.19208547909238508,0.1309217361466355,0.18148572531488177,0.15731308210231906,0.2074174899129411
ledoit_wolf,2020-03-19,0.13100535547272946,0.1924647036343137,0.12824687446567384,0.1825833803749856,0.15689084713020976,0.20880883892208774
ledoit_wolf,2020-03-20,0.13102032128507268,0.1925869101069744,0.12842120725634157,0.18244866963900544,0.15725290476633608,0.20826998694626978
ledoit_wolf,2020-03-23,0.130922217324934,0.19229645583776914,0.1285012454497833,0.18292123566085905,0.15644450617927644,0.20891433954737806
ledoit_wolf,2020-03-24,0.12816929890641868,0.19530482757541853,0.126527446182397,0.18149562338051578,0.16049861280096267,0.20800419115428728
ledoit_wolf,2020-03-25,0.12824523628124068,0.19535144664924123,0.12694979959758337,0.18150169489027973,0.16005964011221405,0.2078921824694408
ledoit_wolf,2020-03-26,0.12851261773638684,0.19579612552259884,0.12766917391847135,0.18068509198582186,0.16030822739603226,0.20702876344068882
ledoit_wolf,2020-03-27,0.1290176599012147,0.1952776280332331,0.12808480108719017,0.18037023643437444,0.1608496653226821,0.20640000922130544
ledoit_wolf,2020-03-30,0.12877832300943412,0.19587441396964672,0.1293948982731618,0.17901629860556117,0.16125122917906412,0.20568483696313208
ledoit_wolf,2020-03-31,0.1289064294877444,0.19545471048804658,0.12918521265694355,0.17939924114165315,0.1612420416134519,0.2058123646121604
ledoit_wolf,2020-04-01,0.12840949699888848,0.19707525949409668,0.12880036877238954,0.1790618226417196,0.16203128214653326,0.20462176994637235
ledoit_wolf,2020-04-02,0.12834790829993822,0.1971075617397384,0.12911356286753048,0.17898564433130118,0.16196909021223316,0.20447623254925867
ledoit_wolf,2020-04-03,0.12810579592296753,0.1972218245060988,0.12977198810197493,0.17862101614311304,0.16194130816122634,0.20433806716461933
ledoit_wolf,2020-04-06,0.12751810526137344,0.19840146605155845,0.13047452329764192,0.17839966752468198,0.16295816475589708,0.20224807310884715
ledoit_wolf,2020-04-07,0.12759151896305929,0.1986804972000472,0.13034082383311435,0.17817247861196334,0.16290297135023132,0.20231171004158452
ledoit_wolf,2020-04-08,0.1275440699901844,0.19868095421238469,0.13045737060901041,0.17797234735126843,0.16313645937763163,0.20220879845952047
ledoit_wolf,2020-04-09,0.1277921883374604,0.19847332430306647,0.13051933717693806,0.178361772439933,0.16303349333280026,0.2018198844098019
ledoit_wolf,2020-04-13,0.12829232164964666,0.19726258629755308,0.12924194187978297,0.17973415010970045,0.16221694158357952,0.2032520584797374
ledoit_wolf,2020-04-14,0.1285481450679001,0.19673796476467773,0.12870441583563133,0.1805622023289243,0.16247843490667424,0.2029688370961923
ledoit_wolf,2020-04-15,0.12859723089355699,0.1967154029791269,0.12866098415909977,0.18061393217603078,0.16237592755111577,0.2030365222410698
ledoit_wolf,2020-04-16,0.1284026764743215,0.19617752950456147,0.12874881774148395,0.18098813205570946,0.16231160673181086,0.2033712374921126
ledoit_wolf,2020-04-17,0.12804443733378082,0.19643978642364637,0.12797847334748355,0.18068060149158588,0.16342653903997295,0.20343016236353043
ledoit_wolf,2020-04-20,0.12803547285513,0.19644907123275654,0.12797399712863133,0.18067511090545182,0.16345590742393065,0.20341044045409976
ledoit_wolf,2020-04-21,0.1277689537051598,0.1967212602687015,0.1275546224435129,0.18052385754103673,0.16425411000868553,0.20317719603290363
ledoit_wolf,2020-04-22,0.12741174183278414,0.1972466735299096,0.127394969315553,0.1795233156996701,0.16562422754867126,0.20279907207341188
ledoit_wolf,2020-04-23,0.12746920662349762,0.19717288047440007,0.12749629834145335,0.17941059570923337,0.16575964093169818,0.2026913779197175
ledoit_wolf,2020-04-24,0.12698200797804685,0.19747855669490139,0.12694811159929967,0.1793447587246672,0.16587967471071544,0.2033668902923695
ledoit_wolf,2020-04-27,0.126950379471669,0.19758183627047982,0.12671785455075374,0.17941909620076704,0.1659367198491884,0.20339411365714194
ledoit_wolf,2020-04-28,0.12696813988810468,0.19772297370386388,0.12621778685571158,0.1811553519648011,0.16532725492243033,0.20260849266508832
ledoit_wolf,2020-04-29,0.12770258017647376,0.19866636110595176,0.12665736397898322,0.18056532720730187,0.16613482528177118,0.20027354224951802
ledoit_wolf,2020-04-30,0.1279992724363519,0.19827757318421715,0.1269141507230415,0.18014403147259508,0.16611726148289466,0.2005477107008997
ledoit_wolf,2020-05-01,0.12830033830636964,0.19649017221611,0.1261918625635336,0.18096951907790512,0.16688808262865598,0.20116002520742557
ledoit_wolf,2020-05-04,0.128285376078545,0.19665154788154246,0.12573846733312302,0.18102841879654027,0.16673765629966822,0.20155853361058115
ledoit_wolf,2020-05-05,0.12818533212049205,0.19664653724561854,0.1258579310774631,0.18106130389800945,0.1667967131575963,0.20145218250082064
ledoit_wolf,2020-05-06,0.12818547754421328,0.19636992807465084,0.12588381326809275,0.18102694082282986,0.16680938060365255,0.20172445968656075
ledoit_wolf,2020-05-07,0.1282825683131376,0.19637201951798727,0.12598574508564356,0.18091853201361507,0.1668852771911188,0.2015558578784977
ledoit_wolf,2020-05-08,0.12822857755897232,0.1964265492593948,0.12584877289365834,0.18096609327949936,0.16699479277361007,0.20153521423486515
ledoit_wolf,2020-05-11,0.12813930741531004,0.19629949903156416,0.12587613636735917,0.18106356338217894,0.166903581110057,0.20171791269353076
ledoit_wolf,2020-05-12,0.12810182359719302,0.19617296661349545,0.12598496892939018,0.18117397476457917,0.16686780177974855,0.20169846431559368
ledoit_wolf,2020-05-13,0.12817504705062474,0.19627140995525694,0.12596296999917322,0.18099388051483906,0.1670277614264706,0.2015689310536354
ledoit_wolf,2020-05-14,0.12808848314521584,0.19628243074730828,0.12599907220966716,0.1810100938089201,0.16703185085074107,0.20158806923814757
ledoit_wolf,2020-05-15,0.1279629638582267,0.1964253356339649,0.12621321196112592,0.18088837901313437,0.1667733163038508,0.2017367932296973
ledoit_wolf,2020-05-18,0.12789390772021775,0.19644672113259834,0.1262039375324497,0.1808653367058951,0.16686200286209962,0.20172809404673947
ledoit_wolf,2020-05-19,0.12787916517035458,0.1964411637990512,0.12621661116327829,0.1808316497678788,0.16688370661087906,0.20174770348855797
ledoit_wolf,2020-05-20,0.1279733830750982,0.1964322727484616,0.1264428316644726,0.18018352844400634,0.1672850284228262,0.20168295564513516
ledoit_wolf,2020-05-21,0.12783033285629355,0.19627355382499162,0.12655947679570342,0.1802860260579371,0.1672689852518365,0.20178162521323786
ledoit_wolf,2020-05-22,0.127809700948189,0.1962522096230854,0.12664439050656504,0.18025409973252227,0.16724169687297663,0.20179790231666173
ledoit_wolf,2020-05-26,0.12768014769926564,0.19623778364115976,0.1266441394343176,0.18024027852147587,0.16729286250022551,0.2019047882035556
ledoit_wolf,2020-05-27,0.12764519447621528,0.19622914437090108,0.12665332808347232,0.1802044352072709,0.16734734235587356,0.20192055550626684
ledoit_wolf,2020-05-28,0.1276769507302442,0.1962687021891405,0.12662673755826973,0.1801366235567205,0.16730572029722846,0.2019852656683968
ledoit_wolf,2020-05-29,0.12750914567564958,0.196213784181478,0.1265429835698611,0.18035192288305468,0.16732286740011518,0.20205929628984134
ledoit_wolf,2020-06-01,0.12773467833392224,0.1962260855320579,0.1262799813233002,0.18013246191820653,0.16733923792772737,0.20228755496478584
ledoit_wolf,2020-06-02,0.1277185964757532,0.196215585961749,0.12623607573372703,0.18017277395623219,0.16731511497168286,0.20234185290085574
ledoit_wolf,2020-06-03,0.12768282457849292,0.19606681652517033,0.12622475333689906,0.18003754998445184,0.1673366770532045,0.20265137852178125
ledoit_wolf,2020-06-04,0.12785010765803678,0.19618047502310887,0.126202703992239,0.1798738454847601,0.1672524044819452,0.20264046335991
ledoit_wolf,2020-06-05,0.12787179426524126,0.1962788385366314,0.12618466087252,0.1798122942125464,0.16729265273142688,0.20255975938163412
ledoit_wolf,2020-06-08,0.12796161746201465,0.1961429031367914,0.12625371972138558,0.17976878505712504,0.16736349162114333,0.20250948300154
ledoit_wolf,2020-06-09,0.12793359188330547,0.1958630682293724,0.12649528305594798,0.17964760009560252,0.16723533222049558,0.20282512451527593
ledoit_wolf,2020-06-10,0.1278245165148521,0.19578573079539746,0.12608340315908834,0.17997361761747568,0.16742461005822307,0.20290812185496337
ledoit_wolf,2020-06-11,0.12767525470017305,0.1958489684034149,0.12622292887600106,0.17961923970810498,0.1680333905672652,0.20260021774504097
ledoit_wolf,2020-06-12,0.1276840004093284,0.19582197857118505,0.12623654650319485,0.17964366477164073,0.16799237742257395,0.20262143232207705
ledoit_wolf,2020-06-15,0.12762468417142903,0.1958801868445953,0.12600714483644276,0.17959322265598007,0.16815972883113323,0.20273503266041965
ledoit_wolf,2020-06-16,0.12765438182930072,0.19569210278186963,0.1261522378186848,0.17964350896165712,0.16826921239451462,0.2025885562139731
ledoit_wolf,2020-06-17,0.12763821987845442,0.1956960721985565,0.1261653536621184,0.17972200616616552,0.16815839157903448,0.2026199565156708
ledoit_wolf,2020-06-18,0.12757741127963446,0.1956511222967937,0.12622884888995176,0.1797403069001191,0.1680626671378846,0.20273964349561627
ledoit_wolf,2020-06-19,0.12760459331129068,0.19562081930175793,0.12630035086004401,0.17973089516601837,0.1679592846885133,0.20278405667237562
ledoit_wolf,2020-06-22,0.1274878723971525,0.19554581809178245,0.1264599551849299,0.17997469275811137,0.167952373618768,0.20257928794925587
ledoit_wolf,2020-06-23,0.12755576408148853,0.19549945888099962,0.12659478081653336,0.179847693590407,0.16790734954950529,0.20259495308106618
ledoit_wolf,2020-06-24,0.12769058911766398,0.1957159436120121,0.1266170676182568,0.17952296586675492,0.16799877716078862,0.2024546566245235
ledoit_wolf,2020-06-25,0.12766536143384133,0.19577845822350995,0.1261098299787291,0.17940885899818929,0.16863903438451716,0.20239845698121306
ledoit_wolf,2020-06-26,0.1281592176105873,0.19670445633336503,0.12669701922495524,0.1780819084157635,0.16886707405777288,0.2014903243575561
ledoit_wolf,2020-06-29,0.12828671299902278,0.1970350899631615,0.126400798120363,0.17799922313928698,0.16899028825586246,0.20128788752230328
ledoit_wolf,2020-06-30,0.12835533100948124,0.19704516664714672,0.12609266069095282,0.17782580707707446,0.16917983988448781,0.20150119469085692
ledoit_wolf,2020-07-01,0.12903526052490846,0.19666264490444776,0.12630628447709702,0.17755116949663996,0.16850058727011355,0.2019440533267932
ledoit_wolf,2020-07-02,0.12906645510431122,0.19666113397494397,0.12601406599792458,0.17773637617998087,0.16867779206047878,0.20184417668236063
ledoit_wolf,2020-07-06,0.1295669876772555,0.1955656892142872,0.1253075106936863,0.17810917247265823,0.16883526789571177,0.20261537204640107
ledoit_wolf,2020-07-07,0.1295949174412572,0.19533726833944742,0.12518044735818545,0.178281314779777,0.16888177417692224,0.20272427790441086
ledoit_wolf,2020-07-08,0.12951564796896448,0.1950916136997514,0.12525822182799937,0.1784195311773523,0.1689408627373015,0.20277412258863095
ledoit_wolf,2020-07-09,0.12940078966576557,0.19486486458499547,0.12531653181099034,0.17848782101986613,0.16912349213066344,0.2028065007877191
ledoit_wolf,2020-07-10,0.129854428663156,0.19538065462629894,0.1246816010400712,0.1789674527254889,0.1680726089955023,0.20304325394948272
ledoit_wolf,2020-07-13,0.1298529474479191,0.19523578690754753,0.12476214634937507,0.17906361921998326,0.16781235731218594,0.20327314276298927
ledoit_wolf,2020-07-14,0.12978223113377144,0.1953950932883333,0.12465110810604413,0.1791292991346949,0.16763004679481075,0.20341222154234548
ledoit_wolf,2020-07-15,0.12977175505165855,0.1952126336898547,0.12468045650908274,0.179144478136602,0.16779668793371855,0.20339398867908343
ledoit_wolf,2020-07-16,0.12976374508685573,0.19518623838242394,0.12466723625115363,0.17916238245538552,0.16780084095694475,0.20341955686723642
ledoit_wolf,2020-07-17,0.1299047445298254,0.19520365193415182,0.1247750856240465,0.1793435711786007,0.16716415447856622,0.20360879225480938
ledoit_wolf,2020-07-20,0.13033051046722105,0.19357543068183777,0.1243176056203629,0.18015123907242053,0.16786509217519685,0.2037601219829609
ledoit_wolf,2020-07-21,0.1302724067994792,0.19357943755820434,0.12414517682108182,0.18010910039683825,0.16792169067836668,0.20397218774602968
ledoit_wolf,2020-07-22,0.13027968405911444,0.19356245780391756,0.1241772677169338,0.18006649870787933,0.16794044566853553,0.20397364604361948
ledoit_wolf,2020-07-23,0.1304685566416718,0.19334240181426537,0.12413748292578634,0.18009237842295037,0.16812410501850983,0.2038350751768163
ledoit_wolf,2020-07-24,0.13045240405289757,0.19345617412144836,0.12389185435224342,0.18010412096319484,0.16805298832992174,0.20404245818029396
ledoit_wolf,2020-07-27,0.1304752184080414,0.1936381804192738,0.12354956675579383,0.18025208587151773,0.16790606091988852,0.20417888762548464
ledoit_wolf,2020-07-28,0.12944466312343136,0.193415654301004,0.12285743109339442,0.18495543695564798,0.1669092176878176,0.2024175968387046
ledoit_wolf,2020-07-29,0.12936212194564203,0.1931566148561466,0.12293130374477458,0.18485643150584485,0.16710571036214783,0.2025878175854441
ledoit_wolf,2020-07-30,0.12929206412676766,0.1930450224117759,0.12283978376371511,0.1847635569200805,0.16765790925165608,0.2024016635260047
ledoit_wolf,2020-07-31,0.12937176551872456,0.19279600478527426,0.12306049699688255,0.1841957945452894,0.1677257038806704,0.20285023427315882
ledoit_wolf,2020-08-03,0.12929446547532633,0.19292867542835537,0.12300515102645122,0.18422213272479523,0.1676565958837056,0.20289297946136625
ledoit_wolf,2020-08-04,0.1289749262338248,0.1927695214261044,0.12426780711837808,0.18430487106848595,0.16735098330814607,0.2023318908450607
ledoit_wolf,2020-08-05,0.12896936714232768,0.19276388705007325,0.12427330317757831,0.1842947036365446,0.16736596639188647,0.2023327726015897
ledoit_wolf,2020-08-06,0.12909337403463544,0.19298039314940854,0.12428928430756056,0.1839227135475782,0.1675159402341598,0.20219829472665757
ledoit_wolf,2020-08-07,0.1290556098793854,0.1928222667741776,0.1247070453850885,0.18384358345768495,0.16724912176191728,0.20232237274174614
ledoit_wolf,2020-08-10,0.12911977681285117,0.19286427582898,0.12467388834030328,0.1837334751773928,0.1671610507581118,0.20244753308236085
ledoit_wolf,2020-08-11,0.1291525252319641,0.1927848845164365,0.12477511734486461,0.18369243606042293,0.16695324671550266,0.2026417901308092
ledoit_wolf,2020-08-12,0.12896718858077397,0.19283270948731812,0.1237608157255948,0.18416828833645693,0.16730387468069002,0.20296712318916613
ledoit_wolf,2020-08-13,0.12899354871533264,0.1928733641132587,0.12368550620134457,0.18417823716754267,0.16729890373479864,0.20297044006772286
ledoit_wolf,2020-08-14,0.1290003900050958,0.1928847240724025,0.1236709933138592,0.18418018492726404,0.16728545892814894,0.20297824875322953
ledoit_wolf,2020-08-17,0.12847684573595733,0.19304977117894692,0.12306069959688666,0.18437255595056978,0.16778010760901216,0.2032600199286271
ledoit_wolf,2020-08-18,0.1286938468483825,0.19257895420939297,0.1230785529509826,0.1847580426009417,0.1678246343616162,0.203065969028684
ledoit_wolf,2020-08-19,0.1289441383820353,0.192214308739127,0.12359996830901111,0.18461308305586155,0.16777469144219884,0.2028538100717663
ledoit_wolf,2020-08-20,0.12920463265302035,0.19233080713756168,0.12337707205790552,0.18447302155894765,0.16780820737453087,0.20280625921803389
ledoit_wolf,2020-08-21,0.1291931039171408,0.19227808006062327,0.12345526874385751,0.18441318514496602,0.16799326153056468,0.20266710060284776
ledoit_wolf,2020-08-24,0.12928594630275617,0.19228485694421807,0.12340243051253857,0.18436645799118948,0.1680524872242584,0.20260782102503924
ledoit_wolf,2020-08-25,0.1293287363076245,0.1922861731881316,0.12346562120050583,0.18417881303565664,0.16815595555994414,0.20258470070813722
ledoit_wolf,2020-08-26,0.13067486177899393,0.19294618747738085,0.12355231477847321,0.18272355590993566,0.1665199485744483,0.20358313148076804
ledoit_wolf,2020-08-27,0.13072321013932744,0.19298419674226497,0.12373731530279733,0.18251671442248596,0.1663280788579606,0.2037104845351636
ledoit_wolf,2020-08-28,0.1306794263126423,0.19296580999246557,0.12379657760168827,0.1825396026932203,0.16629182780356044,0.20372675559642303
ledoit_wolf,2020-08-31,0.1307007677125005,0.19308124440067878,0.12312448498298928,0.18268952256459023,0.16629462578399523,0.20410935455524606
ledoit_wolf,2020-09-01,0.1306393634556159,0.19309467599792227,0.12340628298612032,0.18276183576478788,0.16601577038517026,0.20408207141038343
ledoit_wolf,2020-09-02,0.13052214895997186,0.1930521254645237,0.12361867601670554,0.18272347769859423,0.16613855193651186,0.20394501992369302
ledoit_wolf,2020-09-03,0.12991695653312166,0.1929222909955179,0.12343247990884738,0.18352526043202133,0.1664315869842509,0.2037714251462408
ledoit_wolf,2020-09-04,0.12973607601709516,0.1928344417134318,0.12373146183105327,0.18338437768818525,0.16709360172473153,0.20322004102550298
ledoit_wolf,2020-09-08,0.1300708151492558,0.19298236937208033,0.12118056720885233,0.18384745490874593,0.16824759679648185,0.20367119656458366
ledoit_wolf,2020-09-09,0.12969048256878848,0.19259274318843428,0.12075520673700525,0.1841434950145122,0.16894575065652448,0.20387232183473517
ledoit_wolf,2020-09-10,0.12967459467697565,0.1923317275267498,0.12122138838859713,0.18416104111130435,0.1686815466158591,0.20392970168051405
ledoit_wolf,2020-09-11,0.12959945622303215,0.19234197618233442,0.12115480263206072,0.18416627959496207,0.1687838072071787,0.20395367816043197
ledoit_wolf,2020-09-14,0.12931786142708807,0.19253752760622952,0.1206430421997223,0.18430323452040948,0.16903203633432706,0.2041662979122235
ledoit_wolf,2020-09-15,0.12956734182523105,0.1926769312798458,0.12040716025745887,0.18431025986108474,0.16877599686377717,0.2042623099126024
ledoit_wolf,2020-09-16,0.12952572820184796,0.1926208743676347,0.12051020303884426,0.1841171007637335,0.1687959977154411,0.20443009591249856
ledoit_wolf,2020-09-17,0.12965375790145459,0.1928257926426346,0.12028943857153737,0.1837734305288611,0.16896588928485617,0.20449169107065623
ledoit_wolf,2020-09-18,0.12957712506226593,0.19280083817027407,0.12035404074347043,0.18374026679174993,0.16916947790679782,0.20435825132544194
ledoit_wolf,2020-09-21,0.12952334651406783,0.1927194414981643,0.12042061172407105,0.18386832902230693,0.16903789268718958,0.2044303785542002
ledoit_wolf,2020-09-22,0.12959026682358823,0.19226342291573048,0.12076554115180718,0.18382575374753665,0.16914419878946854,0.2044108165718689
ledoit_wolf,2020-09-23,0.12977825506778096,0.1921169707893588,0.12008516153819299,0.18441793228708683,0.1691276167656483,0.2044740635519321
ledoit_wolf,2020-09-24,0.12973206950401836,0.1921180307534143,0.12002801089921958,0.18448452834767104,0.1692135281904705,0.2044238323052063
ledoit_wolf,2020-09-25,0.1296303573598306,0.19211464951795146,0.11992015119362237,0.18444988772949686,0.16923008141691503,0.20465487278218367
ledoit_wolf,2020-09-28,0.12964635706754304,0.19193357684419746,0.11991966937081315,0.18457555359242808,0.16931030488494517,0.20461453824007314
ledoit_wolf,2020-09-29,0.12960448907533179,0.19203584463846785,0.11988674398031916,0.18454557822937295,0.16929549196602142,0.20463185211048676
ledoit_wolf,2020-09-30,0.12902614310053165,0.1919279625522624,0.12054526570211167,0.18478401563983882,0.16928711431641474,0.2044294986888409
ledoit_wolf,2020-10-01,0.12932782166307538,0.19163551886453722,0.12150523432943935,0.18438144840227425,0.16887452096655636,0.2042754557741174
ledoit_wolf,2020-10-02,0.12935443162646257,0.19173383696982324,0.12126742363083363,0.18465630251305873,0.16859232333649185,0.20439568192333005
ledoit_wolf,2020-10-05,0.12925586519826732,0.19173361508851663,0.12137328535458865,0.1847416956917342,0.16845117834117765,0.20444436032571556
ledoit_wolf,2020-10-06,0.12944912919102367,0.1914495801464176,0.12144618957686015,0.18461975794538724,0.16850844033798024,0.2045269028023311
ledoit_wolf,2020-10-07,0.12959357801322313,0.19107990136286612,0.12180076253080084,0.18476172158707718,0.16827186239082617,0.20449217411520648
ledoit_wolf,2020-10-08,0.12961710593589082,0.19113793500253093,0.12193924377615507,0.18460727484638392,0.16824453714521545,0.2044539032938237
ledoit_wolf,2020-10-09,0.12970948500492113,0.19095673515336073,0.12202875591533302,0.18470755970754504,0.16830543148003585,0.2042920327388042
ledoit_wolf,2020-10-12,0.1298404035954594,0.1910061990768963,0.12140209423598958,0.1839514898343791,0.1698157932704165,0.20398401998685925
ledoit_wolf,2020-10-13,0.1300075351485103,0.19115741201288974,0.12142851447593084,0.18372484399864544,0.16978879341958708,0.2038929009444367
ledoit_wolf,2020-10-14,0.13009360845472265,0.1913133696596187,0.12136492239580086,0.18303272450106742,0.17019415264424823,0.2040012223445422
ledoit_wolf,2020-10-15,0.13027660279925382,0.19134748857395814,0.12120068007692233,0.18277225406083486,0.17031178013231793,0.2040911943567129
ledoit_wolf,2020-10-16,0.13021581759118567,0.19123514712048179,0.12127310551806648,0.1828125210224391,0.17029527973461356,0.20416812901321335
ledoit_wolf,2020-10-19,0.13018082048579963,0.19116216459975752,0.121240335905249,0.18280351616193838,0.17064701095927665,0.20396615188797876
ledoit_wolf,2020-10-20,0.12985271673746937,0.19129969140978506,0.12115595057750851,0.18272987412879166,0.17103576892053798,0.2039259982259075
ledoit_wolf,2020-10-21,0.1300131024433791,0.19115697975158913,0.12115868293941384,0.18279262115107553,0.17114202484670787,0.20373658886783458
ledoit_wolf,2020-10-22,0.13000511563934558,0.19117661198902194,0.1211559498446574,0.1827881845023231,0.17110572494328688,0.20376841308136515
ledoit_wolf,2020-10-23,0.12984772225576477,0.19109354811904447,0.12150054234998803,0.18266943112986955,0.17117106573176688,0.20371769041356635
ledoit_wolf,2020-10-26,0.1301434171285662,0.19138722564026944,0.12031289024502866,0.18221935111488466,0.1726130534585034,0.20332406241274747
ledoit_wolf,2020-10-27,0.12967474547260452,0.19237255277098672,0.12060962361379762,0.18161476025162016,0.17226802299306482,0.2034602948979262
ledoit_wolf,2020-10-28,0.12963231009746046,0.19373601949879296,0.11977790681689938,0.18118932689100664,0.17343470407969622,0.20222973261614433
ledoit_wolf,2020-10-29,0.12985180855268352,0.19498191914763324,0.1191472747493869,0.18012472109198585,0.1734661874517407,0.2024280890065698
ledoit_wolf,2020-10-30,0.13036821971213908,0.19384008693725457,0.11883616114233661,0.17933298254095795,0.17276127891601767,0.2048612707512941
ledoit_wolf,2020-11-02,0.13011773579942446,0.19410915822437252,0.11836542598440658,0.17928915944411863,0.17310064926525365,0.20501787128242416
ledoit_wolf,2020-11-03,0.13008682347815542,0.1945593073798542,0.11811549398388944,0.17898397429075663,0.17366706181724648,0.20458733905009766
ledoit_wolf,2020-11-04,0.13030856418305267,0.1937743191334248,0.11923099548661385,0.1778996115198959,0.17485761165437227,0.2039288980226404
ledoit_wolf,2020-11-05,0.13036564551211124,0.19385344585234393,0.11921448248308493,0.17786883598059816,0.17445825615342372,0.20423933401843805
ledoit_wolf,2020-11-06,0.13038379676973402,0.19385276557774495,0.11920131269944775,0.17786575969270152,0.17445089801430366,0.20424546724606818
ledoit_wolf,2020-11-09,0.1297335980991009,0.19441323521634588,0.1193600661748224,0.17690432688210608,0.1734893020266455,0.20609947160097922
ledoit_wolf,2020-11-10,0.12951670466166504,0.1938471083126051,0.11921785313603814,0.17696525946011754,0.17428150136466272,0.2061715730649116
ledoit_wolf,2020-11-11,0.12912105319253533,0.19367203321644308,0.11915743972017061,0.17703826266917036,0.17462102581437003,0.20639018538731066
ledoit_wolf,2020-11-12,0.12961454359650668,0.19403478672834804,0.11916775944704071,0.17663041866830628,0.1744100434275447,0.20614244813225344
ledoit_wolf,2020-11-13,0.12973680640600155,0.19397407504814645,0.11919002120015175,0.1766203123563047,0.1743860616929572,0.20609272329643835
ledoit_wolf,2020-11-16,0.12974689162051306,0.19405640546502761,0.11915456489293402,0.17653660450717001,0.17447165086861394,0.2060338826457413
ledoit_wolf,2020-11-17,0.1298040975749967,0.19407727486287338,0.11905100735902002,0.17647205311591926,0.1744698303465697,0.20612573674062107
ledoit_wolf,2020-11-18,0.13192649145394897,0.1938011733151849,0.11831805025416797,0.176517811980133,0.17407958238867013,0.20535689060789505
ledoit_wolf,2020-11-19,0.13314300470170612,0.1939733312996847,0.1171347644961444,0.1767042683088469,0.17413579711879107,0.20490883407482674
ledoit_wolf,2020-11-20,0.13303085023383726,0.1940286449731012,0.11712129202978537,0.17666745310561102,0.1743020366768665,0.20484972298079862
ledoit_wolf,2020-11-23,0.13308179507772425,0.19398314104012498,0.11715343065818479,0.1766222452969962,0.17435315130419077,0.20480623662277914
ledoit_wolf,2020-11-24,0.1332111596361728,0.19408121476524004,0.11706921152856628,0.17655386044460453,0.1743801343220749,0.20470441930334135
ledoit_wolf,2020-11-25,0.13329690437648362,0.19465204649497655,0.11708830759918322,0.17663384339300991,0.17376544699685642,0.2045634511394902
ledoit_wolf,2020-11-27,0.1333286693297141,0.19468745808452761,0.117082493496215,0.17664919868090917,0.17372604485263135,0.20452613555600277
ledoit_wolf,2020-11-30,0.13324116002102823,0.19551530886915902,0.11647660800747638,0.17593918999920574,0.17427063953726174,0.20455709356586882
ledoit_wolf,2020-12-01,0.13350840563837835,0.19558504434145393,0.11650801468016157,0.1757531521246019,0.17418051467295265,0.20446486854245166
ledoit_wolf,2020-12-02,0.13362174761075815,0.19556855448787433,0.11651755944675361,0.17576664453319063,0.1740051362088196,0.20452035771260368
ledoit_wolf,2020-12-03,0.1337162857768481,0.1961216730138919,0.11652203136240255,0.17545214592385158,0.173883321310536,0.20430454261246966
ledoit_wolf,2020-12-04,0.13408089466350878,0.19688989817210684,0.11561689644706338,0.17462161230003018,0.17405434068093278,0.20473635773635818
ledoit_wolf,2020-12-07,0.13409979982512682,0.19714575507101167,0.11534352930462526,0.17448886393503768,0.17393205409273313,0.20498999777146543
ledoit_wolf,2020-12-08,0.1344060557970373,0.19745983931317937,0.11488686868990766,0.17378897665340193,0.17460737794083356,0.20485088160564016
ledoit_wolf,2020-12-09,0.13451039826052433,0.19741429241605665,0.11458295124574146,0.1741683510030442,0.17441508833569278,0.2049089187389405
ledoit_wolf,2020-12-10,0.13456561268148134,0.19740647005511264,0.11454561937258911,0.1741654570716731,0.1744388005760778,0.2048780402430659
ledoit_wolf,2020-12-11,0.1344898357322654,0.19741664665491468,0.11441896387453264,0.17414282768713357,0.17464202065568143,0.20488970539547238
ledoit_wolf,2020-12-14,0.13445009977225328,0.19738491560534432,0.11432881437839462,0.1742347289257215,0.17440018560777834,0.20520125571050796
ledoit_wolf,2020-12-15,0.1342767081558736,0.1978494069926359,0.11427787600734485,0.1738704556252919,0.17453993553560376,0.20518561768325
ledoit_wolf,2020-12-16,0.13404163438402913,0.1984188228106972,0.11433643048449094,0.17381205657216484,0.17421269899512945,0.20517835675348833
ledoit_wolf,2020-12-17,0.13403126250339448,0.19848819528205638,0.11402388551349905,0.1738947609927725,0.1743032446227804,0.20525865108549707
ledoit_wolf,2020-12-18,0.13428955682458363,0.19877672343036626,0.11366211131536862,0.1749349595167029,0.17385952086417789,0.2044771280488007
ledoit_wolf,2020-12-21,0.13437469833451995,0.1990160474714766,0.11364137939044668,0.17454962386646944,0.17390184874008852,0.20451640219699888
ledoit_wolf,2020-12-22,0.13408275608240586,0.19986660428381317,0.11263690984512963,0.1750433667274617,0.17422242310645017,0.20414793995473945
ledoit_wolf,2020-12-23,0.13387595728685706,0.19993461863516834,0.1130083866968115,0.17472273292136364,0.1746679629379295,0.2037903415218698
ledoit_wolf,2020-12-24,0.1319438288261784,0.20199395872219553,0.11258628089982882,0.1749110017579846,0.174979356764897,0.2035855730289157
ledoit_wolf,2020-12-28,0.1322507422937861,0.20172776859299543,0.11279225373452327,0.17470061801676018,0.17507656021570797,0.2034520571462269
ledoit_wolf,2020-12-29,0.13228584736427973,0.20174887876505138,0.11287723291931867,0.1746416960157066,0.17502215071886953,0.20342419421677427
ledoit_wolf,2020-12-30,0.13231029791219487,0.2017693079600832,0.11292094600208252,0.17450169487103792,0.1751476641935966,0.20335008906100496
ledoit_wolf,2020-12-31,0.13235839626682092,0.20193502553977982,0.11277256624565472,0.17460825565013338,0.17500724074428087,0.20331851555333028
ledoit_wolf,2021-01-04,0.1328611751774181,0.20195001446857305,0.1129653438316838,0.1747012088232368,0.17406508332422688,0.20345717437486135
ledoit_wolf,2021-01-05,0.13244318333126007,0.2017925100157395,0.11234201880814108,0.17412351644960702,0.1757887548885093,0.203510016506743
ledoit_wolf,2021-01-06,0.132328041268909,0.2020102829171035,0.11287155370143193,0.17348692736724455,0.17620906153150628,0.2030941332138046
ledoit_wolf,2021-01-07,0.13188874304361956,0.20253919572762552,0.11253447904627314,0.17375031151141943,0.17642588131551706,0.2028613893555453
ledoit_wolf,2021-01-08,0.1319894645517184,0.20254578497791595,0.1123636831422274,0.17386930518237784,0.1764579591482532,0.20277380299750714
ledoit_wolf,2021-01-11,0.1327262206002644,0.20250179822474412,0.11202421344265742,0.17351470297701116,0.1765457526110743,0.20268731214424865
ledoit_wolf,2021-01-12,0.13275063050925,0.20248892741499636,0.11210032763906896,0.17342946082234384,0.17663958689088513,0.2025910667234557
ledoit_wolf,2021-01-13,0.13269077883297817,0.20252582504854058,0.1122171543850895,0.1733200971085899,0.17656816639643835,0.20267797822836356
ledoit_wolf,2021-01-14,0.13196738048327386,0.20273720342760737,0.11203375277898836,0.17298278121751837,0.17735078612211333,0.2029280959704986
ledoit_wolf,2021-01-15,0.13190947038012385,0.20267302521797795,0.11199165644442868,0.17314792681375735,0.17736346182572504,0.20291445931798718
ledoit_wolf,2021-01-19,0.13205019915508492,0.2028980423282854,0.11203166933109278,0.1728801725246617,0.17751030608079746,0.20262961058007778
ledoit_wolf,2021-01-20,0.1330844969990176,0.20319405430339932,0.11401532664151856,0.1742387002452079,0.173281771494331,0.20218565031652577
ledoit_wolf,2021-01-21,0.13318942505062178,0.2035266482963909,0.11373848404960953,0.17377450863523985,0.17359375931563176,0.20217717465250623
ledoit_wolf,2021-01-22,0.13312584375995595,0.2034243214915859,0.11384270660850887,0.17395682087229886,0.17352008769316593,0.20213021957448443
ledoit_wolf,2021-01-25,0.13336959863945716,0.20339490266437807,0.11378577903457779,0.17392048787548683,0.17355856724206262,0.2019706645440376
ledoit_wolf,2021-01-26,0.1333338186533515,0.2032564776017765,0.11373457376730138,0.17394424678325074,0.17375901298334395,0.20197187021097593
ledoit_wolf,2021-01-27,0.13514296232112935,0.20349892195652775,0.1138499249574998,0.1737366113631185,0.1724440250638919,0.20132755433783267
ledoit_wolf,2021-01-28,0.1353691869331611,0.20371808805786024,0.11364140528296483,0.17375412741407914,0.17241686265879336,0.20110032965314129
ledoit_wolf,2021-01-29,0.13540486228685303,0.20439820659004837,0.11321598394946288,0.17375222491257145,0.1724034831787966,0.20082523908226763
ledoit_wolf,2021-02-01,0.13565023002694568,0.20380587869980227,0.11253685960535045,0.17594692310017954,0.1718091872420978,0.20025092132562422
ledoit_wolf,2021-02-02,0.13550167695113804,0.2044517749667608,0.11236830107749125,0.17582198978511998,0.1716585857555144,0.20019767146397546
ledoit_wolf,2021-02-03,0.1355732263566584,0.20430801843773683,0.11225591548290838,0.17588923852861843,0.17189428238171814,0.20007931881236002
ledoit_wolf,2021-02-04,0.13550994626302149,0.20436340374597617,0.11228573328237204,0.17589919478415714,0.1718559243151756,0.20008579760929748
ledoit_wolf,2021-02-05,0.13536479011237887,0.20439331379367615,0.11229792512011263,0.17584053340353153,0.17186865258974499,0.20023478498055583
ledoit_wolf,2021-02-08,0.13538383686051866,0.20437063004732345,0.11230421493221675,0.17591364278272142,0.17187287828388942,0.20015479709333026
ledoit_wolf,2021-02-09,0.13535699418597452,0.20441360859263755,0.11229706394091898,0.17590810876144378,0.17187566232668985,0.20014856219233537
ledoit_wolf,2021-02-10,0.13538061683287836,0.204396069158153,0.11226780146459897,0.1759283804040439,0.17188456054825996,0.2001425715920658
ledoit_wolf,2021-02-11,0.13542779116647707,0.2046105829042892,0.11205050119799483,0.17553267627403557,0.17214188806695707,0.20023656039024634
ledoit_wolf,2021-02-12,0.1353536676749225,0.20459103593792052,0.1120694783851036,0.17554359624406882,0.1722248750936965,0.2002173466642881
ledoit_wolf,2021-02-16,0.1353334113120498,0.20461654770118518,0.1120930931918723,0.17553167126862515,0.17221415047130012,0.2002111260549673
ledoit_wolf,2021-02-17,0.13522814938216074,0.204708717728787,0.1120743952903217,0.17554544794771124,0.1721871049220123,0.2002561847290071
ledoit_wolf,2021-02-18,0.13521728233795144,0.20481960387329554,0.1120404487468937,0.17547046351598597,0.17220194056954666,0.20025026095632667
ledoit_wolf,2021-02-19,0.13538331105476112,0.20463816293011874,0.1121072390399301,0.17528252666292596,0.17223168181913118,0.20035707849313295
ledoit_wolf,2021-02-22,0.1352602871234492,0.20439538268874274,0.11178023432159197,0.1756919037486176,0.17238995163250156,0.200482240485097
ledoit_wolf,2021-02-23,0.1353175917083669,0.20436031462032195,0.11177322091060034,0.17565686341541795,0.1723977561214635,0.20049425322382952
ledoit_wolf,2021-02-24,0.135241856355131,0.20453820303267867,0.11165189007899953,0.175783652234697,0.17234930607620616,0.2004350922222877
ledoit_wolf,2021-02-25,0.13456662095144162,0.2045321105319505,0.11136260236292231,0.17585724029719407,0.17320023264320894,0.2004811932132827
ledoit_wolf,2021-02-26,0.13452260932054833,0.20450734997972883,0.11140192407815494,0.17583250843480308,0.17324551581756706,0.2004900923691977
ledoit_wolf,2021-03-01,0.1347714252403459,0.20457471958752338,0.11122328818646926,0.1757478813088626,0.17329655951035874,0.20038612616644014
ledoit_wolf,2021-03-02,0.1346601101116082,0.20450526050577109,0.11110623930696577,0.17564462338752812,0.17346363746918125,0.20062012921894576
ledoit_wolf,2021-03-03,0.13458055918759892,0.20446590992704722,0.11107642072415326,0.17617799917908275,0.17301350584113548,0.20068560514098244
ledoit_wolf,2021-03-04,0.1344210468652731,0.20441652366548904,0.11090602753512406,0.17638023187629698,0.17292926897864644,0.20094690107917046
ledoit_wolf,2021-03-05,0.13452867937627488,0.20452135687370882,0.1110558361369343,0.1762457578055185,0.1728719656834633,0.2007764041241003
ledoit_wolf,2021-03-08,0.13409473715904685,0.20553347556875118,0.11091007019982793,0.17643716074513074,0.17270753471614905,0.2003170216110942
ledoit_wolf,2021-03-09,0.13365246269042505,0.20559736557412445,0.10920536991438357,0.17655039212337179,0.17342341432250324,0.2015709953751918
ledoit_wolf,2021-03-10,0.13405165792894588,0.20578111565892357,0.10899087098768769,0.176230886630044,0.1733692407137129,0.20157622808068593
ledoit_wolf,2021-03-11,0.13403859036678595,0.20607379265684198,0.10905627187663448,0.17616151203330807,0.1732511744398344,0.201418658626595
ledoit_wolf,2021-03-12,0.1342067583023845,0.20615671635786442,0.10909230665758295,0.17607702547978912,0.17333263924054754,0.2011345539618314
ledoit_wolf,2021-03-15,0.13419174167391407,0.20619159214202082,0.10904968393458689,0.17607770975333498,0.17333496242836047,0.20115431006778275
ledoit_wolf,2021-03-16,0.13414257402017404,0.20612679915167686,0.10914977323657093,0.17613201754428506,0.1733098196626121,0.20113901638468112
ledoit_wolf,2021-03-17,0.1341800847379793,0.20592440895536604,0.10914437256488876,0.17623349812184194,0.17331711808372469,0.2012005175361994
ledoit_wolf,2021-03-18,0.13422130401589263,0.205753036975328,0.1089231171309475,0.1766838679973598,0.17316898647145573,0.20124968740901628
ledoit_wolf,2021-03-19,0.1339565047441855,0.2057397819450313,0.10892957073446234,0.17644619236068762,0.17350978515827942,0.20141816505735383
ledoit_wolf,2021-03-22,0.13410334778053876,0.2057576244611107,0.1088650694555003,0.17637741250683148,0.17339120112496545,0.20150534467105335
ledoit_wolf,2021-03-23,0.13409697807470114,0.2059427011602848,0.10881179332034255,0.17596064707232684,0.17372259344472016,0.20146528692762458
ledoit_wolf,2021-03-24,0.13405514593388904,0.20599391658723054,0.10870466127190939,0.1757721091880067,0.17361017477079238,0.20186399224817198
ledoit_wolf,2021-03-25,0.1340940723197424,0.2059584619645211,0.1088113280013425,0.17577529880405612,0.17339226538215596,0.20196857352818198
ledoit_wolf,2021-03-26,0.1340488355033532,0.20598621783816443,0.10875109156122863,0.17577163763996398,0.1734388273587217,0.20200339009856805
ledoit_wolf,2021-03-29,0.1340735777731456,0.2060035523008276,0.10882441379999369,0.17566462235138514,0.17343505345579624,0.20199878031885182
ledoit_wolf,2021-03-30,0.1340798969684946,0.20599206611086546,0.10883231155327075,0.17565983329342783,0.17343762973590354,0.20199826233803791
ledoit_wolf,2021-03-31,0.13388196059909518,0.20609827395614666,0.1087357714479169,0.1754842406378876,0.17359523468271862,0.20220451867623507
ledoit_wolf,2021-04-01,0.13384146647095113,0.2060449333395643,0.10898992354672873,0.17574566165256147,0.17343060394744597,0.20194741104274844
ledoit_wolf,2021-04-05,0.1341305606371684,0.20604841481502464,0.10899592753045638,0.17554042709801804,0.1738115257707487,0.20147314414858364
ledoit_wolf,2021-04-06,0.13411315847932428,0.2060433878692421,0.10917723564119218,0.1754174159137657,0.17385767457022516,0.2013911275262506
ledoit_wolf,2021-04-07,0.13410664332072236,0.20599927381847777,0.1093042759832034,0.1753483396656078,0.17388961662915858,0.20135185058283
ledoit_wolf,2021-04-08,0.13408933767692452,0.20596433096063985,0.10930586274876937,0.17539206267040164,0.17388444687692386,0.20136395906634066
ledoit_wolf,2021-04-09,0.13411052833792156,0.20591661343427195,0.10933520378439227,0.17538984680791148,0.17388357611809932,0.2013642315174033
ledoit_wolf,2021-04-12,0.13398359242967253,0.20593568807770818,0.1092970919576832,0.17541561318880364,0.17390782065642052,0.201460193689712
ledoit_wolf,2021-04-13,0.13389460329109065,0.20597668131300773,0.1091077809569179,0.17556859045459572,0.17394890514334108,0.20150343884104677
ledoit_wolf,2021-04-14,0.13389509184194087,0.20587725072463367,0.10903226759036248,0.17543875249110708,0.17409122466622073,0.2016654126857353
ledoit_wolf,2021-04-15,0.1337116802217076,0.20591742220718845,0.10917255258396587,0.17546020482798486,0.1741400822895952,0.2015980578695581
ledoit_wolf,2021-04-16,0.1337042369242008,0.2059565277247449,0.10918533532723623,0.17532581356392513,0.17428007045750188,0.2015480160023911
ledoit_wolf,2021-04-19,0.13358216932338324,0.20591730579261427,0.10911960966774702,0.17527155510969702,0.17448977927382409,0.2016195808327344
ledoit_wolf,2021-04-20,0.1335636812944928,0.2058701261949394,0.1091444090586183,0.1753169573428487,0.17448085022919205,0.2016239758799088
ledoit_wolf,2021-04-21,0.1336028461951051,0.20601393121289222,0.10904299478434472,0.17536381766779377,0.17434308805194254,0.20163332208792165
ledoit_wolf,2021-04-22,0.13345565249183636,0.20604869289982702,0.10892350158120198,0.17534414265713483,0.17453869307383063,0.20168931729616915
ledoit_wolf,2021-04-23,0.13331825367083897,0.20608922312274602,0.10897765015317436,0.17528051664694788,0.17476077498827927,0.2015735814180136
ledoit_wolf,2021-04-26,0.13333145913555303,0.20598725375193505,0.10901030044571959,0.17527030488341974,0.17478092118440766,0.20161976059896503
ledoit_wolf,2021-04-27,0.13345674539881405,0.20593277815731906,0.10898451359184783,0.17537901551816665,0.17469772626962823,0.2015492210642241
ledoit_wolf,2021-04-28,0.13351218329694714,0.2058507392363233,0.10906059753625577,0.17542128954703748,0.17468725909613245,0.2014679312873039
ledoit_wolf,2021-04-29,0.13329092547879925,0.20574777437778055,0.10914879373180661,0.1746214844074805,0.17453045032276404,0.20266057168136917
ledoit_wolf,2021-04-30,0.1332512682567931,0.2057844544930078,0.10922906042055476,0.17457540118584888,0.1744285161443206,0.2027312994994749
ledoit_wolf,2021-05-03,0.13329771789845846,0.20556711274165498,0.10917658914327066,0.17463890563315215,0.17449404378825176,0.20282563079521218
ledoit_wolf,2021-05-04,0.1329690175562849,0.2057221546908265,0.10926266030169045,0.17464766103974957,0.17453496778402391,0.20286353862742462
ledoit_wolf,2021-05-05,0.13305516038333343,0.20566590382426628,0.1092465657548676,0.174631529360886,0.17455488654890347,0.2028459541277432
ledoit_wolf,2021-05-06,0.13319858466507536,0.2055872145283496,0.10931271702356181,0.17461656425113153,0.17457437146276025,0.20271054806912148
ledoit_wolf,2021-05-07,0.13314349089815686,0.2055915340884682,0.10931868609223383,0.1746096979845255,0.17461552656751952,0.20272106436909618
ledoit_wolf,2021-05-10,0.13333132747973764,0.20558777246803286,0.10919441977660638,0.17440643426910027,0.17462807450380968,0.20285197150271317
ledoit_wolf,2021-05-11,0.1333415692625584,0.2055994842158276,0.10920577218543463,0.1743935025742095,0.17462935687983072,0.202830314882139
ledoit_wolf,2021-05-12,0.13349449926606832,0.2056894459329332,0.10908623911428968,0.17458242238594524,0.17487386889819334,0.20227352440257004
ledoit_wolf,2021-05-13,0.1335120710447497,0.20571147145482865,0.10908747251090037,0.1745717364804866,0.1748713288491167,0.20224591965991792
ledoit_wolf,2021-05-14,0.13306608689509186,0.20571602756954258,0.10897855764414792,0.17449071245204034,0.17511860991501843,0.20263000552415883
ledoit_wolf,2021-05-17,0.1330317874013166,0.2058341218018052,0.10890394787208708,0.17445840162776519,0.17510977926090532,0.20266196203612072
ledoit_wolf,2021-05-18,0.13302424018552717,0.20589534553013478,0.10925562603609516,0.1742155500636713,0.17505017417065008,0.2025590640139215
ledoit_wolf,2021-05-19,0.13310766321062106,0.2057012359279869,0.10926792626917556,0.17417341003408368,0.1750625653994313,0.20268719915870156
ledoit_wolf,2021-05-20,0.13302599385186575,0.20587369408852363,0.1091941843665188,0.17422827646649622,0.17496547144074603,0.20271237978584963
ledoit_wolf,2021-05-21,0.13316962728149084,0.20578847648325166,0.1093035539239758,0.17419356570386638,0.17486370817605862,0.20268106843135678
ledoit_wolf,2021-05-24,0.13315571486358604,0.20611568309395012,0.1090827195746363,0.17421235578215502,0.17509089862469346,0.20234262806097897
ledoit_wolf,2021-05-25,0.133188388612264,0.20607534104971528,0.10912109570792836,0.17419632519456724,0.175052702226076,0.20236614720944915
ledoit_wolf,2021-05-26,0.13319197255475684,0.20608079047420505,0.10911001051660686,0.1742071632728821,0.17505549507644064,0.20235456810510855
ledoit_wolf,2021-05-27,0.1332103605996894,0.20602409788985757,0.10903273281808204,0.17421383876066696,0.17509322652173645,0.20242574340996766
ledoit_wolf,2021-05-28,0.1332231459516345,0.2060269034945292,0.10904052291026664,0.174205755361852,0.17508104707860325,0.2024226252031144
ledoit_wolf,2021-06-01,0.13320898133291473,0.20611663756830725,0.10894122079557268,0.17434898648048444,0.17509545882740765,0.20228871499531345
ledoit_wolf,2021-06-02,0.1322575302428459,0.20648011293586852,0.10849923503255826,0.17532461842353073,0.17416569887691755,0.2032728044882791
ledoit_wolf,2021-06-03,0.1328503839549878,0.20617812093830742,0.10857154361682501,0.175047355282477,0.17455443473510807,0.2027981614722946
ledoit_wolf,2021-06-04,0.1327634454405592,0.20631845109672603,0.10849976800188194,0.17508591208081548,0.17460627574768298,0.2027261476323344
ledoit_wolf,2021-06-07,0.1327888532953633,0.206354686777191,0.1085678790581458,0.1750101606399497,0.174590237030824,0.20268818319852622
ledoit_wolf,2021-06-08,0.13267741493740978,0.20660479078728675,0.1083955802959716,0.17511584492932883,0.17448597820865017,0.20272039084135285
ledoit_wolf,2021-06-09,0.13267750110814702,0.20691998509399026,0.10843260115777278,0.17504398041440258,0.17414065124705344,0.202785280978634
ledoit_wolf,2021-06-10,0.13273846662937352,0.20679257466362566,0.10844731145917348,0.17512382019699343,0.17416343918115218,0.20273438786968168
ledoit_wolf,2021-06-11,0.13285150308784002,0.2066644416437183,0.10853454303298926,0.17518412946105016,0.17419794655604554,0.20256743621835685
ledoit_wolf,2021-06-14,0.13289260609463638,0.20667293666698025,0.1085779483058938,0.1751806316128221,0.17404002937368132,0.2026358479459861
ledoit_wolf,2021-06-15,0.13291748308062,0.20675814663086634,0.1085105654143548,0.1751810712614671,0.17400300872560498,0.20262972488708667
ledoit_wolf,2021-06-16,0.132705546941884,0.20661808007266835,0.10858104395191895,0.17550062779827405,0.17419129228482216,0.2024034089504324
ledoit_wolf,2021-06-17,0.13271693529094514,0.20646991671017562,0.1085666674633223,0.17538538800448375,0.17431825774056972,0.2025428347905033
ledoit_wolf,2021-06-18,0.13273023704568696,0.20650260726046282,0.10859480955668159,0.1753013902429245,0.17439229188888924,0.2024786640053549
ledoit_wolf,2021-06-21,0.13271285468308364,0.20647287997988178,0.1085823302344176,0.1753256499373179,0.17437890982566248,0.20252737533963655
ledoit_wolf,2021-06-22,0.13267034891999313,0.20642932378234316,0.10866237530968842,0.1752732496625021,0.17429884317684732,0.20266585914862595
ledoit_wolf,2021-06-23,0.13267041014161557,0.20646627978954088,0.10859481177942883,0.17527572381058268,0.17428579388243023,0.2027069805964019
ledoit_wolf,2021-06-24,0.13247523339472633,0.20653522980162886,0.10849540478793551,0.17522080499258422,0.1743767553837771,0.20289657163934802
ledoit_wolf,2021-06-25,0.13255401544941864,0.20650050809018128,0.10845976063377812,0.17516940412699047,0.17446388096693716,0.20285243073269435
ledoit_wolf,2021-06-28,0.13239521081279954,0.20653560213384067,0.10850085593995196,0.17483369474235572,0.17464054212018906,0.20309409425086306
ledoit_wolf,2021-06-29,0.13240558883796577,0.20654987568701702,0.1084844322050994,0.174812580892379,0.17465098317301378,0.20309653920452503
ledoit_wolf,2021-06-30,0.13238760384615683,0.20661774484836593,0.1084666583868153,0.17466798607274314,0.1746886864659031,0.20317132038001576
ledoit_wolf,2021-07-01,0.132395725081688,0.2066462527961845,0.10848773442868698,0.17462022649629103,0.1746740192070303,0.2031760419901191
ledoit_wolf,2021-07-02,0.13235704619014485,0.20644469664765827,0.10861490016150388,0.17471770273351356,0.17480540917068713,0.20306024509649243
ledoit_wolf,2021-07-06,0.1324218575559234,0.2060950283532577,0.10875334434467152,0.17486038717906743,0.1748098007078164,0.20305958185926357
ledoit_wolf,2021-07-07,0.13242715240355704,0.20604945911803035,0.10872026105053566,0.1748070568394028,0.17480260351307814,0.20319346707539593
ledoit_wolf,2021-07-08,0.1323156757810617,0.20626198484763153,0.10871845253011925,0.17480416816669267,0.17478137675009914,0.2031183419243957
ledoit_wolf,2021-07-09,0.13229500330721497,0.20632605326065803,0.10876548959261305,0.17481394182420704,0.17465307557595838,0.20314643643934854
ledoit_wolf,2021-07-12,0.13224981216188145,0.20641500531802232,0.10870120397964228,0.17482424546644013,0.1746952448459651,0.20311448822804884
ledoit_wolf,2021-07-13,0.1322230373700866,0.2063607774604238,0.10867260997521361,0.17487148159218166,0.1747139220591657,0.20315817154292856
ledoit_wolf,2021-07-14,0.1321769978818888,0.20637229682456312,0.1086320785996,0.17482697288714585,0.17478670791304657,0.20320494589375573
ledoit_wolf,2021-07-15,0.13197732528288225,0.20635402606328332,0.10870202978002545,0.17488966589562202,0.1748481832740072,0.2032287697041797
ledoit_wolf,2021-07-16,0.1317310302149179,0.20632147603682616,0.10873277207456268,0.17498438754377724,0.174761498995605,0.2034688351343111
ledoit_wolf,2021-07-19,0.13152269759691945,0.2060301515659918,0.10859353209773964,0.17469364121476144,0.17615206356084762,0.2030079139637401
ledoit_wolf,2021-07-20,0.1315381589060062,0.20596392317328327,0.10846085245017482,0.17465305306902812,0.17636737140065334,0.2030166410008542
ledoit_wolf,2021-07-21,0.13151974370806968,0.20598316458191832,0.10844940491718118,0.17467648640836472,0.17636632491961143,0.20300487546485468
ledoit_wolf,2021-07-22,0.13155084232109487,0.20594618288921565,0.10848293628847726,0.17464121240696762,0.1763608220265514,0.2030180040676933
ledoit_wolf,2021-07-23,0.1317606818840572,0.20607622686453186,0.10865169856139172,0.17426617846735612,0.17666764069834698,0.20257757352431616
ledoit_wolf,2021-07-26,0.13190154995012104,0.2060819749290586,0.10935129270398995,0.17435576127571817,0.17595847943097176,0.20235094171014056
ledoit_wolf,2021-07-27,0.1317602041043748,0.20520387219934028,0.10910333783668869,0.17390233433375324,0.1762306245141101,0.203799627011733
ledoit_wolf,2021-07-28,0.13174572384010685,0.2053711806804375,0.1090680497542497,0.17394944681519312,0.17630894326076527,0.20355665564924746
ledoit_wolf,2021-07-29,0.13177738427158078,0.2053732535391401,0.10912558640538549,0.17373382066077375,0.1763586453481858,0.20363130977493418
ledoit_wolf,2021-07-30,0.13207490346073167,0.204277438888979,0.10927193645386019,0.17394936620794377,0.17668807201007808,0.20373828297840738
ledoit_wolf,2021-08-02,0.13213574494308697,0.20422884859139442,0.10934120523643218,0.17392146226714447,0.176689214208377,0.20368352475356508
ledoit_wolf,2021-08-03,0.1321776099746419,0.20432399345464522,0.10926176404113692,0.17397976785583286,0.17655380237515664,0.2037030622985865
ledoit_wolf,2021-08-04,0.1324481158500417,0.20435877649684453,0.1089514635533443,0.17392131443235753,0.17645165132208326,0.20386867834532885
ledoit_wolf,2021-08-05,0.132404980478626,0.20440488909815924,0.10895094464182885,0.17393646514061298,0.1763941679300186,0.20390855271075425
ledoit_wolf,2021-08-06,0.13237806793790527,0.204371206711066,0.10891147969668805,0.17400555534405285,0.1764050169756497,0.20392867333463813
ledoit_wolf,2021-08-09,0.13228703300823774,0.20434193571699624,0.10874242136005698,0.1740054453875646,0.17662927106376528,0.20399389346337918
ledoit_wolf,2021-08-10,0.13229069371689176,0.20431747311891457,0.10869692676341404,0.17396390462710895,0.17669359273796845,0.20403740903570233
ledoit_wolf,2021-08-11,0.1322998959548986,0.204338034108412,0.10874912557344994,0.17400830153918626,0.17651331395956454,0.2040913288644886
ledoit_wolf,2021-08-12,0.13233452434353832,0.20446387969594604,0.10871103230499157,0.17398031186606494,0.17637501801079017,0.20413523377866885
ledoit_wolf,2021-08-13,0.1321199829608159,0.20448347467823313,0.10880655058248213,0.17424006042495638,0.17648052971950423,0.20386940163400813
ledoit_wolf,2021-08-16,0.1321031730837388,0.20447908714369512,0.10875641017978618,0.17425249616456756,0.17652141322959833,0.20388742019861408
ledoit_wolf,2021-08-17,0.13245329053194904,0.20427921944496627,0.10864526060515835,0.17398949303325345,0.17686264539993413,0.20377009098473886
ledoit_wolf,2021-08-18,0.13282700186146584,0.20407849321915897,0.10865752916711181,0.17381665475127978,0.17692154339008703,0.20369877761089655
ledoit_wolf,2021-08-19,0.13271875932457158,0.20405894667604002,0.10865621419378063,0.17382417430028899,0.17697745873022677,0.2037644467750919
ledoit_wolf,2021-08-20,0.132538552353612,0.2041559547599684,0.10869595527004783,0.17382919528790025,0.1770304478891079,0.20374989443936373
ledoit_wolf,2021-08-23,0.1322769545229002,0.2041347583058841,0.10868186197228238,0.17401567350349084,0.17716819653838217,0.20372255515706034
ledoit_wolf,2021-08-24,0.1324998989231084,0.20425377419558205,0.10870589586025621,0.17379024177931585,0.176839432770653,0.20391075647108467
ledoit_wolf,2021-08-25,0.13249073352064614,0.20424911001758675,0.10867967663967325,0.17379579004875487,0.17683681172007,0.20394787805326908
ledoit_wolf,2021-08-26,0.13254289471679265,0.20429022687897022,0.10865584031835919,0.1736901268718888,0.1769204263004011,0.20390048491358792
ledoit_wolf,2021-08-27,0.13252851968395638,0.2043590683714419,0.10871736905161321,0.17362249097874857,0.17692329203593005,0.20384925987830999
ledoit_wolf,2021-08-30,0.13270209764865548,0.20415969643081341,0.10868547911503593,0.1735733146496991,0.1769124863769669,0.20396692577882922
ledoit_wolf,2021-08-31,0.13269266195731436,0.20417348716599548,0.10866710841427722,0.17356213246881977,0.1769331102524915,0.2039714997411016
ledoit_wolf,2021-09-01,0.13274948669026446,0.2039411365446195,0.10864629522037847,0.1736263751386143,0.17693213334250468,0.20410457306361857
ledoit_wolf,2021-09-02,0.1328142429302608,0.2039147793465439,0.10856072150041492,0.17365461015217148,0.17701576295184338,0.2040398831187655
ledoit_wolf,2021-09-03,0.13315372150779142,0.20394625845454248,0.10854352699628556,0.17356046712779744,0.17666489525973658,0.2041311306538466
ledoit_wolf,2021-09-07,0.13323820220680588,0.20390821534937165,0.10852849691802242,0.1736014040211626,0.17656151891825805,0.20416216258637937
ledoit_wolf,2021-09-08,0.1332119984352949,0.20393936539089244,0.10854334679627284,0.17356845420617956,0.17660559580575022,0.20413123936561015
ledoit_wolf,2021-09-09,0.13315280849034355,0.20389197080016988,0.10852706229940576,0.1736578483146461,0.1766337910505746,0.20413651904486005
ledoit_wolf,2021-09-10,0.1331925196059747,0.20383592836583603,0.10856252625292763,0.17372881284500363,0.17662391508436118,0.20405629784589677
ledoit_wolf,2021-09-13,0.13315701299269855,0.20384389184586563,0.10857493953443088,0.17370802164314506,0.1765670666214055,0.20414906736245428
ledoit_wolf,2021-09-14,0.13318196519033332,0.2038548923734065,0.10858283003777096,0.17372478589420912,0.17648783110978764,0.20416769539449242
ledoit_wolf,2021-09-15,0.13319097262915955,0.20395680350134454,0.10858041744032412,0.17374102397096472,0.17640384040651727,0.20412694205168977
ledoit_wolf,2021-09-16,0.1331742171406747,0.20398115773879869,0.1085718864302754,0.17375221770106195,0.1764471104228165,0.2040734105663727
ledoit_wolf,2021-09-17,0.13316550005144245,0.20399214234124366,0.10863182840816238,0.17361245854179996,0.17671518743524206,0.2038828832221094
ledoit_wolf,2021-09-20,0.13314206788083668,0.20371587194684276,0.10861704137792014,0.1736188124672872,0.17680600841137087,0.20410019791574238
ledoit_wolf,2021-09-21,0.13314438878454882,0.20365369566335695,0.10859283642574463,0.17328695958287818,0.17743687341980716,0.20388524612366427
ledoit_wolf,2021-09-22,0.13302583286576394,0.20362288999284128,0.1085817847665327,0.173579226026739,0.17738974571379415,0.20380052063432874
ledoit_wolf,2021-09-23,0.13264762409250822,0.203590623145227,0.10891119224900044,0.17362488255661185,0.1777913291217982,0.20343434883485423
ledoit_wolf,2021-09-24,0.13271606285670362,0.20350563425914767,0.1088112837407739,0.17335509071694138,0.17810339935679964,0.2035085290696338
ledoit_wolf,2021-09-27,0.1326798886747101,0.20354247118862814,0.10877502945582532,0.17340781544688263,0.17812028840712682,0.20347450682682705
ledoit_wolf,2021-09-28,0.13270578924792822,0.20349927750046892,0.10896005845826758,0.17332431396374243,0.17837362309621543,0.2031369377333775
ledoit_wolf,2021-09-29,0.13270581017096603,0.20349439196815933,0.10894610887000093,0.17332296797804606,0.17844759986136977,0.203083121151458
ledoit_wolf,2021-09-30,0.13270285629696163,0.20347706923651326,0.10892360582751351,0.17335118539038447,0.178423838044628,0.20312144520399916
ledoit_wolf,2021-10-01,0.1326644308105264,0.20354478457763184,0.10890815096281432,0.1732750906162517,0.17836829305961707,0.2032392499731587
ledoit_wolf,2021-10-04,0.13259695577102149,0.2033896463272208,0.10917387264408748,0.17291233363788783,0.17857557639301155,0.20335161522677084
ledoit_wolf,2021-10-05,0.13250599560007895,0.203615826951976,0.10935802284004195,0.17292453555302711,0.17813086312279947,0.20346475593207655
ledoit_wolf,2021-10-06,0.13251162131273037,0.20357208618027436,0.10938909932485454,0.17294876356561603,0.17814395878586675,0.2034344708306579
ledoit_wolf,2021-10-07,0.13265584397883495,0.2035946390625777,0.10924335857774424,0.17290367358493683,0.17815240601651366,0.20345007877939275
ledoit_wolf,2021-10-08,0.1326570632004109,0.20360454473067013,0.10923415325628379,0.1729395509000272,0.178068421832373,0.20349626608023508
ledoit_wolf,2021-10-11,0.13266660413441664,0.20344343463984194,0.10923561400024864,0.17283670127244305,0.17833716782839612,0.20348047812465367
ledoit_wolf,2021-10-12,0.1326837639619054,0.20345104297406771,0.10925109616229624,0.17293228172953584,0.17833057574515557,0.20335123942703928
ledoit_wolf,2021-10-13,0.13267349028192615,0.20341805544013877,0.10929292984167932,0.1729330955513251,0.17834631832074022,0.20333611056419046
ledoit_wolf,2021-10-14,0.13277758891818994,0.20356615156046529,0.109216899995525,0.17311573750787723,0.1781166797617904,0.203206942256152
ledoit_wolf,2021-10-15,0.13278918453978464,0.2034143797160429,0.1091967248602956,0.1731871257276258,0.17818190316465254,0.20323068199159855
ledoit_wolf,2021-10-18,0.13280267092628728,0.20345957340259338,0.10917158546986681,0.17296563429169942,0.17827822313513034,0.20332231277442273
ledoit_wolf,2021-10-19,0.1326695709587583,0.20332070247632855,0.1090567301406195,0.17294610587962797,0.17908354010150934,0.20292335044315638
ledoit_wolf,2021-10-20,0.13273532387993583,0.20337811473010836,0.10901182249902297,0.17311537448756087,0.1789658767206763,0.20279348768269564
ledoit_wolf,2021-10-21,0.1325233349735324,0.20340243200836575,0.10882981598541028,0.17355140025651825,0.17897110539110694,0.20272191138506632
ledoit_wolf,2021-10-22,0.13269551868265492,0.20308948140377298,0.10900994591237459,0.17318117357064078,0.17952789873617903,0.2024959816943776
ledoit_wolf,2021-10-25,0.13255651574723265,0.2033248030780554,0.10937671564400597,0.17296454283427756,0.17931934609850148,0.20245807659792692
ledoit_wolf,2021-10-26,0.13260095120502896,0.20286593941383022,0.10972964576559532,0.1730675576108201,0.1794494282076909,0.2022864777970346
ledoit_wolf,2021-10-27,0.1326425682944785,0.20286641995457178,0.10966725225033357,0.17313440674896174,0.17957427595095976,0.2021150768006946
ledoit_wolf,2021-10-28,0.13265694460075578,0.20276096155567916,0.10970276949718945,0.17295299178726886,0.17942524720180578,0.202501085357301
ledoit_wolf,2021-10-29,0.1325857719644369,0.20315282910168903,0.10963429658943713,0.17281417033157456,0.17940653663457834,0.2024063953782842
ledoit_wolf,2021-11-01,0.1326046621435028,0.203149017461763,0.10964357253066809,0.172759318326863,0.17944305490109294,0.20240037463611021
ledoit_wolf,2021-11-02,0.13262453476865899,0.20315503596494236,0.10960341081079396,0.17275758215312037,0.1794106119571548,0.20244882434532954
ledoit_wolf,2021-11-03,0.13281779645042843,0.20295629120241834,0.10952095552696259,0.17270294787269036,0.17947399303043998,0.20252801591706027
ledoit_wolf,2021-11-04,0.13197219879117192,0.2026819055336583,0.1096456382448761,0.17278726385358825,0.18028880114405021,0.2026241924326552
ledoit_wolf,2021-11-05,0.1319807593839028,0.20273649018289425,0.10960945775134416,0.17286344602369014,0.18017977014481962,0.20263007651334902
ledoit_wolf,2021-11-08,0.13204993805237702,0.20268512327709873,0.10956001669712682,0.17282841733122217,0.18021612250105157,0.20266038214112372
ledoit_wolf,2021-11-09,0.132045851891233,0.20303563642060737,0.10917627401475946,0.17276426982400017,0.18029956355777813,0.20267840429162165
ledoit_wolf,2021-11-10,0.13190793815770605,0.20285506189470165,0.10952574442721663,0.1727349709260883,0.1803510650018126,0.2026252195924747
ledoit_wolf,2021-11-11,0.13186748085415478,0.2028792064367181,0.10954389465215207,0.1728053634226357,0.1802820414372865,0.20262201319705272
ledoit_wolf,2021-11-12,0.13200336523711967,0.20297095273860763,0.10979247490814964,0.17250911771434502,0.18027064234545156,0.2024534470563264
ledoit_wolf,2021-11-15,0.13197073325861527,0.20295251448277773,0.10976449670003528,0.1725195142846958,0.18032632372352492,0.20246641755035105
ledoit_wolf,2021-11-16,0.13193725485430677,0.20293008845628457,0.10974792149103632,0.17254349621253534,0.18033582280291072,0.20250541618292625
ledoit_wolf,2021-11-17,0.13200062104389296,0.2029309627434717,0.10971161707985339,0.17255475620088692,0.1804536496240558,0.20234839330783938
ledoit_wolf,2021-11-18,0.13159136128887636,0.20246214141273047,0.10981954405466351,0.1728416266535061,0.18086537717278311,0.2024199494174405
ledoit_wolf,2021-11-19,0.13144569194756914,0.20255076059786786,0.10980066399246302,0.17278292881801458,0.18087599880272542,0.20254395584136006
ledoit_wolf,2021-11-22,0.13138835536606955,0.20231565866837975,0.11007640253511632,0.17293954813298046,0.1807345035641208,0.20254553173333306
ledoit_wolf,2021-11-23,0.13137077906167693,0.2023347386302408,0.11010855116492156,0.17285496131372227,0.18073105960062286,0.20259991022881554
ledoit_wolf,2021-11-24,0.13149549993324994,0.20241357821331324,0.1100512885391962,0.17272625922128246,0.18074997212653776,0.2025634019664204
ledoit_wolf,2021-11-26,0.1314322510735539,0.20220746245178642,0.11006599746386395,0.17268857494187806,0.18132253933121514,0.20228317473770255
ledoit_wolf,2021-11-29,0.13113173518686747,0.20226521104203474,0.10996639479849647,0.1728140260157682,0.18171075310111826,0.20211187985571485
ledoit_wolf,2021-11-30,0.13124243410964812,0.20247175972083836,0.110252591477634,0.17250199213018633,0.18150519872095397,0.20202602384073914
ledoit_wolf,2021-12-01,0.13130836727851733,0.20264788869523315,0.1100875685312166,0.17209217422707887,0.18124903912893614,0.20261496213901786
ledoit_wolf,2021-12-02,0.13131073439560756,0.20267209947488063,0.11008187534761264,0.17209393371925227,0.18129505602106208,0.20254630104158472
ledoit_wolf,2021-12-03,0.1310849738768834,0.2027776498650018,0.10983380124977395,0.17227173445796398,0.18121989050302018,0.2028119500473567
ledoit_wolf,2021-12-06,0.13121123881237373,0.20281490855601522,0.10989723164045222,0.1721055010079748,0.18118875049401859,0.20278236948916536
ledoit_wolf,2021-12-07,0.13071221031775687,0.20273480868801996,0.10997375865779063,0.17244207366848843,0.18142070747259065,0.20271644119535354
ledoit_wolf,2021-12-08,0.13074758654268123,0.2027463786113702,0.10995979903052396,0.17238711709152396,0.18146254715407886,0.20269657156982188
ledoit_wolf,2021-12-09,0.13050972992415732,0.20284739195088833,0.10968362865913667,0.17263878069214847,0.18138501713931882,0.20293545163435045
ledoit_wolf,2021-12-10,0.1305061859704293,0.20279631367005505,0.10968694468982366,0.1726427158377551,0.18146048224847436,0.20290735758346257
ledoit_wolf,2021-12-13,0.1300712554872289,0.20278600946172232,0.1095381874793544,0.17316790406062854,0.18153971815407371,0.20289692535699203
ledoit_wolf,2021-12-14,0.13011304464811083,0.20279345537971616,0.10953826004607863,0.17323785927162244,0.1814966850656682,0.20282069558880378
ledoit_wolf,2021-12-15,0.1295846346462876,0.20256733168948757,0.10985665059671454,0.17331696261088578,0.18178340171546184,0.20289101874116272
ledoit_wolf,2021-12-16,0.1291336657602771,0.2025269041604849,0.10971832921128666,0.17346819665754595,0.18202691049718342,0.20312599371322193
ledoit_wolf,2021-12-17,0.1290642011981447,0.2025526935584994,0.10979628112724985,0.17357932673107881,0.18207862367069252,0.20292887371433452
ledoit_wolf,2021-12-20,0.1291336160214404,0.20228591774870175,0.10971536010878127,0.1734656345334036,0.18253928898373617,0.20286018260393676
ledoit_wolf,2021-12-21,0.12898013169923223,0.2022817999886084,0.10969685645707941,0.17339100853477823,0.18261733496469734,0.20303286835560444
ledoit_wolf,2021-12-22,0.12902183455156624,0.2023763432896763,0.10951120991924553,0.17362013868885123,0.18257984535789293,0.2028906281927677
ledoit_wolf,2021-12-23,0.12903437137974264,0.20243139605173158,0.10940596889743405,0.1735767036393798,0.18262191279882434,0.20292964723288756
ledoit_wolf,2021-12-27,0.12878243396324865,0.20304937945286194,0.10933361918276811,0.17335077558463272,0.18253082689555894,0.2029529649209296
ledoit_wolf,2021-12-28,0.12875174859598923,0.20308388567696595,0.10932605877701461,0.1733428299868225,0.18256193449466498,0.20293354246854273
ledoit_wolf,2021-12-29,0.1287240453456181,0.20301024807864995,0.10940516389702389,0.173335873159805,0.18261827940247005,0.20290639011643297
ledoit_wolf,2021-12-30,0.12870080302925138,0.2030040828973239,0.10938505556720489,0.17337057888949822,0.1826417902065573,0.20289768941016434
ledoit_wolf,2021-12-31,0.1286647753324952,0.20318009830907002,0.1093478786966546,0.1732560862704097,0.18256900713417623,0.20298215425719424
ledoit_wolf,2022-01-03,0.12868887666173653,0.20303800508784958,0.10871074452241175,0.17335667724354661,0.18297083874177106,0.20323485774268435
ledoit_wolf,2022-01-04,0.12842846928129809,0.2028959172797425,0.10852650580142387,0.17344063178743713,0.18316807343811328,0.20354040241198523
ledoit_wolf,2022-01-05,0.12831653658597963,0.2035430536822169,0.10858927373276027,0.17353827922955778,0.1830399862585163,0.20297287051096916
ledoit_wolf,2022-01-06,0.12829645587244598,0.2033606717735055,0.10864976910417568,0.17361817438592617,0.18311165164222226,0.20296327722172447
ledoit_wolf,2022-01-07,0.1281762921045738,0.20347725837248803,0.10856500730378575,0.17375494981203218,0.18297208108071025,0.20305441132640983
ledoit_wolf,2022-01-10,0.1281484971178392,0.20351707927501803,0.10856443033002347,0.17374251474425773,0.18304953220955725,0.20297794632330424
ledoit_wolf,2022-01-11,0.12818253229229992,0.20304050828848372,0.10899510928341259,0.17365974726563962,0.1833425592496329,0.2027795436205312
ledoit_wolf,2022-01-12,0.12821716439476535,0.20309907649316572,0.10889938203369687,0.17370586489936574,0.18332962332835273,0.20274888885065345
ledoit_wolf,2022-01-13,0.12806253318118738,0.20317653117574336,0.10873783173845808,0.1739246934659556,0.18318894603876423,0.20290946439989138
ledoit_wolf,2022-01-14,0.1280738654867239,0.20321824927196733,0.10873129808066928,0.17387490687991125,0.18315779211430608,0.20294388816642217
ledoit_wolf,2022-01-18,0.12805030384095145,0.2033549851180385,0.10891294804062039,0.17359371721245576,0.18313338065901455,0.20295466512891935
ledoit_wolf,2022-01-19,0.12789703752138457,0.20330814815893253,0.10894982605332677,0.17366502801132433,0.1832433242277804,0.20293663602725148
ledoit_wolf,2022-01-20,0.1277757994738922,0.20302650471629344,0.10905153993676839,0.17379714000688348,0.1833765482705369,0.2029724675956257
ledoit_wolf,2022-01-21,0.12968732389443144,0.20324297829652538,0.11021024771200606,0.17532532011150795,0.1757832733951076,0.20575085659042155
ledoit_wolf,2022-01-24,0.12968610380838896,0.20331152382806844,0.11021326861247027,0.17534256670548046,0.1756385514806494,0.20580798556494237
ledoit_wolf,2022-01-25,0.1297988552291258,0.2032133476835431,0.11044096402974093,0.17536884318854312,0.17528053752719344,0.20589745234185347
ledoit_wolf,2022-01-26,0.12986913111231924,0.20320549741090044,0.11039892723259134,0.17533313273072051,0.17528405219946194,0.2059092593140066
ledoit_wolf,2022-01-27,0.12977143308317585,0.20321200192589206,0.1102495963070872,0.17536816217705128,0.17551308519522094,0.20588572131157268
ledoit_wolf,2022-01-28,0.12970866632850805,0.20299467093483092,0.11042715107014016,0.17526661555739,0.17599668026439647,0.20560621584473432
ledoit_wolf,2022-01-31,0.12969732661076036,0.20333415984396416,0.11012204405779472,0.1758214132436851,0.17370727984743642,0.20731777639635932
ledoit_wolf,2022-02-01,0.12944230094328496,0.20243749456077811,0.11177298398132773,0.17535946333815605,0.1732689653408923,0.20771879183556075
ledoit_wolf,2022-02-02,0.1294093728803709,0.20261250543206055,0.11256308733777369,0.1755308356198777,0.17366954229626755,0.2062146564336496
ledoit_wolf,2022-02-03,0.13137215290657148,0.20223375732718554,0.11608425074561612,0.1650843659037955,0.17546660443225123,0.20975886868458005
ledoit_wolf,2022-02-04,0.13186002048930306,0.19898094484299278,0.11631960722640043,0.16594660517293716,0.1760353159349054,0.21085750633346123
ledoit_wolf,2022-02-07,0.1321534310954021,0.1993073793790269,0.11634697154364848,0.16558242227978454,0.17601833870403838,0.21059145699809959
ledoit_wolf,2022-02-08,0.13227523588765489,0.1993961373638751,0.11632541375917989,0.16543195289940063,0.17591663666526616,0.21065462342462332
ledoit_wolf,2022-02-09,0.13196633025510265,0.19987486060764806,0.11650039324959897,0.16499327903208938,0.17589347777283745,0.21077165908272338
ledoit_wolf,2022-02-10,0.1319041202636692,0.19992733920919728,0.116432565849033,0.16509520237937167,0.17599492231935784,0.210645849979371
ledoit_wolf,2022-02-11,0.1315115661724274,0.19986554143207833,0.11657030226261775,0.16526316232302918,0.17609294042445328,0.21069648738539407
ledoit_wolf,2022-02-14,0.13167281557217486,0.19975872635852385,0.11653064035584026,0.1653391987043013,0.17603266771708745,0.21066595129207236
ledoit_wolf,2022-02-15,0.13104777000551196,0.20000184142023505,0.11666499865581542,0.165508241292129,0.17599930564998517,0.21077784297632327
ledoit_wolf,2022-02-16,0.1313103298752132,0.20000307937614692,0.11686656780392582,0.16533274184219124,0.17577709450988338,0.21071018659263951
ledoit_wolf,2022-02-17,0.13091357121759314,0.20042564548620337,0.11692724078852336,0.1653540796502536,0.1759543268875036,0.21042513596992293
ledoit_wolf,2022-02-18,0.13097727798365344,0.20053000931885895,0.11668785645665335,0.16533690255691946,0.17605180969043416,0.21041614399348058
ledoit_wolf,2022-02-22,0.13129218912469265,0.20061115382661682,0.1167076927882443,0.16521155914497238,0.17530154347807148,0.2108758616374024
ledoit_wolf,2022-02-23,0.13133537044293803,0.20022197344448472,0.11649660740556492,0.16537344201505091,0.17536262271333855,0.2112099839786228
ledoit_wolf,2022-02-24,0.13143011579186367,0.20004799695582398,0.11672249164201853,0.1654454179535816,0.17518323228124263,0.21117074537546962
ledoit_wolf,2022-02-25,0.1312021589206409,0.20023965645440173,0.11760064628798388,0.16491175878342793,0.17415532922018265,0.21189045033336285
ledoit_wolf,2022-02-28,0.13143859983823683,0.2002404891991042,0.11731322879656342,0.16496496132547234,0.17402976085285782,0.2120129599877655
ledoit_wolf,2022-03-01,0.13089033275374556,0.20043531618701244,0.11802796902821068,0.16435600289030747,0.17391368815816322,0.21237669098256062
ledoit_wolf,2022-03-02,0.13079597463022008,0.20027690395747536,0.11758660873137143,0.16464429518568305,0.17400612452154196,0.2126900929737081
ledoit_wolf,2022-03-03,0.13117017679436516,0.20021160172091856,0.11698099890296094,0.16450408975719688,0.17400457274406705,0.21312856008049139
ledoit_wolf,2022-03-04,0.1309798442739948,0.20002361378312392,0.11690806346523701,0.16443195526320292,0.17381484730676652,0.21384167590767494
ledoit_wolf,2022-03-07,0.13091993446817288,0.19936227431709463,0.1173814434481876,0.16418387487272595,0.17436239231850265,0.2137900805753162
ledoit_wolf,2022-03-08,0.13059155347713136,0.19896368494504008,0.11820025425731714,0.16383675686228383,0.17402670445477453,0.21438104600345306
ledoit_wolf,2022-03-09,0.13027179947766537,0.19979382194126627,0.1182538609656989,0.16380330345451788,0.17379666539938093,0.2140805487614706
ledoit_wolf,2022-03-10,0.13027559883462014,0.19984016070611238,0.11770827387905713,0.16372011110564574,0.17365268210991622,0.21480317336464838
ledoit_wolf,2022-03-11,0.1304039291751824,0.20015249933656581,0.11704089330452158,0.16307430111281196,0.17361239576804033,0.21571598130287797
ledoit_wolf,2022-03-14,0.13072469971848688,0.19991301986398305,0.11404119974186783,0.16438607194904944,0.17314567476407233,0.21778933396254044
ledoit_wolf,2022-03-15,0.13177667103377233,0.19338619337649376,0.11440881065401645,0.1660979331173144,0.17249438929264607,0.22183600252575694
ledoit_wolf,2022-03-16,0.13247929446875448,0.1945516320836577,0.11300648943957553,0.1645652226969258,0.17324989025108498,0.2221474710600016
ledoit_wolf,2022-03-17,0.13314900778998462,0.19299644891077125,0.11436298719718278,0.16425427423140782,0.17259458242902537,0.22264269944162815
ledoit_wolf,2022-03-18,0.13245193307886008,0.19240573558532129,0.1163120522538673,0.1639169316992202,0.17302766603933026,0.2218856813434009
ledoit_wolf,2022-03-21,0.13254923443062147,0.1924045147841107,0.11612969048373699,0.16380535124188247,0.17256945834675524,0.22254175071289323
ledoit_wolf,2022-03-22,0.13311503086262214,0.1926815925565198,0.11570375060496117,0.16339656724531157,0.17353547552786816,0.22156758320271722
ledoit_wolf,2022-03-23,0.13586176971209055,0.18981091733148373,0.11719097330453557,0.16431953571498079,0.1694759373456935,0.2233408665912158
ledoit_wolf,2022-03-24,0.13495735177858773,0.1904455654858381,0.11677549830581047,0.1643047004713926,0.17007213392939047,0.22344475002898057
ledoit_wolf,2022-03-25,0.1347389304944987,0.19032293003217082,0.11559837252841587,0.16424966662827997,0.17054645394648257,0.224543646370152
ledoit_wolf,2022-03-28,0.13439326082754277,0.19008213024503592,0.1150866207048072,0.16444589497319256,0.17014926105954864,0.22584283218987303
ledoit_wolf,2022-03-29,0.13449804222991132,0.19028066222046316,0.1143143164982801,0.1647974287664146,0.17001406952452897,0.22609548076040173
ledoit_wolf,2022-03-30,0.13429080187834833,0.1901148557259208,0.11446336234726882,0.1648863150247423,0.16991216012197988,0.2263325049017398
ledoit_wolf,2022-03-31,0.13488624328200743,0.18902196805331778,0.1147859014367288,0.1646263570323355,0.16932379172819423,0.22735573846741633
ledoit_wolf,2022-04-01,0.13496176465676243,0.18901903130598632,0.11468892875590324,0.16457661287659026,0.16935281005680267,0.22740085234795515
ledoit_wolf,2022-04-04,0.1354882799596375,0.18889733260888927,0.11422679621597376,0.16448685989459297,0.16902001749149853,0.22788071382940792
ledoit_wolf,2022-04-05,0.13547670294790787,0.18764311937770942,0.11331127216369688,0.16482846952178273,0.1679139966069713,0.23082643938193187
ledoit_wolf,2022-04-06,0.13516641114822958,0.18768946228537628,0.11345148928710694,0.16488596981095877,0.1681022455217351,0.23070442194659344
ledoit_wolf,2022-04-07,0.13521465111030506,0.18768295708434776,0.11337041885241574,0.16508248227950179,0.16781509618122675,0.23083439449220292
ledoit_wolf,2022-04-08,0.13496214155406644,0.18763784185557125,0.11338668915927186,0.1654345134125934,0.1678974531548608,0.23068136086363633
ledoit_wolf,2022-04-11,0.13423862942057727,0.18908796152396512,0.11439150085356886,0.1643909489735578,0.16919753047699887,0.22869342875133197
ledoit_wolf,2022-04-12,0.13395450177248971,0.18965073667340293,0.11471831556094643,0.16332887143231636,0.16903227595460857,0.22931529860623592
ledoit_wolf,2022-04-13,0.13386530670325703,0.1894134969045609,0.11474621773739586,0.16356927872236113,0.16917832795492715,0.22922737197749793
ledoit_wolf,2022-04-14,0.13397947146992886,0.18999045278604917,0.11467893285426446,0.16336585846988222,0.16939515646659578,0.22859012795327951
ledoit_wolf,2022-04-18,0.13394703676151792,0.19002323576368685,0.11465141082107921,0.16333287756285828,0.1695530108619437,0.2284924282289141
ledoit_wolf,2022-04-19,0.1341675183370205,0.1897165613711368,0.11481615428801593,0.16327928002315725,0.16939208172460032,0.22862840425606923
ledoit_wolf,2022-04-20,0.13771901594593755,0.19384331798570206,0.1175410673067858,0.16414001254361651,0.15277601712269148,0.2339805690952665
ledoit_wolf,2022-04-21,0.13766243378250928,0.19312519258925895,0.11865571679651381,0.16435867414409014,0.1516285379791602,0.23456944470846772
ledoit_wolf,2022-04-22,0.137649478877535,0.19312497185675814,0.118915178638294,0.16457497146130434,0.15196977331314276,0.23376562585296554
ledoit_wolf,2022-04-25,0.13766852823994763,0.19306575641712936,0.11903356694316136,0.16468966670066015,0.15207047488208306,0.2334720068170184
ledoit_wolf,2022-04-26,0.13790142317846998,0.19289221485467667,0.11827149646060367,0.1653941868132971,0.15213012341453558,0.23341055527841706
ledoit_wolf,2022-04-27,0.137804844955362,0.19329709467212355,0.11862231190498355,0.16516609256223652,0.15197455014556333,0.23313510575973118
ledoit_wolf,2022-04-28,0.13700297633495745,0.19304244596952722,0.12021745498062478,0.1605349739523592,0.15156064881421447,0.23764149994831701
ledoit_wolf,2022-04-29,0.13705774802609294,0.1885663250932609,0.12152613447936662,0.16249113012165614,0.15239663773827533,0.23796202454134813
ledoit_wolf,2022-05-02,0.13648892164705298,0.19097764442689893,0.1223618983830426,0.16120959848874167,0.1512865971965736,0.23767533985769018
ledoit_wolf,2022-05-03,0.13652132496571395,0.19086709272746458,0.12281758543834105,0.1611177346901538,0.1514179293982156,0.23725833278011094
ledoit_wolf,2022-05-04,0.13665440641528,0.19143223735223414,0.12285229027596108,0.16074379356947843,0.15169689617465726,0.23662037621238902
ledoit_wolf,2022-05-05,0.13699187374571645,0.1905304323055527,0.12303790307261271,0.1609534636657206,0.15183050713632634,0.23665582007407113
ledoit_wolf,2022-05-06,0.13709810948173382,0.19050334511077793,0.12300695650091067,0.1609054566310986,0.15161163766885147,0.23687449460662766
ledoit_wolf,2022-05-09,0.13634072004125572,0.1901031115077866,0.12269726178684925,0.16139990656799982,0.1519400234184605,0.23751897667764807
ledoit_wolf,2022-05-10,0.13629152400626762,0.1903141940180318,0.12263755047189154,0.16143227883309763,0.15184467670066704,0.23747977597004452
ledoit_wolf,2022-05-11,0.1361797116459801,0.19046383495640246,0.12198462485126176,0.16116389640843376,0.15133991143265121,0.23886802070527066
ledoit_wolf,2022-05-12,0.13622439409251869,0.19029389859387832,0.12205841136214207,0.16122287820562095,0.15108311558640014,0.23911730215943977
ledoit_wolf,2022-05-13,0.13559863347294454,0.18977814133734056,0.12242399299626572,0.1618046669348116,0.1505136441863448,0.23988092107229267
ledoit_wolf,2022-05-16,0.1358472398490514,0.18957868070882022,0.12197770003486512,0.16209889746303394,0.1507424455370296,0.2397550364071998
ledoit_wolf,2022-05-17,0.1357211808967649,0.18915056557696272,0.1219130462597187,0.16244403415430195,0.1508232785521875,0.2399478945600643
ledoit_wolf,2022-05-18,0.1358478824732287,0.18820887038616804,0.1221338714434677,0.1629002769402607,0.15077212787715366,0.24013697087972113
ledoit_wolf,2022-05-19,0.13571635507732432,0.18818086297194564,0.1219551228941598,0.16340328364527829,0.1503544449267061,0.2403899304845859
ledoit_wolf,2022-05-20,0.13569951613473794,0.18837568800573712,0.12169304019133698,0.16344436323717557,0.1505646780026693,0.240222714428343
ledoit_wolf,2022-05-23,0.13575257343581948,0.1884900936863575,0.12169838182826405,0.16345961347093818,0.15059163074076773,0.24000770683785305
ledoit_wolf,2022-05-24,0.13633180019075614,0.18912545322894594,0.12161312185436964,0.16273655225547992,0.15130861532719433,0.23888445714325401
ledoit_wolf,2022-05-25,0.13611370338414155,0.1889918026801072,0.1214868485143021,0.16288955348623882,0.15101811122898126,0.23949998070622902
ledoit_wolf,2022-05-26,0.13600462129505875,0.18868193847412104,0.12125734919224294,0.1627824923600313,0.15142262860229022,0.2398509700762558
ledoit_wolf,2022-05-27,0.13614238730271735,0.1886626465132985,0.12112330990166642,0.16311239434597366,0.15184722347049878,0.23911203846584517
ledoit_wolf,2022-05-31,0.13603979221781676,0.1883679304264392,0.12148515644736552,0.16342248727259603,0.15185049436793555,0.23883413926784697
ledoit_wolf,2022-06-01,0.13598813047336775,0.1885688583155533,0.12143148990755845,0.16329836694421884,0.15177801028320206,0.23893514407609953
ledoit_wolf,2022-06-02,0.13575302916289272,0.18893501027018753,0.12172288595715076,0.16312266160891858,0.15146975639152585,0.2389966566093247
ledoit_wolf,2022-06-03,0.13567104094703264,0.18916274962522822,0.12118390498716032,0.163079669061718,0.1517503030200251,0.2391523323588356
ledoit_wolf,2022-06-06,0.13572087446236608,0.18901067417595185,0.12120086226797666,0.16308077141607313,0.15185806826614281,0.23912874941148948
ledoit_wolf,2022-06-07,0.13558186520512494,0.18909484888215855,0.12139747098399238,0.1630331464099379,0.15179635877106168,0.23909630974772456
ledoit_wolf,2022-06-08,0.13561010221582748,0.18931304284914158,0.12116896132551405,0.16316889667840737,0.1519349782341376,0.2388040186969719
ledoit_wolf,2022-06-09,0.13590034316737212,0.18911766944981334,0.12200872298012015,0.1623142469075552,0.15166133823974662,0.23899767925539256
ledoit_wolf,2022-06-10,0.13596365512638267,0.18834171048950116,0.12235719737325151,0.16256284641190294,0.1510534797632488,0.239721110835713
ledoit_wolf,2022-06-13,0.13583651008940345,0.18838967374141466,0.12257878125717524,0.1625249041778454,0.15098045990261813,0.23968967083154322
ledoit_wolf,2022-06-14,0.13587389001377423,0.1883232566918358,0.1227848130614442,0.1625340381242228,0.15098353270156337,0.2395004694071595
ledoit_wolf,2022-06-15,0.13601765585749032,0.1879169067691104,0.12284223609352937,0.16288809895839818,0.15046120640355082,0.23987389591792097
ledoit_wolf,2022-06-16,0.13604679138978154,0.18811371469683005,0.12243958976838502,0.16276334113184235,0.15091309285196713,0.23972347016119389
ledoit_wolf,2022-06-17,0.13607235994555453,0.18797588945895427,0.12247902240125164,0.1627500082295428,0.15094735967521147,0.23977536028948532
ledoit_wolf,2022-06-21,0.135964192707319,0.18791469300083427,0.12209993308856065,0.163526708081523,0.15143282195467958,0.2390616511670835
ledoit_wolf,2022-06-22,0.13603993790345387,0.18791806099599234,0.12196407288402053,0.16341659412538384,0.15147127321011322,0.239190060881036
ledoit_wolf,2022-06-23,0.13610195599701716,0.18779250375665946,0.12203341968016834,0.16339804572844913,0.15142058907975015,0.2392534857579558
ledoit_wolf,2022-06-24,0.13627549025793148,0.1880542259022618,0.12259106242918698,0.1630007067334097,0.15147891132882216,0.23859960334838773
ledoit_wolf,2022-06-27,0.1363628929297117,0.18786733818931567,0.12269098679562647,0.16308686289284338,0.15159302020640425,0.23839889898609856
ledoit_wolf,2022-06-28,0.1359767053295744,0.18669111368413022,0.12232939698623778,0.163889930674877,0.1514929124158679,0.2396199409093128
ledoit_wolf,2022-06-29,0.13582567683793517,0.1864633606469702,0.12244873150585422,0.16396467625418895,0.15141976068869842,0.23987779406635307
ledoit_wolf,2022-06-30,0.13581464826199866,0.18651876794680117,0.12279608864771245,0.16411529574268977,0.15134011827863983,0.23941508112215806
ledoit_wolf,2022-07-01,0.13531367311231546,0.1867824331816616,0.12266393889817863,0.164369220955617,0.15179677758063473,0.23907395627159267
ledoit_wolf,2022-07-05,0.1355914207530627,0.1867327357828578,0.12321904772541886,0.16397985911243795,0.1518363487627039,0.2386405878635187
ledoit_wolf,2022-07-06,0.13497482974397984,0.18746287893156763,0.12432057436319312,0.16362451289681684,0.15163169322590062,0.237985510838542
ledoit_wolf,2022-07-07,0.13487551805108983,0.1877810979611681,0.12421194157892407,0.16395706242415803,0.1516998694212181,0.23747451056344185
ledoit_wolf,2022-07-08,0.1349662139658301,0.18793522004588514,0.12403116488539252,0.16391469241878745,0.15172493343647653,0.2374277752476281
ledoit_wolf,2022-07-11,0.13516261015957637,0.1883922382353848,0.12384901487175186,0.16370623610054372,0.15160205003175406,0.23728785060098928
ledoit_wolf,2022-07-12,0.13475192331971844,0.18788114512785997,0.12455085387038915,0.16340392757996047,0.15238791450970007,0.2370242355923719
ledoit_wolf,2022-07-13,0.13482266519168534,0.18794549011574455,0.12448431038752643,0.16329366637919854,0.15250563843072465,0.23694822949512045
ledoit_wolf,2022-07-14,0.13494431509479923,0.1879405816565224,0.12451467316227613,0.1631900842565975,0.15249150411857984,0.23691884171122493
ledoit_wolf,2022-07-15,0.13512942865555713,0.18804553252984757,0.12483376516398884,0.16297635180365522,0.15171408168306302,0.23730084016388817
ledoit_wolf,2022-07-18,0.13512811285903378,0.18803996332184994,0.12487259409056087,0.16294674306932064,0.15167764612451898,0.23733494053471577
ledoit_wolf,2022-07-19,0.1351018415743731,0.18814944895465655,0.1254581828859043,0.16277188363436795,0.15182142117150557,0.23669722177919247
ledoit_wolf,2022-07-20,0.13448132568118423,0.18928883927928877,0.126297247291603,0.16181253121142858,0.1505891849780529,0.2375308715584425
ledoit_wolf,2022-07-21,0.13457503883505537,0.18935051719631937,0.1259356344457739,0.1620178968993619,0.15046497760003746,0.23765593502345198
ledoit_wolf,2022-07-22,0.13471542681732734,0.1899401977842078,0.12658262056141512,0.16132845018677383,0.1510377177710361,0.23639558687923973
ledoit_wolf,2022-07-25,0.13451897122418355,0.1900952014420519,0.1266505700785698,0.16118482574005227,0.15082525030941027,0.23672518120573213
ledoit_wolf,2022-07-26,0.13467794856504892,0.1894254344774601,0.12689836307343094,0.1610474558062319,0.1511142419187853,0.23683655615904287
ledoit_wolf,2022-07-27,0.13486847621435788,0.1896969692977384,0.12803350683030568,0.16112933183502157,0.15166622666832733,0.23460548915424922
ledoit_wolf,2022-07-28,0.1348376446975047,0.18970195506893198,0.12815649506708396,0.16103265552815013,0.15158113681173388,0.23469011282659533
ledoit_wolf,2022-07-29,0.1352795492925718,0.1879184022947907,0.12803296548994464,0.16177806213594018,0.1520554878992277,0.2349355328875251
ledoit_wolf,2022-08-01,0.1352854654577284,0.18791827214309498,0.12800307235598635,0.1617720259659742,0.15204573769347177,0.2349754263837443
ledoit_wolf,2022-08-02,0.13526149833363355,0.18810249828048684,0.12788415687814078,0.1621226703767634,0.15201140439611638,0.23461777173485915
ledoit_wolf,2022-08-03,0.13562371181259508,0.18771746011332152,0.128172277638343,0.16172120389370948,0.1522405870232002,0.23452475951883056
ledoit_wolf,2022-08-04,0.13563567378386324,0.18763386391373427,0.12820504962769183,0.16169152573111628,0.15226361067430152,0.23457027626929272
ledoit_wolf,2022-08-05,0.13571183532153014,0.18771642560684165,0.1278964091653955,0.16165687974167972,0.15231284042165363,0.23470560974289933
ledoit_wolf,2022-08-08,0.1354900134324343,0.18754062811407957,0.1277669150093537,0.16216247163180375,0.1522937897422811,0.2347461820700476
ledoit_wolf,2022-08-09,0.13533470583252147,0.18764313271789448,0.12777795708744383,0.1620485031058749,0.15239829736028643,0.23479740389597875
ledoit_wolf,2022-08-10,0.13519950935880257,0.1877315934059198,0.1281201528452291,0.16176846980193854,0.15214654045427506,0.23503373413383483
ledoit_wolf,2022-08-11,0.13522550627729557,0.1876980500703725,0.12809471408846354,0.16183218015983697,0.15227034218399654,0.23487920722003497
ledoit_wolf,2022-08-12,0.1352786231616227,0.18766117336239296,0.12905717301699546,0.1615978766617753,0.15196458052619383,0.2344405732710198
ledoit_wolf,2022-08-15,0.1352134457551953,0.18764260299329694,0.12910197878249915,0.16159499247150372,0.151999052419015,0.23444792757848998
ledoit_wolf,2022-08-16,0.13520780967825555,0.18769770264151092,0.12909587870675793,0.16158652588850161,0.15198051529038645,0.2344315677945875
ledoit_wolf,2022-08-17,0.13556290400878587,0.1875157596924092,0.12990701756683656,0.16122641153876982,0.1517323437816873,0.23405556341151124
ledoit_wolf,2022-08-18,0.1352399626880777,0.18786156246598615,0.12991675210007797,0.16104272765625124,0.15166150163255648,0.23427749345705037
ledoit_wolf,2022-08-19,0.13507862214152927,0.1878799593985522,0.13005985887379454,0.16087565820472494,0.15193083180376438,0.23417506957763476
ledoit_wolf,2022-08-22,0.13476639833721504,0.18762695184395414,0.1305992028051683,0.16110168375820627,0.15163067014314274,0.23427509311231365
ledoit_wolf,2022-08-23,0.13484482457099475,0.1876004818597084,0.13062534868443373,0.16107568208798603,0.15159961324275037,0.23425404955412668
ledoit_wolf,2022-08-24,0.13485338498144625,0.1876201226732267,0.13062129195732133,0.1610630930785352,0.15154232806169868,0.2342997792477718
ledoit_wolf,2022-08-25,0.13470828540505794,0.18756492972877953,0.13087778968262154,0.16111246414822047,0.15157950923143676,0.23415702180388376
ledoit_wolf,2022-08-26,0.13297314484182965,0.18701054510967183,0.13160608728862783,0.16247588829745502,0.1534185341624006,0.23251580030001515
ledoit_wolf,2022-08-29,0.13288585737511474,0.18701973970933256,0.1313677032783864,0.16258238111575787,0.15364522704042502,0.2324990914809834
ledoit_wolf,2022-08-30,0.13291823407899733,0.1870404371537304,0.13128067089421364,0.16257944611839525,0.153605527130806,0.23257568462385725
ledoit_wolf,2022-08-31,0.13286028051362542,0.1870372907258946,0.13203005815453003,0.16240422978081737,0.15355118017028213,0.2321169606548504
ledoit_wolf,2022-09-01,0.1330124920467224,0.18703430598097617,0.1317137644593706,0.16232522877561772,0.15376268229338094,0.23215152644393194
ledoit_wolf,2022-09-02,0.13310036553897978,0.18719986997229887,0.13139146078388791,0.16225366750526293,0.1536810787943594,0.23237355740521112
ledoit_wolf,2022-09-06,0.13356012242530785,0.18691409641872078,0.13185866609464075,0.16149596035881955,0.15314762997950998,0.23302352472300103
ledoit_wolf,2022-09-07,0.13376129339406942,0.18688858722405044,0.13152974794776842,0.16179299279704662,0.1528255958360825,0.23320178280098244
ledoit_wolf,2022-09-08,0.13325373891364042,0.1865260372715559,0.1346103839787469,0.16116209141639998,0.15142603986605277,0.23302170855360413
ledoit_wolf,2022-09-09,0.1337095444506468,0.18679191053179348,0.13547188463416857,0.16053283425785633,0.1507400786176141,0.23275374750792058
ledoit_wolf,2022-09-12,0.13378289062613452,0.18682442224831755,0.13517562772967728,0.16055391237965064,0.15086962479677415,0.23279352221944585
ledoit_wolf,2022-09-13,0.13367534863359676,0.1866610912243833,0.1364371566370237,0.1599221782234415,0.15100812586552534,0.23229609941602936
ledoit_wolf,2022-09-14,0.1340398770683768,0.18634422825633348,0.13715962542031718,0.15988220651463272,0.15064791429903032,0.23192614844130954
ledoit_wolf,2022-09-15,0.13374655782483733,0.18615893573410294,0.13757552481121096,0.15982018719948113,0.15093119604498273,0.2317675983853849
ledoit_wolf,2022-09-16,0.1338408687092616,0.18617090867124597,0.1374851099928874,0.1598836589823828,0.15091952705832848,0.23169992658589375
ledoit_wolf,2022-09-19,0.13358697635476832,0.18617945760384072,0.13760433250029888,0.15996716942709654,0.1509014526273948,0.23176061148660088
ledoit_wolf,2022-09-20,0.13362832096194732,0.186160519694505,0.13751431068414985,0.15997324532168614,0.15094358015892176,0.23178002317878987
ledoit_wolf,2022-09-21,0.13395968823503676,0.1859998212228157,0.13752171460442048,0.15987758542330668,0.15104383995830245,0.2315973505561179
ledoit_wolf,2022-09-22,0.13368167021385086,0.18642576109166378,0.13694430889631776,0.16002094620557228,0.1510209685332091,0.23190634505938618
ledoit_wolf,2022-09-23,0.13367129403064396,0.18631003806989999,0.137658737798792,0.1595394312525207,0.15064457279066548,0.23217592605747794
ledoit_wolf,2022-09-26,0.13364660490339017,0.18642322314086585,0.13770911672695327,0.15940973195167749,0.1506220813708119,0.23218924190630133
ledoit_wolf,2022-09-27,0.13376028615068758,0.18648609558462784,0.13788848264464515,0.15936179970467987,0.1505487181613619,0.2319546177539977
ledoit_wolf,2022-09-28,0.1340597588350247,0.18675917857760158,0.13846649814673706,0.15900632416215893,0.14959486155651977,0.23211337872195797
ledoit_wolf,2022-09-29,0.13411988345817227,0.18683659939463815,0.13805857522719972,0.15904708382558833,0.14988596040433372,0.23205189769006776
ledoit_wolf,2022-09-30,0.1342266421061992,0.18678223967046767,0.13812392851799105,0.15910195840266175,0.1499063540694929,0.23185887723318752
ledoit_wolf,2022-10-03,0.13391092721740458,0.1867000732238802,0.13865527490146914,0.1589666018473558,0.1502461839646329,0.23152093884525723
ledoit_wolf,2022-10-04,0.13369292839689412,0.18621673173580652,0.13924255878009623,0.15901459167551904,0.15070677820112516,0.23112641121055896
ledoit_wolf,2022-10-05,0.13386816161847184,0.1862764260258029,0.13906735733783987,0.15889057258498132,0.15077136642584876,0.23112611600705532
ledoit_wolf,2022-10-06,0.13355527600259265,0.1864415753385121,0.13907880464661374,0.15885840717099778,0.15079697992833416,0.23126895691294957
ledoit_wolf,2022-10-07,0.13308944292853384,0.18653229931944795,0.13898113039993668,0.158927672371128,0.1509525021203763,0.23151695286057714
ledoit_wolf,2022-10-10,0.13300868166231244,0.18649244568830278,0.13897257833150722,0.1589903873451463,0.15097913826578532,0.23155676870694583
ledoit_wolf,2022-10-11,0.1330816312553362,0.18685678238185735,0.13893808715654865,0.15870069805325868,0.1504776782657429,0.23194512288725622
ledoit_wolf,2022-10-12,0.13299015871481315,0.18728084932754263,0.1386663778964092,0.15886965283563875,0.14987967001590083,0.23231329120969557
ledoit_wolf,2022-10-13,0.13285179417761056,0.18764844647894474,0.13872662621339205,0.15885298164546238,0.14961706151189397,0.23230308997269628
ledoit_wolf,2022-10-14,0.1326779943417014,0.18728428885465115,0.13816077710775862,0.15918641702700256,0.15028741183447925,0.23240311083440707
ledoit_wolf,2022-10-17,0.13293842141590925,0.1866391942651633,0.13821644000237282,0.1592613998887253,0.1501343447492552,0.2328101996785742
ledoit_wolf,2022-10-18,0.13294366129677668,0.18667956081540413,0.1382654997507436,0.15925223167642208,0.15021520877121594,0.23264383768943775
ledoit_wolf,2022-10-19,0.1329914167783712,0.18701190404608997,0.13831763127883276,0.15931703939770522,0.14909756896245763,0.23326443953654324
ledoit_wolf,2022-10-20,0.13309573232812053,0.18708400987143478,0.1380255200544615,0.1593383715770254,0.14903897589979867,0.23341739026915903
ledoit_wolf,2022-10-21,0.13320710054799856,0.18683838770589223,0.138014558534521,0.15987801357301948,0.14844770846092345,0.23361423117764524
ledoit_wolf,2022-10-24,0.13320782027073147,0.18683931385076288,0.138009839900382,0.15987638116477468,0.14843759199242385,0.233629052820925
ledoit_wolf,2022-10-25,0.13305596841811815,0.18739527496864825,0.13773010608245306,0.15942194127445622,0.1484863831691274,0.23391032608719695
ledoit_wolf,2022-10-26,0.13355682043941888,0.187204907039046,0.1384820671963265,0.15937618959636385,0.1496232060289432,0.2317568096999016
ledoit_wolf,2022-10-27,0.1352748490281823,0.18756532963322672,0.13956788640052767,0.15451889704726393,0.1508537763193589,0.2322192615714405
ledoit_wolf,2022-10-28,0.13517617968819734,0.18786987360722837,0.1394138812225883,0.15458172620183452,0.15000375441422814,0.2329545848659234
ledoit_wolf,2022-10-31,0.13512256731852867,0.18780128447470376,0.13929289391359087,0.1544575006425271,0.15017315600220732,0.23315259764844223
ledoit_wolf,2022-11-01,0.13546329410203645,0.18809236546115313,0.13982668888054414,0.1555202578305368,0.15063242079104308,0.23046497293468635
ledoit_wolf,2022-11-02,0.1359976366918654,0.18778569984330787,0.13979878791346587,0.1555206091792584,0.15072176057847939,0.23017550579362306
ledoit_wolf,2022-11-03,0.13636194807289567,0.1875968106777895,0.14023590227997365,0.155543319049435,0.15064481318801404,0.2296172067318921
ledoit_wolf,2022-11-04,0.13605993515551684,0.18814756954683598,0.13919275772120424,0.15616468853710355,0.15006087518315292,0.23037417385618647
ledoit_wolf,2022-11-07,0.13602881799161246,0.18830732508052345,0.13947658225985146,0.15596769623880513,0.15021545874142214,0.23000411968778542
ledoit_wolf,2022-11-08,0.13602040074395194,0.1883140596178897,0.13949260207893793,0.15596997111325625,0.15020460497093563,0.2299983614750285
ledoit_wolf,2022-11-09,0.13608055935458854,0.18842481364244348,0.13870405026842597,0.15721744816565256,0.15094503246856658,0.22862809610032275
ledoit_wolf,2022-11-10,0.13564921776622252,0.18623030435359808,0.14048438243944356,0.1573751517748684,0.15185941545176934,0.22840152821409823
ledoit_wolf,2022-11-11,0.13592198049012957,0.1861551972698113,0.14056590930265284,0.15770786187979932,0.15156696377963289,0.22808208727797413
ledoit_wolf,2022-11-14,0.13590788342150065,0.18612227880379847,0.14055582404682146,0.15772981116059073,0.15162732481984612,0.22805687774744243
ledoit_wolf,2022-11-15,0.1359494328972398,0.18638442274272887,0.14063284631802175,0.1577203631968367,0.15149948968366717,0.22781344516150578
ledoit_wolf,2022-11-16,0.13576758052196244,0.18636715585247302,0.14048830743935423,0.15759008041914702,0.1515619097447401,0.2282249660223231
ledoit_wolf,2022-11-17,0.135760925588908,0.1862637102490396,0.14069323788645216,0.15756333175211762,0.15142866483925174,0.22829012968423076
ledoit_wolf,2022-11-18,0.1357137034594886,0.1862088991647601,0.14098104311454024,0.1576088530836426,0.1513551417252588,0.2281323594523096
ledoit_wolf,2022-11-21,0.13586699632352564,0.1862366173350381,0.14066288347311082,0.15764433489771068,0.15149501734257192,0.228094150628043
ledoit_wolf,2022-11-22,0.13575706860699793,0.18626606335402107,0.14074090051379534,0.15765121434583593,0.15148084253252947,0.22810391064682015
ledoit_wolf,2022-11-23,0.13574881495893515,0.18642284494784223,0.14038587448673517,0.15780996859839,0.15150742618254087,0.22812507082555641
ledoit_wolf,2022-11-25,0.135420599069423,0.18628083915841956,0.14072974723878162,0.15795723757194213,0.151384879393353,0.2282266975680807
ledoit_wolf,2022-11-28,0.13538698536844274,0.1865344122459354,0.1408752570117931,0.15781810393732779,0.15133712519609796,0.22804811624040316
ledoit_wolf,2022-11-29,0.13533318366209668,0.18645051849478614,0.14089880211558467,0.15786752646339647,0.1513735655580241,0.22807640370611193
ledoit_wolf,2022-11-30,0.13537702612384014,0.1873273501701414,0.14113757373753505,0.1576329541247495,0.15100158877683287,0.22752350706690094
ledoit_wolf,2022-12-01,0.13511101207346032,0.1873699707568905,0.14119099365388504,0.15769849323331248,0.1509181184432577,0.22771141183919388
ledoit_wolf,2022-12-02,0.13511232013359903,0.18736479698708486,0.14118316119254626,0.15770148866648578,0.15091781888185027,0.22772041413843383
ledoit_wolf,2022-12-05,0.1352372544466084,0.18716792737419588,0.14082757346395747,0.15791422783596196,0.15094536463186906,0.2279076522474073
ledoit_wolf,2022-12-06,0.13526186015674227,0.18716555355586167,0.14111089332476653,0.1574120297664105,0.1511550848382793,0.22789457835793978
ledoit_wolf,2022-12-07,0.13519254334566033,0.18703047730636949,0.14141579075302296,0.15750201526441257,0.15135236867796373,0.227506804652571
ledoit_wolf,2022-12-08,0.13496691417306722,0.1868988902327705,0.14148039233064763,0.1574860076327927,0.1513819803701684,0.22778581526055366
ledoit_wolf,2022-12-09,0.13492958315260226,0.18683941055600797,0.14183956749712348,0.15727937220666402,0.15138289707704305,0.22772916951055935
ledoit_wolf,2022-12-12,0.13497508326508528,0.18687818112756413,0.14181731385633395,0.15724690877461098,0.1513898972910928,0.22769261568531285
ledoit_wolf,2022-12-13,0.13493392285355968,0.18681330572303395,0.14228094820286008,0.15703704584684625,0.15142762172086005,0.22750715565284008
ledoit_wolf,2022-12-14,0.13492777698264702,0.18683432389833632,0.14242876226248832,0.1570640787832181,0.1516036198276567,0.22714143824565353
ledoit_wolf,2022-12-15,0.13507883885590893,0.18699216392065424,0.1432831459623616,0.1571443879049371,0.15090893912249886,0.22659252423363926
ledoit_wolf,2022-12-16,0.13502900059961076,0.18702895563243035,0.14315619495079762,0.157277029701687,0.15094457963003924,0.2265642394854351
ledoit_wolf,2022-12-19,0.13508580674516368,0.18681504824518944,0.14348662618060745,0.15708473949089655,0.15114189353237273,0.22638588580577024
ledoit_wolf,2022-12-20,0.13505066894125003,0.18680258071623668,0.14341253504336904,0.15719336324916386,0.1511557018552265,0.22638515019475391
ledoit_wolf,2022-12-21,0.13496040488246488,0.18667508346129902,0.14377059339893924,0.15716792018571452,0.1510390731952589,0.22638692487632353
ledoit_wolf,2022-12-22,0.13458527345437046,0.18657467056379515,0.1431402948228999,0.1574665755435853,0.1516183631138826,0.22661482250146656
ledoit_wolf,2022-12-23,0.13463524200581778,0.1865506910484647,0.14314843151519036,0.15744451438949938,0.15168096726055597,0.22654015378047185
ledoit_wolf,2022-12-27,0.13428885236773755,0.1868378868251875,0.142134857290921,0.1580674136856939,0.15179376202219505,0.22687722780826486
ledoit_wolf,2022-12-28,0.13406660131587245,0.1870367676892167,0.1421187974742656,0.15820053460662428,0.15163710712445555,0.22694019178956554
ledoit_wolf,2022-12-29,0.1342688327565524,0.1873016048853906,0.1416091638142734,0.1582430679669921,0.15156925084221481,0.22700807973457665
ledoit_wolf,2022-12-30,0.134266368565878,0.18731268418912186,0.14158440618849702,0.15824834978052588,0.1515570440137895,0.22703114726218787
ledoit_wolf,2023-01-03,0.13418312606018082,0.18736587288172746,0.1412909017136179,0.15837881355799832,0.15164543256026713,0.22713585322620844
ledoit_wolf,2023-01-04,0.13404618121017325,0.18767968707564206,0.14089937576524808,0.15830758278165724,0.1514559623623986,0.22761121080488078
ledoit_wolf,2023-01-05,0.1340158508482359,0.18762317883480353,0.14085630519025394,0.1584516680516557,0.15157200794583792,0.227480989129213
ledoit_wolf,2023-01-06,0.13419700385236133,0.18745287462138668,0.14049602532271735,0.15851565189386024,0.15181422698110386,0.22752421732857034
ledoit_wolf,2023-01-09,0.1341945465401651,0.18698025710288954,0.14072988773903142,0.1585279243069629,0.15172558550934784,0.22784179880160324
ledoit_wolf,2023-01-10,0.1340916069360004,0.18675855041660866,0.14124659558878241,0.15833528551033244,0.151498036299948,0.22806992524832817
ledoit_wolf,2023-01-11,0.13380770363730668,0.18612547909059704,0.14166026513392282,0.15884266616873227,0.1517420377821356,0.22782184818730575
ledoit_wolf,2023-01-12,0.1337361477898458,0.1861546897192552,0.14165430925203815,0.15875311490100616,0.15174848673280567,0.2279532516050489
ledoit_wolf,2023-01-13,0.13367229676967954,0.1860436245016114,0.14173690169153583,0.1587774475718897,0.15184688999154858,0.2279228394737348
ledoit_wolf,2023-01-17,0.13362173001672906,0.18611959490197888,0.1415404954944124,0.1588667601605538,0.15188732015804135,0.22796409926828445
ledoit_wolf,2023-01-18,0.13363241156011804,0.1861440333119107,0.14153593368928172,0.15875457631671114,0.15193070685880328,0.22800233826317506
ledoit_wolf,2023-01-19,0.13343842234578243,0.18587211837977213,0.14150426344192793,0.15899256083345176,0.15170292846225283,0.228489706536813
ledoit_wolf,2023-01-20,0.13260922418498367,0.18599313377415927,0.1405515472041136,0.1587726801764346,0.1536348729689428,0.2284385416913661
ledoit_wolf,2023-01-23,0.13227504753951005,0.18671409672067812,0.14000935154039182,0.15892057112715421,0.15343127772863768,0.22864965534362816
ledoit_wolf,2023-01-24,0.13230129404257632,0.18670201457617752,0.14001202730280263,0.15891432629600338,0.15350848045323034,0.22856185732920986
ledoit_wolf,2023-01-25,0.1322879171133122,0.1867242579906468,0.14009172681116705,0.15893302910196605,0.15348559631440756,0.22847747266850035
ledoit_wolf,2023-01-26,0.13246368514720763,0.18690326174878297,0.13922711105100855,0.15879416199946372,0.15413365103051338,0.22847812902302392
ledoit_wolf,2023-01-27,0.1324445731279736,0.18652429920438746,0.13799056259276365,0.15856470173360374,0.15519283538238685,0.2292830279588846
ledoit_wolf,2023-01-30,0.13221728658971768,0.18682146575242495,0.1376925397933602,0.158581855399996,0.15541058160870747,0.22927627085579358
ledoit_wolf,2023-01-31,0.13216349223694787,0.1866250743112741,0.13777409688842063,0.15870815031446103,0.15551595089460654,0.22921323535428983
ledoit_wolf,2023-02-01,0.1315340724607639,0.1870550321009049,0.13785638962637875,0.1584453711297139,0.15532221852259803,0.2297869161596405
ledoit_wolf,2023-02-02,0.13338784991961575,0.18694662759765834,0.13949717196305825,0.15326123471785427,0.15801611336218474,0.2288910024396288
ledoit_wolf,2023-02-03,0.13341463954171312,0.18578106028688354,0.13983633015151337,0.1534729888791516,0.15828709039326488,0.2292078907474735
ledoit_wolf,2023-02-06,0.13343290390275042,0.1857748447760131,0.1398809473391607,0.15347903282665115,0.15831730713841896,0.22911496401700565
ledoit_wolf,2023-02-07,0.13326086692211087,0.18615795190328108,0.14004182262084539,0.15346539277978044,0.15853789560953685,0.2285360701644454
ledoit_wolf,2023-02-08,0.13367769215618766,0.18623690700343173,0.14050623210253585,0.153373191609018,0.15894587717433312,0.22726009995449373
ledoit_wolf,2023-02-09,0.13382532217214868,0.1862447239906021,0.14077734272450704,0.15332693664593564,0.15899231011263787,0.22683336435416865
ledoit_wolf,2023-02-10,0.13364165182858692,0.18649535594215796,0.1405730973916261,0.15335932798943433,0.15879068596184517,0.22713988088634948
ledoit_wolf,2023-02-13,0.1336300552337265,0.18641144781293004,0.14072967848498916,0.15326109524614218,0.1586649747436524,0.22730274847855975
ledoit_wolf,2023-02-14,0.13342560682114113,0.18655527866368238,0.1403707339494539,0.1533797355202943,0.15877040402847334,0.22749824101695493
ledoit_wolf,2023-02-15,0.1335246288864595,0.18651263326215137,0.14030659596461745,0.15348933407756615,0.15879582923829308,0.22737097857091243
ledoit_wolf,2023-02-16,0.13356532360718512,0.1864308783662727,0.14007020649202795,0.15354879698141594,0.15882336325384913,0.22756143129924913
ledoit_wolf,2023-02-17,0.1335275606613843,0.18637298615661493,0.14014942493860758,0.153594737497974,0.15881862189213367,0.22753666885328555
ledoit_wolf,2023-02-21,0.1334395371362149,0.1864597260242757,0.1399429470846511,0.1540045270805348,0.15881920598321247,0.22733405669111095
ledoit_wolf,2023-02-22,0.13349216396338404,0.18639182938133655,0.14043707597493188,0.15375182926474762,0.15864225795911865,0.22728484345648106
ledoit_wolf,2023-02-23,0.1329028323811053,0.18645511987038788,0.1404505481021518,0.15379323206738119,0.15892284030701137,0.22747542727196235
ledoit_wolf,2023-02-24,0.1329860406293188,0.18619174006510783,0.14065484677109305,0.153792622211431,0.1589412190650307,0.22743353125801866
ledoit_wolf,2023-02-27,0.13347470802335415,0.18608639313909178,0.14092990112272064,0.15374064628498085,0.1582778850301635,0.2274904663996891
ledoit_wolf,2023-02-28,0.13353088252447004,0.18610688232511208,0.1409137343453285,0.15371917788127937,0.1582433815124723,0.22748594141133754
ledoit_wolf,2023-03-01,0.13325067753995593,0.18591098678188903,0.14121626764768977,0.1537522988979571,0.1580937048839186,0.2277760642485896
ledoit_wolf,2023-03-02,0.13333041090264364,0.1859211203707481,0.14136924242399007,0.15379563979999356,0.15798491146157181,0.22759867504105266
ledoit_wolf,2023-03-03,0.133508760029941,0.18577866253120365,0.14143839117275012,0.1530679879233512,0.1584534486634603,0.22775274967929374
ledoit_wolf,2023-03-06,0.13358600131203385,0.18575090362692437,0.14156623268109142,0.15297754936346905,0.15848240112544906,0.22763691189103213
ledoit_wolf,2023-03-07,0.13356274930962572,0.1857971013276101,0.14131540728758873,0.1530704074584362,0.1584757601990195,0.22777857441771968
ledoit_wolf,2023-03-08,0.1337858922095226,0.18514045798820236,0.14149820140509317,0.1528438294608106,0.1584620596475087,0.22826955928886244
ledoit_wolf,2023-03-09,0.13395888573864712,0.18490452482412237,0.14415189408733506,0.15263562787811735,0.15742143023444072,0.2269276372373373
ledoit_wolf,2023-03-10,0.13394351972975233,0.18488124326446165,0.14426296286331966,0.1526676322678596,0.15741657273590656,0.22682806913870018
ledoit_wolf,2023-03-13,0.13394654064865852,0.18455206149804906,0.14436802673548782,0.15262470555690894,0.15745372407490327,0.22705494148599245
ledoit_wolf,2023-03-14,0.13392024245167253,0.1846518718870797,0.1442083772521205,0.15211065991809142,0.1579917017549298,0.22711714673610617
ledoit_wolf,2023-03-15,0.13403647011628222,0.1845871059082206,0.1444200028329987,0.15215641029970234,0.15788255486428984,0.2269174559785063
ledoit_wolf,2023-03-16,0.1339741311904877,0.1844546338442002,0.14469265993614502,0.15227245917202967,0.15819541201625759,0.2264107038408798
ledoit_wolf,2023-03-17,0.13400065781979734,0.18448191723749158,0.1447426037609247,0.15212559574191817,0.15809646424713492,0.22655276119273327
ledoit_wolf,2023-03-20,0.1340039688228122,0.18449096438820245,0.14508841141397796,0.15174834510960983,0.1580424692240142,0.22662584104138334
ledoit_wolf,2023-03-21,0.1342949695526181,0.18449416734210564,0.14455711539038044,0.15205900722686944,0.15846594495015295,0.2261287955378735
ledoit_wolf,2023-03-22,0.1345406258454496,0.18447919643903363,0.14451537015113808,0.1521196748462121,0.15836317856807644,0.22598195415009018
ledoit_wolf,2023-03-23,0.13459382130362949,0.18490380222230038,0.14476109890134714,0.15220022359117585,0.15762111522620414,0.22591993875534297
ledoit_wolf,2023-03-24,0.13465623268440666,0.1848330658130249,0.1449684815096751,0.1522610215025134,0.15764747275384475,0.2256337257365352
ledoit_wolf,2023-03-27,0.13466886632216132,0.18492948871612952,0.1449566672223408,0.15226176285543797,0.15779007649209725,0.22539313839183311
ledoit_wolf,2023-03-28,0.13471125561563846,0.18495341056665693,0.14493149275736922,0.15228215420716257,0.15779584139668668,0.22532584545648612
ledoit_wolf,2023-03-29,0.1347294161821945,0.18476351062560784,0.14484347050495533,0.15232829421356972,0.15775313973066682,0.2255821687430059
ledoit_wolf,2023-03-30,0.1347150933867424,0.1846895984266269,0.14488316479525504,0.152308524627187,0.15770778157382107,0.22569583719036754
ledoit_wolf,2023-03-31,0.13497447369624435,0.18478891997911118,0.14479443943098777,0.15241268890091297,0.1577266970653371,0.22530278092740652
ledoit_wolf,2023-04-03,0.13503055986569276,0.18477347840132086,0.1443581947044985,0.15230836650954718,0.15785886761507328,0.22567053290386732
ledoit_wolf,2023-04-04,0.13478445617329032,0.18468475492742858,0.14446929011716592,0.15233752182523624,0.1575216619639048,0.226202314992974
ledoit_wolf,2023-04-05,0.13478337444184782,0.18454308335127367,0.14435161651929743,0.1523678497301127,0.15755870751596002,0.2263953684415084
ledoit_wolf,2023-04-06,0.1348733855301093,0.18462935024882662,0.14431241969586323,0.15238686205557353,0.15767594438196925,0.2261220380876582
ledoit_wolf,2023-04-10,0.1348976196719333,0.18463598073328238,0.14434229138767865,0.15235241829179463,0.1577024997042193,0.2260691902110916
ledoit_wolf,2023-04-11,0.13487299242154271,0.18462660344579188,0.14437104794846067,0.152351536814326,0.15771515479545278,0.22606266457442603
ledoit_wolf,2023-04-12,0.13498918446693353,0.18454714543582523,0.14437848501181952,0.1524505788454665,0.15763982962824585,0.2259947766117094
ledoit_wolf,2023-04-13,0.13549786989664664,0.18409261471949134,0.14489981812237798,0.15236725137501886,0.15735677393427258,0.2257856719521927
ledoit_wolf,2023-04-14,0.13551382701562883,0.18410514772857972,0.1450339939777284,0.15237509321054332,0.1573979908643187,0.22557394720320106
ledoit_wolf,2023-04-17,0.13578299277583714,0.18409875425873182,0.14496913554153915,0.1523164081033371,0.157332874158612,0.22549983516194277
ledoit_wolf,2023-04-18,0.13582575045209114,0.18408556891860478,0.14495448895569094,0.15232088069508287,0.15734641493304977,0.2254668960454805
ledoit_wolf,2023-04-19,0.13594385063417744,0.1841689480517597,0.14501497036340733,0.15233021349875012,0.15717435595787982,0.22536766149402565
ledoit_wolf,2023-04-20,0.13587712641355243,0.1842754738921152,0.14446503805268632,0.15231178805937176,0.15735434562231843,0.22571622795995588
ledoit_wolf,2023-04-21,0.13589504919974713,0.18410981318676684,0.14439640442757487,0.152348051454054,0.1574878868790373,0.22576279485281983
ledoit_wolf,2023-04-24,0.13598054306997512,0.1841013905349489,0.14446927423088626,0.15233842507174855,0.15735512953724792,0.2257552375551933
ledoit_wolf,2023-04-25,0.13600444829649533,0.1838961093515071,0.14459627359739827,0.15236156728402644,0.1572915304604538,0.22585007101011917
ledoit_wolf,2023-04-26,0.13598342438624073,0.18394533029676893,0.14463216692849457,0.15233277850767382,0.15728965925003208,0.22581664063078985
ledoit_wolf,2023-04-27,0.13682763823761457,0.18378579414826646,0.1449383302530323,0.1505437772437281,0.1580833963929993,0.22582106372435923
ledoit_wolf,2023-04-28,0.13675762088581592,0.18383451486352392,0.14484823775918315,0.15053182122940081,0.1580432574422618,0.22598454781981434
ledoit_wolf,2023-05-01,0.13676192362016054,0.1837060751352187,0.14466054648841756,0.15085996401159654,0.15797418636290433,0.22603730438170225
ledoit_wolf,2023-05-02,0.13671358989785656,0.18390503234958216,0.14466667713638445,0.15084481408848527,0.15792851217830903,0.22594137434938255
ledoit_wolf,2023-05-03,0.13668152511052503,0.18400326752836965,0.14476763081673283,0.1507943935343878,0.15789169968253378,0.225861483327451
ledoit_wolf,2023-05-04,0.1367531510041648,0.18407154049223418,0.14474134784773401,0.1507220331120297,0.15783724487585768,0.22587468266797964
ledoit_wolf,2023-05-05,0.13662377468621742,0.18408754579818784,0.14450733638146437,0.1509018967193773,0.15795762141710987,0.22592182499764338
ledoit_wolf,2023-05-08,0.13662082006940576,0.1841970331154918,0.1444906093128177,0.15099700150822967,0.1578853638078631,0.225809172186192
ledoit_wolf,2023-05-09,0.13661866785273022,0.184191530373001,0.14448726638951137,0.15098104512945015,0.15790543147080496,0.22581605878450223
ledoit_wolf,2023-05-10,0.1366392661723322,0.1839513298454541,0.14498247624350777,0.15119407318478043,0.15791114628496455,0.22532170826896097
ledoit_wolf,2023-05-11,0.1369489533393745,0.183998856924157,0.14502643874996546,0.15133326833900818,0.15788312006270663,0.22480936258478806
ledoit_wolf,2023-05-12,0.13699674459989594,0.18385854584943598,0.14509034996480202,0.15111041987366064,0.15773719455843838,0.22520674515376707
ledoit_wolf,2023-05-15,0.13698296445878227,0.183846671978817,0.1451042987084006,0.15108996476336306,0.15775032235927774,0.2252257777313593
ledoit_wolf,2023-05-16,0.13709166023721742,0.18372460415517827,0.14516443240254606,0.15121916157684334,0.15767133568311587,0.22512880594509893
ledoit_wolf,2023-05-17,0.1370555435911725,0.1837027801266081,0.14502503916880624,0.1512851428841016,0.1577121768724675,0.22521931735684392
ledoit_wolf,2023-05-18,0.1369566904027185,0.18386346807651205,0.14525827200381913,0.15158762711855037,0.15681877055580878,0.2255151718425913
ledoit_wolf,2023-05-19,0.13693831081419916,0.18382444357901168,0.14531763068515924,0.1515909753869084,0.1567930757646525,0.225535563770069
ledoit_wolf,2023-05-22,0.13708113079602033,0.1837326055083235,0.1453221728939345,0.1515210281186199,0.15691985531313074,0.225423207369971
ledoit_wolf,2023-05-23,0.13702956860236604,0.18387159412833073,0.14532669430299097,0.15157653285986203,0.15689496276400577,0.22530064734244437
ledoit_wolf,2023-05-24,0.1370989756649083,0.18366773036677483,0.14546600152239625,0.15154311878472806,0.15666726621516933,0.22555690744602327
ledoit_wolf,2023-05-25,0.13457448455716942,0.18465817642780413,0.1459130115526174,0.15185671717321542,0.15742815993669315,0.2255694503525005
ledoit_wolf,2023-05-26,0.13477326954239616,0.1843172281087411,0.14583814428556505,0.15183187419547778,0.15712086531760028,0.22611861855021964
ledoit_wolf,2023-05-30,0.13471836494202202,0.18431059837993552,0.14568925567650293,0.1519163862377411,0.15696080224522121,0.22640459251857714
ledoit_wolf,2023-05-31,0.1346216341239087,0.18429668924382295,0.14574057412511165,0.151955168176833,0.15699714658980096,0.22638878774052273
ledoit_wolf,2023-06-01,0.1344434590684828,0.1842943091913729,0.14579149892394774,0.15188337382760658,0.15701075379542845,0.2265766051931616
ledoit_wolf,2023-06-02,0.13447565281578838,0.18426767883739867,0.14575207971649012,0.15189806855003998,0.15704221952721936,0.22656430055306348
ledoit_wolf,2023-06-05,0.1343418565952347,0.18425780153820429,0.14595189542738032,0.15187845085445711,0.15705920359329453,0.22651079199142915
ledoit_wolf,2023-06-06,0.13441830019156725,0.1840914807121626,0.14610537072579435,0.15181491575103098,0.15698567016355475,0.22658426245589008
ledoit_wolf,2023-06-07,0.1344055688581402,0.1838044750143517,0.14648180411129955,0.15186315328935013,0.15725992704749567,0.22618507167936266
ledoit_wolf,2023-06-08,0.13437940316555244,0.1836728819948463,0.1463100917248037,0.15196940623414387,0.15721324409894835,0.22645497278170545
ledoit_wolf,2023-06-09,0.13440517893433515,0.18373433704703795,0.14621234016831738,0.15201103717437855,0.15716151433495643,0.22647559234097453
ledoit_wolf,2023-06-12,0.13439258012317823,0.18369914154562803,0.14622339029390788,0.1519567500885856,0.15719175583294573,0.22653638211575455
ledoit_wolf,2023-06-13,0.13430130807339452,0.18379907863021824,0.14611811080688655,0.15203230480230953,0.1571038297741825,0.2266453679130086
ledoit_wolf,2023-06-14,0.134177879934783,0.18382958597851265,0.1461488001917242,0.15204311673470902,0.15713637212063303,0.22666424503963814
ledoit_wolf,2023-06-15,0.13423799959263463,0.1837721927884951,0.14626372332390683,0.1519238073995742,0.15716089030555255,0.2266413865898367
ledoit_wolf,2023-06-16,0.13426462136034528,0.18374592342111368,0.14634472896779294,0.1519588673010271,0.15708681849757727,0.22659904045214374
ledoit_wolf,2023-06-20,0.13436856849437895,0.18387331718043526,0.1461319074199981,0.15192675826375054,0.15706014996788226,0.22663929867355487
ledoit_wolf,2023-06-21,0.1344244943076809,0.1840384882406478,0.1458538562562401,0.1520826267794098,0.15703197598895843,0.22656855842706303
ledoit_wolf,2023-06-22,0.1345706761090872,0.18377699138707698,0.1458661328136838,0.15214207881551892,0.1572075471730677,0.2264365737015654
ledoit_wolf,2023-06-23,0.13457239811462518,0.18380552955296703,0.14574184543383786,0.1522389246774754,0.15730018499146514,0.2263411172296294
ledoit_wolf,2023-06-26,0.13458007978202194,0.18407464099943258,0.14560099244579955,0.15222265216636413,0.15751914286346694,0.22600249174291487
ledoit_wolf,2023-06-27,0.13452310689123437,0.1839812898522379,0.14554398430756876,0.15212195975972942,0.15763552183401633,0.2261941373552131
ledoit_wolf,2023-06-28,0.13461537471849983,0.18405211516054495,0.1455188955198764,0.15217924780298556,0.15752602356677906,0.22610834323131418
ledoit_wolf,2023-06-29,0.13479360841511176,0.18399683020021912,0.14557519239125824,0.15236001887003503,0.15746316922926115,0.22581118089411473
ledoit_wolf,2023-06-30,0.1347090593956971,0.18394726255119548,0.1456240172291224,0.15237329202305328,0.157378926087423,0.22596744271350863
ledoit_wolf,2023-07-03,0.13474383639566298,0.18399211726937756,0.145409858362341,0.15243568998010334,0.15742229692686946,0.22599620106564558
ledoit_wolf,2023-07-05,0.13481092458721528,0.18402781091707363,0.14540496943347142,0.1523934755970634,0.15744140183244856,0.2259214176327276
ledoit_wolf,2023-07-06,0.13484243899383574,0.18408515028514585,0.14531458303755115,0.15236831852715077,0.15737174853078936,0.22601776062552717
ledoit_wolf,2023-07-07,0.1348311270093553,0.1842947894162609,0.1451814236778904,0.15230017228389817,0.15738241646330536,0.2260100711492898
ledoit_wolf,2023-07-10,0.13488059037820677,0.18418944155749994,0.14521031717870278,0.15241967173967516,0.15749244845586396,0.2258075306900513
ledoit_wolf,2023-07-11,0.1349265602089265,0.18409917319231375,0.14518295772207274,0.15242063640602008,0.1575281364325146,0.2258425360381524
ledoit_wolf,2023-07-12,0.13485929189602452,0.1840872710814834,0.14527972483388552,0.15231129353020206,0.15763178820219134,0.22583063045621316
ledoit_wolf,2023-07-13,0.13482263881321394,0.18402693911214799,0.1455797543664264,0.15255466697698075,0.15780245084333405,0.2252135498878969
ledoit_wolf,2023-07-14,0.13482704837143822,0.18406190478964357,0.14564431359692706,0.15253108119164177,0.15774164517844302,0.2251940068719064
ledoit_wolf,2023-07-17,0.13482342045042242,0.18411602677202699,0.1456105181655732,0.15255231114055906,0.1576671606343939,0.22523056283702428
ledoit_wolf,2023-07-18,0.13493327544396072,0.18420666370956765,0.1455560607200012,0.152537433824578,0.15742150388154383,0.22534506242034857
ledoit_wolf,2023-07-19,0.13508312535584988,0.1842284940008049,0.14552091617845622,0.15249856280025992,0.1574790704300796,0.22518983123454953
ledoit_wolf,2023-07-20,0.13550777952017157,0.18439928333623437,0.14474144750260287,0.15272709973568024,0.1567742207118163,0.22585016919349452
ledoit_wolf,2023-07-21,0.13538142347971813,0.18446521640706526,0.14476959385891816,0.15265298903891367,0.15667434522426776,0.22605643199111705
ledoit_wolf,2023-07-24,0.13543524550080907,0.184513233812347,0.1446953484600943,0.15270152497041706,0.15661857911899985,0.2260360681373328
ledoit_wolf,2023-07-25,0.13541384623595207,0.18454678494485474,0.14468886742209347,0.15270947072572544,0.15660402163444959,0.22603700903692467
ledoit_wolf,2023-07-26,0.1353595562558138,0.18456422205968595,0.14459170584748762,0.15293979994189308,0.1566338137868285,0.22591090210829115
ledoit_wolf,2023-07-27,0.13530911844342333,0.18458767639782048,0.14461861903287962,0.15294501420410728,0.15661579387747204,0.22592377804429722
ledoit_wolf,2023-07-28,0.1354996557915391,0.18458924581816763,0.14458110534922153,0.1528081355955269,0.15655830975958074,0.22596354768596405
ledoit_wolf,2023-07-31,0.13549297739072363,0.1844838251340514,0.14452893796164373,0.1528435548435931,0.15644601375024114,0.22620469091974715
ledoit_wolf,2023-08-01,0.13549405783079546,0.1844560892807317,0.14444571414530932,0.15294610135690573,0.15647607838055633,0.22618195900570165
ledoit_wolf,2023-08-02,0.1352902207782787,0.1850268572842863,0.14431733606023742,0.15291164275108388,0.1564286295889503,0.22602531353716335
ledoit_wolf,2023-08-03,0.13530041137762144,0.18501773091737037,0.14433187489269145,0.1529014766783574,0.15641802143740216,0.22603048469655707
ledoit_wolf,2023-08-04,0.13535105752609614,0.18454283482316783,0.14447227525664194,0.15300297702427196,0.1564703695989183,0.22616048577090367
ledoit_wolf,2023-08-07,0.13542530752870097,0.18448446961001744,0.1446368014627657,0.15306420601235482,0.15647552219118305,0.22591369319497812
ledoit_wolf,2023-08-08,0.13541334610346936,0.1844220122800909,0.1446233940226674,0.15305401475868113,0.1565094249515739,0.22597780788351735
ledoit_wolf,2023-08-09,0.1352550737102613,0.18451904863249802,0.14462781789820903,0.15302008440897255,0.15653359388055868,0.22604438146950034
ledoit_wolf,2023-08-10,0.13525290993464079,0.18450717945686573,0.14463600249449374,0.1530103483938685,0.1565281473168818,0.22606541240324948
ledoit_wolf,2023-08-11,0.13517509094964406,0.18458071019644687,0.14463955410709178,0.15298665010313983,0.15649087987950583,0.2261271147641716
ledoit_wolf,2023-08-14,0.1349033089155575,0.1845961365457186,0.14484711423160318,0.15301219043207703,0.1565209443551305,0.22612030551991325
ledoit_wolf,2023-08-15,0.13499940930198054,0.18452019091041263,0.1448123944667375,0.15302390607138994,0.15652749879820194,0.22611660045127754
ledoit_wolf,2023-08-16,0.1350694129974709,0.18448338015305157,0.14472468287648937,0.15297423266055601,0.1565354163700373,0.22621287494239495
ledoit_wolf,2023-08-17,0.1351231870086976,0.18448893207659456,0.14471671000010358,0.15283688059069542,0.15641837239773732,0.2264159179261714
ledoit_wolf,2023-08-18,0.13518483509257473,0.1845305110843163,0.14476544741009503,0.1528845826852094,0.1563278487727463,0.22630677495505827
ledoit_wolf,2023-08-21,0.13471716320941232,0.18479556539190028,0.14428733265755458,0.15294050082811422,0.15656633466558753,0.22669310324743114
ledoit_wolf,2023-08-22,0.13477561985933698,0.1847429414812771,0.14420528782529676,0.15290563796198325,0.15668860983121372,0.22668190304089228
ledoit_wolf,2023-08-23,0.13491935631048463,0.1848305226295655,0.1442632128536484,0.152913363283964,0.15653718897794097,0.22653635594439642
ledoit_wolf,2023-08-24,0.13536298264287794,0.18476231277538674,0.14434474363602062,0.15280124931289515,0.15618224909745568,0.22654646253536387
ledoit_wolf,2023-08-25,0.13541862866786894,0.1847605542722539,0.14427205097288967,0.15283238420100306,0.15613107992257616,0.22658530196340834
ledoit_wolf,2023-08-28,0.13541616820159008,0.1847847107412876,0.144291838118458,0.15281273867871417,0.15612076835485703,0.2265737759050932
ledoit_wolf,2023-08-29,0.13543755804526963,0.18509629722949641,0.14385800611658928,0.1529378128713551,0.15619377723821548,0.22647654849907423
ledoit_wolf,2023-08-30,0.13544687571548764,0.18504008102987013,0.14383226607302288,0.15298131594336467,0.15616531638591702,0.22653414485233778
ledoit_wolf,2023-08-31,0.1353812489590762,0.1850684725921161,0.14388773877687175,0.15302826514848408,0.15617074121962823,0.22646353330382363
ledoit_wolf,2023-09-01,0.13534381260248207,0.18511985544306928,0.14376517259327737,0.15305125162097233,0.1562490078061181,0.22647089993408087
ledoit_wolf,2023-09-05,0.13537830276743237,0.18520386942314845,0.14361591670211318,0.15303652752534233,0.15624329872954493,0.2265220848524189
ledoit_wolf,2023-09-06,0.1352966746170638,0.1851807821061536,0.14359379116305174,0.15312149267705158,0.15623907842405438,0.22656818101262483
ledoit_wolf,2023-09-07,0.13532066878442042,0.18517555400110663,0.14358616238132804,0.1531170845781967,0.15623761837055164,0.22656291188439653
ledoit_wolf,2023-09-08,0.13521823114496687,0.1851739266935078,0.14362958396104825,0.15313201412167526,0.1563109184112396,0.2265353256675623
ledoit_wolf,2023-09-11,0.13560579038887619,0.18492969313183372,0.14296605127918205,0.1530684259664804,0.15654570338119747,0.2268843358524302
ledoit_wolf,2023-09-12,0.13567043448824337,0.18497070084911688,0.14292631962863295,0.1530398822447722,0.15651982044775664,0.2268728423414779
ledoit_wolf,2023-09-13,0.13561702340991444,0.1849041721913033,0.14295356731985098,0.15300228350200445,0.15659105416840077,0.22693189940852607
ledoit_wolf,2023-09-14,0.13563713784963705,0.1849172014842011,0.14292906805623795,0.15298291738186512,0.15665320571234584,0.2268804695157129
ledoit_wolf,2023-09-15,0.13552820321927542,0.18476114425503515,0.1430317472908094,0.15284891786565663,0.1567734488853384,0.227056538483885
ledoit_wolf,2023-09-18,0.13551490870379362,0.18476114465574342,0.14300103054109473,0.1528183716363691,0.15677033559222983,0.2271342088707694
ledoit_wolf,2023-09-19,0.13550919702822273,0.18473649004235135,0.14300719436019257,0.1528309022410984,0.15677614872588552,0.22714006760224947
ledoit_wolf,2023-09-20,0.1355111365490302,0.18479641868602925,0.14305757250303655,0.15296425654059978,0.15670997435650863,0.2269606413647956
ledoit_wolf,2023-09-21,0.13556851664019434,0.18459632205945692,0.14316346916196868,0.153077171331841,0.15688279008548303,0.22671173072105597
ledoit_wolf,2023-09-22,0.13560254692646556,0.18459723119233973,0.14310427622779517,0.15311320868166983,0.15686433659557034,0.22671840037615948
ledoit_wolf,2023-09-25,0.13566053024191582,0.1845663528242798,0.14313173966248924,0.15294612946340178,0.15693802342848934,0.22675722437942405
ledoit_wolf,2023-09-26,0.1357862641213651,0.18433409748356588,0.1431718692917553,0.15305614674381707,0.15697328447142936,0.22667833788806735
ledoit_wolf,2023-09-27,0.13572443506299223,0.18432589911540037,0.14322488191405644,0.15309504551701927,0.156955518499043,0.22667421989148873
ledoit_wolf,2023-09-28,0.13574203464540832,0.18439561346777844,0.14316103013887957,0.15304893249016302,0.15701922626264536,0.22663316299512526
ledoit_wolf,2023-09-29,0.13581769811883132,0.18433768851366403,0.14296478962179793,0.1530776489105018,0.15678146286534478,0.22702071196986023
ledoit_wolf,2023-10-02,0.13579721340092796,0.18433012660376763,0.14307241597883802,0.15307774720241366,0.1568715617682515,0.22685093504580117
ledoit_wolf,2023-10-03,0.13577007078357606,0.18410503289491725,0.1431017656748433,0.15311136396383104,0.1570002966564032,0.2269114700264292
ledoit_wolf,2023-10-04,0.13585540059975126,0.18407337906410373,0.14283345016819626,0.1531694867392508,0.15717254895960467,0.22689573446909334
ledoit_wolf,2023-10-05,0.13603967124806768,0.18413039462238803,0.14249434705089625,0.15338560548570657,0.15702866215819963,0.2269213194347419
ledoit_wolf,2023-10-06,0.13611482153714666,0.18402743344072744,0.14243555504608232,0.15325134747886193,0.15727487266903936,0.22689596982814225
ledoit_wolf,2023-10-09,0.13612820132896233,0.18405232880093872,0.1424202627704126,0.15321922605373064,0.15725900130939324,0.22692097973656247
ledoit_wolf,2023-10-10,0.136139428049766,0.18406913390814178,0.14242553184891177,0.15317122548443615,0.15723512458763933,0.22695955612110502
ledoit_wolf,2023-10-11,0.13612987283777492,0.18402545411592658,0.14248308448484273,0.15314422036299633,0.15735227229796847,0.22686509590049103
ledoit_wolf,2023-10-12,0.13615687042059146,0.1841063873020061,0.14242070012605404,0.15315169477478185,0.15733921618489063,0.22682513119167577
ledoit_wolf,2023-10-13,0.13609600326776125,0.18409813054576712,0.14235063502425896,0.15308689810886464,0.15740961221648142,0.22695872083686663
ledoit_wolf,2023-10-16,0.13613554860858523,0.18405157226550073,0.14238062974442214,0.15304715861098603,0.15742008664143523,0.22696500412907075
ledoit_wolf,2023-10-17,0.13611305891526554,0.18393656835067268,0.14234940717824923,0.15304998217517807,0.15732782831185732,0.22722315506877716
ledoit_wolf,2023-10-18,0.13600917350703134,0.18404176805812253,0.14224217233313574,0.15304983925344987,0.15729193784286016,0.22736510900540033
ledoit_wolf,2023-10-19,0.1360227893475446,0.18402469112183312,0.14266579048787037,0.1532687386191191,0.15668614839361478,0.22733184203001822
ledoit_wolf,2023-10-20,0.136049712877201,0.1839314993948516,0.1425634935834152,0.15332651002057177,0.15682448763168877,0.22730429649227163
ledoit_wolf,2023-10-23,0.13595523580769864,0.18393599088589999,0.14260024323828183,0.1532710664330399,0.15685953535027725,0.22737792828480236
ledoit_wolf,2023-10-24,0.1360081739771076,0.18383566964966658,0.14266519417813173,0.15329776724618915,0.15705057636876973,0.22714261858013512
ledoit_wolf,2023-10-25,0.1362679093805686,0.18380838405936903,0.14320649344361858,0.15387811700445217,0.1578546502351363,0.22498444587685537
ledoit_wolf,2023-10-26,0.13617154289621133,0.18367105974215642,0.14402826920352652,0.1537231291619343,0.15786817428753236,0.224537824708639
ledoit_wolf,2023-10-27,0.1364028145576396,0.18319426860494184,0.1440468948876923,0.15350640107778765,0.15804808360366154,0.22480153726827698
ledoit_wolf,2023-10-30,0.13632068256886182,0.18293770763528247,0.14439036285974322,0.15339164556262416,0.15787378632162255,0.22508581505186567
ledoit_wolf,2023-10-31,0.13633120698263607,0.1829710073326277,0.14450251929175414,0.153396105643004,0.15788749451255557,0.22491166623742267
ledoit_wolf,2023-11-01,0.1363300956535325,0.18259100202699893,0.1446587585139863,0.15337286731671712,0.15803291276094378,0.22501436372782155
ledoit_wolf,2023-11-02,0.136307147711666,0.18261689676976328,0.14453222401191063,0.1535538635477003,0.15804684754159545,0.22494302041736436
ledoit_wolf,2023-11-03,0.1362291399013756,0.18268804487817458,0.14457942058017098,0.15357370478288035,0.158023462348508,0.2249062275088905
ledoit_wolf,2023-11-06,0.13614350507636647,0.18275070844084373,0.14470429493831424,0.15354504026735183,0.1580222050205877,0.22483424625653614
ledoit_wolf,2023-11-07,0.13687632899917548,0.18279303687182025,0.1445857474265618,0.15344623836897606,0.15756720739007604,0.2247314409433905
ledoit_wolf,2023-11-08,0.13686836613808487,0.18280071198013653,0.14459270488991433,0.15344074294620083,0.15758173953354793,0.22471573451211557
ledoit_wolf,2023-11-09,0.13691150575770047,0.18281569039404674,0.14447930783318497,0.15351639724138605,0.15760907493709617,0.22466802383658566
ledoit_wolf,2023-11-10,0.1368662504558513,0.18252290772913915,0.14504169836539377,0.15352383273303763,0.15746572694161098,0.22457958377496715
ledoit_wolf,2023-11-13,0.13697275708292211,0.18264176835013632,0.14467356253285044,0.1535519469377978,0.15746044931129902,0.2246995157849943
ledoit_wolf,2023-11-14,0.13707878281162056,0.1825870988253614,0.14436788485561544,0.15355930072952,0.1576241951757521,0.2247827376021304
ledoit_wolf,2023-11-15,0.13698997462117055,0.18261188554009983,0.14410828783528223,0.1536960593054553,0.1577251213852415,0.2248686713127505
ledoit_wolf,2023-11-16,0.13699325426311149,0.18261034660889436,0.14414319024561156,0.15368243196674092,0.15772267139769555,0.22484810551794623
ledoit_wolf,2023-11-17,0.13699145191827797,0.18259592662757015,0.14420677964785564,0.15364658439035606,0.1577395595176734,0.2248196978982669
ledoit_wolf,2023-11-20,0.13695248442968788,0.18262201002236894,0.14424466910543077,0.15363445914723592,0.15770898117389942,0.22483739612137696
ledoit_wolf,2023-11-21,0.1373194245680536,0.18289350280459568,0.14413812714274654,0.15341432690955817,0.1574407774554957,0.22479384111955028
ledoit_wolf,2023-11-22,0.13743980307752587,0.18280098958729768,0.14425507497375561,0.15346065804028844,0.15738033559787318,0.2246631387232593
ledoit_wolf,2023-11-24,0.1374778073422022,0.18294158750830491,0.14403928271878852,0.15339282065557222,0.15747241950241267,0.22467608227271943
ledoit_wolf,2023-11-27,0.13746262202372755,0.1828722082469804,0.14415001338966546,0.15340477139564287,0.15746320528264512,0.22464717966133863
ledoit_wolf,2023-11-28,0.13756259802479648,0.1828904956059107,0.1440478224727081,0.1533982406954919,0.1574835330937209,0.224617310107372
ledoit_wolf,2023-11-29,0.13768824424334522,0.1829244637751225,0.14408424504453113,0.1533608673349786,0.1572025602363794,0.22473961936564327
ledoit_wolf,2023-11-30,0.13786323676371112,0.1829282328254778,0.14427541637028174,0.15323349051887988,0.15694950459551793,0.22475011892613148
ledoit_wolf,2023-12-01,0.13783479051672579,0.18288073618667522,0.14402339995404742,0.1533621812046548,0.15700406040755327,0.22489483173034344
ledoit_wolf,2023-12-04,0.13787468053669036,0.18280848131638833,0.14421450768945016,0.15359277512848454,0.1570735514553311,0.2244360038736555
ledoit_wolf,2023-12-05,0.1378631724011262,0.18276861990516186,0.14419330407120706,0.1536558276263118,0.15709807873778409,0.2244209972584091
ledoit_wolf,2023-12-06,0.13797249203631656,0.18262183374896282,0.1445812594394222,0.15357521109327305,0.157054620082192,0.22419458359983324
ledoit_wolf,2023-12-07,0.13799890650792224,0.18280975552417378,0.14472112935246292,0.15371106838930568,0.15728509372859906,0.22347404649753635
ledoit_wolf,2023-12-08,0.13841326673046267,0.18274792454431563,0.1447460627272648,0.15338077922071186,0.15708016671716862,0.22363180006007635
ledoit_wolf,2023-12-11,0.13834261175285475,0.18273379865388775,0.1447513750240677,0.1533685429480138,0.15719729215064795,0.22360637947052797
ledoit_wolf,2023-12-12,0.13845224177282997,0.18261510759401572,0.14508970710075086,0.15314175293660404,0.15725206394157126,0.22344912665422823
ledoit_wolf,2023-12-13,0.13846879463994982,0.18261832335140418,0.14508924725813263,0.1531806001675155,0.1571398705749431,0.2235031640080547
ledoit_wolf,2023-12-14,0.13880330443140174,0.18256580306786502,0.14526699384692995,0.15283918990087675,0.1570449030284163,0.22347980572451012
ledoit_wolf,2023-12-15,0.13877692074703576,0.18250391787972828,0.14526933737138778,0.15284194913806098,0.15707025245195744,0.2235376224118296
ledoit_wolf,2023-12-18,0.13920218332563639,0.18244301434334811,0.14539465668423274,0.15276383334945037,0.1568474120252956,0.22334890027203677
ledoit_wolf,2023-12-19,0.13963202883036072,0.1824556055524478,0.14553431622515828,0.152587738402885,0.15670471880707887,0.22308559218206916
ledoit_wolf,2023-12-20,0.1395786621179904,0.18237462265739862,0.14537603257478654,0.15259824960138318,0.15669480681817705,0.22337762623026422
ledoit_wolf,2023-12-21,0.13955227773788545,0.18244980677028894,0.1454059450431367,0.15268478154679868,0.15665293346712067,0.22325425543476962
ledoit_wolf,2023-12-22,0.13970875651633427,0.18239918013347628,0.1455266788236163,0.1526777339650147,0.15655561110322347,0.22313203945833493
ledoit_wolf,2023-12-26,0.13962176563731402,0.18227369215900782,0.1458538992254912,0.15245438085934054,0.1565206521772136,0.2232756099416329
ledoit_wolf,2023-12-27,0.13959091744660646,0.18220426045232357,0.14603687563597495,0.15246364456088293,0.15646017790572725,0.22324412399848478
ledoit_wolf,2023-12-28,0.13973925385439148,0.18204606954274272,0.14604281562584187,0.15258472781366908,0.15637471703982395,0.2232124161235311
ledoit_wolf,2023-12-29,0.13979510597571504,0.18200270712234615,0.14601145172413652,0.1525594862628133,0.15637765995907207,0.22325358895591693
ledoit_wolf,2024-01-02,0.139754316461053,0.1820512819495104,0.1461392738767624,0.152552882875018,0.15622388433515186,0.22327836050250432
ledoit_wolf,2024-01-03,0.13975603738773554,0.18203176431135817,0.1460550262270439,0.15254097204569966,0.15625241099265666,0.22336378903550608
ledoit_wolf,2024-01-04,0.13975269410276905,0.1819614583249455,0.14605970952688918,0.15263111392917603,0.15630332510448716,0.22329169901173299
ledoit_wolf,2024-01-05,0.13964504302893058,0.18196624333155662,0.14711868198259884,0.15241905880106674,0.15592622722619265,0.22292474562965445
ledoit_wolf,2024-01-08,0.1394123039943127,0.18196509157538965,0.14744738816852554,0.15247706319262067,0.1559445106473879,0.22275364242176351
ledoit_wolf,2024-01-09,0.13952743157339118,0.18143133157094865,0.14756208660223158,0.1523350864728003,0.15587932263559875,0.22326474114502953
ledoit_wolf,2024-01-10,0.13948108469324036,0.18140561570308655,0.1476463903363859,0.15220415775624072,0.15599588938874234,0.22326686212230418
ledoit_wolf,2024-01-11,0.13957593632318455,0.1813087957364905,0.14777786968070541,0.15212398813299038,0.15601960506427875,0.22319380506235031
ledoit_wolf,2024-01-12,0.13957287659013176,0.18127837293204901,0.14776749482362045,0.15212062746047555,0.1560119651127394,0.22324866308098368
ledoit_wolf,2024-01-16,0.13961489329675555,0.18135524292739946,0.14774867482764137,0.15212237800499154,0.15592666297873858,0.2232321479644734
ledoit_wolf,2024-01-17,0.13960590268092024,0.18130877110740481,0.14780217775972204,0.15211857561209122,0.1559002257387372,0.2232643471011244
ledoit_wolf,2024-01-18,0.13974357002109294,0.1811615882685746,0.1482803189359188,0.15187273965111964,0.1558786874921445,0.2230630956311496
ledoit_wolf,2024-01-19,0.13962851074149027,0.1811534918540609,0.14838817130012671,0.1518822320727169,0.15600869977536375,0.22293889425624136
ledoit_wolf,2024-01-22,0.13970610233388578,0.18103958178374316,0.14822041080476844,0.15200567165559978,0.15600200908713072,0.22302622433487213
ledoit_wolf,2024-01-23,0.1398099833018018,0.18107907642289253,0.14832508292439614,0.15192222311969028,0.155872750846815,0.2229908833844043
ledoit_wolf,2024-01-24,0.1399591411806429,0.18146082999773475,0.14847379873439995,0.1519799059933518,0.15502439388284486,0.22310193021102584
ledoit_wolf,2024-01-25,0.13885071423181708,0.1814277136150101,0.14754965864085628,0.15106277356394618,0.15949347399523378,0.22161566595313656
ledoit_wolf,2024-01-26,0.13886929418329366,0.18140770835414893,0.14755590443899239,0.15105653605236305,0.1594951611281961,0.22161539584300594
ledoit_wolf,2024-01-29,0.1389423160096673,0.1814312132264711,0.14705552360489732,0.1509168085238567,0.15985141672692021,0.22180272190818726
ledoit_wolf,2024-01-30,0.13899918621304355,0.18139118632722823,0.1471198734762782,0.15093432804992338,0.15977989074396118,0.2217755351895654
ledoit_wolf,2024-01-31,0.13933850165620945,0.1815013427858518,0.14774473263871463,0.151113536382159,0.1599226638203507,0.22037922271671445
ledoit_wolf,2024-02-01,0.1393780843546244,0.18149629841897516,0.14771054895773358,0.15108303820150445,0.15962349716393975,0.22070853290322248
ledoit_wolf,2024-02-02,0.13962736073338672,0.18001785316364968,0.14980219476246834,0.147477185747721,0.16236935265450256,0.22070605293827167
ledoit_wolf,2024-02-05,0.13958195288967792,0.17990776135891423,0.1495390565311739,0.14737215402779155,0.16279844535712681,0.22080062983531565
ledoit_wolf,2024-02-06,0.13957427390636185,0.1798317786891839,0.14947354165283,0.1473467183946619,0.162564678977981,0.2212090083789813
ledoit_wolf,2024-02-07,0.13837527935569313,0.18016476030586218,0.14735230439579747,0.1532126769959066,0.16167529235702727,0.21921968658971325
ledoit_wolf,2024-02-08,0.13802818468158992,0.18232979004144625,0.14731195354014107,0.1525982085000497,0.16128073761302394,0.21845112562374902
ledoit_wolf,2024-02-09,0.13770884206679582,0.1819867653990071,0.14728387800190892,0.15304289558835502,0.16140092140953644,0.21857669753439682
ledoit_wolf,2024-02-12,0.13776279454083154,0.18202288959480684,0.14724016996197722,0.1530248330523945,0.16140867033556422,0.2185406425144257
ledoit_wolf,2024-02-13,0.1381538024998105,0.18158607364506227,0.1470780595695453,0.15329701546096647,0.1614589942774371,0.2184260545471782
ledoit_wolf,2024-02-14,0.13824535444786631,0.18156677566030152,0.14708943769868635,0.15320195059895142,0.1611774414947447,0.2187190400994498
ledoit_wolf,2024-02-15,0.1386989632513745,0.18153479336320463,0.14693279385099706,0.15301207928896213,0.16099516687722218,0.21882620336823935
ledoit_wolf,2024-02-16,0.138742530581096,0.18162031515378604,0.14700490371493025,0.15288036067911034,0.16097995448331529,0.21877193538776207
ledoit_wolf,2024-02-20,0.13919659229645018,0.18128929059173637,0.14716791672184693,0.15275132047155765,0.16094666365569443,0.21864821626271438
ledoit_wolf,2024-02-21,0.1391736617472895,0.18126957148461262,0.14716655375684778,0.1527778870477591,0.16098230237071304,0.21863002359277803
ledoit_wolf,2024-02-22,0.13780434483148193,0.18085356129298588,0.14777133795162592,0.15285568994125628,0.16104069279093178,0.21967437319171823
ledoit_wolf,2024-02-23,0.13793190335253924,0.18088625243992404,0.14774802652535107,0.15281486286398452,0.1608563430627368,0.21976261175546438
ledoit_wolf,2024-02-26,0.13786619965995528,0.1808769720862355,0.14799113761924076,0.15282971272650617,0.16104627643372424,0.21938970147433795
ledoit_wolf,2024-02-27,0.13795368765812613,0.1810402099636598,0.14843510174452815,0.15258104574660072,0.16089061168845203,0.2190993431986332
ledoit_wolf,2024-02-28,0.13792851475164172,0.1810619980409544,0.14837735925206572,0.1523883699653266,0.16111302355817897,0.21913073443183256
ledoit_wolf,2024-02-29,0.13792807089560014,0.181031331750591,0.14844385969952484,0.15240529873803335,0.16107449898048734,0.21911693993576328
ledoit_wolf,2024-03-01,0.13776275601667703,0.18092504991092082,0.1488220244148588,0.1522670939075928,0.16095309216678072,0.21926998358316982
ledoit_wolf,2024-03-04,0.1382128888840765,0.18101870553794486,0.14836355221247674,0.1524728773758827,0.16105149439575275,0.21888048159386628
ledoit_wolf,2024-03-05,0.13844426806065074,0.1809547169138461,0.14825530800227854,0.15251992555395913,0.1608461001815432,0.2189796812877222
ledoit_wolf,2024-03-06,0.13840807122049414,0.18104703032580144,0.1484335020386904,0.15253708830048215,0.16093624069061846,0.21863806742391348
ledoit_wolf,2024-03-07,0.13839031934773172,0.18109727959971614,0.14843705752662253,0.15247308261177808,0.16102813961370996,0.21857412130044157
ledoit_wolf,2024-03-08,0.13835966859259177,0.18143087857294615,0.14805829617198624,0.15266541464847194,0.1605798106103701,0.2189059314036338
ledoit_wolf,2024-03-11,0.13830819501147998,0.1813386567630808,0.14815660018924487,0.15250528147731723,0.16056759268340345,0.21912367387547366
ledoit_wolf,2024-03-12,0.1381549675306838,0.18077772209200793,0.1482040359284825,0.15223919534124916,0.16065836577346898,0.21996571333410755
ledoit_wolf,2024-03-13,0.13814712764575698,0.18075607986087652,0.14810038288971558,0.15223700214521665,0.16067250881706063,0.2200868986413736
ledoit_wolf,2024-03-14,0.1379854404776748,0.18040535172114,0.14824396233436213,0.15233951650899724,0.16093042209187072,0.22009530686595508
ledoit_wolf,2024-03-15,0.13807368279006996,0.18029297820807244,0.1483888765252757,0.15201983463450372,0.16092760264265185,0.22029702519942645
ledoit_wolf,2024-03-18,0.13879197772967056,0.18082715924386697,0.14808509566669367,0.1518120503446272,0.16099215767911285,0.2194915593360287
ledoit_wolf,2024-03-19,0.13897541497184904,0.1807583042936337,0.14805589407410555,0.15201417394958538,0.1608351761371166,0.21936103657370976
ledoit_wolf,2024-03-20,0.13888676554177729,0.18087490198032044,0.14812480618204332,0.15197013599695916,0.16102963160243533,0.21911375869646457
ledoit_wolf,2024-03-21,0.13926071950676283,0.1807972615395571,0.14815564003532808,0.15206682562111795,0.16086988013204973,0.2188496731651845
ledoit_wolf,2024-03-22,0.13919190136359547,0.18082510424072762,0.1482127324145848,0.15213754149002914,0.16090318825899377,0.21872953223206915
ledoit_wolf,2024-03-25,0.13873347956722829,0.18074662549375123,0.14876038361897606,0.15204914657664975,0.16080250867284096,0.21890785607055385
ledoit_wolf,2024-03-26,0.13881964010677547,0.18069287966361625,0.14865654814262766,0.1520359251169021,0.16086894769174823,0.21892605927833023
ledoit_wolf,2024-03-27,0.1394239745871119,0.18037364144110468,0.148570684640368,0.1520367468426491,0.16052558558398458,0.21906936690478188
ledoit_wolf,2024-03-28,0.13945534705757173,0.1804120124720822,0.14852485602201274,0.15198700370519957,0.16051336926863144,0.21910741147450244
ledoit_wolf,2024-04-01,0.13945184619939743,0.18057606520708927,0.14909985993206987,0.15186946720140587,0.16042369770019593,0.21857906375984168
ledoit_wolf,2024-04-02,0.13942745499862566,0.18050863786940924,0.14891020552780992,0.15202558781941886,0.16059429426925445,0.21853381951548181
ledoit_wolf,2024-04-03,0.1396119898028894,0.18054756687771212,0.14881270690069773,0.1519491388766373,0.16062209278550574,0.21845650475655767
ledoit_wolf,2024-04-04,0.13945469523608364,0.18057460193597352,0.14894891919164885,0.1521413485250584,0.16056325965697052,0.2183171754542651
ledoit_wolf,2024-04-05,0.1394283547414589,0.18044647215097567,0.14927403858481597,0.1520651337118681,0.1604672738076244,0.21831872700325694
ledoit_wolf,2024-04-08,0.13920469442130098,0.18040579919398286,0.14948160317772452,0.15213553671605395,0.1607018600507346,0.21807050644020318
ledoit_wolf,2024-04-09,0.13943969948912596,0.18039991441033215,0.14966140752308824,0.1518560631150743,0.16070623588902216,0.21793667957335722
ledoit_wolf,2024-04-10,0.13971193518102723,0.18034529398714316,0.14961670788542195,0.15181857284393452,0.160582340237525,0.21792514986494818
ledoit_wolf,2024-04-11,0.13960689943329477,0.1803657551353593,0.1496020430106783,0.15194907048788772,0.16065577812082968,0.2178204538119502
ledoit_wolf,2024-04-12,0.1397316690110281,0.18037405599913223,0.1496295660316286,0.1516909336708858,0.16066334935567347,0.21791042593165183
ledoit_wolf,2024-04-15,0.13996318005471753,0.180327735471517,0.1494636757515895,0.15158382804739615,0.16046608944009202,0.21819549123468773
ledoit_wolf,2024-04-16,0.14001231929312957,0.18030150489267258,0.1493803412425172,0.1515960681666251,0.1604953893311549,0.2182143770739007
ledoit_wolf,2024-04-17,0.13989921596042657,0.18043909738528713,0.149496334313553,0.15135643399948664,0.16044473976197338,0.21836417857927323
ledoit_wolf,2024-04-18,0.14004596107492298,0.18035973449976633,0.14945929591871024,0.15128449611238087,0.16039919163737004,0.2184513207568495
ledoit_wolf,2024-04-19,0.1391202591342579,0.18079060969589728,0.15010157727027656,0.15135716672849311,0.1592588715912976,0.21937151557977766
ledoit_wolf,2024-04-22,0.13890067702965625,0.1809454156307289,0.1501660979149623,0.1513895465353569,0.159328212196959,0.2192700506923366
ledoit_wolf,2024-04-23,0.13613868191762657,0.17771965241594417,0.14813203667996097,0.15046638411123606,0.17213746229387938,0.2154057825813528
ledoit_wolf,2024-04-24,0.1364979634779823,0.1778928133314895,0.14704634080143683,0.15088086940150028,0.17231662336434145,0.21536538962324953
ledoit_wolf,2024-04-25,0.13670439597528422,0.17787506542653728,0.1469786118731332,0.15037740043876255,0.17227828247809412,0.21578624380818862
ledoit_wolf,2024-04-26,0.13657740797593404,0.1779830434706098,0.14770425166412265,0.15108095065878582,0.17305203094681304,0.21360231528373477
