date,NVDA,AMZN,TSLA,META,NFLX,GOOGL
2016-07-01,0.0,0.0,0.0,0.0,0.0,0.0
2016-07-05,0.0,0.0,0.0,0.0,0.0,0.0
2016-07-06,0.0,0.0,0.0,0.0,0.0,0.0
2016-07-07,0.0,0.0,0.0,0.0,0.0,0.0
2016-07-08,0.0,0.0,0.0,0.0,0.0,0.0
2016-07-11,0.0,0.0,0.0,0.0,0.0,0.0
2016-07-12,0.0,0.0,0.0,0.0,0.0,0.0
2016-07-13,0.0,0.0,0.0,0.0,0.0,0.0
2016-07-14,0.0,0.0,0.0,0.0,0.0,0.0
2016-07-15,0.0,0.0,0.0,0.0,0.0,0.0
2016-07-18,0.0,0.0,0.0,0.0,0.0,0.0
2016-07-19,0.0,0.0,0.0,0.0,0.0,-0.09169827183910333
2016-07-20,0.0,0.0,0.0,0.0,0.0,-0.0921861288170636
2016-07-21,0.0,0.0,0.0,0.0,0.0,-0.09183117349852392
2016-07-22,0.0,0.0,0.0,0.0,0.0,-0.09247879614222725
2016-07-25,0.0,0.0,0.0,0.0,0.0,-0.09224467022489348
2016-07-26,0.0,0.0,0.0,0.0,0.0,-0.09226196239595622
2016-07-27,0.0,0.0,0.0,0.0,0.0,-0.0928368390658016
2016-07-28,0.0,0.0,0.0,0.0,0.0,-0.09335237145041785
2016-07-29,0.0,0.0,0.0,0.0,0.0,0.0
2016-08-01,0.0,0.0,0.0,0.0,0.0,0.0
2016-08-02,0.0,0.0,0.0,0.0,0.0,0.0
2016-08-03,0.0,0.0,0.0,0.0,0.0,0.0
2016-08-04,0.0,0.0,0.0,0.0,0.0,0.0
2016-08-05,0.0,0.0,0.0,0.0,0.0,0.0
2016-08-08,0.0,0.0,0.0,0.0,0.0,0.0
2016-08-09,0.0,0.0,0.0,0.0,0.0,0.0
2016-08-10,0.0,0.0,0.0,0.0,0.0,0.0
2016-08-11,0.0,0.0,0.0,0.0,0.0,0.0
2016-08-12,0.0,0.0,0.0,0.0,0.0,0.0
2016-08-15,0.0,0.0,0.0,0.0,0.0,0.0
2016-08-16,0.0,0.0,0.0,0.0,0.0,0.0
2016-08-17,0.0,0.0,0.0,0.0,0.0,0.0
2016-08-18,0.0,0.0,0.0,0.0,0.0,0.0
2016-08-19,0.0,0.0,0.0,0.0,0.0,0.0
2016-08-22,0.0,0.07505314332353519,0.0,0.0,0.0,0.0
2016-08-23,0.0,0.07532454042718423,0.0,0.0,0.0,0.0
2016-08-24,0.0,0.07484926592472312,0.0,0.0,0.0,0.0
2016-08-25,0.0,0.07504405772361435,0.0,0.0,0.0,0.0916187914728928
2016-08-26,0.0,0.07597859672124037,0.06936371170529132,0.0,0.0,0.09180224451037478
2016-08-29,0.0,0.07627984365063238,0.0679201827907634,0.0,0.0,0.09219378782636616
2016-08-30,0.0,0.0760678824543663,0.06683805329424702,0.0,0.0,0.09192925169181235
2016-08-31,0.0,0.07621468917351361,0.06704135522044684,0.0,0.0,0.09167721615323939
2016-09-01,0.0,0.0764544452941844,0.0,0.0,0.0,0.09197149024852545
2016-09-02,0.0,0.07657251446236019,0.0,0.0,0.0,0.09253164441367319
2016-09-06,0.0,0.07797327764247801,0.0,0.0,0.0,0.0935528921995241
2016-09-07,0.0,0.07757329041996142,0.0,0.0,0.0,0.09359034236694046
2016-09-08,0.0,0.07758125927529794,0.0,0.0,0.0,0.09305320062243151
2016-09-09,0.0,0.07551885732672765,0.0,0.0,0.0,0.09175869087057377
2016-09-12,0.08915877405716349,0.07624976435460262,0.0,0.0,0.0,0.09248086217336353
2016-09-13,0.08813156855628913,0.07544022663800187,0.0,0.0,0.0,0.0
2016-09-14,0.08884172924625586,0.07538874563465967,0.0,0.0,0.0,0.0
2016-09-15,0.0918225578390218,0.07592020917107915,0.0,0.0,0.0,0.0
2016-09-16,0.09194198269508114,0.07670751060430595,0.0,0.0,0.0,0.0
2016-09-19,0.0,0.07627638662775922,0.0,0.0,0.0,0.0
2016-09-20,0.0,0.07674157246527832,0.0,0.0,0.0,0.0
2016-09-21,0.0,0.07760527752124767,0.0,0.0,0.0,0.0
2016-09-22,0.0,0.0,0.0,0.0,0.0,0.0
2016-09-23,0.0,0.0,0.0,0.0,0.0,0.0
2016-09-26,0.0,0.0,0.0,0.0,0.0,0.0
2016-09-27,0.0,0.0,0.0,0.0,0.0,0.0
2016-09-28,0.0,0.0,0.0,0.0,0.0,0.0
2016-09-29,0.0,0.0,0.0,0.0,0.0,0.0
2016-09-30,0.0,0.0,0.0,0.0,0.0,0.0
2016-10-03,0.0,0.0,0.0,0.0,0.0,0.0
2016-10-04,0.0,0.0,-0.06948788323368302,0.0,0.0,0.0
2016-10-05,0.0,0.0,-0.06845188108401568,0.0,0.0,0.0
2016-10-06,0.0,0.0,-0.06584095810100879,0.0,0.0,0.0
2016-10-07,0.0,0.0,-0.06431046067182956,0.0,0.0,0.0
2016-10-10,0.0,0.0,-0.06582350293773072,0.0,0.0,0.0
2016-10-11,0.0,0.0,-0.06552683264537633,0.0,0.0,0.0
2016-10-12,0.0,0.0,-0.06601904841746126,0.0,0.0,0.0
2016-10-13,0.0,0.0,-0.06557568133746709,0.0,0.0,0.0
2016-10-14,0.0,0.0,-0.06427565110089536,0.0,0.0,0.0
2016-10-17,0.0,0.07417035137568465,-0.06344409758751776,0.0,0.0,0.0
2016-10-18,0.0,0.07469271254473121,-0.06520705093943113,0.0,0.0,0.0
2016-10-19,0.0,0.07480535932993845,-0.06676502758317027,0.0,0.0,0.0
2016-10-20,0.0,0.0,-0.065285110446908,0.0,0.0,0.0
2016-10-21,0.0,0.0,-0.06563103776734959,0.0,0.0,0.0
2016-10-24,0.0,0.0,-0.06656511685015766,0.0,0.0,0.0
2016-10-25,0.0,0.0,-0.06641807555459556,0.0,0.0,0.0
2016-10-26,0.0,0.0,-0.066383074082303,0.0,0.0,0.0
2016-10-27,0.0,0.0,-0.06700298503081034,0.0,0.0,0.0
2016-10-28,0.0,0.0,-0.06558909824808745,0.0,0.0,0.0
2016-10-31,0.0,0.0758212820120058,-0.06475816576988944,0.0,0.0,0.0
2016-11-01,0.0,0.07525873299914235,-0.062369899422351126,0.0,0.0,0.0
2016-11-02,0.0,0.07359388692006645,-0.061663128157664435,0.0,0.0,0.0910227472276489
2016-11-03,0.0,0.07390167324791388,-0.06160512385828621,0.0,0.0,0.09050737482967708
2016-11-04,0.0,0.0,-0.06276855377041146,0.1312093519580134,0.0,0.0
2016-11-07,0.0,0.07665749576738869,-0.06352364202161268,0.13248493383742369,0.0,0.0
2016-11-08,0.0,0.07678304460460686,-0.06396758374503987,0.13446762452127917,0.0,0.0
2016-11-09,0.0,0.07531686667125095,-0.06243314728022987,0.13348483424107094,0.0,0.0
2016-11-10,0.0,0.0,-0.061356996464138516,0.0,0.0,0.0
2016-11-11,0.0,0.07553076243531831,-0.06250109167718029,0.08709135897440483,0.0,0.0
2016-11-14,0.0,0.07361010079921239,0.0,0.0,0.0,0.0
2016-11-15,0.0,0.07589656002335228,0.0,0.0,0.0,0.0
2016-11-16,0.0,0.07612280988670388,0.0,0.0,0.058140703831531027,0.0
2016-11-17,0.0,0.07706172019402645,0.0,0.0,0.058006012557311096,0.0
2016-11-18,0.0,0.07740810835097911,0.0,0.0,0.0580692639776695,0.0
2016-11-21,0.0,0.07915879558074751,0.0,0.0,0.05925350179288964,0.0
2016-11-22,0.0,0.07965342427070457,0.0,0.0,0.05925925343661277,0.0
2016-11-23,0.0,0.07918074930263527,0.0,0.0,0.059125177061904885,0.0
2016-11-25,0.0,0.07921525810970026,0.0,0.0,0.058991312198662375,0.0
2016-11-28,0.0,0.07796115343808391,0.0,0.0,0.058845570277473926,0.0
2016-11-29,0.0,0.07753990606906765,0.0,0.0,0.05914575486363163,0.0
2016-11-30,0.0,0.07643722926291394,0.0,0.0,0.058975861505543424,0.0
2016-12-01,0.0,0.07577750161720145,0.0,0.0,0.05912186621949936,0.0
2016-12-02,0.0,0.07532922397014795,0.0,0.0,0.060842898477338765,0.0
2016-12-05,0.0,0.07717927124231752,0.0,0.0,0.059945720170530535,0.0
2016-12-06,0.0,0.07750949482304402,0.0,0.0,0.0,0.0
2016-12-07,0.0,0.07804214018690858,0.0,0.0,0.0,0.0
2016-12-08,0.0,0.07775346831126535,0.0,0.0,0.0,0.0
2016-12-09,0.0,0.07787773747649221,0.0,0.0,0.0,0.0
2016-12-12,0.0,0.07707919233043739,0.0,0.0,0.0,0.0
2016-12-13,0.0,0.07840809246034777,0.0,0.0,0.0,0.0
2016-12-14,0.0,0.07789822571892155,-0.07114373561923074,0.0,0.0,0.0
2016-12-15,0.0,0.07713634419015974,-0.0707742306200849,0.0,0.0,0.0
2016-12-16,0.0,0.07696952022720613,-0.07268465367302943,0.0,0.0,0.0
2016-12-19,0.0,0.07774717500615352,-0.07271627879339781,0.0,0.0,0.0
2016-12-20,0.0,0.07840588047789061,-0.07501322126850449,0.0,0.0,0.0
2016-12-21,0.0,0.07843773415556936,0.0,0.0,0.0,0.0
2016-12-22,0.0,0.0,0.0,0.0,0.0,0.0
2016-12-23,0.0,0.0,0.0,0.0,0.0,0.0
2016-12-27,0.0,0.0,0.0,0.0,0.0,0.0
2016-12-28,0.0,0.0,0.0,0.0,0.0,0.0
2016-12-29,0.0,0.0,0.0,0.0,0.0,0.0
2016-12-30,0.0,0.0,0.0,0.0,0.0,0.0
2017-01-03,0.0,0.0,0.0,0.0,0.0,0.0
2017-01-04,0.0,0.0,0.0,0.0,0.0,0.0
2017-01-05,0.0,0.0,0.0,0.0,0.0,0.0
2017-01-06,0.0,-0.07837994677030354,0.0,0.0,0.0,0.0
2017-01-09,0.0,-0.07856379927057018,0.0,-0.09001254556062148,0.0,0.0
2017-01-10,0.0,-0.07842426660135929,0.0,-0.0895716603326085,0.0,0.0
2017-01-11,0.0,-0.07886225805456287,0.0,0.0,0.0,0.0
2017-01-12,0.0,-0.08048794181025858,0.0,-0.08993943751004503,0.0,0.0
2017-01-13,0.0,-0.08095236236178235,0.0,0.0,0.0,0.0
2017-01-17,0.0,-0.08015752892693512,0.0,-0.13315540856855576,0.0,0.0
2017-01-18,0.0,-0.07992222098540303,0.0,-0.13318486360632648,0.0,0.0
2017-01-19,0.0,0.0,0.0,-0.13279492309162239,0.0,0.0
2017-01-20,0.0,0.0,0.0,-0.1321937565362588,0.0,0.0
2017-01-23,0.0,0.0,0.0,-0.1344247818607868,0.0,0.0
2017-01-24,0.0,0.0,0.0,-0.13494544448238294,0.0,0.0
2017-01-25,0.0,0.0,0.0,0.0,0.0,0.0
2017-01-26,0.0,0.0,0.0,0.0,0.0,0.0
2017-01-27,0.0,0.0,0.0,0.0,0.0,0.0
2017-01-30,0.0,0.0,0.0,0.0,0.0,0.0
2017-01-31,0.0,0.0,0.0,0.0,0.0,0.0
2017-02-01,0.0,0.0,0.0,0.0,0.0,0.0
2017-02-02,0.0,0.0,0.0,0.0,0.0,0.0963954816855494
2017-02-03,0.0,0.0,0.0,0.0,0.0,0.09659450316265825
2017-02-06,0.0,0.0,0.0,0.0,0.0,0.09675301823797479
2017-02-07,0.0,0.0,0.0,0.0,0.0,0.0975617205692316
2017-02-08,0.0,0.0,0.0,0.0,0.0,0.09763073412288947
2017-02-09,0.0,0.0,0.0,0.0,0.0,0.09764984181551756
2017-02-10,0.0,0.0,0.0,0.0,0.0,0.09815802843102732
2017-02-13,0.0,0.0,0.0,0.0,0.0,0.0985936383058182
2017-02-14,0.07543630886831926,0.0,0.0,0.0,0.0,0.09866213091355026
2017-02-15,0.0756013811525122,0.0,0.0,0.0,0.0,0.09836014020343192
2017-02-16,0.07443557796518176,0.0,0.0,0.0,0.0,0.09899362586444832
2017-02-17,0.0743932386016949,0.0,0.0,0.0,0.0,0.0
2017-02-21,0.07685259787749697,0.0,0.0,0.0,0.0,0.0
2017-02-22,0.0767438476335449,0.0,0.0,0.0,0.0,0.0
2017-02-23,0.0,0.0,0.0,0.0,0.0,0.0
2017-02-24,0.07666877972695949,0.0,0.0,0.0,0.0,0.0
2017-02-27,0.07872246328579216,0.0,0.0,0.0,0.0,0.0
2017-02-28,0.07668271602186787,0.0,0.0,0.0,0.0,0.0
2017-03-01,0.07759581912376573,0.0,0.0,0.0,0.0,0.0
2017-03-02,0.07494917501565676,0.0,0.0,0.0,0.0,0.0
2017-03-03,0.0745729910754304,0.0,0.0,0.0,0.05961458719701257,0.0
2017-03-06,0.07395105091947546,0.0,0.0,0.0,0.060776335407620945,0.0
2017-03-07,0.07471698054096369,0.0,0.0,0.0,0.0605221442727952,0.0
2017-03-08,0.07462639845673122,0.0,0.0,0.0,0.06008386468636273,0.0
2017-03-09,0.07460567365564448,0.0,0.0,0.0,0.06016928930504097,0.0
2017-03-10,0.07500028452725077,0.0,0.0,0.0,0.06028765884837335,0.0
2017-03-13,0.07682083772694796,0.0,0.0,0.0,0.06121770221599364,0.0
2017-03-14,0.07678292720600619,0.0,0.0,0.0,0.06108876499623736,0.0
2017-03-15,0.077251033356989,0.0,0.0,0.0,0.0618772910174891,0.0
2017-03-16,0.07815463956967274,0.0,0.0,0.0,0.061475101331692934,0.0
2017-03-17,0.07969607741667863,0.0,0.0,0.0,0.06165783502723122,0.0
2017-03-20,0.08200230600842905,0.0,0.0,0.0,0.061787950567548114,0.0
2017-03-21,0.0796765167746318,0.0,0.0,0.0,0.06059138178059454,0.0
2017-03-22,0.08111146682632757,0.07973420406546325,0.0,0.0,0.060547380686678906,0.0
2017-03-23,0.08049386864516529,0.07978718055534648,0.0,0.0,0.06029192165587713,0.09698569742465682
2017-03-24,0.08080575207377855,0.07964644596606531,0.0,0.0,0.06038808991591314,0.09649616387038859
2017-03-27,0.0812332709662363,0.07960460477897667,0.0,0.0,0.061135855131458396,0.09669629525923791
2017-03-28,0.0807572597909976,0.0,0.0,0.0,0.06156441172293628,0.09687389782965315
2017-03-29,0.08038601733945545,0.0,0.0,0.0,0.06203175073415868,0.09780630402043644
2017-03-30,0.0,0.0,0.0,0.0,0.06265845880103901,0.09768866045693574
2017-03-31,0.0,0.0,0.0,0.0,0.06257137061741591,0.09752461111570497
2017-04-03,0.0,0.0,0.0,0.0,0.06215404081739936,0.0984898624957824
2017-04-04,0.0,0.0,0.0,0.0,0.06161993967665017,0.09811543259832119
2017-04-05,0.10938380482901125,0.0,0.0,0.0,0.06090554825933688,0.09782560526202108
2017-04-06,0.11013688083991667,0.0,0.0,0.0,0.06093144728484235,0.09734663177853727
2017-04-07,0.10978574462967818,0.0,0.0,0.0,0.06073013805547729,0.09710619963834956
2017-04-10,0.1072561910245367,0.0,0.0,0.0,0.06119920589866151,0.09730659127402572
2017-04-11,0.10759856242108765,0.0,0.0,0.0,0.061388215692769886,0.09705868376919691
2017-04-12,0.10680931161919094,0.0,0.0,0.0,0.061223814728227355,0.09733148551724831
2017-04-13,0.10507777506507432,0.0,0.0,0.0,0.060990951910785435,0.09743024016078546
2017-04-17,0.10835927472060934,0.0,0.0,0.0,0.0623588002802433,0.09840645339497144
2017-04-18,0.10861088677257595,0.0,0.0,0.0,0.060815603496938736,0.09844390991703869
2017-04-19,0.10912587065376249,0.0,0.0,0.0,0.059336493335589734,0.09881443946926034
2017-04-20,0.11054113986769427,0.0,0.0,0.0,0.05976932177110466,0.0
2017-04-21,0.11086945439890701,0.0,0.0,0.0,0.0604138689665514,0.0
2017-04-24,0.11205356982908324,0.0,0.0,0.0,0.06071109993105014,0.0
2017-04-25,0.11338533397288317,0.0,0.0,0.0,0.0,0.0
2017-04-26,0.11269372541061004,0.0,0.0,0.0,0.0,0.0
2017-04-27,0.1142483184052888,0.0,0.0,0.0,0.0,0.0
2017-04-28,0.1129627964346069,0.0,0.0,0.0,0.0,0.0
2017-05-01,0.11520518164949825,0.0,0.0,0.0,0.0,0.0
2017-05-02,0.11217435479487206,0.0,0.0,0.0,0.0,0.0
2017-05-03,0.11291475934154767,0.0,0.0,0.0,0.0,0.0
2017-05-04,0.11253027521316644,0.0,0.0,0.0,0.0,0.0
2017-05-05,0.11227966650584639,0.0,0.0714530451703801,0.0,0.0,0.0
2017-05-08,0.11126233411604045,0.0,0.0712874048862841,0.0,0.0,0.0
2017-05-09,0.11120129401705296,0.0,0.0,0.0,0.0,0.0
2017-05-10,0.0,0.0,0.0,0.0,0.0,0.0
2017-05-11,0.0,0.0,0.0,0.0,0.0,0.0
2017-05-12,0.0,0.0,0.0,0.0,0.0,0.0
2017-05-15,0.0,0.0,0.0,0.0,0.0,0.0
2017-05-16,0.0,0.0,0.0,0.0,0.0,0.0
2017-05-17,0.0,0.0,0.0,0.0,0.0,0.0
2017-05-18,0.0,0.0,0.0,0.0,0.0,0.0
2017-05-19,0.0,0.0,0.0,0.0,0.0,0.0
2017-05-22,0.0,0.0,0.0,0.0,0.0,0.0
2017-05-23,0.0,0.0,0.0,0.0,0.0,0.0
2017-05-24,0.0,0.0,0.0,0.0,0.0,0.0
2017-05-25,0.0,0.0,0.0,0.0,0.0,0.0
2017-05-26,0.0,0.0,0.0,0.0,0.0,0.0
2017-05-30,0.0,0.0,0.0,0.0,0.0,0.0
2017-05-31,0.0,0.0,0.0,0.0,0.0,0.0
2017-06-01,0.0,0.0,0.0,0.0,0.0,0.0
2017-06-02,0.0,0.0,0.0,0.0,0.0,0.0
2017-06-05,0.0,0.0,0.0,0.0,0.0,0.0
2017-06-06,0.0,0.0,0.0,0.0,0.0,0.0
2017-06-07,0.0,0.0,0.0,0.0,0.0,0.0
2017-06-08,0.0,0.0,0.0,0.0,0.0,0.0
2017-06-09,0.0,0.0,0.0,0.0,0.0,0.0
2017-06-12,0.0,0.08213788760922754,0.0,0.08868517980586468,0.0,0.0
2017-06-13,0.0,0.08337987975218414,0.0,0.08990506603633436,0.09006933378021466,0.09814734106895893
2017-06-14,0.0,0.08311156203325601,0.0,0.08975534905767048,0.08986963689115036,0.09800408550847105
2017-06-15,0.0,0.08240125776356653,0.0,0.08985359091309178,0.0,0.09761817112393825
2017-06-16,0.0,0.08418955853037621,0.0,0.09011819196145236,0.06110179140924721,0.0972015190345819
2017-06-19,0.0,0.08448224664096195,0.0,0.09108227245882398,0.06126194228963621,0.09848463891130871
2017-06-20,0.0,0.08441151444840775,0.0,0.0908724926525791,0.060829664132382485,0.09802771171581248
2017-06-21,0.0,0.08489394621118802,0.0,0.09149968006767242,0.061776356551413,0.09860703851536282
2017-06-22,0.0,0.08486917160810663,0.0,0.09125451650381661,0.061759867985690164,0.09847118144832644
2017-06-23,0.0,0.08488817445377296,0.0,0.09204435912414255,0.06286880858838897,0.0
2017-06-26,0.0,0.08422368772834257,0.0,0.09134041340478569,0.06278188702786883,0.0
2017-06-27,0.0,0.08325133111101005,0.0,0.09007518235176087,0.06055567452613247,0.0
2017-06-28,0.0,0.08401597021778563,0.0,0.09124255976645328,0.06122556398357386,0.09860441119164479
2017-06-29,0.0,0.08331387575454705,0.0,0.09049695336964597,0.06027644403115026,0.09682883203885766
2017-06-30,0.0,0.08278811092391068,0.0,0.09062653654844727,0.06011314895611335,0.09616402458027141
2017-07-03,0.0,0.08198123998002547,0.0,0.08955421629640738,0.059112098218059704,0.09559613690310385
2017-07-05,0.0685347297684265,0.08339221369215821,0.0,0.09058271176348524,0.0,0.09679456401847586
2017-07-06,0.06905873236824137,0.08323810324640706,0.10042929010320789,0.09008167800574651,0.060827525325650215,0.09676566667986941
2017-07-07,0.07012334860962242,0.08379839625296139,0.10111556404305327,0.0,0.062007468337604635,0.09741996327465281
2017-07-10,0.0728688319248982,0.08465192436326002,0.10123657113875369,0.0,0.0625458814652292,0.09771014780926683
2017-07-11,0.073540451988532,0.0840395454210405,0.10430122128736283,0.0,0.06291631300284384,0.0
2017-07-12,0.0761573585778684,0.08451901864277905,0.10433431770255394,0.0,0.06428690155306077,0.0
2017-07-13,0.07554284087019104,0.08432275805881972,0.10276228818323141,0.0,0.06429506130443094,0.0
2017-07-14,0.07721145648898149,0.08402707602068259,0.10366338168112585,0.0,0.06517120377426605,0.0
2017-07-17,0.07703775980000803,0.08488708297273628,0.10126936610884264,0.0,0.06553683759328757,0.0
2017-07-18,0.07702981449104383,0.08520217969642506,0.10293439277277132,0.0,0.0,0.0
2017-07-19,0.07672196042366204,0.0,0.10212144015712604,0.0,0.0,0.0
2017-07-20,0.0776370776921524,0.0,0.10331814113629414,0.0,0.0,0.0
2017-07-21,0.07793056774395372,0.0,0.10286249560266975,0.0,0.0,0.0
2017-07-24,0.07675649385095405,0.0,0.10690902566781624,0.0,0.0,0.0
2017-07-25,0.07648487991625588,0.0,0.10613357279951725,0.0,0.0,0.0
2017-07-26,0.07719763713943645,0.0,0.107224651051244,0.0,0.0,0.0
2017-07-27,0.07506095710530242,0.0,0.1048707727610575,0.0,0.0,0.0
2017-07-28,0.07606783470158662,0.0,0.10475499203078159,0.0,0.0,0.157601994071202
2017-07-31,0.07569798990601377,0.0,0.10180096106940602,0.0,0.0,0.15652612690242143
2017-08-01,0.0,0.08168904208377833,0.10071646204022157,0.0,0.0,0.1569242236931135
2017-08-02,0.0,0.08148953530151173,0.10248831780050467,0.0,0.0,0.15676683518296639
2017-08-03,0.0,0.08037627428098054,0.10864278118515865,0.0,0.0,0.15482197535668807
2017-08-04,0.0,0.08010707846915076,0.1112679716362713,0.0,0.0,0.15510064010698232
2017-08-07,0.0,0.08041832945339125,-0.09998537670078739,0.0,0.0,0.15496078361805732
2017-08-08,0.0,0.08048552823257028,-0.10315311848033606,0.0,0.0,0.1552145495250761
2017-08-09,0.0,0.07991558170793142,-0.10276159480683189,0.0,0.0,0.15466806460323138
2017-08-10,0.0,0.0,-0.1007609254288657,0.0,0.0,0.15240502591327096
2017-08-11,0.0,0.08185752447370113,-0.10132225044407624,0.08821992116209977,0.060102203158425224,0.15326738387710007
2017-08-14,0.06839505778407966,0.0,-0.102424285503022,0.08911936964799412,0.05962610524531206,0.1538575354715608
2017-08-15,0.0,0.0,-0.10205808416783058,0.08929156228983441,0.05878182951627948,0.15379003336846983
2017-08-16,0.0,0.0,-0.10213509423037055,0.0886943851006399,0.0592480294956731,0.15467408051734086
2017-08-17,0.0,0.0,-0.09929990250065159,0.08730886149035857,0.058042807369703665,0.1523487868117083
2017-08-18,0.0,0.08104316806091047,-0.09793523518690496,0.08747555581968182,0.058137018936152744,0.15194094840767827
2017-08-21,0.0,0.08042229495822861,0.0,0.08746998697112193,0.0,0.0
2017-08-22,0.0,0.08128978543083043,0.06779955597633877,0.08813533630080833,0.0,0.10501710165520231
2017-08-23,0.0,0.08043855760789156,0.0699782271552632,0.08754008902007235,0.0,0.1051259308225503
2017-08-24,0.0,0.08009848066452273,0.07012021126634511,0.0871738283799073,0.0,0.1046558632428563
2017-08-25,0.0,0.07973509468263784,0.06936053030958383,0.08669820723634056,0.0,0.10425757390648066
2017-08-28,0.0,0.07981501646535948,0.0688978999727717,0.0871950571682454,0.0,0.10401262510199198
2017-08-29,0.0,0.0,0.06918231396207877,0.08754848438097271,0.0,0.10478413501738537
2017-08-30,0.0,0.0,0.0701299690950558,0.08825652960250589,0.0,0.10534880595606172
2017-08-31,0.0,0.0,0.07046564802507488,0.0890629304464915,0.0,0.10633648974647335
2017-09-01,0.0,0.0,0.07039726260314123,0.08912758044995009,0.0,0.10602081750068734
2017-09-05,0.0,0.0,0.06945443175114367,0.08871973612049201,0.0,0.10516529323022399
2017-09-06,0.0,0.0,0.0684650939577194,0.08945253693823989,0.0,0.1052501359345573
2017-09-07,0.0,0.0,0.06948780516563614,0.08979498059255782,0.0,0.10584686292239712
2017-09-08,0.0,0.0,0.06824679799930437,0.08886811222579881,0.0,0.0
2017-09-11,0.0,0.0,0.0,0.0,0.0,0.0
2017-09-12,0.0,0.0,0.0,0.0,0.0,0.0
2017-09-13,0.0,0.0,0.0,0.0,0.0,0.0
2017-09-14,0.0,0.0,0.0,0.0,0.0,0.0
2017-09-15,0.0,0.0,0.0,0.0,0.0,0.0
2017-09-18,0.0,0.0,0.0,0.0,0.0,0.0
2017-09-19,0.0,0.0,0.0,0.0,0.0,0.0
2017-09-20,0.0,0.0,0.0,0.0,0.0,0.0
2017-09-21,0.0,0.0,0.0,0.0,0.0,0.0
2017-09-22,0.0,0.0,0.0,0.0,0.0,0.0
2017-09-25,0.0,0.0811991096086251,0.06410234460767184,0.0,0.0,0.0
2017-09-26,0.0,0.08112215502322906,0.06417111262573738,0.08758606271848411,0.0,0.0
2017-09-27,0.0,0.08200912190542467,0.06324178869031961,0.08924805200601213,0.0,0.0
2017-09-28,0.0,0.08242384880327873,0.0,0.08973917808570848,0.0,0.0
2017-09-29,0.0,0.08272195737318278,0.06557537718294612,0.0,0.0,0.0
2017-10-02,0.0,0.08254460980728506,0.06566482201033913,0.0,0.0,0.0
2017-10-03,0.0,0.0,0.06686446400124442,0.0,0.0,0.0
2017-10-04,0.0,0.0,0.06809408259307767,0.0,0.0,0.0
2017-10-05,0.0,0.0,0.06815127936580671,0.0,0.0,0.0
2017-10-06,0.0,-0.0836895905492065,0.06851594864564627,0.0,0.0,0.0
2017-10-09,0.0,-0.08404378103244754,0.0660242386039404,0.0,0.0,0.0
2017-10-10,0.0,-0.0834921857052007,0.06827145228865261,0.0,0.0,0.0
2017-10-11,0.0,-0.08422343709572715,0.06813927923354743,0.0,0.0,0.0
2017-10-12,0.0,-0.08475034638991127,0.06836694038967213,0.0,0.0,0.0
2017-10-13,0.0,0.0,0.06838967965379282,0.0,0.0,0.0
2017-10-16,0.0,0.0,0.06749828244499126,0.0,0.0,0.0
2017-10-17,0.0,0.0,0.06842193448526439,0.0,0.0,0.0
2017-10-18,0.0,0.0,0.0691201814153875,0.0,0.0,0.0
2017-10-19,0.0,0.0,0.06771546209656822,0.0,0.0,0.0
2017-10-20,0.0,0.0,0.06650983540905438,0.0,0.0,0.0
2017-10-23,0.0,0.0,0.06505391333683241,0.0,0.0,0.0
2017-10-24,0.0,0.08295646406010544,0.06507474603416864,0.0,0.0,0.10879711373149284
2017-10-25,0.0,0.08283265802977874,0.0,0.0,0.0,0.10929601016810778
2017-10-26,0.0,0.08279553716406031,0.0,0.0,0.0,0.10929654464942408
2017-10-27,0.0,0.0,0.0,0.0,0.0,0.0
2017-10-30,0.0,0.0,0.0,0.0,0.0,0.0
2017-10-31,0.0,0.0,0.0,0.0,0.0,0.0
2017-11-01,0.0,0.0,0.0,0.0,0.0,0.0
2017-11-02,0.0,0.0,0.0,0.0,0.0,0.0
2017-11-03,0.0,0.0,0.0,0.0,0.0,0.0
2017-11-06,0.0,0.0,0.0,0.0,0.0,0.0
2017-11-07,0.0,0.0,0.0,0.0,0.0,0.0
2017-11-08,0.0,0.0,0.0,0.0,0.0,0.0
2017-11-09,0.0,0.0,0.0,0.0,0.0,0.0
2017-11-10,0.0,0.0,0.0,0.0,0.08757802017943951,0.0
2017-11-13,0.0,0.0,0.0,0.0,0.08884964733290264,0.0
2017-11-14,0.0,0.0,0.0,0.0,0.08911101212369595,0.0
2017-11-15,0.0,0.0,0.0,0.0,0.08761963370740303,0.0
2017-11-16,0.0,0.0,0.0,0.0,0.0,0.0
2017-11-17,0.0,0.0,0.0,0.0,0.0,0.0
2017-11-20,0.0,0.0,0.0,0.0,0.0,0.0
2017-11-21,0.0,0.0,0.0,0.0,0.0,0.0
2017-11-22,0.0,0.0,-0.0945683150647716,0.0,0.0,0.0
2017-11-24,0.0,0.0,-0.09554602365187047,0.0,0.0,0.0
2017-11-27,0.0,0.0,-0.09596415182375961,0.0,0.0,0.0
2017-11-28,0.0,0.0,-0.09620987022635122,0.0,0.0,0.0
2017-11-29,0.0,0.0,-0.09289535252848884,0.0,0.0,0.0
2017-11-30,0.1295793586589547,0.0,-0.09343843242180976,0.12528080794386506,0.13112027974430587,0.0
2017-12-01,0.1282802389804306,0.0,-0.09321402022651545,0.0,0.13126139605167067,0.0
2017-12-04,0.0,0.0,-0.09425640553991727,0.0,0.0,0.0
2017-12-05,0.0,0.0,-0.09282661427111591,0.12551253874644475,0.13189830025303187,0.15750159462586472
2017-12-06,0.08644644784671729,0.0,-0.09539030898169729,0.12737970612680863,0.1321822212907456,0.15893125112291642
2017-12-07,0.08712133632597695,0.0,-0.09415693270608567,0.12948138959259636,0.1312490662439143,0.15970623563781164
2017-12-08,0.0868181427392885,0.0,-0.09524999212214742,0.1285489325017943,0.13349869236124678,0.16030068318067342
2017-12-11,0.08860499169493362,0.0,-0.09980895271888615,0.12908706013486163,0.1323783738687791,0.16133299894658967
2017-12-12,0.08727383258265707,0.0,0.0,0.1281860539023148,0.13264953988228384,0.16159692573636333
2017-12-13,0.08504229154673457,0.0,-0.09572008956776659,0.12900434298925945,0.1340125137798103,0.1618094840575579
2017-12-14,0.08494807704340128,0.0,-0.09514439649197681,0.12872604756771264,0.1348654332721625,0.1623121810499448
2017-12-15,0.08686096377505473,0.0,-0.0962601375144228,0.12941287969400478,0.13463463547137886,0.16377699833602946
2017-12-18,0.0,0.0,-0.09436236754352258,0.12903282813124453,0.0,0.16470493629204902
2017-12-19,0.0,0.0,-0.09215975229936536,0.12804385907854485,0.0,0.16382967705697327
2017-12-20,0.0,0.0,-0.0916244001116804,0.126964176682243,0.0,0.0
2017-12-21,0.0,0.0,-0.09246886620182365,0.12678460894286794,0.0,0.0
2017-12-22,0.0,0.0,-0.09052091639552202,0.12640088437724753,0.0,0.0
2017-12-26,0.0,0.0,0.0,0.12552121084019743,0.0,0.0
2017-12-27,0.0,0.0,0.06651471395619421,0.1266650757813392,0.0,0.0
2017-12-28,0.0,0.0,0.06724091989399009,0.1267512651296942,0.0,0.0
2017-12-29,0.0,0.0,0.06651195453033237,0.1259498608080945,0.0,0.0
2018-01-02,0.0,0.0,0.06809840134101128,0.12878161757008852,0.0,0.0
2018-01-03,0.0,0.0,0.06736983629941723,0.0,0.0,0.0
2018-01-04,0.0,0.0,0.06684867647932136,0.0,0.0,0.0
2018-01-05,0.0,0.0,0.067237125500275,0.0,0.0,0.0
2018-01-08,0.0,0.0,0.0,0.0,0.0,0.0
2018-01-09,0.0,0.0,-0.06687672781234268,0.0,0.0,0.0
2018-01-10,0.0,0.0,-0.0671141176753007,0.0,0.0,0.0
2018-01-11,0.0,0.0,-0.06778837587299624,0.0,0.0,0.0
2018-01-12,0.0,0.0,-0.06741796458041531,0.0,0.0,0.0
2018-01-16,0.0,0.0,-0.06824049738274103,0.0,0.0,0.0
2018-01-17,0.0,0.0,-0.06976466062375196,0.0,0.0,0.0
2018-01-18,0.0,0.0,-0.06920815756399239,0.0,0.0,0.0
2018-01-19,0.0,0.0,-0.07037985599926949,0.0,0.0,0.0
2018-01-22,0.0,0.0,-0.07071140015640263,0.0,0.0,0.0
2018-01-23,0.0,0.0,-0.07097635927946246,0.0,0.0,0.0
2018-01-24,0.0,0.0,-0.0694917126029746,0.0,0.0,0.0
2018-01-25,0.0,0.0,-0.06772197844063936,0.0,0.0,0.0
2018-01-26,0.0,0.0,-0.06883890972648223,0.0,0.0,0.0
2018-01-29,0.0,0.0,-0.07027440437295795,0.0,0.0,0.0
2018-01-30,0.0,0.0,-0.06947667004736538,0.0,0.0,0.0
2018-01-31,0.0,0.0,-0.07130396764457884,0.0,0.0,0.0
2018-02-01,0.0,0.0,-0.07021415474965148,0.0,0.0,0.0
2018-02-02,0.0,0.0,-0.06903209455859417,0.0,0.0,0.0
2018-02-05,0.0,0.0,-0.06701928159087382,0.0,0.0,0.10541385775127682
2018-02-06,0.05799119491195242,0.0,-0.06680268253764576,0.09833254181019575,0.0,0.0
2018-02-07,0.059242069746496324,0.0,-0.069505363498506,0.09629810045690093,0.0,0.10456490720109715
2018-02-08,0.05670375696622815,0.0,0.0,0.0,0.0,0.10051679628307349
2018-02-09,0.060724485577286734,0.0,0.0,0.0,0.0,0.0
2018-02-12,0.059738232786264285,0.0,0.06741557512955776,0.0,0.0,0.0
2018-02-13,0.06076719825393873,0.0,0.06890908712194062,0.0,0.0,0.0
2018-02-14,0.06293689433236453,0.0,0.06848410024094131,0.0,0.0,0.0
2018-02-15,0.0,0.0,0.07073911604989765,0.0,0.0,0.0
2018-02-16,0.0,0.0,0.07101844268794723,0.0,0.0,0.0
2018-02-20,0.0,0.0,0.07087683620255394,0.0,0.0,0.0
2018-02-21,0.0,0.0,0.07058757502919658,0.0,0.0,0.0
2018-02-22,0.0,0.0,0.0731139496778428,0.0,0.0,0.0
2018-02-23,0.0,0.0,0.0,0.0,0.0,0.0
2018-02-26,0.0,0.0,0.0,0.0,0.0,0.0
2018-02-27,0.0,0.0,0.0,0.0,0.0,0.0
2018-02-28,0.0,0.0,0.0,0.0,0.0,0.0
2018-03-01,0.0,0.0,0.0,0.0,0.0,0.0
2018-03-02,0.0,0.0,0.0,0.0,0.0,0.0
2018-03-05,0.0,0.0,0.0,0.0,0.0,0.0
2018-03-06,0.0,0.0,0.0,0.0,0.0,0.0
2018-03-07,0.0,0.0,0.0,0.0,0.0,0.0
2018-03-08,0.0,0.0,0.0,0.0,0.0,0.0
2018-03-09,0.0,0.0,0.0,0.0,0.0,0.0
2018-03-12,0.0,0.0,0.0,0.0,0.0,0.0
2018-03-13,0.0,0.0,0.0,0.0,0.0,0.0
2018-03-14,0.0,0.0,0.0,0.0,0.0,0.0
2018-03-15,0.0,0.0,0.0,0.0,0.0,0.0
2018-03-16,0.0,0.0,0.0,0.0,0.0,0.0
2018-03-19,0.0,0.0,0.0,0.0,0.0,0.0
2018-03-20,0.0,0.0,0.0,0.09528914141075617,0.0,0.15253365316685724
2018-03-21,0.0,0.0,0.0,0.09594846616047209,0.0,0.15221427727682504
2018-03-22,0.0,0.0,0.0,0.09417480240460445,0.0,0.14774693338248646
2018-03-23,0.0,0.0,0.0,0.0915469059610791,0.06005286167006647,0.0
2018-03-26,0.0,0.0896833166412563,0.0,0.0,0.06394698591189744,0.0
2018-03-27,0.0,0.08692921024405327,0.0,0.0,0.060464799252124606,0.0
2018-03-28,0.07791868375815662,0.0,0.0,0.0,0.057875563487326226,0.0
2018-03-29,0.08113698520289149,0.08980296389780458,0.0,0.0,0.0,0.0
2018-04-02,0.07809781232302374,0.08584608963977412,0.0,0.0,0.0,0.0
2018-04-03,0.0794331231166937,0.0869000450387244,0.0,0.0,0.06079487519913022,0.0
2018-04-04,0.07954011152613072,0.08782788495760857,0.0,0.0,0.061763771518712325,0.0
2018-04-05,0.07768148351902354,0.09021774510097355,0.0,0.0,0.06271790165547853,0.0
2018-04-06,0.0,0.0878128225406379,0.0,0.0,0.06196854614512211,0.0
2018-04-09,0.0338886386273837,0.0,0.0,0.0,0.0,0.0
2018-04-10,0.03578479029519044,0.0,0.0,0.0,0.0,0.0
2018-04-11,0.03553190623084477,0.0,0.0,0.0,0.0,0.0
2018-04-12,0.03679654880560652,0.0,0.0,0.0,0.0,0.0
2018-04-13,0.036327992266024664,0.0,0.0,0.0,0.0,0.0
2018-04-16,0.036326475908755915,0.0,0.0,0.0,0.0,0.0
2018-04-17,0.0,0.0,0.0,0.0,0.0,0.0
2018-04-18,0.0,0.0,0.0,0.0,0.0,0.0
2018-04-19,0.0,0.0,0.0,0.0,0.0,0.0
2018-04-20,0.0,0.0,0.0,0.0,0.0,0.0
2018-04-23,0.0,0.0,0.0,0.0,0.0,0.0
2018-04-24,0.0,0.0,0.0,0.0,0.0,0.0
2018-04-25,0.0,0.0,0.0,0.0,0.0,0.0
2018-04-26,0.0,0.0,0.0,0.0,0.0,0.0
2018-04-27,0.0,0.0,0.0,-0.05825586800791707,0.0,0.0
2018-04-30,0.0,0.0,0.0,-0.05769149242728937,0.0,0.0
2018-05-01,0.0,0.0,0.0,-0.058351766643369024,0.0,0.0
2018-05-02,0.0,0.0,0.0,-0.059137364516265285,0.0,0.0
2018-05-03,0.0,0.0,0.0,-0.05840860163947633,0.0,0.0
2018-05-04,0.0,0.0,0.0,-0.05932950436561726,0.0,0.0
2018-05-07,0.0,0.0,0.0,-0.059813706521703605,0.0,0.0
2018-05-08,0.0,0.0,0.0,-0.060152176843071455,0.0,0.0
2018-05-09,0.0,0.0,0.0,-0.0614868761649672,0.0,0.0
2018-05-10,0.0,0.0,0.0,-0.06251335656442657,0.0,0.0
2018-05-11,0.0,0.0,0.0,-0.06303631237167079,0.0,0.0
2018-05-14,0.0,0.0,0.0,-0.0629109008594758,0.0,0.0
2018-05-15,0.0,0.0,0.0,-0.062080350047597564,0.0,0.0
2018-05-16,0.0,0.0,0.0,-0.06167985297570231,0.0,0.0
2018-05-17,0.0,0.0,0.0,-0.061880055486152226,0.0,0.0
2018-05-18,0.0,0.0,0.0,-0.06149401547548731,0.0,0.0
2018-05-21,0.0,0.0,0.0,-0.062141157485914,0.0,0.0
2018-05-22,0.0,0.0,0.0,-0.06189437232640402,0.0,0.0
2018-05-23,0.0,0.0,0.0,-0.06300406244783223,0.0,0.0
2018-05-24,0.0,0.0,0.0,-0.06265658631346362,0.0,0.0
2018-05-25,0.0,0.0,0.0,-0.06229500923997898,0.0,0.0
2018-05-29,0.0,0.0,0.0,-0.06258855467663854,0.0,0.0
2018-05-30,0.0,0.0,0.0,-0.06328004970172893,0.0,0.0
2018-05-31,0.0,0.0,0.0,-0.06475562385214349,0.0,0.0
2018-06-01,0.0,0.0,0.0,0.0,0.0,0.0
2018-06-04,0.0,0.0,0.0,0.0,0.0,0.0
2018-06-05,0.0,0.0,0.0,0.0,0.0,0.0
2018-06-06,0.0,0.0,0.0,0.0,0.0,0.0
2018-06-07,0.0,0.0,-0.04304442503693284,0.0,0.0,0.0
2018-06-08,0.0,0.0,-0.04326747678055913,0.0,0.0,0.0
2018-06-11,0.0,0.0,0.0,0.0,0.0,0.0
2018-06-12,0.0,0.0,-0.042794396866102306,0.0,0.0,0.0
2018-06-13,0.0,0.0,-0.04305614535551626,0.0,0.0,0.0
2018-06-14,0.0,0.0,-0.044744398762902156,0.0,0.0,0.0
2018-06-15,0.0,0.0,0.0,0.0,0.0,0.0
2018-06-18,0.0,0.0,0.0,0.0,0.0,0.0
2018-06-19,0.0,0.0,0.0,0.0,0.0,0.0
2018-06-20,0.0,0.0,0.0,0.0,0.0,0.0
2018-06-21,0.0,0.0,0.0,0.0,0.0,0.0
2018-06-22,0.0,0.0,0.0,0.0,0.0,0.0
2018-06-25,0.0,0.0,0.0,0.0,0.0,0.0
2018-06-26,0.07656126777689641,0.0,0.0,0.0,0.0,0.0
2018-06-27,0.07492315396442548,0.0,0.0,0.0,0.0,0.1440352723053897
2018-06-28,0.0763353134379653,0.0,0.0,0.0,0.0,0.14488363535503632
2018-06-29,0.07515133256723626,0.0,0.0,0.0,0.0,0.14533087729298225
2018-07-02,0.07658820581420145,0.0,0.0,0.0,0.0,0.14650195013967712
2018-07-03,0.07525875860332144,0.0,0.0,0.0,0.0,0.1439111725188966
2018-07-05,0.07685521896717651,0.0,0.09352210553499497,0.0,0.0,0.14661055066104897
2018-07-06,0.07806585013159237,0.0,0.09315009166472281,0.0,0.0,0.1479162074260103
2018-07-09,0.07827528239883491,0.0,0.09556388535250418,0.0,0.0,0.148724991876707
2018-07-10,0.07933895674208565,0.0,0.09651781948554762,0.0,0.0,0.14834720580948535
2018-07-11,0.07772524450402625,0.0,0.09568670235949465,0.0,0.0,0.1492385848213249
2018-07-12,0.07855061149117465,0.0,0.0946064967387169,0.0,0.0,0.15238225857009535
2018-07-13,0.07794932245733495,0.0,0.09524670329503125,0.0,0.0,0.0
2018-07-16,0.07783028403879638,0.0,0.09290299734839387,0.0,0.0,0.0
2018-07-17,0.07911720560509282,0.0,0.09614667503032835,0.0,0.0,0.0
2018-07-18,0.07864201358124387,0.0,0.09667104491038997,0.0,0.08981211279512519,0.0
2018-07-19,0.07902858221686984,0.0,0.09593458695538636,0.0,0.08751641213155299,0.0
2018-07-20,0.0789382170574137,0.0,0.09426131103382887,0.0,0.0,0.0
2018-07-23,0.0787549684677241,0.0,0.09146910766526037,0.0,0.0,0.0
2018-07-24,0.07868829038011911,0.0,0.08990478916373394,0.0,0.0,0.0
2018-07-25,0.07933752033186736,0.0,0.09291295149546767,0.0,0.0,0.0
2018-07-26,0.08024846043880923,0.0,0.09225569725646099,0.0,0.0,0.0
2018-07-27,0.07993982570835587,0.0,0.09005937134136867,0.11882292857832707,0.0,0.0
2018-07-30,0.07808103625289535,0.0,0.08866619499062273,0.0,0.0,0.0
2018-07-31,0.0779238009611517,0.0,0.09064705428065856,0.0,0.14250219495348143,0.0
2018-08-01,0.07830101224120793,0.0,0.09131036575745922,0.0,0.14264872178223456,0.0
2018-08-02,0.0781594471397134,0.0,0.10414627496959672,0.0,0.1425656018724768,0.0
2018-08-03,0.07869313859732341,0.0,-0.06574047066099648,0.0,0.1421123904687294,0.0
2018-08-06,0.07890010486820287,0.0,-0.06425151413391876,0.0,0.14463070132531985,0.0
2018-08-07,0.08027086864533169,0.0,-0.07172633290609713,0.0,0.14584852129108195,0.0
2018-08-08,0.08069345799380102,0.0,-0.06995040352280665,0.0,0.14403376669541473,0.0
2018-08-09,0.07980275100179243,0.0,-0.06633964629617234,0.0,0.14425511859277274,0.0
2018-08-10,0.07948441271237316,0.0,-0.06708175734964092,0.0,0.14317671383226324,0.0
2018-08-13,0.08003108610111975,0.0,-0.06736627645060322,0.0,0.1415220429995511,0.0
2018-08-14,0.0,0.0,-0.06559545334987923,0.0,0.13969708048364032,0.0
2018-08-15,0.0,0.0,-0.06409267157839194,0.0,0.13549977990677065,0.0
2018-08-16,0.0,0.0,-0.06354504736927,0.0,0.13399397063705712,0.0
2018-08-17,0.0,0.0,0.0,0.0,0.1315968442470429,0.10395457955585684
2018-08-20,0.08523011308886316,0.0,0.0,0.0,0.0,0.10437502540574291
2018-08-21,0.08698445314218028,0.0,0.0,0.0,0.0,0.10383182842747758
2018-08-22,0.08991991871306382,0.0,0.0,0.0,0.0,0.10382487289845993
2018-08-23,0.09117446814461017,0.0,0.0,0.0,0.0,0.10363738060155155
2018-08-24,0.09271959481177154,0.0,0.0,0.0,0.0,0.1046297077351855
2018-08-27,0.0,0.0,0.0,0.0,-0.06513239368970115,0.1058829846197559
2018-08-28,0.0,0.0,0.0,0.0,-0.06593482225859462,0.10517133781245508
2018-08-29,0.0,0.0,0.0,0.0,0.0,0.0
2018-08-30,0.0,0.0,0.0,0.0,0.0,0.0
2018-08-31,0.0,0.0,0.0,0.0,0.0,0.0
2018-09-04,0.0,0.0,0.0,0.0,0.0,0.0
2018-09-05,0.0,0.0,0.0,0.0,0.0,0.0
2018-09-06,0.0,0.0,0.0,0.0,0.0,0.0
2018-09-07,0.0,0.0,0.0,0.0,0.0,0.0
2018-09-10,0.0,0.0,0.0,0.0,0.0,0.0
2018-09-11,0.0,0.0,0.0,0.0,0.0,0.0
2018-09-12,0.0,0.0,0.0,0.0,0.0,0.0
2018-09-13,0.0,0.0,0.0,0.0,0.0,0.0
2018-09-14,0.0,0.0,0.0,0.0,0.0,0.0
2018-09-17,0.0,0.0,0.0,0.0,0.0,0.0
2018-09-18,0.0,0.0,0.0,0.0,0.0,0.0
2018-09-19,0.0,0.0,0.0,0.0,0.0,0.0
2018-09-20,0.0,0.0,0.0,0.0,0.0,0.0
2018-09-21,0.0,0.0,0.0,0.0,0.0,0.0
2018-09-24,0.03674493147075994,0.0,0.0,0.0,0.0,0.0
2018-09-25,0.03710580787693441,0.0,0.0,0.0,0.0,0.0
2018-09-26,0.03690742511064714,0.0,0.0,0.0,0.0,0.0
2018-09-27,0.03697134087018305,0.0,0.0,0.0,0.0,0.0
2018-09-28,0.0387814488032149,0.0,0.0,0.0,0.0,0.0
2018-10-01,0.039886480912823846,0.0,0.0,0.0,0.0,0.0
2018-10-02,0.03950517592862803,0.0,0.0,0.0,0.0,0.0
2018-10-03,0.039538285344405226,0.0,0.0,0.0,0.0,0.0
2018-10-04,0.0385519099097531,0.0,0.0,0.0,0.0,0.0
2018-10-05,0.0372987885488966,0.0,0.0,0.0,0.0,0.0
2018-10-08,0.0,0.0,0.0,0.0,0.0,0.0
2018-10-09,0.0,0.0,0.0,0.0,0.0,0.0
2018-10-10,0.0,0.0,0.0,0.0,0.0,0.0
2018-10-11,0.03578709017828261,0.0,0.0,0.0,0.041604035574071545,0.0
2018-10-12,0.037369416006875544,0.0,0.0,0.0,0.04381496105077465,0.0
2018-10-15,0.03576802578065942,0.0,0.0,0.0,0.04309391830104128,0.0
2018-10-16,0.03723295614409265,0.0,0.0,0.0,0.044662941397896526,0.0
2018-10-17,0.03668004514789132,0.0,0.0,0.0,0.0,0.0
2018-10-18,0.03616658828614388,0.0,0.0,0.0,0.0,0.0
2018-10-19,0.034656538663639845,0.0,0.0,0.0,0.0,0.0
2018-10-22,0.03495572527854994,0.0,0.0,0.0,0.0,0.0
2018-10-23,0.03347115469156474,0.0,0.0,0.0,0.0,0.0
2018-10-24,0.0,0.0,0.0,0.0,0.0,0.0
2018-10-25,0.0,0.0,0.0,0.0,0.0,0.0
2018-10-26,0.0,0.0,0.0,0.0,0.0,0.0
2018-10-29,0.0,0.0,0.0,0.0,0.0,0.0
2018-10-30,0.0,0.0,0.0,0.0,0.0,0.0
2018-10-31,0.0,0.0,0.0,0.0,0.0,0.0
2018-11-01,0.0,0.0,0.0,0.0,0.0,0.0
2018-11-02,0.0,0.0,0.0,0.0,0.0,0.0
2018-11-05,0.0,0.0,0.0,0.0,0.0,0.0
2018-11-06,0.0,0.0,0.0,0.0,0.0,0.0
2018-11-07,0.0,0.0,0.0,0.0,0.0,0.0
2018-11-08,0.0,0.0,0.0,0.0,0.0,0.0
2018-11-09,0.0,0.0,0.0,0.0,0.0,0.0
2018-11-12,0.0,0.0,0.0,0.0,0.0,0.0
2018-11-13,0.0,0.0,0.0,0.0,0.0,0.0
2018-11-14,0.0,0.0,0.0,0.0,0.0,0.0
2018-11-15,0.0,0.0,0.0,0.0,0.0,0.0
2018-11-16,0.0,0.0,0.0,0.0,0.0,0.0
2018-11-19,0.0,0.0,0.0,0.0,0.0,0.0
2018-11-20,0.0,0.0,0.0,0.0,0.0,0.0
2018-11-21,0.0,0.0,0.0,0.0,0.0,0.0
2018-11-23,0.0,0.0,0.0,0.0,0.0,0.0
2018-11-26,0.0,0.0,0.0,0.0,0.0,0.0
2018-11-27,0.0,0.0,0.0,0.0,0.0,0.0
2018-11-28,0.0,0.0,0.0,0.0,0.0,0.0
2018-11-29,0.0,0.0,0.0,0.0,0.0,0.0
2018-11-30,0.0,0.0,0.0,0.0,0.0,0.0
2018-12-03,0.0,0.0,0.0,0.0,0.0,0.0
2018-12-04,0.0,0.0,0.0,0.0,0.0,0.0
2018-12-06,0.0,0.0,0.0,0.0,0.0,0.0
2018-12-07,0.0,0.0,0.0,0.0,0.0,0.0
2018-12-10,0.0,0.0,0.0,0.0,0.0,0.0
2018-12-11,0.0,0.0,0.0,0.0,0.0,0.0
2018-12-12,0.0,0.0,0.0,0.0,0.0,0.0
2018-12-13,0.0,0.0,0.0,0.0,0.0,0.0
2018-12-14,0.0,0.0,0.0,0.0,0.0,0.0
2018-12-17,0.0,0.0,0.0,0.0,0.0,0.0
2018-12-18,0.0,0.0,0.09325231614261097,0.0,0.0,0.0
2018-12-19,0.0,0.0,0.09223257290531944,0.0,0.0,0.0
2018-12-20,0.0,0.0,0.087787889327937,0.0,0.0,0.0
2018-12-21,0.0,0.0,0.08890123879431673,0.0,0.0,0.0
2018-12-24,0.0,0.0,0.0,0.0,0.0,0.0
2018-12-26,0.0,0.0,0.10540462441499306,0.0,0.0,0.0
2018-12-27,0.0,0.0,0.10251521989151982,0.0,0.0,0.0
2018-12-28,0.0,0.0,0.1076487033404889,0.0,0.0,0.0
2018-12-31,0.0,0.0,0.1073407403963798,0.0,0.0,0.0
2019-01-02,0.0,0.0,0.10076267177870883,0.0,0.0,0.0
2019-01-03,0.0,0.0,0.0979019620674371,0.0,0.0,0.0
2019-01-04,0.0,0.0,0.10296901005544597,0.0,0.0,0.0
2019-01-07,0.0,0.0,0.10842289229347248,0.0,-0.0988109578419033,0.0
2019-01-08,0.0,-0.11515953546569113,0.10866151964101597,0.0,0.0,0.0
2019-01-09,0.0,-0.11540931154155196,0.10974169697098901,-0.12727148161335933,0.0,0.0
2019-01-10,0.0,-0.11491822516446466,0.11156865613752105,-0.12694837639959344,0.0,0.0
2019-01-11,0.0,-0.1135841065944371,0.11206505458178347,-0.12632092892508595,0.0,0.0
2019-01-14,-0.08763621311742381,-0.11266485673822836,0.10858712139546274,-0.12851315812521755,0.0,0.0
2019-01-15,-0.08761547773841127,-0.11707619754842535,0.11224289754350913,-0.132129386553687,0.0,0.0
2019-01-16,0.0,0.0,0.0,0.0,-0.0417674381504969,0.0
2019-01-17,0.0,0.0,0.0,0.0,-0.04199037681256161,0.0
2019-01-18,0.0,0.0,0.0,0.0,-0.04024781057218553,0.0
2019-01-22,0.0,0.0,0.0,0.0,0.0,0.0
2019-01-23,0.0,0.0,0.0,0.0,0.0,0.0
2019-01-24,0.0,0.0,0.04480522569570791,0.0,0.0,0.0
2019-01-25,0.0,0.0,0.04561641908818539,0.0,0.0,0.0
2019-01-28,0.0,0.0,0.04551967524769536,0.0,0.0,0.0
2019-01-29,0.0,0.0,0.04567797199658916,0.0,0.0,0.0
2019-01-30,0.0,0.0,0.04733252999751167,0.0,0.0,0.0
2019-01-31,0.0,0.0,0.04707689460049264,0.0,0.0,0.0
2019-02-01,0.0,0.0,0.04783463303850768,0.0,0.0,0.0
2019-02-04,0.0,0.0,0.04793382506673347,0.0,0.0,0.0
2019-02-05,0.0,0.0,0.049166148687547435,0.0,0.0,0.0
2019-02-06,0.0,0.0,0.04856495528219751,0.0,0.0,0.0
2019-02-07,0.0,0.0,0.0,0.0,0.0,0.0
2019-02-08,0.0,0.0,0.0,0.0,0.0,0.0
2019-02-11,0.0,0.0,0.0,0.0,0.0,0.0
2019-02-12,0.0,0.0,0.0,0.0,0.0,0.0
2019-02-13,0.0,0.0,0.0,0.0,0.0,0.0
2019-02-14,0.0,0.0,0.0,0.0,0.0,0.0
2019-02-15,0.0,0.0,0.0,0.0,0.0,0.0
2019-02-19,0.0,0.0,0.0,0.0,0.0,0.0
2019-02-20,0.0,0.0,0.0,0.0,0.0,0.0
2019-02-21,0.0,0.0,0.0,0.0,0.0,0.0
2019-02-22,0.0,0.0,0.0,0.08805855655903638,0.0,0.0
2019-02-25,0.0,0.0,0.0,0.08941075137732332,0.0,0.0
2019-02-26,0.0,0.0,0.0,0.08916835409051968,0.0,0.0
2019-02-27,0.0,0.0,0.0,0.08851468601127835,0.0,0.0
2019-02-28,0.0,0.0,-0.06956463899298683,0.08786620924686929,0.0,0.0
2019-03-01,0.0,0.0,0.0,0.0,0.0,0.0
2019-03-04,0.0,0.0,0.0,0.0,0.0,0.0
2019-03-05,0.0,-0.051573658982269684,0.0,0.0,0.0,0.0
2019-03-06,0.0,-0.0508217887156284,0.0,0.0,0.0,0.0
2019-03-07,0.0,-0.04944763237775489,0.0,0.0,0.0,0.0
2019-03-08,0.0,-0.04928329445805951,0.0,0.0,0.0,0.0
2019-03-11,0.0,-0.05087522717358062,0.0,0.0,0.0,0.0
2019-03-12,0.0,-0.05095459897810395,0.0,0.0,0.0,0.0
2019-03-13,0.0,-0.051521748222516914,0.0,0.0,0.0,0.0
2019-03-14,0.0,-0.05137469800886887,0.0,0.0,0.0,0.0
2019-03-15,0.0,-0.05221269781731939,0.0,0.0,0.0,0.0
2019-03-18,0.0,-0.053169341833546276,0.0,0.0,0.0,0.0
2019-03-19,0.0,0.0,0.0,0.0,0.0,0.0
2019-03-20,0.0,0.0,0.0,0.0,0.0,0.0
2019-03-21,0.0,0.0,0.0,0.0,0.0,0.0
2019-03-22,-0.03725127615393598,0.0,0.0,0.0,0.0,0.0
2019-03-25,-0.03644213013484115,0.0,0.0,0.0,0.0,0.0
2019-03-26,-0.03711416809653522,0.0,0.0,0.0,0.0,0.0
2019-03-27,-0.037033653029104815,0.0,0.0,0.0,0.0,0.0
2019-03-28,-0.03719687124202617,0.0,0.0,0.0,0.0,0.0
2019-03-29,-0.037699904464336326,0.0,0.0,0.0,0.0,0.0
2019-04-01,-0.038292868526351435,0.0,0.0,0.0,0.0,0.0
2019-04-02,-0.038449936624814704,0.0,0.0,0.0,0.0,0.0
2019-04-03,0.0,0.0,0.0,0.0,0.0,0.0
2019-04-04,0.0,0.0,0.0,0.0,0.0,0.0
2019-04-05,0.0,0.0,0.0,0.0,0.0,0.0
2019-04-08,0.0,0.0,0.0,0.0,0.0,0.0
2019-04-09,0.0,0.0,0.0,0.0,0.0,0.0
2019-04-10,0.0,0.0,0.0,0.0,0.0,0.0
2019-04-11,0.0,0.0,0.0,0.0,0.0,0.0
2019-04-12,0.0,0.0,0.0,0.0,0.0,0.0
2019-04-15,0.0,0.0,0.0,0.0,0.0,0.0
2019-04-16,0.0,0.0,0.0,0.0,0.09520263947987266,0.0
2019-04-17,0.0,0.0,0.0,0.0,0.09407014756155162,0.0
2019-04-18,0.0,0.0,0.0,0.0,0.09541586580771866,0.0
2019-04-22,0.0,0.0,0.0,0.0,0.09946711875591203,0.0
2019-04-23,0.0,0.0,0.0,0.0,0.10054590446953622,0.0
2019-04-24,0.0,0.0,0.0,0.0,0.0,0.0
2019-04-25,0.0,0.0,0.0,0.0,0.0,0.0
2019-04-26,0.0,0.0,0.0,0.0,0.0,0.0
2019-04-29,0.0857534799722038,0.0,0.0,0.0,0.0,0.0
2019-04-30,0.08648296396857216,0.0,0.0,0.0,0.0,0.0
2019-05-01,0.0862515861296831,0.0,0.0,0.0,0.0,0.0
2019-05-02,0.08743786521043974,0.0,0.0,0.0,0.0,0.0
2019-05-03,0.08735948432859023,0.0,0.0,0.0,0.0,0.0
2019-05-06,0.08598074256014133,0.0,0.0,0.0,0.0,0.0
2019-05-07,0.0,0.0,0.0,0.0,0.0,0.0
2019-05-08,0.0,0.0,0.0,0.0,0.0,0.0
2019-05-09,0.0,0.0,0.0,0.0,0.0,0.0
2019-05-10,0.0,0.0,0.0,0.0,0.0,0.0
2019-05-13,0.0,0.0,0.0,0.12395493871269335,0.09311223321314063,0.0
2019-05-14,0.13265801162051008,0.11528063242599351,0.0,0.12359086965384938,0.09334937767018824,0.14485918570602785
2019-05-15,0.12907349804604917,0.11581534896584739,0.0,0.1258480157310053,0.09473021559877694,0.1489627194116379
2019-05-16,0.12888454993052503,0.11744777963019623,0.0,0.12566915079762694,0.09537806692241442,0.0
2019-05-17,0.12692287416222364,0.11597128542918642,0.0,0.12550541944589536,0.09482242482936336,0.0
2019-05-20,0.0,0.11638527456101364,0.0,0.12486988502480777,0.09396303861788866,0.0
2019-05-21,0.0,0.11594583429957193,0.0,0.12592634531017172,0.0953390686001387,0.0
2019-05-22,0.0,0.11585533970932999,0.0,0.12602192089454262,0.09662052167715529,0.0
2019-05-23,0.0,0.1139908181836189,0.0,0.12396266007060167,0.09534435366393364,0.0
2019-05-24,0.0,0.11434220034092361,0.0,0.12394289995328034,0.09581853249471348,0.0
2019-05-28,0.0,0.0,0.0,0.1258083382039631,0.09572628141411163,0.0
2019-05-29,0.0,0.0,0.0,0.0,0.09435996834338041,0.0
2019-05-30,0.0,0.0,0.0,0.0,0.09501048066265383,0.0
2019-05-31,0.0,0.0,0.0,0.0,0.09291132011064213,0.0
2019-06-03,0.0,0.0,0.0,0.17813145771348984,0.0,0.0
2019-06-04,0.0,0.1217131298759436,0.0,0.18047113930875164,0.06805198352949536,0.0
2019-06-05,0.0,0.12212248663706518,0.0,0.18086749567657479,0.06837760277368003,0.0
2019-06-06,0.0,0.12304521385089,0.0,0.18075845548578026,0.06854010628858317,0.0
2019-06-07,0.0,0.0,-0.06849062799111033,0.18471994282028228,0.0687261558811956,0.0
2019-06-10,0.0,0.0,-0.07150657688811722,0.18683333638576216,0.06723563800145078,0.0
2019-06-11,0.0,0.0,0.0,0.1899972973268511,0.0,0.0
2019-06-12,0.0,0.0,-0.06479311678304492,0.18656648298324188,0.0,0.0
2019-06-13,0.0,0.0,-0.06615679365577903,0.18893920529939143,0.0,0.0
2019-06-14,0.0,0.0,-0.06621772524510174,0.19231841030126176,0.0,0.0
2019-06-17,0.0,0.0,-0.06926914274021236,0.0,0.0,0.0
2019-06-18,0.0,0.0,-0.06917370160240352,0.0,0.0,0.0
2019-06-19,0.0,0.0,-0.06973014308698462,0.0,0.0,0.0
2019-06-20,0.0,0.0,-0.06748714245206311,0.0,-0.09561648138844203,0.0
2019-06-21,0.0,0.0,-0.06844631449778775,0.0,-0.09704774745259136,-0.14853112990590048
2019-06-24,0.0,0.0,-0.06898759064820105,0.0,-0.09751763373366522,-0.14737000898100194
2019-06-25,0.0,0.0,-0.06726185633828163,0.0,-0.09395618180732385,-0.1424073693173871
2019-06-26,0.0,0.0,-0.06707129365892726,0.0,-0.09439453494300884,-0.1413712035501163
2019-06-27,-0.0892908136216692,0.0,-0.06825771716972476,0.0,0.0,-0.14108348628787454
2019-06-28,-0.08991639189359546,0.0,0.0,0.0,0.0,-0.1420160646620922
2019-07-01,0.0,0.0,0.0,0.0,0.0,0.0
2019-07-02,-0.08699449015635818,0.0,-0.09610001092907988,0.0,0.0,0.0
2019-07-03,-0.08768614774083862,0.0,-0.1010050259705745,0.0,0.0,0.0
2019-07-05,-0.0861448138500363,0.0,-0.10001783536130572,0.0,0.0,0.0
2019-07-08,0.0,0.0,-0.09851164442032928,0.0,0.0,0.0
2019-07-09,0.0,0.0,-0.09838010927861884,0.0,0.0,0.0
2019-07-10,0.0,0.0,-0.10255746960684327,0.0,0.0,0.0
2019-07-11,0.0,0.0,-0.10240603898974583,0.0,0.0,0.0
2019-07-12,0.0,0.0,0.0,0.0,0.0,0.0
2019-07-15,0.0,0.0,-0.10053390827058463,0.0,0.0,0.0
2019-07-16,0.0,0.0,-0.10004529528190943,0.0,0.0,0.0
2019-07-17,0.0,0.0,-0.10112781236644038,0.0,0.0,0.0
2019-07-18,0.0,0.0,-0.10052955112960996,0.0,0.06749541053064742,0.0
2019-07-19,0.0,0.0,-0.10277406059496841,0.0,0.06565569595032553,0.0
2019-07-22,0.0,0.0,0.0,0.0,0.0,0.0
2019-07-23,0.0,0.0,-0.06975823851711724,0.0,0.0,0.0
2019-07-24,0.0,0.0,-0.07111091045378191,0.0,0.0,0.0
2019-07-25,0.0,0.0,0.0,0.0,0.0,0.0
2019-07-26,0.0,0.0,0.0,0.0,0.0,0.0
2019-07-29,0.0,0.07978098198082809,0.0,0.0,0.0,-0.1010325543177458
2019-07-30,0.0,0.0791081016083559,0.0,0.0868032505039522,0.0,-0.09979027073196485
2019-07-31,0.0,0.0,0.0,0.08575993951734766,0.0,-0.09921903056641626
2019-08-01,0.0,0.11963383010844622,0.0,0.08521234514185243,0.0,-0.09882919885231388
2019-08-02,0.0,0.11788766751297666,0.0,0.0,0.0,0.0
2019-08-05,0.06146977773447322,0.0,0.0,0.08471413639669687,0.0,0.0
2019-08-06,0.06201374464039887,0.1206686757569728,0.0,0.08588268296427352,0.0,0.0
2019-08-07,0.06255923372217055,0.12088737690990112,0.0,0.08606862975792288,0.0,0.0
2019-08-08,0.063903268920251,0.12271879617403816,0.0,0.08780338168077897,0.0,0.0
2019-08-09,0.06253149904999074,0.12156010982606565,0.0,0.0871208680024458,0.0,0.0
2019-08-12,0.06165742214091458,0.12049184060546875,0.0,0.08629699874145072,0.0,0.0
2019-08-13,0.0,0.12266305842356236,0.0,0.08738189785488673,0.0,0.0
2019-08-14,0.0,0.11951363034485817,0.0,0.08401650466028093,0.0,0.0
2019-08-15,0.0,0.12013682801989277,0.0,0.08517227361702014,0.0,0.0
2019-08-16,0.0,0.12105213872745954,0.0,0.08555056660882708,0.0,0.0
2019-08-19,0.0,0.12232956891980447,0.0,0.0,0.0,0.0
2019-08-20,0.0,0.1214573068810005,0.0,0.0,0.0,0.0
2019-08-21,0.0,0.12276800657372337,0.0,0.0,0.0,0.0
2019-08-22,0.0,0.12165155770402192,0.0,0.0,0.0,0.0
2019-08-23,0.0,0.11838054908209286,0.0,0.0,0.0,0.0
2019-08-26,0.0,0.0,0.0,0.0,0.0,0.0
2019-08-27,0.0,0.0,0.0,0.0,0.0,0.0
2019-08-28,0.0,0.0,0.0,0.0,0.0,0.0
2019-08-29,0.0,0.0,0.0,0.0,0.0,0.0
2019-08-30,0.0,0.0,0.0,0.0,0.0,0.0
2019-09-03,0.0,0.0,0.0,0.0,0.0,0.0
2019-09-04,0.0,0.0,0.0,0.0,0.0,0.0
2019-09-05,0.0,0.0,0.0,0.0,0.0,0.0
2019-09-06,0.0,0.0,-0.06853455611528576,0.0,0.0,0.0
2019-09-09,0.0,0.0,-0.06993373012626798,0.0,0.0,0.0
2019-09-10,0.0,0.0,-0.07114564405108366,0.0,0.0,0.0
2019-09-11,0.0,0.0,0.0,0.0,0.0,0.0
2019-09-12,0.0,0.0,-0.06780834209139212,0.0,0.0,0.0
2019-09-13,0.0,0.0,-0.06761107174113594,0.0,0.0,0.0
2019-09-16,0.0,0.0,-0.06690795970154577,0.0,0.0,0.0
2019-09-17,0.0,0.0,-0.06749038510773864,0.0,0.0,0.0
2019-09-18,0.0,0.0,-0.06710792371561604,0.0,0.0,0.0
2019-09-19,0.0,0.0,-0.06802336874381272,0.0,0.0,0.0
2019-09-20,0.0,0.0,-0.06626450194151569,0.0,0.0,0.0
2019-09-23,0.0,0.0,-0.06644366003912848,0.0,0.0,0.0
2019-09-24,0.0,0.0,0.0,0.0,0.0,0.0
2019-09-25,0.0,0.0,0.06939183181741032,0.0,0.0,0.0
2019-09-26,0.0,0.0,0.0,0.0,0.0,0.0
2019-09-27,0.0,0.0,0.0,0.0,0.0,0.0
2019-09-30,0.0,0.0,0.0,0.0,0.0,0.0
2019-10-01,0.0,0.0,0.0,0.0,0.0,0.0
2019-10-02,0.0,0.0,0.0,0.0,0.0,0.09878581328343186
2019-10-03,0.0,0.0,0.0,0.0,0.0,0.09965488930699672
2019-10-04,0.0,0.0,0.0,0.0,0.0,0.10127607067037948
2019-10-07,0.0,0.0,0.0,0.0,0.0,0.10107233136025442
2019-10-08,0.0,0.0,0.0,0.0,0.0,0.09970769278543117
2019-10-09,0.0,0.0,0.0,0.0,0.0,0.10063220432555274
2019-10-10,0.0,0.0,0.0,0.0,0.0,0.10116406775054403
2019-10-11,0.0,0.0,0.0,0.0,-0.06860876984662541,0.10159563737997813
2019-10-14,0.0,0.0,0.0,-0.08551000150925148,-0.06924871139348643,0.10178169387322607
2019-10-15,0.0,0.0,0.0,-0.08821999082889549,-0.06901073083455957,0.0
2019-10-16,0.0,0.0,0.0,-0.08859922131369938,-0.06955930457887165,0.0
2019-10-17,0.0,0.0,0.0,-0.08945371606455206,0.0,0.0
2019-10-18,0.0,0.0,0.0,-0.08689350818122824,0.0,0.0
2019-10-21,0.0,0.0,0.0,-0.08888409819195266,0.0,0.0
2019-10-22,0.0,0.0,0.0,-0.08511274330118046,0.0,0.0
2019-10-23,0.0,0.0,0.0,-0.08704597149895446,0.0,0.0
2019-10-24,0.0,0.0,0.0,-0.08716291015984416,0.0,0.0
2019-10-25,0.0,0.0,0.0,-0.08793117037257893,0.0,0.0
2019-10-28,0.0,0.0,0.0,-0.08870050930426963,0.0,0.0
2019-10-29,0.0,0.0,0.0,0.0,0.0,0.0
2019-10-30,0.0,0.0,0.0,0.0,0.0,0.0
2019-10-31,0.0,0.0,0.0,0.0,0.0,0.0
2019-11-01,0.0,0.0,0.0,0.0,0.0,0.0
2019-11-04,0.0,0.0,0.0,0.0,0.0,0.0
2019-11-05,0.0,0.0,0.0,0.0,0.0,0.0
2019-11-06,0.0,0.0,0.0,0.0,0.0,0.0
2019-11-07,0.0,0.0,0.0,0.0,0.0,0.0
2019-11-08,0.0,0.0,0.0,0.0,0.0,0.0
2019-11-11,0.0,0.0,0.0,0.0,0.0,0.0
2019-11-12,0.0,0.0,0.0,0.0,0.0,0.0
2019-11-13,0.0,0.0,0.0,0.0,0.0,0.0
2019-11-14,0.0,0.0,0.0,0.0,0.0,0.0
2019-11-15,0.0,0.0,0.0,0.0,0.0,0.0
2019-11-18,0.0,0.0,0.0,0.0,0.0,0.0
2019-11-19,0.0,0.0,0.0,0.0,0.0,0.0
2019-11-20,0.0,0.0,0.0,0.0,0.0,0.0
2019-11-21,0.0,0.0,0.0,0.0,0.0,0.0
2019-11-22,0.0,0.0,0.0,0.0,0.0,0.0
2019-11-25,0.0,0.0,0.0,0.0,0.0,0.0
2019-11-26,0.0,0.0,0.0,0.0,0.0,0.0
2019-11-27,0.0,0.0,0.0,0.0,0.0,0.0
2019-11-29,0.0,-0.11890479022484389,0.0,0.0,0.0,0.0
2019-12-02,0.0,-0.11748809123953229,0.0,0.0,0.0,0.0
2019-12-03,0.0,-0.11663096097989775,0.0,0.0,0.0,0.0
2019-12-04,0.0,-0.11594928890082672,0.0,0.0,0.0,0.0
2019-12-05,0.0,-0.1144660281665738,0.0,0.0,0.0,0.0
2019-12-06,0.0,-0.1152816648032034,0.0,0.0,0.0,0.0
2019-12-09,0.0,-0.11512827529780292,0.0,0.0,0.0,0.0
2019-12-10,0.0,-0.11437295208479703,0.0,0.0,0.0,0.0
2019-12-11,0.0,-0.11507029907422935,0.0,0.0,0.0,0.0
2019-12-12,0.0,-0.11592283636162454,0.0,0.0,0.0,0.0
2019-12-13,0.0,-0.11596765727705731,0.0,0.0,0.0,0.0
2019-12-16,0.0,-0.11657578091689239,0.0,0.0,0.0,0.0
2019-12-17,0.0,-0.11815614248974293,0.0,0.0,0.0,0.0
2019-12-18,0.0,-0.11766719126521032,0.0,0.0,0.0,0.0
2019-12-19,0.0,-0.11856309563535485,0.0,0.0,-0.09935282364278705,0.0
2019-12-20,0.0,-0.11830107305500813,0.0,0.0,-0.10085499942693066,0.0
2019-12-23,0.0,-0.11864760587421129,0.0,0.0,-0.09964696888453026,0.0
2019-12-24,0.0,-0.1183706668305771,0.0,0.0,-0.0996548668303524,0.0
2019-12-26,0.0,0.0,0.0,0.0,-0.09984717894533054,0.0
2019-12-27,0.0,-0.1782784784259008,0.0,0.0,-0.09857840163286023,0.0
2019-12-30,0.0,-0.17540724009489414,0.0,0.0,-0.09646926267083919,0.0
2019-12-31,0.0,-0.1754902895278245,0.0,0.0,-0.09654288450301547,0.14480587907322315
2020-01-02,0.0,-0.1808807764807818,0.0,0.0,-0.09874634813139631,0.14848626366329654
2020-01-03,0.0,-0.17822353160100943,0.0,0.0,-0.0973236540347059,0.14732795619006633
2020-01-06,0.0,-0.18118295870212467,0.0,0.0,-0.10045897864828213,0.15151111300587847
2020-01-07,0.0,0.0,0.0,0.0,-0.0989132969858977,0.1511786080110909
2020-01-08,0.0,0.0,0.0,0.0,-0.10162607845002025,0.0
2020-01-09,0.0,0.0,0.0,0.0,-0.1004393884344796,0.0
2020-01-10,0.0,0.0,0.0,0.0,-0.09826710781946685,0.0
2020-01-13,0.0,0.0,0.0,0.0,-0.10151389042851874,0.0
2020-01-14,0.0,0.0,0.0,0.0,-0.1014380162992306,0.0
2020-01-15,0.0,0.0,0.0,0.0,-0.10156339232247395,0.0
2020-01-16,0.0,0.0,0.0,0.0,-0.1014149251533951,0.0
2020-01-17,0.0,0.0,0.0,0.0,-0.1017613940329287,0.0
2020-01-21,0.0,0.0,0.0,0.0,-0.10124672247557485,0.0
2020-01-22,0.0,0.0,0.0,0.0,-0.09726766224505988,0.0
2020-01-23,0.0,0.0,0.0,0.0,0.0,0.0
2020-01-24,0.0,0.0,0.0,0.0,0.0,0.0
2020-01-27,0.0,0.0,0.0,0.0,0.0,0.0
2020-01-28,0.09048772321560895,0.12086562985443088,0.0,0.0,0.0,0.0
2020-01-29,0.08965271583034912,0.12124537175462884,0.0,0.0,0.0,0.0
2020-01-30,0.08966823972713193,0.12195987538703636,0.0,0.0,0.0,0.0
2020-01-31,0.08589105397787695,0.0,0.0,0.12036622446091644,0.0,0.0
2020-02-03,0.08706616944693783,0.0,0.0,0.12138845575878227,0.0,0.0
2020-02-04,0.08901191616444619,0.0,0.0,0.12402002253845032,0.0,0.0
2020-02-05,0.0,0.0,0.0,0.12396206457130765,0.0,0.0
2020-02-06,0.0,0.0,0.0,0.12434436263039104,0.0,0.0
2020-02-07,0.0,0.0,0.0,0.12510798244873364,0.0,0.0
2020-02-10,0.0,0.0,0.0,0.1254841239021255,0.0,0.0
2020-02-11,0.0,0.0,0.0,0.1224502697530778,0.0,0.0
2020-02-12,0.0,0.0,0.0,0.12429789442030653,0.0,0.0
2020-02-13,0.0,0.0,0.0,0.12552532532868302,0.0,0.0
2020-02-14,0.0,0.0,0.0,0.12606061457458356,0.0,0.0
2020-02-18,0.0,0.0,0.0,0.12791870421146093,0.0,0.0
2020-02-19,0.0,0.0,0.0,0.12775989110900385,0.0,0.0
2020-02-20,0.0,0.0,0.0,0.1262663114600833,0.0,0.0
2020-02-21,0.0,0.0,0.0,0.12399824262584709,0.0,0.0
2020-02-24,0.0,0.0,0.0,0.0,0.0,0.0
2020-02-25,0.0,0.0,0.0,0.18282927519497513,0.0,0.1436365449705374
2020-02-26,0.0,0.0,0.0,0.0,0.10276682127761955,0.14366848920530184
2020-02-27,0.0,0.0,0.0,0.12309743849947605,0.10143038302423972,0.0
2020-02-28,0.0,0.12321023579627949,0.08845593703871704,0.0,0.09922787589271877,0.22503965599963346
2020-03-02,0.0,0.0,0.09591779311593206,0.12427417112106212,0.09980333187865027,0.22690911136134384
2020-03-03,0.0,0.0,0.0969092343989491,0.0,0.09733795725190933,0.0
2020-03-04,0.0,0.0,0.09677563703410513,0.0,0.10062434186081474,0.14788495193952353
2020-03-05,0.0,0.0,0.09481035733840121,0.0,0.09905148948387418,0.142622206461641
2020-03-06,0.0,0.0,0.09287192163243645,0.0,0.09890966043569975,0.0
2020-03-09,0.0,0.0,0.08185914020272383,0.0,0.0,0.0
2020-03-10,0.0904462236983422,0.0,0.08586070522248176,0.0,0.10367783535468333,0.21880688094147696
2020-03-11,0.08727097428478978,0.0,0.08624787721186429,0.0,0.101832702643049,0.21236854422354262
2020-03-12,0.0,0.0,0.0,0.0,0.0,0.0
2020-03-13,0.0,0.056102296747258196,0.0,0.0,0.046980536718830894,0.0
2020-03-16,0.0,0.0,0.0,0.0,0.0,0.0
2020-03-17,0.0,0.0,0.0,0.0,0.0,0.0
2020-03-18,0.0,0.0,0.03692391260732305,0.0,0.0,0.0
2020-03-19,0.0,0.0,0.04341857669569535,0.0,0.0,0.0
2020-03-20,0.0,0.0,0.04340789528079722,0.0,0.0,0.0
2020-03-23,0.0,0.0,0.0440640064053998,0.0,0.0,0.0
2020-03-24,0.0,0.0,0.05087341171976522,0.0,0.0,0.0
2020-03-25,0.0,0.0,0.054136946234564866,0.0,0.0,0.0
2020-03-26,0.0,0.0,0.05308268642909906,0.0,0.0,0.0
2020-03-27,0.0,0.0,0.051767520844454,0.0,0.0,0.0
2020-03-30,0.0,0.0,0.0505989182095532,0.0,0.0,0.0
2020-03-31,0.0,0.0,0.052686615668912945,0.0,0.0,0.0
2020-04-01,0.0,0.0,0.04862690215977464,0.0,0.0,0.0
2020-04-02,0.0,0.0,0.04601729193577412,0.0,0.0,0.0
2020-04-03,0.0,0.0,0.048477975201543747,0.0,0.0,0.0
2020-04-06,0.0,0.0,0.05194690150830518,0.0,0.0,0.0
2020-04-07,0.0,0.0,0.05472532080395266,0.0,0.0,0.0
2020-04-08,0.0,0.0,0.05504671601647529,0.0,0.0,0.0
2020-04-09,0.0,0.0,0.05733095874557366,0.0,0.0,0.0
2020-04-13,0.0,0.0,0.06462613733080105,0.0,0.0,0.0
2020-04-14,0.0,0.0,0.07006767910105466,0.0,0.0,0.0
2020-04-15,0.0,0.0,0.07193884841634202,-0.05485051661901965,0.0,0.0
2020-04-16,0.0,0.0,0.07332731685079158,-0.05453251390505623,0.0,0.0
2020-04-17,0.0,0.0,0.0,-0.05536663799340365,0.0,0.0
2020-04-20,0.0,0.0,0.0,-0.05504074076294132,0.0,0.0
2020-04-21,0.0,0.0,0.0,-0.05262236105437404,0.0,0.0
2020-04-22,0.0,0.0,0.0,-0.05635862041027257,0.0,0.0
2020-04-23,0.0,0.0,0.0,0.0,0.0,0.0
2020-04-24,0.0,0.0,0.0,-0.055971121958444524,0.0,0.0
2020-04-27,0.0,0.0,0.0,-0.055172561301311165,0.0,0.0
2020-04-28,0.0,0.0,0.0,-0.05374934414218757,0.0,0.0
2020-04-29,0.0,0.0,0.0,0.0,0.0,0.0
2020-04-30,0.0,0.0,0.0,-0.053635077622241636,0.0,-0.06100892225305458
2020-05-01,0.0,0.0,0.0,-0.05289156799541292,0.0,-0.059560566709299885
2020-05-04,0.0,0.0,0.0,-0.05372899203731119,0.0,-0.05987477443583713
2020-05-05,0.0,0.0,0.0,-0.05429268755786384,0.0,-0.06115825308176567
2020-05-06,0.0,0.0,0.0,-0.054670935610593004,0.0,-0.06100797686542157
2020-05-07,0.0,0.0,0.0,-0.05550323499544102,0.0,-0.062202203676535735
2020-05-08,0.0,0.0,0.0,0.0,0.0,-0.06295001820893877
2020-05-11,0.0,0.0,0.0,0.0,0.0,-0.06388127880654984
2020-05-12,0.0,0.0,0.0,0.0,0.0,-0.06250744318642468
2020-05-13,0.0,0.0,0.0,0.0,0.0,-0.06121228615532814
2020-05-14,0.0,0.0,0.0,0.0,0.0,-0.061623405284573024
2020-05-15,0.0,0.0,0.0,0.0,0.0,-0.06240507216917234
2020-05-18,0.0,0.0,0.0,0.0,0.0,-0.06299062800061712
2020-05-19,0.0,0.0,0.0,0.0,0.0,-0.06246977145253691
2020-05-20,0.0,0.0,0.0,0.0,0.0,-0.06415105910391948
2020-05-21,0.0,0.0,0.0,0.0,0.0,-0.06403431482948312
2020-05-22,0.0,0.0,0.0,0.0,0.0,-0.06434875304425344
2020-05-26,0.0,0.0,0.0,0.0,0.0,-0.06474288963261828
2020-05-27,0.0,0.0,0.0,0.0,0.0,-0.06469002939530129
2020-05-28,0.0,0.0,0.0,0.0,0.0,-0.06459110610762862
2020-05-29,0.0,0.0,0.0,0.0,0.0,-0.06533247696307469
2020-06-01,0.0,0.0,0.0,0.0,0.0,-0.06539801949472042
2020-06-02,0.0,0.0,0.0,0.0,0.0,-0.06575942232185776
2020-06-03,0.0,0.0,0.0,0.0,0.0,-0.06561075357059175
2020-06-04,0.0,0.0,0.0,0.0,0.0,-0.0644001011448214
2020-06-05,0.0,0.0,0.0,0.0,0.0,-0.06564816195223978
2020-06-08,0.0,0.0,0.0,0.0,0.0,-0.0660379295378192
2020-06-09,0.0,0.0,0.0,0.0,0.0,0.0
2020-06-10,0.0,0.0,0.0,0.0,0.0,0.0
2020-06-11,0.0,0.0,0.0,0.0,0.0,0.0
2020-06-12,0.0,0.0,0.0,0.0,0.0,0.0
2020-06-15,0.0,0.0,0.0,0.0,0.0,0.0
2020-06-16,0.0,0.0,0.0,0.0,0.0,0.0
2020-06-17,0.0,0.0,0.0,0.0,0.0,0.0
2020-06-18,0.0,0.0,0.0,0.0,0.0,0.0
2020-06-19,0.0,0.0,0.0,0.0,0.0,0.0
2020-06-22,0.0,0.0,0.0,0.0,0.0,0.0
2020-06-23,0.0,0.0,0.0,0.0,0.0,0.0
2020-06-24,0.0,0.0,0.0,0.0,0.0,0.0
2020-06-25,0.0,0.0,0.0,0.0,0.0,0.0
2020-06-26,0.0,0.0,0.0,0.0,0.0,0.0
2020-06-29,0.0,0.0,0.0,0.0,0.0,0.0
2020-06-30,0.0,0.0,0.0,0.0,0.0,0.0
2020-07-01,0.0,0.0,0.0,0.0,0.0,0.0
2020-07-02,0.0,0.0,0.0,0.0,0.0,0.0
2020-07-06,0.0,0.0,0.0,0.0,0.0,0.0
2020-07-07,0.0,0.0,0.0,0.0,0.0,0.0
2020-07-08,0.0,0.0,0.0,0.0,0.0,0.0
2020-07-09,0.0,0.0,0.0,0.0,0.0,0.0
2020-07-10,0.0,0.0,0.0,0.0,0.0,0.0
2020-07-13,0.0,0.0,0.0,0.0,0.0,0.0
2020-07-14,0.0,0.0,0.0,0.0,0.0,0.0
2020-07-15,0.0,0.0,0.0,0.0,0.0,0.0
2020-07-16,0.0,0.0,0.0,0.0,0.0,0.0
2020-07-17,0.0,0.0,0.0,0.0,0.0,0.0
2020-07-20,0.0,0.0,0.0,0.0,0.0,0.0
2020-07-21,0.0,0.0,0.0,0.0,0.0,0.0
2020-07-22,0.0,0.0,0.0,0.0,0.0,0.0
2020-07-23,0.0,0.0,0.0,0.0,0.0,0.0
2020-07-24,0.0,0.0,0.0,0.12037147395145037,0.0,0.0
2020-07-27,0.0,0.0,0.0,0.12165004414527839,0.0,0.0
2020-07-28,0.0,0.0,0.0,0.12010061153457123,0.0,0.0
2020-07-29,0.0,0.0,0.0,0.12155394311273851,0.0,0.0
2020-07-30,0.0,0.0,0.0,0.12210743244636052,0.0,0.0
2020-07-31,0.0,0.0,0.0,0.13078399674971783,0.0,0.0
2020-08-03,0.0,0.0,0.0,0.1300170254717541,0.0,0.0
2020-08-04,0.0,0.0,0.0,0.0,0.0,0.0
2020-08-05,0.0,0.0,0.0,0.0,0.0,0.0
2020-08-06,0.0,0.0,0.0,0.0,0.0,0.0
2020-08-07,0.0,0.0,0.0,0.0,0.0,0.0
2020-08-10,0.0,0.0,0.0,0.0,0.0,0.0
2020-08-11,0.0,0.0,0.08159755676144546,0.0,0.0,0.0
2020-08-12,0.0,0.0,0.09125228379884782,0.0,0.11152151726155832,0.0
2020-08-13,0.0,0.0,0.0,0.0,0.11236572689802446,0.0
2020-08-14,0.0,0.0,0.0,0.0,0.1126453858929564,0.0
2020-08-17,0.0,0.0,0.0,0.0,0.11257704020177117,0.0
2020-08-18,0.0,0.0,0.0,0.0,0.11454443312955295,0.0
2020-08-19,0.0,0.0,0.0,0.0,0.11302832510309926,0.0
2020-08-20,0.0,0.0,0.0,0.0,0.11578608192131348,0.0
2020-08-21,0.0,0.0,0.0,0.0,0.11463514955961086,0.0
2020-08-24,0.0,0.0,0.0,0.0,0.11391300912195507,0.0
2020-08-25,0.0,0.0,0.0,0.0,0.0,0.0
2020-08-26,0.0,0.0,0.0,0.0,0.0,0.0
2020-08-27,0.0,0.0,0.0,0.0,0.0,0.0
2020-08-28,0.0,0.0,0.0,0.0,0.0,0.0
2020-08-31,0.0,0.0,0.0,0.0,0.0,0.0
2020-09-01,0.0,0.0,0.0,0.0,0.0,0.0
2020-09-02,0.0,0.0,0.0,0.0,0.0,0.0
2020-09-03,0.0,0.0,0.0,0.0,0.0,0.0
2020-09-04,0.0,0.0,0.0,0.0,0.0,0.0
2020-09-08,0.0,0.0,0.0,0.0,0.0,0.0
2020-09-09,0.0,0.0,0.0,0.0,0.0,0.0
2020-09-10,0.0,0.0,0.0,0.0,0.0,0.0
2020-09-11,0.0,0.0,0.0,0.0,0.0,0.0
2020-09-14,0.0,0.0,0.0,0.0,0.0,0.0
2020-09-15,0.0,0.0,0.0,0.0,0.0,0.0
2020-09-16,0.0,0.0,0.0,0.0,0.0,0.0
2020-09-17,0.0,0.0,0.0,0.0,0.0,0.0
2020-09-18,0.0,0.0,0.0,0.0,0.0,0.0
2020-09-21,0.0,0.0,0.0,0.0,0.0,0.0
2020-09-22,0.0,0.0,0.0,0.0,0.0,0.0
2020-09-23,0.0,0.0,0.0,0.0,0.0,0.0
2020-09-24,0.0,0.0,0.0,0.0,0.0,0.0
2020-09-25,0.0,0.0,0.0,0.0,0.0,0.0
2020-09-28,0.0,0.0,0.0,0.0,0.0,0.0
2020-09-29,0.0,0.0,0.0,0.0,0.0,0.0
2020-09-30,0.0,0.0,0.0,0.0,0.0,0.0
2020-10-01,0.0,0.0,0.0,0.0,0.0,0.0
2020-10-02,0.0,0.0,0.0,0.0,0.0,0.0
2020-10-05,0.0,0.0,0.0,0.0,0.0,0.0
2020-10-06,0.0,0.0,0.0,0.0,0.0,0.0
2020-10-07,0.0,0.0,0.0,0.0,0.0,0.0
2020-10-08,0.0,0.0,0.0,0.0,0.0,0.0
2020-10-09,0.0,0.0,0.0,0.0,0.0,0.0
2020-10-12,0.0,0.0,0.0,0.0,0.0,0.0
2020-10-13,0.0,0.0,0.0,0.0,0.0,0.0
2020-10-14,0.0,0.0,0.0,0.0,0.0,0.0
2020-10-15,0.0,0.0,0.0,0.0,0.0,0.0
2020-10-16,0.0,0.0,0.0,0.0,0.0,0.0
2020-10-19,0.0,0.0,0.0,0.0,0.0,0.0
2020-10-20,0.0,0.0,0.0,0.0,0.0,0.0
2020-10-21,0.0,0.0,0.0,0.0,0.0,0.0
2020-10-22,0.0,0.0,0.0,0.0,0.0,0.0
2020-10-23,0.0,0.0,0.0,0.0,0.0,0.0
2020-10-26,0.0,0.0,0.0,0.0,0.0,0.0
2020-10-27,0.0,0.0,0.0,0.0,0.0,0.0
2020-10-28,0.0,0.0,0.0,0.0,0.0,0.0
2020-10-29,0.0,0.0,0.0,0.0,0.0,0.0
2020-10-30,0.0,0.0,0.0,0.0,0.0,0.0
2020-11-02,0.0,0.0,0.0,0.0,0.0,0.0
2020-11-03,0.0,0.0,0.0,0.0,0.0,0.0
2020-11-04,0.0,0.0,0.0,0.0,0.0,0.0
2020-11-05,0.0,0.0,0.0,0.0,0.0,0.0
2020-11-06,0.0,0.0,0.0,0.0,0.0,0.0
2020-11-09,0.0,0.0,0.0,0.0,0.0,0.0
2020-11-10,0.0,0.0,0.0,0.0,0.0,0.0
2020-11-11,0.0,0.0,0.0,0.0,0.0,0.0
2020-11-12,0.0,0.0,0.0,0.0,0.0,0.0
2020-11-13,0.0,0.0,0.0,0.0,0.0,0.0
2020-11-16,0.0,0.0,0.0,0.0,0.0,0.0
2020-11-17,0.0,0.0,0.0,0.0,0.0,0.0
2020-11-18,0.0,0.0,0.0,0.0,0.0,0.0
2020-11-19,0.0,0.0,0.0,0.0,0.0,0.0
2020-11-20,0.0,0.0,0.0,0.0,0.0,0.0
2020-11-23,0.0,0.0,0.0,0.0,0.0,0.0
2020-11-24,0.0,0.0,0.0,0.0,0.0,0.0
2020-11-25,0.0,0.0,0.0,0.0,0.0,0.0
2020-11-27,0.0,0.0,0.0,0.0,0.0,0.0
2020-11-30,0.0,0.0,0.0,0.0,0.0,0.0
2020-12-01,0.0,0.0,0.0,0.0,0.0,0.0
2020-12-02,0.0,0.0,0.0,0.0,0.0,0.0
2020-12-03,0.0,0.0,0.0,0.0,0.0,0.0
2020-12-04,0.0,0.0,0.0,0.0,0.0,0.0
2020-12-07,0.0,0.0,0.0,0.0,0.0,0.0
2020-12-08,0.0,0.0,0.0,0.0,0.0,0.0
2020-12-09,0.0,0.0,0.0,0.0,0.0,0.0
2020-12-10,0.0,0.0,0.0,0.0,0.0,0.0
2020-12-11,0.0,0.0,0.0,0.0,0.0,0.0
2020-12-14,0.0,0.0,0.0,0.0,0.0,0.0
2020-12-15,0.0,0.0,0.0,0.0,0.0,0.0
2020-12-16,0.0,0.0,0.0,0.0,0.0,0.0
2020-12-17,0.0,0.0,0.0,0.0,0.0,0.0
2020-12-18,0.0,0.0,0.0,0.0,0.0,0.0
2020-12-21,0.0,0.0,0.0,0.0,0.0,0.0
2020-12-22,0.0,0.0,0.0,0.0,0.0,0.0
2020-12-23,0.0,0.0,0.0,0.0,0.0,0.0
2020-12-24,0.0,0.0,0.0,0.0,0.0,0.0
2020-12-28,0.0,0.0,0.0,0.0,0.0,0.0
2020-12-29,0.0,0.0,0.0,0.0,0.0,0.0
2020-12-30,0.0,0.0,0.0,0.0,0.0,0.0
2020-12-31,0.0,0.0,0.0,0.0,0.0,0.0
2021-01-04,0.0,0.0,0.0,0.0,0.0,0.0
2021-01-05,0.0,0.0,0.0,0.0,0.0,0.0
2021-01-06,0.0,0.0,0.0,0.0,0.0,0.0
2021-01-07,0.09001473381980811,0.13487394146777174,0.0,0.11640204236399687,0.117178053688205,0.0
2021-01-08,0.08953751139189639,0.13571427797458768,0.0,0.11586474130256579,0.11749481044203644,0.0
2021-01-11,0.0,0.13380297128363114,0.0,0.11206361243513237,0.1157666871138534,0.0
2021-01-12,0.0,0.13446082383339966,0.0,0.0,0.11496098498592408,0.0
2021-01-13,0.0,0.13572527994554578,0.0,0.11508440154417178,0.11752418227334545,0.0
2021-01-14,0.0,0.13488682782941824,0.0,0.11301793199678561,0.11661941876977296,0.0
2021-01-15,0.0,0.13375698248454718,0.0,0.11553878731352629,0.11583768077968351,0.0
2021-01-19,0.0,0.13365706885207115,0.0,0.11929171897031556,0.11601507187561372,0.0
2021-01-20,0.0,0.13654601004589637,0.0,0.11939180985343655,0.0,0.0
2021-01-21,0.0,0.13778780802562937,0.0,0.12128457387162249,0.0,0.0
2021-01-22,0.0,0.13715780013050075,0.0,0.12199569903013659,0.0,0.0
2021-01-25,0.0,0.0,0.0,0.12304181676832865,0.0,0.0
2021-01-26,0.0,0.0,0.0,0.124607043878666,0.0,0.0
2021-01-27,0.0,0.0,0.0,0.12075761925541906,0.0,0.0
2021-01-28,0.0,0.0,0.0,0.1179630874928735,0.0,0.0
2021-01-29,0.0,0.0,0.0,0.11533640204756157,0.0,0.0
2021-02-01,0.0,0.0,0.07714835171071499,0.11652468611532758,0.0,0.0
2021-02-02,0.0,0.0,0.07975655520638157,0.11815506646814489,0.0,0.0
2021-02-03,0.0,0.0,0.0782468629155214,0.11818279896649082,0.0,0.0
2021-02-04,0.0,0.0,0.0778555942847981,0.11817112631549426,0.0,0.0
2021-02-05,0.0,0.0,0.07798909059908003,0.1187758897606192,0.0,0.0
2021-02-08,0.0,0.0,0.07898541600557422,0.1180611026931014,0.0,0.0
2021-02-09,0.0,0.0,0.07770882187020568,0.11933286644355255,0.0,0.0
2021-02-10,0.0,0.0,0.07384757261916038,0.1207683661897184,0.0,0.0
2021-02-11,0.0,0.0,0.0,0.12011710357381439,0.0,0.0
2021-02-12,0.0,0.0,0.0,0.12016008236931988,0.0,0.0
2021-02-16,0.0,0.0,0.0,0.12151422347894915,0.0,0.0
2021-02-17,0.0,0.0,0.0,0.12135832775866338,0.0,0.0
2021-02-18,0.0,0.0,0.0,0.11972604335441883,0.0,0.0
2021-02-19,0.0,0.0,0.0,0.11665206984644672,0.0,0.0
2021-02-22,0.0,0.0,0.0,0.11616723554513154,0.0,0.0
2021-02-23,0.0,0.0,0.07743666814459964,0.11751579089974878,0.0,0.0
2021-02-24,0.0,0.13593954257897975,0.08192501907875321,0.11640964139204388,0.0,0.0
2021-02-25,0.0,0.1335711863281438,0.07648859393358894,0.11390911419832653,0.0,0.0
2021-02-26,0.08939226446144714,0.135038512412694,0.0756816423256403,0.11513808537256669,0.0,0.20105769044784158
2021-03-01,0.08880361163230942,0.13520266127284,0.07922628109939307,0.11653531515832663,0.0,0.20257112514180114
2021-03-02,0.0870231127849276,0.13455182001372296,0.07659053420161567,0.11527804361934127,0.0,0.20444522236605847
2021-03-03,0.0,0.0,0.07416261670037552,0.11567808547899891,0.0,0.20269037324952294
2021-03-04,0.08703173984197758,0.0,0.07105772267486965,0.11751674686796948,0.17092664126528728,0.20641526293800488
2021-03-05,0.0,0.0,0.0,0.0,0.0,0.21241013416058066
2021-03-08,0.0,0.0,0.0,0.0,0.0,0.2062568579760351
2021-03-09,0.09164563892124881,0.0,0.0,0.0,0.11459575800267781,0.0
2021-03-10,0.0,0.0,0.0,0.0,0.11385279582153006,0.0
2021-03-11,0.0,0.0,0.0,0.0,0.11754073743416474,0.0
2021-03-12,0.0,0.0,0.0,-0.11691265618261286,0.11651966052580592,0.0
2021-03-15,0.0,0.0,0.0,-0.11946154545104788,0.11723566985991765,0.0
2021-03-16,0.0,0.0,0.0,0.0,0.1182710085961814,0.0
2021-03-17,0.0,0.0,0.0,0.0,0.11835259256366885,0.0
2021-03-18,0.0,0.0,0.0,0.0,0.11442551345946347,0.0
2021-03-19,0.0,0.0,0.0,0.0,0.11590650925332684,0.0
2021-03-22,0.0,0.0,0.0,0.0,0.0,0.0
2021-03-23,0.0,0.0,0.0,0.0,0.0,0.0
2021-03-24,0.0,0.0,0.0,0.0,0.0,0.0
2021-03-25,0.0,0.0,0.0,0.0,0.0,0.0
2021-03-26,0.0,0.0,0.0,0.0,0.0,0.0
2021-03-29,0.0,0.0,0.0,0.0,0.0,0.0
2021-03-30,0.0,0.0,0.0,0.0,0.0,0.0
2021-03-31,0.0,0.0,0.0,0.0,0.0,0.0
2021-04-01,-0.06338091616908652,0.0,0.0,0.0,0.0,0.0
2021-04-05,-0.06436509507052929,-0.09837891686358068,0.0,0.0,-0.08119150314107013,0.0
2021-04-06,-0.06377962188574834,-0.09828145415462651,0.0,0.0,-0.08176388191353265,0.0
2021-04-07,-0.06529662937901953,-0.1003127195247222,0.0,0.0,-0.08241025041506667,0.0
2021-04-08,0.0,0.0,0.0,0.0,-0.08381020771267904,0.0
2021-04-09,0.0,0.0,0.0,0.0,-0.08392978401028761,0.0
2021-04-12,0.0,0.0,0.0,0.0,-0.08351546636260918,0.0
2021-04-13,0.0,0.0,0.0,0.0,-0.08367100605280742,0.0
2021-04-14,0.0,0.0,0.0,0.0,-0.08143066694126387,0.0
2021-04-15,0.0,0.0,0.0,0.0,-0.0829330079118944,0.0
2021-04-16,0.0,0.0,0.0,0.0,-0.08249493716182048,0.0
2021-04-19,0.0,0.0,0.0,0.0,-0.08378727777348251,0.0
2021-04-20,0.0,0.0,0.0,0.0,-0.08299024423962932,0.0
2021-04-21,0.0,0.0,0.0,0.0,0.0,0.0
2021-04-22,0.0,0.0,0.0,0.0,0.08059768143312701,0.0
2021-04-23,0.0,0.0,0.0,0.08244147251222299,0.08008320979427065,0.0
2021-04-26,0.0,0.0,0.0,0.08285870594837709,0.08073268396114754,0.0
2021-04-27,0.0,0.0,0.0,0.08305400417398892,0.08002974889765717,0.0
2021-04-28,0.0,0.0,0.0,0.08392584192284622,0.08009365096684429,0.0
2021-04-29,0.0,0.0,0.0,0.0,0.07996043188090271,0.0
2021-04-30,0.0,0.0,0.0,0.0,0.08060603429255309,0.0
2021-05-03,0.0,0.0,0.0,0.0,0.07997632690016482,0.0
2021-05-04,0.0,0.0,0.0,0.0,0.07911848513581826,0.0
2021-05-05,0.0,0.0,0.0,0.0,0.07808928167335111,0.0
2021-05-06,0.0,0.0,0.0,0.0,0.07859257483528206,0.0
2021-05-07,0.0,0.0,0.0,0.0,0.07921403818698323,0.0
2021-05-10,0.0,0.0,0.0,0.0,0.0,0.0
2021-05-11,0.0,0.09870549097939547,0.0,0.0,0.0,0.0
2021-05-12,0.0,0.09683385455276763,0.0,0.0,0.0,0.09404352712465551
2021-05-13,0.0,0.09723241939366184,0.0,0.0,0.0,0.09537784292507429
2021-05-14,0.06339537394818281,0.09857928266380946,0.0,0.0,0.0,0.09695551825148195
2021-05-17,0.06295246066981944,0.0998764400598971,0.0,0.0,0.0,0.09725270404482798
2021-05-18,0.06247144471807118,0.0990049555418492,0.0,0.0,0.0,0.09641360488049669
2021-05-19,0.06265715799970784,0.09893158843284079,0.0,0.0,0.0,0.09674104644872646
2021-05-20,0.06480552458627171,0.09897908718503115,0.0,0.0,0.0,0.09781736611787883
2021-05-21,0.06650216899983155,0.09764139078794024,0.0,0.0,0.0,0.0972952704807195
2021-05-24,0.0,0.09831642661778095,0.0,0.0,0.0,0.09952305192607167
2021-05-25,0.0,0.09869276254526752,0.0,0.0,0.0,0.09955009783342
2021-05-26,0.0,0.09885661453157443,0.0,0.0,0.0,0.0
2021-05-27,0.0,0.09789932146288784,0.0,0.0,0.0,0.0
2021-05-28,0.0,0.09770680402287343,0.0,0.0,0.0,0.0
2021-06-01,0.0,0.09758588363759065,0.0,0.0,0.0,0.0
2021-06-02,0.0,0.09800539293613693,0.0,0.0,0.0,0.0
2021-06-03,0.0,0.09671937553283957,0.0,0.0,0.0,0.0
2021-06-04,0.0,0.09724567345167207,0.0,0.0,0.0,0.0
2021-06-07,0.0,0.09702081693846672,0.0,0.0,0.0,0.0
2021-06-08,0.0,0.09882797159849335,0.0,0.0,0.0,0.0
2021-06-09,0.0,0.09929266140549117,0.0,0.0,0.0,0.0
2021-06-10,0.0,0.10115589117444546,0.0,0.0,0.0,0.0
2021-06-11,0.0,0.10107934294472974,0.0,0.0,0.0,0.0
2021-06-14,0.0,0.10208380403337758,0.0,0.0,0.0,0.0
2021-06-15,0.0,0.10206375698249931,0.0,0.0,0.0,0.0
2021-06-16,0.0,0.10293302568555694,0.0,0.0,0.0,0.0
2021-06-17,0.0,0.0,0.0,0.0,0.0,0.0
2021-06-18,0.0,0.0,0.0,0.0,0.0,0.0
2021-06-21,0.0,0.0,0.0,0.0,-0.08053754910969542,0.0
2021-06-22,0.0,0.0,0.0,0.0,0.0,0.0
2021-06-23,0.0,0.0,0.0,0.0,-0.08204334405516567,0.0
2021-06-24,0.0,0.0,-0.05079899114514349,0.0,0.0,0.0
2021-06-25,0.0,0.0,-0.0501665802485774,0.0,-0.08094112752751846,0.0
2021-06-28,0.0,0.0,-0.05153673157496618,0.0,-0.08203468912843968,0.0
2021-06-29,0.0,0.0,-0.05091444210934453,0.0,-0.08206407342984884,0.0
2021-06-30,0.0,0.0,-0.0507898091909264,0.0,-0.08117786422452603,0.0
2021-07-01,0.0,0.0,-0.05069158078668046,0.0,-0.0820533052430061,0.0
2021-07-02,0.0,0.0,-0.05077201859866023,0.0,-0.08213254739723728,0.0
2021-07-06,0.0,0.0,-0.049308567658197834,0.0,0.0,0.0
2021-07-07,0.0,0.0,0.0,0.0,0.0,0.0
2021-07-08,0.0,0.0,0.0,0.0,0.0,0.0
2021-07-09,0.0,0.0,0.0,0.0,0.0,0.0
2021-07-12,0.0,0.0,0.0,0.0,0.0,0.0
2021-07-13,0.0,0.0,0.0,0.0,0.0,0.0
2021-07-14,0.0,0.0,0.0,0.0,0.0,0.0
2021-07-15,0.0,0.0,0.0,0.0,0.0,0.0
2021-07-16,0.0,0.0,0.0,0.0807659670495987,0.0,0.0
2021-07-19,0.09127178361957557,0.0,0.0,0.07952209462593944,0.0,0.0
2021-07-20,0.09042972226234161,0.0,0.0,0.08060980050103661,0.0,0.0
2021-07-21,0.0,0.0,0.0,0.08140145725982435,0.0,0.0
2021-07-22,0.0,0.0,0.0,0.08245391765807379,0.11775256039125633,0.0
2021-07-23,0.0,0.0,0.0,0.0,0.11808742763933858,0.0
2021-07-26,0.0,0.0,0.0,0.0,0.1183055921944379,0.0
2021-07-27,0.0,0.0,0.0,0.0,0.11879406140347876,0.0
2021-07-28,0.0,0.0,0.0,0.0,0.11887273377819708,0.0
2021-07-29,0.0,0.0,0.0,0.0,0.11785297560317487,0.0
2021-07-30,0.0,0.0,0.0,0.0,0.11852365653889255,0.0
2021-08-02,0.0,0.20413728207743922,0.0,0.0,0.11822157030228835,0.0
2021-08-03,0.0,0.20603309817779925,0.0,0.0,0.11709483668932734,0.0
2021-08-04,0.0,0.20516555927040264,0.0,0.0,0.11849787953596541,0.0
2021-08-05,0.0,0.2058431234547335,0.0,0.0,0.11986197208626075,0.0
2021-08-06,0.0,0.20453986363461563,0.0,0.0,0.11921475735533102,0.0
2021-08-09,0.0,0.20441767456446625,0.0,0.0,0.11912011335657638,0.0
2021-08-10,0.0,0.20357798712984043,0.0,0.0,0.11843954528119226,0.0
2021-08-11,0.0,0.20234069314823813,0.0,0.0,0.1179494589016221,0.0
2021-08-12,0.0,0.2029771539434033,0.0,0.0,0.11752590744583123,0.0
2021-08-13,0.0,0.2022680016994161,0.0,0.0,0.11865002017033466,0.0
2021-08-16,0.0,0.0,0.0,0.0,0.1194838496977796,0.0
2021-08-17,0.0,0.0,0.0,0.0,0.11968490502546693,0.0
2021-08-18,0.08596120228385111,0.0,0.0,0.0,0.12054854647414587,0.0
2021-08-19,0.08907410643976671,0.0,0.0,0.0,0.0,0.0
2021-08-20,0.09322724554513159,0.0,0.0,0.0,0.0,0.0
2021-08-23,0.0,0.0,0.0,0.0,0.0,0.0
2021-08-24,0.0,0.0,0.0,0.0,0.0,0.0
2021-08-25,0.0,0.0,0.0,0.0,0.0,0.0
2021-08-26,0.0,0.0,0.0,0.0,0.0,0.0
2021-08-27,0.0,0.0,0.0,0.0,0.0,0.0
2021-08-30,0.0,0.0,0.0,0.0,0.0,0.0
2021-08-31,0.0,0.0,0.0,0.0,0.0,0.0
2021-09-01,0.0,0.0,0.0,0.0,0.0,0.0
2021-09-02,0.0,0.0,0.0,0.0,0.0,0.0
2021-09-03,0.0,0.0,0.0,0.0,0.0,0.0
2021-09-07,0.0,0.0,0.0,0.0,0.0,0.0
2021-09-08,0.0,0.0,0.0,0.0,0.0,0.0
2021-09-09,0.0,0.0,0.0,0.0,0.0,0.0
2021-09-10,0.0,0.0,0.0,0.0,0.0,0.0
2021-09-13,0.0,0.0,0.0,0.0,0.0,0.1368655520265036
2021-09-14,0.0,0.0,0.0,0.0,0.0,0.13704147649546805
2021-09-15,0.0,0.0,0.0,0.0,0.0,0.13860251368351043
2021-09-16,0.0,0.0,0.0,0.0,0.0,0.13792455180332575
2021-09-17,0.0,0.0,0.0,0.0,0.0,0.13559173085121817
2021-09-20,0.0,0.0,0.0,0.0,0.0,0.0
2021-09-21,0.08782448384667897,0.0,0.0,0.11558623164831382,0.0,0.1361439066447768
2021-09-22,0.0906391027560785,0.0,0.0,0.0,0.0,0.1372801734234971
2021-09-23,0.09257739658146863,0.0,0.0,0.11564399401271731,0.0,0.13775136770855992
2021-09-24,0.09077518922278267,0.0,0.0,0.11778799681070516,0.0,0.13849550130601335
2021-09-27,0.08927984341144264,0.0,0.0,0.11830686379712332,0.0,0.1377456607447089
2021-09-28,0.08647804781376627,0.0,0.0,0.11552930720058223,0.0,0.13442939317301006
2021-09-29,0.08586805657174199,0.0,0.0,0.11537867000802117,0.0,0.0
2021-09-30,0.08670137995354736,0.0,0.0,0.11530454968434045,0.0,0.13544863769191076
2021-10-01,0.08644336193795367,0.0,0.0,0.11604195863922677,0.0,0.137768985284428
2021-10-04,0.08304724975007818,0.0,0.0,0.0,0.0,0.13619309163503296
2021-10-05,0.08548965256872167,0.0,0.0,0.11608173204286325,0.0,0.1376614803361721
2021-10-06,0.08628560764217987,0.0,0.0,0.1159895642621595,0.0,0.13882800146079796
2021-10-07,0.08769950834680876,0.0,0.0,0.11425850802999307,0.0,0.14026455263725715
2021-10-08,0.08669824446027884,0.0,0.0,0.11456519425938577,0.0,0.14085213464267374
2021-10-11,0.08639492304477041,0.0,0.0,0.11331305165090004,0.0,0.14040092148724498
2021-10-12,0.08656972767542312,0.0,0.0,0.11308734504433521,0.0,0.13834898231881781
2021-10-13,0.08746991269937013,0.0,0.0,0.11306908214977449,0.0,0.1391443541990619
2021-10-14,0.09025455003743905,0.0,0.0,0.1137201840834867,0.0,0.0
2021-10-15,0.09070051969243131,0.0,0.0,0.0,0.0,0.0
2021-10-18,0.09205660850433166,0.0,0.0,0.0,0.0,0.0
2021-10-19,0.09231229152988946,0.0,0.0,0.0,0.0,0.0
2021-10-20,0.09160877676123814,0.0,0.0,0.0,0.0,0.0
2021-10-21,0.09382092687029277,0.0,0.0,0.0,0.0,0.0
2021-10-22,0.09394828281418759,0.0,0.0,0.0,0.0,0.0
2021-10-25,0.09559335165075608,0.0,0.0,0.0,0.0,0.0
2021-10-26,0.0,0.0,0.0,0.0,0.0,0.0
2021-10-27,0.0,0.0,0.0,0.0,0.0,0.0
2021-10-28,0.0,0.0,0.0,0.0,0.0,0.0
2021-10-29,0.0,0.0,0.0,0.0,0.0,0.0
2021-11-01,0.0,0.0,0.0,0.0,0.0,0.0
2021-11-02,0.0,0.0,0.0,0.0,0.0,0.0
2021-11-03,0.0,0.0,0.0,0.0,0.0,0.0
2021-11-04,0.0,0.0,0.0,0.0,0.0,0.0
2021-11-05,0.0,0.0,0.0,0.0,0.0,0.0
2021-11-08,0.0,0.0,0.0,0.0,0.1203564327349593,0.0
2021-11-09,0.0,0.0,0.0,0.0,0.12109363893434867,0.0
2021-11-10,0.0,0.0,0.0,0.0,0.11961800121435787,0.0
2021-11-11,0.0,0.0,0.0,0.0,0.12135153688951943,0.0
2021-11-12,0.0,0.0,0.0,0.0,0.12539144001359126,0.0
2021-11-15,0.0,0.0,0.0,0.0,0.12486415135430619,0.0
2021-11-16,0.0,0.0,0.0,-0.1144218613635667,0.1261417922787597,0.0
2021-11-17,0.0,0.0,0.0,-0.11351890292457142,0.12673666083937518,0.0
2021-11-18,0.0,0.0,0.0,-0.11294788425251438,0.12509983201956634,0.0
2021-11-19,0.0,0.0,0.0,-0.11547495890487403,0.12485816513748937,0.0
2021-11-22,0.0,0.0,0.0,-0.11428835941968149,0.12151670914033554,0.0
2021-11-23,0.0,0.0,0.0,-0.11299287922765605,0.1205315194609344,0.0
2021-11-24,0.0,0.0,0.0,-0.11432621143568754,0.12137136083563507,0.0
2021-11-26,0.0,0.0,0.0,-0.11121792242695061,0.12223552430262884,0.0
2021-11-29,0.0,0.0,0.0,-0.11300826486027951,0.12206811445921453,0.06834980455535988
2021-11-30,0.0,0.0,0.0,-0.10860238175368536,0.11817603157525484,0.06672386009226644
2021-12-01,0.0,0.0,0.0,0.0,0.0,0.06641819094901899
2021-12-02,0.0,0.0,0.0,0.0,0.12068789996347017,0.06727751433962809
2021-12-03,0.0,0.0,0.0,0.0,0.11826622171508495,0.06704227554004781
2021-12-06,0.0,0.0,0.07321302683886191,0.0,0.11997161390037386,0.06737978601090092
2021-12-07,0.0,0.0,0.07574147108112979,0.0,0.12157628356390308,0.06879615724427594
2021-12-08,0.0,0.0,0.07681541349987007,0.0,0.12179982907085508,0.06907577387221206
2021-12-09,0.0,0.0,0.07273307071532181,0.0,0.11947326652671643,0.06939283201128847
2021-12-10,0.0,0.0,0.07359907782161385,0.0,0.1194520187716488,0.06947603215090992
2021-12-13,0.0,0.0,0.07036303164272613,0.0,0.11878657837803963,0.06887313487807226
2021-12-14,0.1319401076566283,0.0,0.06978527327222048,0.0,0.1174913459588566,0.06796406573031201
2021-12-15,0.1401054514024777,0.0,0.07019868535000093,0.0,0.0,0.06832450838164957
2021-12-16,0.0,0.0,0.06685880396667643,0.0,0.12091549624213674,0.06758480491224036
2021-12-17,0.0,0.0,0.06738432333863398,0.0,0.12024022528839035,0.06642845907937366
2021-12-20,0.0,0.0,0.06509015302449916,0.0,0.12179573357510647,0.06643802039087394
2021-12-21,0.0,0.0,0.067479098183642,0.0,0.12335396539326894,0.06691446820180307
2021-12-22,0.0,0.0,0.0719372053363299,0.0,0.12421970071506423,0.06772266876492525
2021-12-23,0.0,0.0,0.07575287880820984,0.0,0.12365190316592856,0.06766055742651769
2021-12-27,0.0,0.0,0.0,0.0,0.12337776292651818,0.06807299185433865
2021-12-28,0.0,0.0,0.0,0.0,0.1230215061486751,0.0675824372944259
2021-12-29,0.0,0.0,0.0,0.0,0.12299329095443501,0.06757099332574536
2021-12-30,0.0,0.0,0.0,0.0,0.0,0.0673528510965492
2021-12-31,0.0,0.0,0.0,0.0,0.0,0.06677311005664831
2022-01-03,0.0,0.0,0.0,0.0,0.0,0.06683309772518678
2022-01-04,0.0,0.0,0.0,0.0,0.0843306265824477,0.06666871273120402
2022-01-05,0.0,0.0,0.0,0.0,0.0,0.0639116344441827
2022-01-06,0.06072203216875303,0.14268823042187337,0.0,0.0,0.08525512304473618,0.0
2022-01-07,0.05898134591765314,0.14271901576854656,0.0,0.0,0.08374771146452376,0.0
2022-01-10,0.05942707082016407,0.1420550742953075,0.0,0.0,0.0,0.0
2022-01-11,0.060026975808194244,0.1447305163850965,0.0,0.0,0.12843886034090338,0.0
2022-01-12,0.06045616188742449,0.1446820388492362,0.0,0.0,0.1276561059285559,0.0
2022-01-13,0.05801105577503513,0.14273430957317404,0.0,0.0,0.1247278760018774,0.0
2022-01-14,0.05878694635888708,0.14349078478363672,0.0,0.0,0.0,0.0
2022-01-18,0.05681057397172328,0.14136405344872768,0.0,0.0,0.0,0.0
2022-01-19,0.0,0.1395116418257032,0.0,0.0,0.0,0.0
2022-01-20,0.057151626076329974,0.1364220347012177,0.050298611946040336,0.0,0.0,0.0
2022-01-21,0.055659939256090675,0.0,0.04795161891958672,0.0,0.0,0.0
2022-01-24,0.0,0.0,0.0,0.0,0.0,0.0
2022-01-25,0.0,0.0,0.0,0.0,0.0,0.0
2022-01-26,0.0,0.0,0.0,0.0,0.0,0.0
2022-01-27,0.0,0.0,0.0,0.0,0.0,0.0
2022-01-28,0.0,0.0,0.0,0.0,0.0,0.0
2022-01-31,0.0,0.0,0.0,0.0,0.0,0.0
2022-02-01,0.0,0.0,0.0,0.0,0.0,0.0
2022-02-02,0.0,0.0,0.0,0.0,0.0,0.0
2022-02-03,0.0,0.0,0.0,0.0,0.0,-0.09468642831662859
2022-02-04,0.0,0.0,0.0,0.0,0.0,0.0
2022-02-07,0.0,0.0,0.0,0.0,0.0,0.0
2022-02-08,0.0,0.0,0.0,0.0,0.0,0.0
2022-02-09,0.0,0.0,0.0,0.0,0.0,0.0
2022-02-10,0.0,0.0,0.0,0.0,0.0,0.0
2022-02-11,0.0,0.0,0.0,0.0,0.0,0.0
2022-02-14,0.0,0.0,0.0,0.0,0.0,0.0
2022-02-15,0.0,0.0,0.0,0.0,0.0,0.0
2022-02-16,0.0,0.0,0.0,0.0,0.0,0.0
2022-02-17,0.0,0.0,0.0,0.0,0.0,0.0
2022-02-18,0.0,0.0,0.0,0.0,0.0,0.0
2022-02-22,0.0,0.0,0.0,0.0,0.0,0.0
2022-02-23,0.0,0.0,0.0,0.0,0.0,0.0
2022-02-24,0.0,0.0,0.0,0.0,0.0,0.0
2022-02-25,0.0,0.0,0.0,0.0,0.0,0.0
2022-02-28,0.0,0.0,0.0,0.0,0.0,0.0
2022-03-01,0.0,0.0,0.0,0.0,0.0,0.0
2022-03-02,0.0,0.0,0.0,0.0,0.0,0.0
2022-03-03,0.0,0.0,0.0,0.0,0.0,0.0
2022-03-04,0.0,0.0,0.0,0.0,0.0,0.0
2022-03-07,0.0,0.0,0.0,0.0,0.0,0.0
2022-03-08,0.0,0.0,0.0,0.0,0.0,0.0
2022-03-09,0.0,0.0,0.0,0.0,0.0,0.0
2022-03-10,0.0,0.0,0.0,0.0,0.0,0.0
2022-03-11,0.0,0.0,0.0,0.0,0.0,0.0
2022-03-14,0.0,0.0,0.0,0.0,0.0,0.0
2022-03-15,0.0,0.0,0.0,0.0,0.0,0.0
2022-03-16,0.0,0.0,0.0,0.0,0.0,0.0
2022-03-17,0.0,0.0,0.0,0.0,0.0,0.0
2022-03-18,0.0,0.0,0.0,0.0,0.0,0.0
2022-03-21,-0.03991949298231947,-0.057989090916650304,0.0,0.0,0.0,0.0
2022-03-22,-0.039641847144208764,-0.059262799473620655,0.0,0.0,0.0,0.0
2022-03-23,-0.038235794139866344,-0.058614174685094916,0.0,0.0,0.0,-0.06657080652494876
2022-03-24,-0.04221777015598039,-0.05902108197302242,0.0,0.0,0.0,-0.06852974064720506
2022-03-25,-0.04152122269668136,-0.05941263498779551,0.0,0.0,0.0,-0.06856267574296425
2022-03-28,-0.04240492335141713,-0.061067845320204005,0.0,0.0,0.0,-0.06860872734426632
2022-03-29,0.0,-0.06127062897933436,0.0,0.0,0.0,-0.06921458597234267
2022-03-30,0.0,-0.0601182415982835,0.0,0.0,0.0,0.0
2022-03-31,0.0,-0.05885373426373858,0.0,0.0,0.0,0.0
2022-04-01,0.0,-0.05906883396231201,0.0,0.0,0.0,0.0
2022-04-04,0.0,-0.060902730557818856,0.0,0.0,0.0,0.0
2022-04-05,0.0,-0.05925819213273676,0.0,0.0,0.0,0.0
2022-04-06,0.0,-0.057234595717572834,0.0,0.0,0.0,0.0
2022-04-07,0.0,-0.05686443609683843,0.0,0.0,0.0,0.0
2022-04-08,0.0,0.0,0.0,0.0,0.0,0.0
2022-04-11,0.0,0.0,0.0,0.0,0.0,0.0
2022-04-12,0.0,0.0,0.0,0.0,0.0,0.0
2022-04-13,0.0,0.0,0.0,0.0,0.0,0.0
2022-04-14,0.0,0.0,0.0,0.0,0.0,0.0
2022-04-18,0.0,0.0,0.0,0.0,0.0,0.0
2022-04-19,0.0,0.0,0.0,0.0,0.0,0.0
2022-04-20,0.0,0.0,0.0,0.0,0.0,0.0
2022-04-21,0.0,0.0,0.0,0.0,0.0,0.0
2022-04-22,0.0,0.0,0.0,0.0,0.0,0.0
2022-04-25,0.0,0.0,0.0,0.0,0.0,0.0
2022-04-26,0.0,0.0,0.0,0.0,0.0,0.0
2022-04-27,0.0,0.0,0.0,0.0,0.0,0.0
2022-04-28,0.0,0.0,0.0,0.0,0.0,0.0
2022-04-29,0.0,0.0,0.0,0.0,0.0,0.0
2022-05-02,0.0,0.0,0.0,0.0,0.0,0.0
2022-05-03,0.0,0.0,0.0,0.0,0.0,0.0
2022-05-04,0.0,0.0,0.0,0.0,0.0,0.0
2022-05-05,0.0,0.0,0.0,0.0,0.0,0.0
2022-05-06,0.0,0.0,0.0,0.0,0.0,0.0
2022-05-09,0.0,0.0,0.0,0.0,0.0,0.0
2022-05-10,0.0,0.0,0.0,0.0,0.0,0.0
2022-05-11,0.0,0.0,0.0,0.0,0.0,0.0
2022-05-12,0.0,0.0,0.0,0.0,0.0,0.0
2022-05-13,0.0,0.0,0.0,0.0,0.0,0.0
2022-05-16,0.0,0.0,0.0,0.0,0.0,0.0
2022-05-17,0.0,0.0,0.0,0.0,0.0,0.0
2022-05-18,0.0,0.0,0.0,0.0,0.0,0.0
2022-05-19,0.0,0.0,0.0,0.0,0.0,0.0
2022-05-20,0.0,0.0,0.0,0.0,0.0,0.0
2022-05-23,0.0,0.0,0.0,0.0,0.0,0.0
2022-05-24,0.0,0.0,0.0,0.0,0.0,0.0
2022-05-25,0.0,0.0,0.0,0.0,0.0,0.0
2022-05-26,0.0,0.0,0.0,0.0,0.0,0.0
2022-05-27,0.0,0.0,0.0,0.0,0.0,0.0
2022-05-31,0.0,0.0,0.0,0.0,0.0,0.0
2022-06-01,0.0,0.0,0.0,0.0,0.0,0.0
2022-06-02,0.0,0.0,0.0,0.0,0.0,0.0
2022-06-03,0.0,0.0,0.0,0.0,0.0,0.0
2022-06-06,0.0,0.0,0.0,0.0,0.0,0.0
2022-06-07,0.0,0.0,0.0,0.0,0.0,0.0
2022-06-08,0.0,0.0,0.0,0.0,0.0,0.0
2022-06-09,0.0,0.0,0.0,0.0,0.0,0.0
2022-06-10,0.0,0.0,0.0,0.0,0.0,0.0
2022-06-13,0.0,0.0,0.0,0.0,0.0,0.0
2022-06-14,0.0,0.0,0.0,0.0,0.0,0.0
2022-06-15,0.0,0.0,0.0,0.0,0.0,0.0
2022-06-16,0.0,0.0,0.0,0.0,0.0,0.0
2022-06-17,0.0,0.0,0.0,0.0,0.0,0.0
2022-06-21,0.0,0.0,0.0,0.0,0.0,0.0
2022-06-22,0.0,0.0,0.0,0.0,0.0,0.0
2022-06-23,0.0,0.0,0.0,0.0,0.0,0.0
2022-06-24,0.0,0.0,0.0,0.0,0.0,0.0
2022-06-27,0.0,0.0,0.0,0.0,0.0,0.0
2022-06-28,0.0,0.0,0.0,0.0,0.0,0.0
2022-06-29,0.0,0.0,0.0,0.0,0.0,0.0
2022-06-30,0.0,0.0,0.0,0.0,0.0,0.0
2022-07-01,0.0,0.0,0.0,0.0,0.0,0.0
2022-07-05,0.0,0.0,0.0,0.0,0.0,0.0
2022-07-06,0.0,0.0,0.0,0.0,0.0,0.0
2022-07-07,0.0,0.0,0.0,0.0,0.0,0.0
2022-07-08,0.0,0.0,0.0,0.0,0.0,0.0
2022-07-11,0.0,0.0,0.0,0.0,0.0,0.0
2022-07-12,0.0,0.0,0.0,0.0,0.0,0.0
2022-07-13,0.0,0.0,0.0,0.0,0.0,0.0
2022-07-14,0.0,0.0,0.0,0.0,0.0,0.0
2022-07-15,0.0,0.0,0.0,0.0,0.0,0.0
2022-07-18,0.0,0.0,0.0,0.0,0.0,0.0
2022-07-19,0.0,0.0,0.0,0.0,0.0,0.0
2022-07-20,0.0,0.0,0.0,0.0,0.0,0.0
2022-07-21,0.0,0.0,0.0,0.0,0.0,0.0
2022-07-22,0.0,0.0,0.0,0.0,0.0,0.0
2022-07-25,0.0,0.0,0.0,0.0,0.0,0.0
2022-07-26,0.0,0.0,0.0,0.0,0.0,0.0
2022-07-27,0.0,0.0,0.0,0.0,0.0,0.0
2022-07-28,0.0,0.0,0.0,0.0,0.0,0.0
2022-07-29,0.0,0.0,0.0,0.0,0.0,0.0
2022-08-01,0.0,0.0,-0.03771335776099342,0.0,0.0,0.0
2022-08-02,0.0,-0.05623501300790114,-0.038143030919899616,0.0,0.0,0.0
2022-08-03,0.0,-0.05866422813424726,-0.03912891263791779,0.0,0.0,0.0
2022-08-04,0.0,0.0,-0.039361509676338786,0.0,0.0,0.0
2022-08-05,0.0,0.0,-0.036656058746450615,0.0,0.0,0.0
2022-08-08,0.0,0.0,-0.036953280285660584,0.0,0.0,0.0
2022-08-09,0.0,0.0,-0.03601866028782415,0.0,0.0,0.0
2022-08-10,0.0,0.0,-0.0374725072734044,0.0,0.0,0.0
2022-08-11,0.0,0.0,-0.036453024295770665,0.0,0.0,0.0
2022-08-12,0.0,0.0,-0.038222346332995816,0.0,0.0,0.0
2022-08-15,0.0,0.0,-0.03945253987070181,0.0,0.0,0.0
2022-08-16,0.0,0.0,0.0,0.0,0.0,0.0
2022-08-17,0.0,0.0,0.0,0.0,0.0,0.0
2022-08-18,0.0,0.0,0.0,0.0,0.0,0.0
2022-08-19,0.0,0.0,0.0,0.0,0.0,0.0
2022-08-22,0.0,0.0,0.0,0.0,0.0,0.0
2022-08-23,0.0,0.0,0.0,0.0,0.0,0.0
2022-08-24,0.0,0.0,0.0,0.0,0.0,0.0
2022-08-25,0.0,0.0,0.0,0.0,0.0,0.0
2022-08-26,0.0,0.0,0.0,0.0,0.0,0.0
2022-08-29,0.0,0.0,0.0,0.0,0.0,0.0
2022-08-30,0.0,0.0,0.0,0.0,0.0,0.0
2022-08-31,0.0,0.0,0.0,0.0,0.0,0.0
2022-09-01,0.0,0.0,0.0,0.0,0.0,0.0
2022-09-02,0.0,0.0,0.0,0.0,0.0,0.0
2022-09-06,0.0,0.0,0.0,0.0,0.0,0.0
2022-09-07,0.0,0.0,0.0,0.0,0.0,0.0
2022-09-08,0.0,0.0,0.0,0.0,0.0,0.0
2022-09-09,0.0,0.0,0.0,0.0,0.0,0.0
2022-09-12,0.0,0.0,0.0,0.0,0.0,0.0
2022-09-13,0.0,0.0,0.0,0.0,0.0,0.0
2022-09-14,0.0,0.0,0.0,0.0,0.0,0.0
2022-09-15,0.0,0.0,0.0,0.0,0.0,0.0
2022-09-16,0.0,0.0,0.0,0.0,0.0,0.0
2022-09-19,0.0,0.0,0.0,0.0,0.0,0.0
2022-09-20,0.0,0.0,0.0,0.0,0.0,0.0
2022-09-21,0.0,0.0,0.0,0.0,0.0,0.0
2022-09-22,0.0,0.0,0.0,0.0,0.0,0.0
2022-09-23,0.0,0.0,0.0,0.0,0.0,0.0
2022-09-26,0.0,0.0,0.0,0.0,0.0,0.0
2022-09-27,0.0,0.0,0.0,0.0,0.0,0.0
2022-09-28,0.0,0.0,0.0,0.0,0.0,0.0
2022-09-29,0.0,0.0,0.0,0.0,0.0,0.0
2022-09-30,0.0,0.0,0.0,0.0,0.0,0.0
2022-10-03,0.0,0.0,0.0,0.0,0.0,0.0
2022-10-04,0.0,0.0,0.06423647162738381,0.0,0.0,0.0
2022-10-05,0.0,0.0,0.0,0.0,0.0,0.0
2022-10-06,0.0,0.0,0.0,0.0,0.0,0.0
2022-10-07,0.0,0.0,0.0,0.0,0.0,0.0
2022-10-10,0.0,0.0,0.0,0.0,0.0,0.0
2022-10-11,0.0,0.0,0.0,0.0,0.0,0.0
2022-10-12,0.0,0.0,0.0,0.0,0.0,0.0
2022-10-13,0.0,0.0,0.0,0.0,0.0,0.0
2022-10-14,0.0,0.0,0.0,0.0,0.0,0.0
2022-10-17,0.0,0.0,0.0,0.0,0.0,0.0
2022-10-18,0.0,0.0,0.0,0.0,0.0,0.0
2022-10-19,0.0,0.0,0.0,0.0,0.0,0.0
2022-10-20,0.0,0.0,0.0,0.0,0.0,0.0
2022-10-21,0.0,0.0,0.0,0.0,0.0,0.0
2022-10-24,0.0,0.0,0.0,0.0,0.0,0.0
2022-10-25,0.0,0.0,0.0,0.0,0.0,0.0
2022-10-26,0.0,0.0,0.0,0.0,0.0,0.0
2022-10-27,0.0,0.0,0.0,0.0,0.0,0.0
2022-10-28,0.0,0.0,0.0,0.0,0.0,0.0
2022-10-31,0.0,0.0,0.0,0.0,0.0,0.0
2022-11-01,0.0,0.0,0.0,0.0,0.0,0.0
2022-11-02,0.0,0.0,0.0,0.0,0.0,0.0
2022-11-03,0.0,0.0,0.0,0.0,0.0,0.0
2022-11-04,0.0,0.0,0.0,0.0,0.0,0.0
2022-11-07,0.0,0.0,0.0,0.0,0.0,0.0
2022-11-08,0.0,0.0,0.0,0.0,0.0,0.0
2022-11-09,0.0,0.0,0.0,0.0,0.0,0.0
2022-11-10,0.0,0.0,0.0,0.0,0.0,0.0
2022-11-11,0.0,0.0,0.0,0.0,0.0,0.0
2022-11-14,0.0,0.0,0.0,0.0,0.0,0.0
2022-11-15,0.0,0.0,0.0,0.0,0.0,0.0
2022-11-16,-0.03995985034783972,0.0,0.0,0.0,0.0,0.0
2022-11-17,-0.039351611353629495,0.0,0.0,0.0,0.0,0.0
2022-11-18,-0.0386528894297401,0.0,0.0,0.0,0.0,0.0
2022-11-21,-0.0384132532874388,0.0,0.0,0.0,0.0,0.0
2022-11-22,-0.04029429597022102,0.0,0.0,0.0,0.0,0.0
2022-11-23,-0.04155297682013583,0.0,0.0,0.0,0.0,0.0
2022-11-25,-0.04090101943736054,0.0,0.0,0.0,0.0,0.0
2022-11-28,-0.03974310250519699,0.0,0.0,0.0,0.0,0.0
2022-11-29,-0.039252488915654284,0.0,0.0,0.0,0.0,0.0
2022-11-30,-0.04262390003524608,0.0,0.0,0.0,0.0,0.0
2022-12-01,0.0,0.0,0.0,0.0,0.0,0.0
2022-12-02,0.0,0.0,0.0,0.0,0.0,0.0
2022-12-05,0.0,0.0,0.0,0.0,0.0,0.0
2022-12-06,0.0,0.0,0.0,0.0,0.0,0.0
2022-12-07,0.0,0.0,0.0,0.0,0.0,0.0
2022-12-08,0.0,0.0,0.0,0.0,0.0,0.0
2022-12-09,0.0,0.0,0.0,0.0,0.0,0.0
2022-12-12,0.0,0.0,0.0,0.0,0.0,0.0
2022-12-13,0.0,0.0,0.0,0.0,0.0,0.0
2022-12-14,0.0,0.0,0.0,0.0,0.0,0.0
2022-12-15,0.0,0.0,0.0,0.0,0.0,0.0
2022-12-16,0.0,0.0,0.0,0.0,0.0,0.0
2022-12-19,0.0,0.0,0.0,0.0,0.0,0.0
2022-12-20,0.0,0.0,0.0,0.0,0.0,0.0
2022-12-21,0.0,0.0,0.0,0.0,0.0,0.0
2022-12-22,0.0,0.0,0.0,0.0,0.0,0.0
2022-12-23,0.0,0.0,0.0,0.0,0.0,0.0
2022-12-27,0.0,0.0,0.0,0.0,0.0,0.0
2022-12-28,0.0,0.0,0.0,0.0,0.0,0.0
2022-12-29,0.0,0.0,0.0,0.0,0.0,0.0
2022-12-30,0.0,0.0,0.0,0.0,0.0,0.0
2023-01-03,0.0,0.0,0.0,0.0,0.0,0.0
2023-01-04,0.0,0.0,0.0,0.0,0.0,0.0
2023-01-05,0.0,0.0,0.0,0.0,0.0,0.0
2023-01-06,0.0,0.0,0.0,0.0,0.0,0.0
2023-01-09,0.0,0.0,0.0,0.0,0.0,0.0
2023-01-10,0.0,0.0,0.0,0.0,0.0,0.0
2023-01-11,0.0,0.0,0.0,0.0,0.0,0.0
2023-01-12,0.0,0.0,0.0,0.0,0.0,0.0
2023-01-13,0.0,0.0,0.0,0.0,0.0,0.0
2023-01-17,0.0,0.0,0.0,0.0,0.0,0.0
2023-01-18,0.0,0.0,0.0,0.0,0.0,0.0
2023-01-19,0.0,0.0,0.0,0.0,0.0,0.0
2023-01-20,0.0,0.0,0.0,0.0,0.0,0.0
2023-01-23,0.0,0.0,0.0,0.0,0.0,0.0
2023-01-24,0.0,0.0,0.0,0.0,0.0,0.0
2023-01-25,0.0,0.0,0.0,0.0,0.0,0.0
2023-01-26,0.0,0.0,0.0,0.0,0.0,0.0
2023-01-27,0.0,0.0,0.0,0.0,0.0,0.0
2023-01-30,0.0,-0.05555180343601704,-0.03851972239959462,0.0,0.0,0.0
2023-01-31,0.0,-0.0570336537165116,0.0,0.0,0.0,0.0
2023-02-01,0.0,0.0,0.0,0.0,0.0,0.0
2023-02-02,0.0,-0.05760520845805337,0.0,0.0,0.0,0.0
2023-02-03,0.0,-0.05249326783196766,0.0,0.0,0.0,0.0
2023-02-06,0.0,-0.05184707412888137,0.0,0.0,0.0,0.0
2023-02-07,0.0,-0.051809715435532706,0.0,0.0,0.0,0.0
2023-02-08,0.0,-0.050711485914503765,0.0,0.0,0.0,0.0
2023-02-09,0.0,-0.04974842383953367,0.0,0.0,0.0,0.0
2023-02-10,0.0,-0.049413630863121685,0.0,0.0,0.0,0.0
2023-02-13,0.0,-0.0504399467645306,0.0,0.0,0.0,0.0
2023-02-14,0.0,-0.050525117938587154,0.0,0.0,0.0,0.0
2023-02-15,0.0,-0.051302966286455295,0.0,0.0,0.0,0.0
2023-02-16,0.0,-0.049700584931474785,0.0,0.0,0.0,0.0
2023-02-17,0.0,-0.04919586151265355,0.0,0.0,0.0,0.0
2023-02-21,0.0,-0.04780640854315517,0.0,0.0,0.0,0.0
2023-02-22,0.0,-0.04844764556872431,0.0,0.0,0.0,0.0
2023-02-23,0.0,-0.048463553342999524,0.0,0.0,0.0,0.0
2023-02-24,0.0,-0.04723472547864822,0.0,0.0,0.0,0.0
2023-02-27,0.0,-0.047372296760373314,0.0,0.0,0.0,0.0
2023-02-28,0.0,-0.04762107365622331,0.0,0.0,0.0,0.0
2023-03-01,0.0,-0.04653156515790101,0.0,0.0,0.0,0.0
2023-03-02,0.0,0.0,0.0,0.0,0.0,0.0
2023-03-03,0.0,0.0,0.0,0.0,0.0,0.0
2023-03-06,0.0,0.0,0.0,0.0,0.0,0.0
2023-03-07,0.0,0.0,0.0,0.0,0.0,0.0
2023-03-08,0.0,0.0,0.0,0.0,0.0,0.0
2023-03-09,0.0,0.0,0.0,0.0,0.0,0.0
2023-03-10,0.0,0.0,0.0,0.0,0.0,0.0
2023-03-13,0.0,0.0,0.0,0.0,0.0,0.0
2023-03-14,0.0,0.0,0.0,0.0,0.0,0.0
2023-03-15,0.0,0.0,0.0,0.0,0.0,0.0
2023-03-16,0.0,0.0,0.0,0.0,0.0,0.0
2023-03-17,0.0,0.0,0.0,0.0,0.0,0.0
2023-03-20,0.0,0.0,0.0,0.0,0.0,0.0
2023-03-21,0.0,0.0,0.0,0.0,0.0,0.0
2023-03-22,0.0,0.0,0.0,0.0,0.0,0.0
2023-03-23,0.0,0.0,0.0,0.0,0.0,0.0
2023-03-24,0.0,0.0,0.0,0.0,0.0,0.0
2023-03-27,0.0,0.0,0.0,0.0,0.0,0.0
2023-03-28,0.0,0.0,0.0,0.0,0.0,0.0
2023-03-29,0.0,0.0,0.0,0.0,0.0,0.0
2023-03-30,0.0,0.0,0.0,0.0,0.0,0.0
2023-03-31,0.0,0.0,0.0,0.0,0.0,0.0
2023-04-03,0.0,0.0,0.0,0.0,0.0,0.0
2023-04-04,0.0,0.0,0.0,0.0,0.0,0.0
2023-04-05,0.0,0.0,0.0,0.0,0.0,0.0
2023-04-06,0.0,0.0,0.0,0.0,0.0,0.0
2023-04-10,0.0,0.0,0.0,0.0,0.0,0.0
2023-04-11,0.0,0.0,0.0,0.0,0.0,0.0
2023-04-12,0.0,0.0,0.0,0.0,0.0,0.0
2023-04-13,0.0,0.0,0.0,0.0,0.0,0.0
2023-04-14,0.0,0.0,0.0,0.0,0.0,0.0
2023-04-17,0.0,0.0,0.0,0.0,0.0,0.0
2023-04-18,0.0,0.0,0.0,0.0,0.0,0.0
2023-04-19,0.0,0.0,0.0,0.0,0.0,0.0
2023-04-20,0.0,0.0,0.0,0.0,0.0,0.0
2023-04-21,0.0,0.0,0.0,0.0,0.0,0.0
2023-04-24,0.0,0.0,0.0,0.0,0.0,0.0
2023-04-25,0.0,0.0,0.0,0.0,0.0,0.0
2023-04-26,0.0,0.0,0.0,0.0,0.0,0.0
2023-04-27,0.0,0.0,0.0,0.0,0.0,0.0
2023-04-28,0.0,0.0,0.0,0.0,0.0,0.0
2023-05-01,0.0,0.0,0.0,0.0,0.0,0.0
2023-05-02,0.0,0.0,0.0,0.0,0.0,0.0
2023-05-03,0.0,0.0,0.0,0.0,0.0,0.0
2023-05-04,0.0,0.0,0.0,0.0,0.0,0.0
2023-05-05,0.0,0.0,0.0,0.0,0.0,0.0
2023-05-08,0.0,0.0,0.0,0.0,0.0,0.0
2023-05-09,0.0,0.0,0.0,0.0,0.0,0.0
2023-05-10,0.0,0.0,0.0,0.0,0.0,0.0
2023-05-11,0.0,0.0,0.0,0.0,0.0,0.0
2023-05-12,0.0,0.0,0.0,0.0,0.0,0.0
2023-05-15,0.0,0.0,0.0,0.0,0.0,0.0
2023-05-16,0.0,0.0,0.0,0.0,0.0,0.0
2023-05-17,0.0,0.0,0.0,0.0,0.0,0.0
2023-05-18,0.0,0.0,0.0,0.0,0.0,0.0
2023-05-19,0.0,0.0,0.0,0.0,0.0,0.0
2023-05-22,0.0,0.0,0.0,0.0,0.0,0.0
2023-05-23,0.0,0.0,0.0,0.0,0.0,0.0
2023-05-24,0.0,0.0,0.0,0.0,0.0,0.0
2023-05-25,0.0,0.0,0.0,0.0,0.0,0.0
2023-05-26,0.0,0.0,0.0,0.0,0.0,0.0
2023-05-30,0.0,0.0,-0.09753745053486787,0.0,0.0,0.0
2023-05-31,0.0,0.0,-0.09901353378450896,0.0,0.0,0.0
2023-06-01,0.0,0.0,-0.1009325118280923,0.0,0.0,0.0
2023-06-02,0.0,0.0,0.0,0.0,0.0,0.0
2023-06-05,0.0,0.0,0.0,0.0,0.0,0.0
2023-06-06,0.0,0.0,0.0,0.0,0.0,0.0
2023-06-07,0.0,0.0,0.0,0.0,0.0,0.0
2023-06-08,0.0,0.0,0.0,0.0,0.0,0.0
2023-06-09,0.0,0.0,0.0,0.0,0.0,0.0
2023-06-12,0.0,0.0,0.0,0.0,0.0,0.0
2023-06-13,0.0,0.0,0.0,0.0,0.0,0.0
2023-06-14,0.0,0.0,0.0,0.0,0.0,0.0
2023-06-15,0.0,0.0,0.0,0.0,0.0,0.0
2023-06-16,0.0,0.0,0.0,0.0,0.0,0.0
2023-06-20,0.0,0.0,0.0,0.0,0.0,0.0
2023-06-21,0.0,0.0,0.0,0.0,0.0,0.0
2023-06-22,0.0,0.0,0.0,0.0,0.0,0.1554097122217632
2023-06-23,0.0,0.0,0.0,0.0,0.0,0.15454549110385904
2023-06-26,0.0,0.0,0.0,0.0,0.0,0.15025172752016944
2023-06-27,0.0,0.0,0.0,0.0,0.0,0.15024094980089478
2023-06-28,0.0,0.0,0.0,0.0,0.0,0.15223226982647137
2023-06-29,0.0,0.0,0.0,0.0,0.0,0.15107089754287126
2023-06-30,0.0,0.0,0.0,0.0,0.0,0.1517164950638802
2023-07-03,0.0,0.0,0.0,0.0,0.0,0.1519314898799767
2023-07-05,0.0,0.0,0.0,0.0,0.0,0.15391489559347266
2023-07-06,0.0,0.0,0.0,0.0,0.0,0.15215709691147597
2023-07-07,0.0,0.0,0.0,0.0,0.0,0.1514798905704628
2023-07-10,0.0,0.0,0.0,0.0,0.0,0.14820770724645932
2023-07-11,0.0,0.0,0.0,0.0,0.0,0.14895509593493336
2023-07-12,0.0,0.0,0.0,0.0,0.0,0.15088779318862552
2023-07-13,0.0,0.0,0.0,0.0,0.0,0.15688861377355665
2023-07-14,0.0,0.0,0.0,0.0,0.0,0.0
2023-07-17,0.0,0.0,0.0,0.0,0.0,0.0
2023-07-18,0.0,0.0,0.0,0.0,0.0,0.0
2023-07-19,0.0,0.0,0.0,0.0,0.0,0.0
2023-07-20,0.0,0.0,0.0,0.0,0.0,0.0
2023-07-21,0.0,0.0,0.0,0.0,0.0,0.0
2023-07-24,0.0,0.0,0.10073674296246651,0.0,0.0,0.0
2023-07-25,0.0,0.0,0.09946226495268805,0.0,0.0,0.0
2023-07-26,0.0,0.0,0.09914815135266776,0.0,0.0,0.0
2023-07-27,0.0,0.0,0.09621940324273391,0.0,0.0,0.0
2023-07-28,0.0,0.0,0.09985375999784425,0.0,0.0,0.0
2023-07-31,0.0,0.0,0.10018760730284117,0.0,0.0,0.0
2023-08-01,0.0,0.0,0.09803855005885015,0.0,0.0,0.0
2023-08-02,0.0,0.0,0.09567494931376457,0.0,0.0,0.0
2023-08-03,0.0,0.0,0.09744541796724318,0.0,0.0,0.0
2023-08-04,0.0,0.0,0.09558981945073766,0.0,0.0,0.0
2023-08-07,0.0,0.0,0.09476834360136685,0.0,0.0,0.0
2023-08-08,0.0,0.0,0.09417090129655147,0.0,0.0,0.0
2023-08-09,0.0,0.0,0.0,0.0,0.0,0.0
2023-08-10,0.09030101513324865,0.0,0.09611832523885717,0.0,0.0,0.0
2023-08-11,0.08741280246944745,0.0,0.09547687703981005,0.0,0.0,0.0
2023-08-14,0.0,0.0,0.09454997928702502,0.0,0.0,0.0
2023-08-15,0.0,0.0,0.0921154023732762,0.0,0.0,0.0
2023-08-16,0.0,0.0,0.08946552897304438,0.0,0.0,0.0
2023-08-17,0.0,0.0,0.0876864373289029,0.09985407869535584,0.10206072356781601,0.0
2023-08-18,0.0,0.0,0.08648411933447447,0.0,0.10279247330597675,0.0
2023-08-21,0.0,0.0,0.09214922676581812,0.0,0.10299679305433146,0.0
2023-08-22,0.0,0.0,0.0927255175116775,0.0,0.10402063217942602,0.0
2023-08-23,0.0,0.0,0.09371698783411812,0.0,0.0,0.0
2023-08-24,0.0,0.0,0.0912648280033272,0.0,0.0,0.0
2023-08-25,0.0,0.0,0.09433691161091912,0.0,0.0,0.0
2023-08-28,0.0,0.0,0.09441926949434322,0.0,0.0,0.0
2023-08-29,0.0,0.0,0.10094528918833941,0.0,0.0,0.0
2023-08-30,0.0,0.0,0.1008464705493251,0.0,0.0,0.0
2023-08-31,0.0,0.0,0.10126277269785498,0.0,0.0,0.0
2023-09-01,0.0,0.0,0.09663004843611515,0.0,0.0,0.0
2023-09-05,0.0,0.0,0.10070173070448232,0.0,0.0,0.0
2023-09-06,0.0,0.0,0.09908526815141265,0.0,0.0,0.0
2023-09-07,0.0,0.0,0.09893287528163276,0.0,0.0,0.0
2023-09-08,0.0,0.0,0.09787176588062839,0.0,0.0,0.0
2023-09-11,0.0,0.0,0.0,0.0,0.0,0.0
2023-09-12,0.0,0.0,0.0,0.0,0.0,0.0
2023-09-13,0.0,0.0,0.0,0.0,0.0,0.0
2023-09-14,0.0,0.0,0.0,0.0,0.0,0.0
2023-09-15,0.0,0.0,0.0,0.0,0.07230372099011,0.0
2023-09-18,0.0647159255781518,0.0,0.0,0.0,0.07175109839383442,0.0
2023-09-19,0.06408051876213347,0.0,0.0,0.0,0.07210228692949844,0.0
2023-09-20,0.06242452895833773,0.0,0.0,0.0,0.07056086105199293,0.0
2023-09-21,0.06080958488104237,0.0,0.0,0.0,0.07038927582383901,0.10596175230275136
2023-09-22,0.06182460652280507,0.12779644595207698,0.0,0.0,0.0697473114754703,0.1060404312134657
2023-09-25,0.06235905549474417,0.12914806757164649,0.10082262798810752,0.0,0.07024142021172748,0.10610274540675146
2023-09-26,0.06257259392668559,0.12529086184950122,0.10073429570069149,0.0,0.0699808437989965,0.0
2023-09-27,0.0633705728065049,0.1252244409643197,0.09918792097607523,0.0,0.06963759596078217,0.10808892788422811
2023-09-28,0.06400342293586264,0.1246522295054448,0.10114865569162258,0.0,0.0690935848371674,0.10905391321864565
2023-09-29,0.06446119922860194,0.1254858303570342,0.10248470085044863,0.0,0.06915897921199782,0.10760633357610584
2023-10-02,0.0,0.0,0.10246798771090311,0.0,0.0692656233035167,0.10970511093306466
2023-10-03,0.0,0.0,0.10082050123676102,0.0,0.06889884206991398,0.10873248823641628
2023-10-04,0.0,0.08593868116529055,0.10586645260662915,0.0,0.06832150252008658,0.11006539856864042
2023-10-05,0.0,0.08538516169061126,0.0,0.0,0.0,0.0
2023-10-06,0.0,0.0866234723141064,0.0,0.0,0.0,0.0
2023-10-09,0.0,0.08680892692923693,0.0,0.0,0.0,0.0
2023-10-10,0.0,0.08756234604553131,0.0,0.0,0.0,0.0
2023-10-11,0.0,0.08901010833759888,0.0,0.0,0.0,0.0
2023-10-12,0.0,0.0,0.0,0.0,0.0,0.0
2023-10-13,0.0,0.0,0.0,0.0,0.0,0.0
2023-10-16,0.0,0.0,0.0,0.0,0.0,0.0
2023-10-17,0.0,0.0,0.0,0.0,0.0,0.0
2023-10-18,0.0,0.0,0.0,0.0,0.0,0.0
2023-10-19,0.06226934546596977,0.0,0.0,0.0,0.0,0.0
2023-10-20,0.06133139049052378,0.0,0.0649598482885149,0.0,-0.07227177746110508,0.0
2023-10-23,0.06360063674697289,0.0,0.0649016910894471,0.0,-0.073234881551568,0.0
2023-10-24,0.0645454497550437,0.0,0.06618521074928307,0.0,-0.07439059242870132,0.0
2023-10-25,0.061983081978063376,0.0,0.06516603490682622,0.0,-0.07421127112056253,0.0
2023-10-26,0.0,0.0,0.06347624619687665,0.0,-0.0732276252661204,0.10530657899337023
2023-10-27,0.062397893734360055,0.0,0.06389914795743531,0.07217785835608082,-0.0721398113909862,0.10512599302738845
2023-10-30,0.06350903682565215,0.0,0.0,0.07372795690133332,-0.0744624007378448,0.10725312292919423
2023-10-31,0.06301861724588208,0.0,0.0,0.07350299745134174,-0.07487051441061066,0.10709125776270279
2023-11-01,0.06505042933620181,0.0,0.0,0.07567047577218074,-0.07600073057251547,0.10854319109059359
2023-11-02,0.0,0.0,0.0,0.07533506197820872,-0.07671887073525109,0.1092943061619492
2023-11-03,0.0,0.0,0.0,0.07617025808134267,-0.07803034926574536,0.11057475155687052
2023-11-06,0.0,0.0,0.0,0.07644558301298147,-0.07844426127416332,0.0
2023-11-07,-0.06362249469773111,0.0,0.0,0.07714973459132123,-0.07839348275965849,0.0
2023-11-08,-0.0645435331581474,0.0,0.0,0.07745893699437151,-0.07883971394643612,0.0
2023-11-09,-0.0650687530384834,0.0,0.0,0.077650392035469,-0.07857388493951402,0.0
2023-11-10,-0.06708338183350258,0.0,0.0,0.07975473689942104,0.0,0.0
2023-11-13,-0.06749875255809111,0.0,0.0,0.07988008745441864,0.0,0.0
2023-11-14,-0.06891707310273273,0.0,0.0,0.0815841817648892,0.0,0.0
2023-11-15,-0.06791150274644932,0.0,-0.06826170365791896,0.08078263811599873,0.0,0.0
2023-11-16,-0.0685873051602485,0.0,-0.06552152443573399,0.08096895486298662,0.0,0.0
2023-11-17,-0.06831731360237236,0.0,-0.06570365685263221,0.08115388111257332,0.0,0.0
2023-11-20,0.0,0.0,-0.06611789231464099,0.08240994386644,0.0,0.0
2023-11-21,0.0,0.0,-0.06784524830890923,0.08187317214254847,0.0,0.0
2023-11-22,0.0,0.0,-0.06567798934917539,0.08271564855840313,0.0,0.0
2023-11-24,0.0,0.0,-0.06610089157287996,0.08201930595298346,0.0,0.0
2023-11-27,0.0,0.0,-0.06634628775335064,0.08124722650422024,0.0,0.0
2023-11-28,0.0,0.0,-0.06947186852619587,0.08244926496569181,0.0,0.0
2023-11-29,0.0,0.0,-0.06880903370362802,0.08087261122567475,0.0,0.0
2023-11-30,0.0,0.0,-0.06767051460084092,0.07964998096020176,0.0,0.0
2023-12-01,0.06455387565447912,0.0,-0.06731575277533802,0.07907985240217272,0.0,0.0
2023-12-04,0.0629464337364448,0.0,-0.0665317817761168,0.07806621578022398,0.0,0.0
2023-12-05,0.06422016649258828,0.0,-0.06721706606029752,0.07741213529776657,0.07370351091063874,0.0
2023-12-06,0.06295667785202998,0.0,-0.0676175986705693,0.07745700001500708,0.07257349610269855,0.0
2023-12-07,0.06409863155406316,0.0,-0.06814763511127644,0.07922943793076391,0.07300787807447236,0.0
2023-12-08,0.06517491148512859,0.0,-0.06830069958342304,0.08050698709736522,0.0730952748871956,0.0
2023-12-11,0.06396654764292672,0.0,-0.06714972219775643,0.07869667138070519,0.0,0.0
2023-12-12,0.06513042093947972,0.0,0.0,0.08055139788910928,0.0,0.0
2023-12-13,0.06567253073868419,0.0,0.0,0.08061913641234865,0.0,0.0
2023-12-14,0.06603166838358641,0.0,0.0,0.0802426380562091,0.0,0.0
2023-12-15,0.066691844584025,0.0,0.0,0.08057076151812136,0.0,0.0
2023-12-18,0.06804212226409087,0.0,0.0,0.08257783998231011,0.0,0.0
2023-12-19,0.06733242166549233,0.0,0.0,0.0,0.0,0.0
2023-12-20,0.06543844158917554,0.0,0.0,0.0,0.0,0.0
2023-12-21,0.0665544588528119,0.0,0.0,0.0,0.0,0.0
2023-12-22,0.06635150576936297,0.0,0.0,0.0,0.0,0.0
2023-12-26,0.06692079217973954,0.0,0.0,0.0,0.0,0.0
2023-12-27,0.06709563008821061,0.0,0.0,0.0,0.0,0.0
2023-12-28,0.06722860124912475,0.0,0.0,0.0,0.0,0.0
2023-12-29,0.06722860124912475,0.0,0.0,0.0,0.0,0.0
2024-01-02,0.0,0.0,0.0,0.0,0.0,0.0
2024-01-03,0.0,0.0,0.0,0.0,0.1568320998670479,0.0
2024-01-04,0.0,0.12064004927488614,0.0,0.0,0.15822890053288746,0.0
2024-01-05,0.0,0.1211560442812106,0.0,0.0,0.1579693591501403,0.0
2024-01-08,0.0,0.12352667436778231,0.0,0.0,0.1605212032253452,0.0
2024-01-09,0.0,0.12529359633034376,0.0,0.0,0.1594035281449538,0.0
2024-01-10,0.0,0.12723393432884392,0.09769040341470081,0.0,0.15814399105805454,0.0
2024-01-11,0.0,0.0,0.09462747205250799,0.0,0.1622992138144521,0.0
2024-01-12,0.0,0.0,0.0,0.0,0.16278257503917823,0.0
2024-01-16,0.0,0.0,0.15068885270560908,0.0,0.15925066180383815,0.0
2024-01-17,0.0,0.0,0.14818860412174556,0.0,0.15947399606945356,0.0
2024-01-18,0.0,0.0,0.145792309281015,0.0,0.16126764625097278,0.0
2024-01-19,0.0,0.0,0.1460890200685648,0.0,0.16057509746300447,0.0
2024-01-22,0.0,0.0,0.14395895285708982,0.0,0.16172181168624628,0.0
2024-01-23,0.0,0.0,0.1438492787110967,0.0,0.16348833456185805,0.0
2024-01-24,0.0,0.0,0.14097333134137893,0.0,0.0,0.0
2024-01-25,0.0,0.0,0.0,0.0,0.0,0.0
2024-01-26,0.0,0.0,0.0,0.0,0.0,0.0
2024-01-29,0.0,0.0,0.0,0.0,0.0,0.0
2024-01-30,0.0,0.0,0.0,0.0,0.0,0.0
2024-01-31,0.0,0.0,0.0,0.0,0.0,0.0
2024-02-01,0.0,0.0,0.0,0.0,0.0,0.14689871420281297
2024-02-02,0.0,0.0,0.0,0.0,0.0,0.0
2024-02-05,0.0,0.0,0.0,0.0,0.0,0.0
2024-02-06,0.0,0.0,0.0,0.0,0.0,0.0
2024-02-07,0.0,0.0,0.0,0.0,0.0,0.0
2024-02-08,0.0,0.0,0.0,0.0,0.0,0.0
2024-02-09,0.0,0.0,0.0,0.0,0.0,0.0
2024-02-12,0.0,0.0,0.0,0.0,0.0,0.0
2024-02-13,0.0,0.0,0.0,0.0,0.0,0.0
2024-02-14,0.0,0.0,0.0,0.0,0.0,0.0
2024-02-15,0.0,0.0,0.0,0.0,0.0,0.0
2024-02-16,0.0,0.0,0.0,0.0,0.0,0.0
2024-02-20,0.0,0.0,0.0,0.0,0.0,0.1479454582165023
2024-02-21,0.0,0.12060603338945143,0.0,0.0,0.0,0.1492808200168615
2024-02-22,0.0,0.12415889763291198,0.0,0.0,0.0,0.15000880380619144
2024-02-23,0.0,0.12443103765342502,0.0,0.0,0.0,0.14985009584408063
2024-02-26,0.0,0.1251013943168485,0.0,0.0,0.0,0.14418428399997027
2024-02-27,0.0,0.12418468681738419,0.0,0.0,0.0,0.14548150427665588
2024-02-28,0.0,0.12427200993461907,0.0,0.0,0.0,0.143276829023992
2024-02-29,0.0,0.12625354121506044,0.0,0.0,0.0,0.14477164368087167
2024-03-01,0.0,0.0,0.0,0.0,0.0,0.14342234651266234
2024-03-04,0.0,0.0,0.0,0.0,0.0,0.0
2024-03-05,0.0,0.0,0.0,0.0,0.0,0.22118944383415878
2024-03-06,0.0,0.0,0.0,0.0,0.0,0.21953688346543518
2024-03-07,0.0,0.0,0.0,0.0,0.0,0.22340348797460752
2024-03-08,0.0,0.0,0.0,0.0,0.0,0.2247310037666224
2024-03-11,0.0,0.0,0.0,0.0,0.0,0.0
2024-03-12,0.0,0.0,0.0,0.0,0.0,0.0
2024-03-13,0.0,0.0,0.0,0.0,0.0,0.0
2024-03-14,0.0,0.0,0.0,0.0,0.0,0.0
2024-03-15,0.0,0.0,0.0,0.0,0.0,0.0
2024-03-18,0.0,0.0,0.0,0.0,0.0,0.0
2024-03-19,0.0,0.0,0.0,0.0,0.0,0.0
2024-03-20,0.0,0.0,0.0,0.0,0.0,0.0
2024-03-21,0.0,0.0,0.0,0.0,0.0,0.0
2024-03-22,0.0,0.0,0.0,0.0,0.0,0.0
2024-03-25,0.0,0.0,0.0,0.0,0.0,0.0
2024-03-26,0.0,0.0,0.0,0.0,0.0,0.0
2024-03-27,0.0,0.0,0.0,0.0,0.0,0.0
2024-03-28,0.0,0.0,0.0,0.0,0.0,0.0
2024-04-01,0.0,0.0,0.0,0.0,0.0,0.0
2024-04-02,0.0,0.0,0.0,0.0,0.0,0.0
2024-04-03,0.0,0.0,0.0,0.0,0.0,0.0
2024-04-04,0.0,0.0,0.0,0.0,0.0,0.0
2024-04-05,0.09374346863312571,0.0,0.0,0.0,0.0,0.0
2024-04-08,0.09289804220715821,0.0,0.0,0.0,0.0,0.0
2024-04-09,0.09117425367418376,0.0,0.0,0.0,0.0,0.0
2024-04-10,0.09280711454681739,0.0,0.0,0.0,0.0,0.0
2024-04-11,0.09625404289001653,0.0,0.0,0.0,0.0,0.0
2024-04-12,0.0939152589867247,0.0,0.0,0.0,0.0,0.0
2024-04-15,0.0918019377754084,0.0,0.0,0.0,0.0,0.0
2024-04-16,0.09317068627674334,0.0,0.0,0.0,0.0,0.0
2024-04-17,0.08989198199571932,0.0,0.0,0.0,0.0,0.0
2024-04-18,0.09051071908876585,0.0,0.0,0.0,0.0,0.0
2024-04-19,0.0,0.11821200001225833,0.0,0.0,0.0,0.0
2024-04-22,0.09397426002717782,0.11967405467006953,0.0,0.09889224965758166,0.16000087785716818,0.0
2024-04-23,0.09600366821034856,0.11948678234526293,0.0,0.10037455225297062,0.16427760248490922,0.0
2024-04-24,0.0939440528762775,0.11896565807698478,0.0,0.10107376247115803,0.15977989269553824,0.0
2024-04-25,0.0989223466718957,0.0,0.0,0.0,0.16505921580327004,0.0
2024-04-26,0.10445089188166591,0.0,-0.09687213097282646,0.09984783692118086,0.1631094823165647,0.0
