date,volatilidad,atr_norm,fuerza_tendencia,r2,autocorr,regimen,indice_ew
2015-01-02,,,,,,-1,1.0
2015-01-05,,,,,,-1,0.9724232592102184
2015-01-06,,,,,,-1,0.9557687256729626
2015-01-07,,,,,,-1,0.9571519260113008
2015-01-08,,,,,,-1,0.9723418168093456
2015-01-09,,,,,,-1,0.962647703109841
2015-01-12,,,,,,-1,0.9458244986877592
2015-01-13,,,,,,-1,0.952376776524894
2015-01-14,,,,,,-1,0.9444214108009397
2015-01-15,,,,,,-1,0.9338112499733269
2015-01-16,,,,,,-1,0.950593548227371
2015-01-20,,,,,,-1,0.9568805823663973
2015-01-21,,,,,,-1,0.9992368682561166
2015-01-22,,,,,,-1,1.0288923166988317
2015-01-23,,,,,,-1,1.0357456328529673
2015-01-26,,,,,,-1,1.0391909656784288
2015-01-27,,,,,,-1,1.0228659950545533
2015-01-28,,,,,,-1,1.0068118110998179
2015-01-29,,,,,,-1,1.0247922300252874
2015-01-30,,,,,,-1,1.0446186616773347
2015-02-02,,,,,,-1,1.0554546171014603
2015-02-03,,,,,,-1,1.0732382962061133
2015-02-04,,,,,,-1,1.0693457978027854
2015-02-05,,,,,,-1,1.0800147969455622
2015-02-06,,,,,,-1,1.0732927321696906
2015-02-09,,,,,,-1,1.0693055369334266
2015-02-10,,,,,,-1,1.084323667762363
2015-02-11,,,,,,-1,1.0840609969698043
2015-02-12,,,,,,-1,1.0923123456906716
2015-02-13,,,,,,-1,1.0997236370999952
2015-02-17,,,,,,-1,1.096882284203603
2015-02-18,,,,,,-1,1.097730008982739
2015-02-19,,,,,,-1,1.1150400838802164
2015-02-20,,,,,,-1,1.1243572804846858
2015-02-23,,,,,,-1,1.1053650162995687
2015-02-24,,,,,,-1,1.1052375826338268
2015-02-25,,,,,,-1,1.1137298859979805
2015-02-26,,,,,,-1,1.124946298743435
2015-02-27,,,,,,-1,1.1126293553063784
2015-03-02,,,,,,-1,1.1223709175745231
2015-03-03,,,,,,-1,1.1192158610397012
2015-03-04,,,,,,-1,1.124050924079111
2015-03-05,,,,,,-1,1.129345302741094
2015-03-06,,,,,,-1,1.1057154363862212
2015-03-09,,,,,,-1,1.0982402541541099
2015-03-10,,,,,,-1,1.0832450122569346
2015-03-11,,,,,,-1,1.084846949800448
2015-03-12,,,,,,-1,1.0928720427217922
2015-03-13,,,,,,-1,1.0803405401035173
2015-03-16,,,,,,-1,1.0866385147480382
2015-03-17,,,,,,-1,1.0874670981780519
2015-03-18,,,,,,-1,1.0999510228620688
2015-03-19,,,,,,-1,1.101474659006497
2015-03-20,,,,,,-1,1.1123937138510323
2015-03-23,,,,,,-1,1.1062885604226997
2015-03-24,,,,,,-1,1.1168527793219134
2015-03-25,,,,,,-1,1.081514436144026
2015-03-26,,,,,,-1,1.0731877480701217
2015-03-27,,,,,,-1,1.0703657469964818
2015-03-30,,,,,,-1,1.0827171884607032
2015-03-31,,,,,,-1,1.0685670952508144
2015-04-01,,,,,,-1,1.062863901551868
2015-04-02,0.013171687471279123,,2.268454382204834,0.5716114951733471,,-1,1.0649937060459196
2015-04-06,0.01349907828020505,0.025823387254920976,1.9869561017741377,0.5579283610396,0.19587936568672012,-1,1.0899723179229888
2015-04-07,0.013044817282568608,0.025524790077424846,1.8671608230714845,0.5342119592658673,0.19427734749745137,-1,1.0909663310719326
2015-04-08,0.013022956464323074,0.025338909570841017,1.7235400412798232,0.5144408721117973,0.14846913425927905,-1,1.1084703799974958
2015-04-09,0.013041155108257178,0.025302994600589653,1.64027148213416,0.49623233704944375,0.15206210350724816,-1,1.1147386116465174
2015-04-10,0.012922184567003912,0.02510794648997289,1.6061793639962474,0.4825538729135855,0.15607934882986188,-1,1.1231734543859042
2015-04-13,0.01288970440837329,0.025169266594910405,1.538094192225671,0.4689752669773139,0.17711860575794813,-1,1.1308391086873923
2015-04-14,0.01270357325379452,0.02502257805638908,1.5028845466854268,0.4527514031819556,0.1539476894068818,-1,1.1282366787490514
2015-04-15,0.012673924224601998,0.024794499211303698,1.4334030283775863,0.43553116406225,0.16751904654169775,-1,1.1273707516511398
2015-04-16,0.01316562890613476,0.02490619559544043,1.3668301499991902,0.43100326123272653,0.15798762510764283,-1,1.1606275678477094
2015-04-17,0.01315210194869747,0.02488270199514246,1.275504180115077,0.42941121951989975,0.10224760242158158,-1,1.1488035435123973
2015-04-20,0.01303484121434577,0.024911336513397386,1.2376085231967886,0.431566499354991,0.11351446888053046,-1,1.1618783515853879
2015-04-21,0.013011631644777448,0.024793974518957457,1.168095129772645,0.4385534158086999,0.1087941665873157,-1,1.1646418401723149
2015-04-22,0.011859209360537856,0.024186042619866305,1.3159688013020476,0.4382964963596915,0.1027789816409331,-1,1.1790805502823474
2015-04-23,0.011259383274964738,0.023964446993706312,1.4157500860065957,0.4402621637944963,-0.028698722554931735,-1,1.175925562084288
2015-04-24,0.01165686582687632,0.02434932106082854,1.6034089046628077,0.44473794560013824,-0.058526150597398865,-1,1.205163861515596
2015-04-27,0.011713605897908666,0.024561416625734318,1.8925866985948812,0.44988677022380896,-0.037201470467436985,-1,1.2168859484244743
2015-04-28,0.011582435238257912,0.024400607379686287,2.183187080644967,0.45126308246584257,-0.04470350128416087,-1,1.2079214004955088
2015-04-29,0.011413386795395528,0.024250957519597636,2.4154716471205298,0.45117633187771694,-0.08459793176197693,-1,1.206474111141807
2015-04-30,0.01137473873601873,0.024081699098865414,2.658409067641112,0.44888114797072776,-0.03943728047870768,-1,1.18689164080314
2015-05-01,0.011135307488655176,0.02362833160105712,3.0223050758818166,0.4513968264427989,-0.08262214164939793,-1,1.1938885289461323
2015-05-04,0.01106076846313661,0.023370985685741492,3.362929634170023,0.4570229183952836,-0.10349593881771704,-1,1.1960801448739111
2015-05-05,0.010878375021401364,0.023348705497599247,3.651335279369467,0.4682614628981115,-0.12169177397700903,-1,1.1893351507259398
2015-05-06,0.010886003823899258,0.023371652538756726,3.85714331610747,0.474227138301398,-0.10530954202665539,-1,1.1835556082815657
2015-05-07,0.010975184469416322,0.023508512313210227,4.020586830572804,0.4892165833835539,-0.11023031175757399,-1,1.2012047816808165
2015-05-08,0.010963288914768138,0.0236572839667025,4.172707985882906,0.49776698109843925,-0.11224887842893805,-1,1.1955326456780413
2015-05-11,0.010957945553459348,0.023721595642719168,4.291756143676508,0.503776883596442,-0.11927878011946332,-1,1.1985621445378392
2015-05-12,0.01081435464458405,0.023684004486770313,4.4562263182563955,0.5157672079635329,-0.11159476412174034,-1,1.1979079923762985
2015-05-13,0.01081441274538459,0.02360707302374032,4.572386248650904,0.5259792777325598,-0.10886132625282302,-1,1.1974632296509378
2015-05-14,0.01097318650825944,0.02332539609428194,4.682687658619337,0.5440582790983151,-0.11005390502677083,-1,1.2173523345851758
2015-05-15,0.010962752917069878,0.023431538653352218,4.763517121917838,0.5663392378896194,-0.10496022413533614,-1,1.224197360858754
2015-05-18,0.010959942412218345,0.023324988707187858,4.886712177248842,0.585697738889293,-0.1022543965023197,-1,1.2262435726979477
2015-05-19,0.010968868748137484,0.023330752747913807,4.946171986250822,0.6034117828954578,-0.10270946007243151,-1,1.221834350687129
2015-05-20,0.010788420391227814,0.02325009560785141,5.109310514169316,0.6311913813621255,-0.10157742588713072,-1,1.223237218935309
2015-05-21,0.010750497752119278,0.02321376261298534,5.178361721733376,0.6653233082299539,-0.11697425796652591,-1,1.2284789534023597
2015-05-22,0.010538873139725138,0.023009431924452567,5.317165605769592,0.6845253501492335,-0.1030868151843276,-1,1.2269789409226068
2015-05-26,0.010591311307733628,0.023027457671702584,5.189741770328018,0.6997781339636041,-0.10548841078902477,-1,1.2167265744031233
2015-05-27,0.01082874332746448,0.023086958518813067,5.00228126087807,0.723484045055462,-0.12644336727712108,-1,1.2404276125713223
2015-05-28,0.010756100613355237,0.022959312761737214,5.014214245872957,0.7535783156321406,-0.1317743056177124,-1,1.2424441769585108
2015-05-29,0.010684336811541535,0.022827824816098515,5.000617014728083,0.7731479778945044,-0.11848659453084791,-1,1.2364928824229975
2015-06-01,0.01064492625227035,0.02270409742801353,5.07236556265907,0.7983959112053133,-0.10999304193684169,-1,1.242512467901245
2015-06-02,0.010642007194441918,0.02270548284987768,5.090543766859403,0.8196948789414991,-0.10748179932495144,-1,1.2400313598644057
2015-06-03,0.010644689054254777,0.022629060636238013,5.118304967384095,0.843560182846393,-0.10741767735888548,-1,1.2458818023148315
2015-06-04,0.010631532599931255,0.022624266860126904,5.179687919024509,0.8689301410853247,-0.11016780780423778,-1,1.243224248275616
2015-06-05,0.01030944090736054,0.022470517974230195,5.399250902550767,0.8801118089311368,-0.10502253229399745,-1,1.2476831899763743
2015-06-08,0.010309607896288472,0.022540054407641157,5.3571493463773825,0.8848471704850027,-0.14228160674508838,-1,1.2392282426227441
2015-06-09,0.010196236049813895,0.022445918969220355,5.394558841092596,0.8851588614989928,-0.17244351961661802,-1,1.2470625756130402
2015-06-10,0.01024553463630468,0.022593461178198247,5.362087832082981,0.8866190970505796,-0.17346926183022074,-1,1.2571688017885425
2015-06-11,0.010203134860236851,0.022530466390108164,5.392826628317337,0.8891572367867895,-0.17448411834822036,-1,1.2575662698054968
2015-06-12,0.010160420896010337,0.022388131618689976,5.380231587452787,0.8850958214480227,-0.16088799881927593,-1,1.246553801619955
2015-06-15,0.010180461987704082,0.0222815124600954,5.242273413238024,0.8779469858705395,-0.13492247996393109,-1,1.236924898637232
2015-06-16,0.010255740953496876,0.022243562139893192,5.0829226231624265,0.873603617177507,-0.14475062295074115,-1,1.2491386572709189
2015-06-17,0.010194207526448023,0.022130037084553505,5.024459024885728,0.8732364531121004,-0.13653394700341137,-1,1.2581903746110026
2015-06-18,0.010350182924529024,0.022073736370360527,4.923112737187491,0.8755627414664543,-0.12478700134191002,-1,1.2761519914840493
2015-06-19,0.01028551553252237,0.022105487467470267,4.926533705130502,0.879082827893603,-0.1338835808243158,-1,1.2713432095851858
2015-06-22,0.010308917856930238,0.022195763806907107,4.883512252253613,0.8813163901953253,-0.13033531577344667,-1,1.2812306964181708
2015-06-23,0.010374878187912731,0.02230253675662441,4.881434026102142,0.8874451135615455,-0.11184719413118427,-1,1.2982830820691635
2015-06-24,0.009601955963934927,0.022031195690615738,5.276468779812216,0.8860355467346648,-0.09529242962299783,-1,1.2913644186648323
2015-06-25,0.009556498836407365,0.022015316101549266,5.187723149531743,0.884363753748797,-0.1673726937474818,-1,1.2886524979123402
2015-06-26,0.009629704003030022,0.02192136564790749,4.990576810806474,0.8807127342382992,-0.16579482414399452,-1,1.2760658606350763
2015-06-29,0.009865443872178232,0.021926928239343307,4.692171956016839,0.8659262795451081,-0.09558836616219178,-1,1.249830571009278
2015-06-30,0.009779379832313109,0.021919180229295898,4.5336603447987756,0.8591331258097193,-0.09143959193753683,-1,1.2598514809108696
2015-07-01,0.009796773857308136,0.02191665128827069,4.35002411458211,0.8613351577500344,-0.11195447417857514,-1,1.2687544590420454
2015-07-02,0.009869659403348115,0.0219313923284957,4.155207270757896,0.8723596029506404,-0.10803957671941389,-1,1.2810763758719175
2015-07-06,0.009420119587034764,0.02158111630929753,4.226329309889039,0.8743912917105655,-0.11418832449712539,-1,1.2785807050001
2015-07-07,0.009504337240072144,0.02191721961028258,4.0126437505402155,0.8747674807314337,-0.09931675931034815,-1,1.2657159086341176
2015-07-08,0.009573549443849765,0.021898167270467613,3.8071130117146916,0.8547295221958553,-0.04428737017285697,-1,1.2423562044750223
2015-07-09,0.009588006050205699,0.022002264002890386,3.62635055994502,0.8402224182543215,-0.07189600079802552,-1,1.2510906846762313
2015-07-10,0.00978775019593011,0.022161315528480652,3.409647608711963,0.8369957475670392,-0.060255847776047665,-1,1.2727990543936343
2015-07-13,0.010169070053744527,0.022225347782684052,3.224372050994239,0.8403709310056763,-0.008041167562017042,-1,1.3019904801698725
2015-07-14,0.010210327791686954,0.022253960338129253,3.215236801528592,0.8471344029429645,0.013432036829523007,-1,1.311928941024123
2015-07-15,0.01025890345497459,0.022300353745326823,3.2139889762748,0.8578026039275476,0.0022316744620004113,-1,1.3014968064260606
2015-07-16,0.01133124089113645,0.022415112831689298,3.0539572065528087,0.8379486334567112,-0.053936338773908,-1,1.3643038176613838
2015-07-17,0.012324229840502122,0.022875897654061172,2.999840929339444,0.786034574890985,0.20265376313270705,-1,1.4185961433336527
2015-07-20,0.01224085816868142,0.022991059278679362,3.1749051109464714,0.7549794330261008,0.19038353705984545,-1,1.4196058051556533
2015-07-21,0.01224778812848661,0.023159732970849434,3.334909286426123,0.7398932015069103,0.19336468589540715,-1,1.4138658667524842
2015-07-22,0.012173388812310757,0.023215991935333528,3.487455888728718,0.7372422389603112,0.20131032903874818,-1,1.4050098893930358
2015-07-23,0.012235855905116156,0.023254282246301286,3.519716141609515,0.7389873523582078,0.21906796604466788,-1,1.390735326146671
2015-07-24,0.011892559809971505,0.023425512166345388,3.7530819495250003,0.7499894035183665,0.22621496379852632,-1,1.4043887151544563
2015-07-27,0.012008962603855441,0.023400163220600012,3.824531353036238,0.7685778743518988,0.1934550850481451,-1,1.3813171844852523
2015-07-28,0.012080949710841279,0.023577093688061438,3.9712909657903137,0.7815432248660298,0.17571087567609858,-1,1.3989808736051867
2015-07-29,0.012103952919906588,0.023603795017629155,4.228920462138207,0.7930386761813891,0.17582257399807744,-1,1.4074310438692066
2015-07-30,0.01198911285151832,0.023717518006300727,4.508643153543461,0.7968608834267602,0.17381930896889947,-1,1.42071908180562
2015-07-31,0.011966664817773677,0.023632106267120704,4.734058724410612,0.8028495594493091,0.18066546574620573,-1,1.419391072814765
2015-08-03,0.011966714924665674,0.023715360304178503,4.910040155818815,0.8092572050456341,0.1827990420711623,-1,1.4167564559827368
2015-08-04,0.012102738956053289,0.023738069999574674,5.0692971285391915,0.8127038730945942,0.1739833259191307,-1,1.4386160786201518
2015-08-05,0.012264595555217202,0.023923443786457794,5.289316409352101,0.8130219717045677,0.1831081588860382,-1,1.4623461525037065
2015-08-06,0.012320354548432335,0.024243611668185106,5.596390896788427,0.8192166430660736,0.15880922841574965,-1,1.4366516874733004
2015-08-07,0.012361443591148878,0.024487515215954585,5.898366893950843,0.8233931508033829,0.15208947934806114,-1,1.4499892939948242
2015-08-10,0.012367906816851564,0.02462058408871362,6.163111454210807,0.8277609380013413,0.1523641781274525,-1,1.4558775028195785
2015-08-11,0.012374076482442762,0.024744563466029993,6.347834244859502,0.8315446511075651,0.15221829947721358,-1,1.4604617399097146
2015-08-12,0.012374968251051534,0.024930898688725334,6.5022478686490395,0.8347667447740411,0.1508092341645257,-1,1.4586562597682133
2015-08-13,0.012211328077768846,0.024981292384633074,6.811149694938465,0.8418051848746061,0.15689973575415916,-1,1.4655603081726292
2015-08-14,0.012197298994348538,0.024848212403797643,6.872542532764194,0.8499772819402421,0.15456546928658005,-1,1.4702049204168803
2015-08-17,0.012276204673031222,0.025021703997517547,6.7610611310605115,0.8580295310970982,0.15463556708450216,-1,1.486606307974498
2015-08-18,0.012268992200116825,0.025084636528781363,6.693712583797945,0.8643665250107326,0.15171152159568502,-1,1.4885875561560458
2015-08-19,0.012290977240348343,0.02509107648395012,6.612323409703027,0.870035894328041,0.1517569518717518,-1,1.4797388759514665
2015-08-20,0.013513262227136263,0.025600682231271963,5.870629294746024,0.8654260140279475,0.17860667084419288,-1,1.413473815686279
2015-08-21,0.014884394696304967,0.026307409095909253,5.1224504838856895,0.8314166539240765,0.34079986203312645,-1,1.34344594140227
2015-08-24,0.016164045150146758,0.02815981861766891,4.38670177340898,0.7501245928786066,0.4567163824457566,-1,1.2753015543001498
2015-08-25,0.015999681515129198,0.028881751412639507,4.180059801054239,0.6823714840935472,0.4146784333240643,-1,1.283987890105329
2015-08-26,0.017911089591216463,0.02978800014086617,3.5866156544205614,0.6613232766317743,0.39591407375967963,-1,1.366064089778167
2015-08-27,0.0187360934610355,0.030395653460432315,3.341244925769681,0.657502928044574,0.46667259279793155,-1,1.4260417753315369
2015-08-28,0.018735244070738243,0.03050921180181442,3.242054960071426,0.6553362572232125,0.4530520324862417,-1,1.4326839674237963
2015-08-31,0.018801414932262457,0.030643755365569403,3.1108080874580244,0.6460810496892382,0.4498811555844663,-1,1.4145352551171968
2015-09-01,0.01949905595317148,0.031161704304390633,2.823662516539343,0.6139799113294784,0.458846743529065,-1,1.3561161813264166
2015-09-02,0.019742987690298596,0.03152181017363803,2.6156092514615996,0.59440572652408,0.39526497416897804,-1,1.3895440992317474
2015-09-03,0.019828806736632135,0.03174848630376868,2.3711534890263364,0.5658677762263937,0.3733375910941236,-1,1.3686171534399065
2015-09-04,0.019887706372373797,0.03174299223722139,2.146355635597524,0.525330075843279,0.38112296555057673,-1,1.349589124530043
2015-09-08,0.019993562752028536,0.032100489020185495,1.928895370692829,0.49657268950624867,0.36975998520929254,-1,1.3731947175315673
2015-09-09,0.019981676058594355,0.032196073174043056,1.7300473052633816,0.4725769098859881,0.3697356630919975,-1,1.3814039983981927
2015-09-10,0.02001662709005983,0.032354629809447456,1.5349746882308501,0.45255439737203035,0.37116108457102426,-1,1.3943754349693198
2015-09-11,0.01998763484288165,0.03245443860343052,1.343850477362921,0.4296334018248694,0.3709661327886277,-1,1.3970270405349516
2015-09-14,0.0199691896337767,0.03244850439836006,1.1283444792192543,0.40149779019628756,0.3680997972959022,-1,1.391944687076674
2015-09-15,0.019994833612435002,0.03261351694971782,0.9307775267314731,0.38096038059030984,0.36880325534992525,-1,1.409664878905663
2015-09-16,0.020100018090094287,0.0326885780937144,0.7381574501463213,0.3690728994891701,0.371883329838469,-1,1.43481083754088
2015-09-17,0.020047103352377492,0.0328909096809438,0.5731111977887177,0.36356771178141556,0.3724506135825586,-1,1.4468120313285544
2015-09-18,0.0200545225359404,0.033009742624708176,0.40802314415505575,0.3530025653027533,0.3739669786988505,-1,1.4385078984590693
2015-09-21,0.02004631880029279,0.033088523781722425,0.3681670705343436,0.34615433719798305,0.37389261374826444,-1,1.4475784024424447
2015-09-22,0.02014440973807327,0.03313424763373384,0.4242311913045945,0.3332583089260511,0.3649670941090197,-1,1.4177180002683278
2015-09-23,0.020133897531951047,0.033058158503524664,0.6033130210355802,0.317896739492029,0.36605651641677045,-1,1.4195795313824797
2015-09-24,0.02021654302559845,0.03334778136155793,0.7841677986094736,0.3073472163729634,0.36408696038707755,-1,1.4403705059072116
2015-09-25,0.020264839064926567,0.033629098555702425,0.7885592935872859,0.28542534938424946,0.35184285532119636,-1,1.4190758777335761
2015-09-28,0.02043160468920817,0.03397341937853499,0.626067110075234,0.24130068376813704,0.35766101200725253,-1,1.3776967383255063
2015-09-29,0.020431264946749444,0.03424302252289644,0.45297005290314146,0.1949347253379659,0.37100112519114925,-1,1.3667260212388268
2015-09-30,0.020802687865227144,0.03451823661087556,0.3572769084272894,0.16714202747988618,0.35238516477333365,-1,1.410264298707519
2015-10-01,0.020767220549258582,0.034829572082230476,0.37605815960662253,0.1421964692230315,0.34472482311460084,-1,1.411953070609104
2015-10-02,0.020912357532959565,0.03526387413404792,0.3640583214417774,0.12429199611608018,0.34394685860284985,-1,1.4396539112645306
2015-10-05,0.021057267212997107,0.035188233334243875,0.4117421131883849,0.11068715179634327,0.3515516932027568,-1,1.47133915679911
2015-10-06,0.020962278102058033,0.03537492760227836,0.46735594693201205,0.08865676676867966,0.33368332652286675,-1,1.457446441226792
2015-10-07,0.020952674301003987,0.035483871316024394,0.4797908652063762,0.0656909112022674,0.34204535043818174,-1,1.4502962137448836
2015-10-08,0.020845712101773974,0.03583656648787734,0.5007146708986553,0.04780599733647691,0.34024023081503246,-1,1.4566862629098125
2015-10-09,0.02064763593942003,0.03575921296207545,0.5156201408367787,0.0345293425362414,0.332308003983146,-1,1.4525100779960114
2015-10-12,0.02063276801952049,0.035788725049633284,0.5343632012381649,0.0245584764333417,0.33007026526521055,-1,1.4589406983400366
2015-10-13,0.02060907161282363,0.03593474351444259,0.5536557072142303,0.013492739154473944,0.3326028704409851,-1,1.4570601256491056
2015-10-14,0.019695526846028225,0.03557089751013453,0.6111395489576754,0.012206075122422225,0.3656944147549713,-1,1.4614615565693092
2015-10-15,0.01904810269825683,0.03537020542841229,0.6561695746445136,0.019158807793363163,0.3173377001258474,-1,1.46414413134093
2015-10-16,0.01908317023491468,0.03523712836412015,0.674228559447358,0.02983315567794216,0.3275036432042266,-1,1.4776228693430036
2015-10-19,0.01910600989505613,0.03521107164135682,0.7176159381291635,0.04308678050236538,0.32953206019915715,-1,1.490099720839044
2015-10-20,0.019379088801235823,0.035504315893497465,0.686514727417976,0.04636776085616307,0.3140540507820934,-1,1.4506379530972726
2015-10-21,0.01937404239101754,0.03547622174035343,0.692866150972278,0.042543133929829294,0.31804730415685706,-1,1.4368073409163784
2015-10-22,0.019431322178700774,0.03504109274636558,0.7266720665161301,0.0468238821411313,0.3150901066518408,-1,1.4588994015097967
2015-10-23,0.01963211670805803,0.03539516162310527,0.7501522704113005,0.053690559729830785,0.33448594296505124,-1,1.4992252202742324
2015-10-26,0.01968459843607956,0.035294415802699444,0.8526556713463009,0.07002737098733365,0.3562134109086052,-1,1.524910440266829
2015-10-27,0.019673365241003632,0.035318348416115246,1.029445527623236,0.0882380678848111,0.35040252821127965,-1,1.5204304399614401
2015-10-28,0.01968825408343806,0.03511275869900527,1.2497527790571046,0.11485539055836867,0.34689306789908725,-1,1.5375012939819253
2015-10-29,0.019690289649921755,0.03512729990118166,1.3901650404321453,0.14081919626608735,0.34582046608952144,-1,1.5337592298600478
2015-10-30,0.019689188405886977,0.035201350080899634,1.5250376193872206,0.16557575752065512,0.3458357116487023,-1,1.5324639109248932
2015-11-02,0.019646561357482648,0.0351137051789184,1.647201744743062,0.20323882856468392,0.34750436818650826,-1,1.550099124430271
2015-11-03,0.019542497788366905,0.034894223429178875,1.7293642938812488,0.2522967837267514,0.3386513977652784,-1,1.5440629472006373
2015-11-04,0.019787024932138093,0.034758201841864164,1.8368896055814787,0.2964056434495363,0.34274619294324105,-1,1.5907592892498308
2015-11-05,0.0197935996562544,0.03452348949910723,2.0005384461190117,0.3478897152020808,0.3549345034564155,-1,1.6068710810794822
2015-11-06,0.01999709953387778,0.03468749549515062,2.1715347755869714,0.4025080387328338,0.35814967388768515,-1,1.6437461279884737
2015-11-09,0.020086403834673,0.03466956427976819,2.337236435810962,0.4578050393675141,0.33829858467456597,-1,1.6185248560280767
2015-11-10,0.02008651780605209,0.034708912622471444,2.4989967953099184,0.5108279210619117,0.3386109846231779,-1,1.6163433048614486
2015-11-11,0.020098509188215697,0.03468129937698675,2.6773997844647757,0.5669797011897271,0.33813356811267364,-1,1.628083881657215
2015-11-12,0.020200452106447355,0.03482202161886627,2.812268131206914,0.6231684539919706,0.33180425204840147,-1,1.601388277411036
2015-11-13,0.020540560834808198,0.035000905063774256,2.8663498669995007,0.681206413619677,0.34581636755255324,-1,1.5508136926343963
2015-11-16,0.020786821284872137,0.03536874271515128,2.9501133417904204,0.747708275709721,0.3058860250802554,-1,1.590136715492862
2015-11-17,0.020797550380437794,0.03545585881023532,3.0545590951790147,0.8089017233451291,0.30857180128214456,-1,1.602802382026395
2015-11-18,0.02030873714884633,0.035194277022793895,3.3056627886669836,0.8327777484228729,0.31119389360360655,-1,1.6463889746104223
2015-11-19,0.019328210826614272,0.03462919984944514,3.637790580274499,0.835536941124898,0.23160219363613424,-1,1.6423496896080647
2015-11-20,0.018307232795034347,0.032932523795327275,3.9506999664044966,0.8381083520628362,0.12560479462697452,-1,1.6626051933416581
2015-11-23,0.018287274954563035,0.03218024650996467,3.998985881307843,0.8407238041665974,0.13915254940032568,-1,1.6615795095979455
2015-11-24,0.016435199069950595,0.031460642039157834,4.497774504172207,0.8444220882557832,0.14765832204594426,-1,1.6517932722702073
2015-11-25,0.01552830097746107,0.030981944922222598,4.884849915510285,0.8641732176322621,0.008306443740058532,-1,1.6684320973728997
2015-11-27,0.015528393225316645,0.03084416975457301,4.989263440893139,0.8854137009283818,0.00407486899472055,-1,1.6762355498120958
2015-11-30,0.015478997658008035,0.030772673713209093,5.087913989556649,0.8991807171054397,0.004727331674176853,-1,1.662828144310527
2015-12-01,0.014940092031154645,0.030439385194737545,5.36945287779122,0.8997314973630869,-0.061517319960656076,-1,1.7059610818016615
2015-12-02,0.014621752963987298,0.03022859215401844,5.567321002838704,0.9054247022008555,-0.006270330687911814,-1,1.6994122256351913
2015-12-03,0.014549657842268962,0.03028030883252854,5.651196397664362,0.9070713222543143,0.03178061041827002,-1,1.6829081250865296
2015-12-04,0.014609081679376615,0.030387226785040283,5.6094086935098675,0.9071865986439414,-0.007872210911152835,-1,1.7121761168766993
2015-12-07,0.014529314844959656,0.030255674162676518,5.579445018921327,0.9081517112883857,-0.0063721802569077736,-1,1.6905522228679932
2015-12-08,0.014523215195888964,0.030203444054597933,5.463933697948219,0.9096632997550468,-0.011218973672660806,-1,1.6989328360568479
2015-12-09,0.014656196955214423,0.030320384596825147,5.3180638966169225,0.909216058902098,-0.01490992343928236,-1,1.6679472826270056
2015-12-10,0.014655760490325562,0.03029093922750588,5.231994356382968,0.9083314728860108,-0.012067280044544831,-1,1.6707433962675968
2015-12-11,0.015072769155043967,0.03047002575184089,4.916488844614202,0.8963498257087177,-0.00923097179011998,-1,1.623657788855634
2015-12-14,0.015114473762140155,0.03057562339575162,4.8303930823533126,0.8911844347083412,-0.0330120850255409,-1,1.6488836016325368
2015-12-15,0.014946629638986767,0.030531230319008493,4.933532262998784,0.8894868972410603,-0.046248919133642624,-1,1.6498333298883632
2015-12-16,0.015330668190300439,0.030579969080551966,4.846308422186869,0.8965866271617297,-0.055508436189413014,-1,1.6965706214614602
2015-12-17,0.015339620323308018,0.03054734545461438,4.834515794674748,0.898917156314317,-0.06827556434444204,-1,1.6845452198241921
2015-12-18,0.01550016270918023,0.03048706996579022,4.660806162556669,0.8958060605813032,-0.05089121952340511,-1,1.6529548053055436
2015-12-21,0.01529718556018055,0.03030823924005142,4.595040555182352,0.8881018071021644,-0.049547806577692984,-1,1.6622591126815216
2015-12-22,0.015296292492344014,0.030324412678174466,4.430783733369154,0.8792714266900068,-0.053158848908918754,-1,1.662171082307009
2015-12-23,0.015187301220705137,0.0300165608156619,4.318761768581876,0.8729031355491698,-0.05225448064307331,-1,1.6659568118270909
2015-12-24,0.015072664317447004,0.029598685302199418,4.209311740906429,0.8623186572805893,-0.03804155793488718,-1,1.6656715573423027
2015-12-28,0.014641024039534031,0.02923064865647733,4.136282921769074,0.8529976773135286,-0.08231338690955482,-1,1.6764978453178287
2015-12-29,0.014839769365803482,0.02906446285926893,3.9069108351154336,0.8519026261910232,-0.10849626718501776,-1,1.7113649072098625
2015-12-30,0.014319940979802409,0.028736136651045786,3.9126932752387558,0.8451394417415415,-0.10028440646157318,-1,1.698126301790753
2015-12-31,0.014403531939193265,0.028455161637669705,3.6439822625457925,0.8331362916548612,-0.0844548443623515,-1,1.6771423522833822
2016-01-04,0.014992224057957321,0.028670373861030992,3.2144083521502225,0.796571036542764,-0.030024799452936138,-1,1.6127279476089038
2016-01-05,0.014733629797190343,0.028611687389698947,3.0335703097680944,0.7615584405679473,-0.048236927739728104,-1,1.6121782339699586
2016-01-06,0.01469878065965331,0.028817170139995994,2.7475143463833294,0.727057723454876,-0.03293442914059406,-1,1.620164113895061
2016-01-07,0.015239588979764745,0.029075848536302462,2.333340928695242,0.6617222756980841,-0.04491250152030988,-1,1.5678125842956614
2016-01-08,0.015350996973194109,0.028934936659698412,1.959352022494722,0.5808287514293803,-0.0031988953844100682,-1,1.5438235475761293
2016-01-11,0.01537124404766269,0.029120547008693615,1.6684155587841958,0.5075308812253413,-0.008738809756465458,-1,1.5544532402982898
2016-01-12,0.015446209026771135,0.029181688754973182,1.3989815554420155,0.4471461521710282,-0.0033493584847646444,-1,1.5744293244112848
2016-01-13,0.01664086435765109,0.0297197841739506,1.0403811994521581,0.34067490155642977,-0.03866201047725581,-1,1.497031427802322
2016-01-14,0.016721512694470902,0.030281882800383148,0.7626072638423163,0.2570732090331392,-0.07171096464174853,-1,1.517039860382314
2016-01-15,0.017189385730791318,0.03042465991403587,0.41718251599711503,0.16127871349940956,-0.09215333628651665,-1,1.4689966929281157
2016-01-19,0.017206943755246906,0.030672337690783133,0.04389875829004087,0.09466749841757027,-0.1088770278459802,-1,1.4852751352205078
2016-01-20,0.017194862683414486,0.0312947066538933,0.31417172614747646,0.04509566976139672,-0.11683438623033107,-1,1.4752988370090214
2016-01-21,0.016871841053290235,0.03121766362058334,0.6623131326913926,0.010502502358978963,-0.10588627903651235,-1,1.4711103897642637
2016-01-22,0.017027676401458167,0.03144026409034013,0.9818874756464208,1.4071287839231675e-05,-0.1253494403619165,-1,1.501392152622841
2016-01-25,0.016985538596922693,0.03141048161130862,1.3190893715852103,0.012782763165522537,-0.13025908879857193,-1,1.4832432506334718
2016-01-26,0.01662518165747738,0.031023275816158522,1.6720901134402761,0.0419777253711364,-0.15518262166259367,-1,1.4817656917053692
2016-01-27,0.016960600932622444,0.0312892747613857,2.000881630643476,0.08683332155475751,-0.1806639155145773,-1,1.4348324904434189
2016-01-28,0.018244537460785235,0.032127993038699565,2.125340389112878,0.13092756876368936,-0.24866102179885646,-1,1.5115162588815865
2016-01-29,0.018189965503317196,0.032553736302139154,2.443483576709853,0.17696723482087134,-0.2324480405605631,-1,1.5101668644278166
2016-02-01,0.018250343605512646,0.032890936431503454,2.707204248111279,0.22625047751081467,-0.23156973966442376,-1,1.5283225669896021
2016-02-02,0.018605513250295427,0.033310540277665945,2.9407762883280166,0.2922920202743361,-0.2426044820061032,-1,1.4844145116811505
2016-02-03,0.018812030895025717,0.03387973521532996,3.1243464766532227,0.36010128883004927,-0.20369462675568561,-1,1.4474751473967002
2016-02-04,0.018820738200153495,0.03418736210410099,3.351206842152696,0.43433856675954696,-0.19445370782755675,-1,1.4388135433633118
2016-02-05,0.02000630079268464,0.03467163825953906,3.4566772818158276,0.48321043059831464,-0.16701592379222713,-1,1.3499486835709726
2016-02-08,0.020394353065548605,0.03515849858579872,3.6569109792012124,0.5182965031079458,-0.09990351807391995,-1,1.3053743996743994
2016-02-09,0.020196493612808137,0.03564613500078031,3.900033133062996,0.5433899820166044,-0.122293888575752,-1,1.3113072013951903
2016-02-10,0.020116525442013637,0.03605137791847874,4.143152599615288,0.5773958500012436,-0.10847483636639858,-1,1.3187637644985837
2016-02-11,0.020147730769425276,0.03654020276288948,4.381125733630724,0.6118942190120463,-0.10327051149995108,-1,1.3306307093672383
2016-02-12,0.02014547207625039,0.036861350500733685,4.490408136283164,0.6418004346751134,-0.09899849781830652,-1,1.3397556936603279
2016-02-16,0.020236220416736405,0.037137946035412255,4.58810216039943,0.6772609981978736,-0.08300234940160311,-1,1.3697053879503702
2016-02-17,0.0205578921084698,0.03736031094736548,4.517950343767678,0.7226504674782916,-0.053927549397434126,-1,1.4282049613690984
2016-02-18,0.020314195516405235,0.0374769092338673,4.586228144018742,0.7533986161658945,-0.027494476739612788,-1,1.4225927183658764
2016-02-19,0.02030206260955052,0.03755678885306446,4.572170690272254,0.7772663351653132,-0.03847956929136486,-1,1.4306899492445402
2016-02-22,0.020505086977268924,0.03776834394971957,4.428863054609499,0.7758312907593546,-0.038289849969666556,-1,1.481503786457784
2016-02-23,0.020562718125856062,0.03791836213650592,4.387118024834815,0.7788715792885235,-0.052120332200237846,-1,1.463051675247607
2016-02-24,0.020549988192005566,0.03819225883182963,4.3060653889401035,0.7716769018607732,-0.05673619332422483,-1,1.4790208801822289
2016-02-25,0.02066937229641174,0.038415831777242754,4.1692612389254675,0.7554171192633842,-0.04783903235293923,-1,1.5050785073671624
2016-02-26,0.020656274706913575,0.03838911285807204,3.9890620112588966,0.7396109890272365,-0.04589916885240834,-1,1.5062336153898896
2016-02-29,0.02063219260525425,0.03846877740120389,3.932734938152038,0.7222491277926965,-0.04441624983084269,-1,1.4968480267284279
2016-03-01,0.02095789262608934,0.03897825486975355,3.7618549921112985,0.686865098864545,-0.05181178763757783,-1,1.54113213324155
2016-03-02,0.020934512209905925,0.0389989211982864,3.6871608028642098,0.652306240403614,-0.046618449132049614,-1,1.5434542074302735
2016-03-03,0.020680263291233042,0.038986580017871024,3.5620040180009536,0.6087940424136716,-0.03999898188337424,-1,1.5473238285504467
2016-03-04,0.020695697019301594,0.03897307695425997,3.322623968857048,0.5612189280189216,-0.03668726141741763,-1,1.5587956792813045
2016-03-07,0.020800427089874843,0.03911291207654081,3.0936364911379473,0.526460961692546,-0.04303838390028593,-1,1.5288884308081172
2016-03-08,0.020691465134994584,0.03907372368967456,2.7430626754086296,0.48906280241800315,-0.035372819091720666,-1,1.5224684470019736
2016-03-09,0.020695315857576658,0.03892633860354078,2.2884005393156244,0.44692623681878757,-0.02915153695546814,-1,1.5422923666808284
2016-03-10,0.020689528773407996,0.03896442507581228,1.8461381743035377,0.4049898977218051,-0.02747417803424601,-1,1.5375420304547749
2016-03-11,0.020643202546271507,0.03874334644747677,1.4113879748055451,0.3600238560539378,-0.024555121981030954,-1,1.5599290777494508
2016-03-14,0.020683613506650333,0.038808117594763096,0.9740637081024215,0.3103462254659754,-0.01643973304555359,-1,1.576142122314734
2016-03-15,0.02038135568699555,0.03869033457990472,0.5802802155490462,0.269000871364456,-0.012404887037816906,-1,1.5816654168589626
2016-03-16,0.02035564457356401,0.03854760757745921,0.19144719631178012,0.21980855666815566,0.006164472509383409,-1,1.602612437970792
2016-03-17,0.02035957822026978,0.038576902645963355,0.09566832032490727,0.17590708315760428,0.004134009131485329,-1,1.597438756235298
2016-03-18,0.02008251588731462,0.03846722058896645,0.4349026857852966,0.12672298041874505,0.0020625519132666586,-1,1.613138394063297
2016-03-21,0.020082308704232225,0.03845513481056055,0.7648515899340231,0.08344611972462468,0.012625228953623793,-1,1.6245126101882865
2016-03-22,0.019946592169445408,0.03838446926997918,0.9989666379461872,0.05192015171071377,0.00702044956814875,-1,1.6195252486425242
2016-03-23,0.019938192767468686,0.038422618957753465,1.25760984558193,0.027314287314723327,0.011716367940886487,-1,1.614257701484109
2016-03-24,0.0199530418829854,0.03855764177862607,1.4984440873032516,0.009709992279558665,0.010903023711349685,-1,1.624119326678417
2016-03-28,0.019976909021496247,0.038625518667072645,1.7110948105916073,0.0006814957299931851,0.012930250066546453,-1,1.6372362634674216
2016-03-29,0.02010233245307168,0.03892081519279115,1.9394271202798303,0.002971666074735929,0.01860191330132621,-1,1.6663736649443115
2016-03-30,0.020091615503250594,0.03895352357357365,2.1933768520215655,0.01871629649664099,0.01575802965305767,-1,1.659896670778666
2016-03-31,0.019921435608500074,0.03891152511037942,2.4108953640364774,0.053058462332286935,0.010890479162577746,-1,1.6567713112597542
2016-04-01,0.020048189293645487,0.03916584239374928,2.613984310486495,0.10765799224377652,0.015908716651327398,-1,1.689025963043284
2016-04-04,0.019996242739317997,0.03933749532913625,2.816436818349353,0.17425384001235641,0.008314433083247216,-1,1.6811674216866526
2016-04-05,0.01940456733511583,0.03880128396439036,3.0579217422348055,0.2338496890176873,-0.011797813200192794,-1,1.685430104293002
2016-04-06,0.019501056247813425,0.038782806801892895,3.2695072148516258,0.30254728762763317,-0.01314694911029424,-1,1.7113559283776716
2016-04-07,0.019552216295609444,0.03842528931009152,3.481298782999811,0.37729574433296137,-0.02077988718304085,-1,1.6903676409405932
2016-04-08,0.019151751500516824,0.03808076709834632,3.7059704154441295,0.4325029392744911,-0.010326427331559687,-1,1.6764671645413718
2016-04-11,0.019059320551689445,0.03785463893912799,3.8657375336100026,0.47815896107254663,-0.032958117236211774,-1,1.6707547239453469
2016-04-12,0.01909354490655054,0.0377101992795544,3.9888278497862633,0.5308020099885516,-0.031205144465861548,-1,1.6897800724228338
2016-04-13,0.019153286039466044,0.03778071750042487,4.119762373792592,0.5954290579101607,-0.026797433072100602,-1,1.7194882252516537
2016-04-14,0.01812753417526943,0.0370438885149391,4.455818995117346,0.6285196635393452,-0.0010752173416801617,-1,1.724186309908289
2016-04-15,0.01806139842193811,0.036301809583172244,4.5616824849762745,0.6681401326691104,0.026763784232165553,-1,1.7332855366594189
2016-04-18,0.017615249755871892,0.03587237536156213,4.748077466189479,0.6900522968937058,0.04640426485673902,-1,1.732613577759076
2016-04-19,0.017974363510856038,0.03600670745429989,4.6518408658976655,0.7091375747578647,0.06658022200767591,-1,1.6798333422518417
2016-04-20,0.017982318742548246,0.03532729835718842,4.637826812219838,0.7257498003766075,0.059438920590454136,-1,1.6931810085176648
2016-04-21,0.017981106492111258,0.034929987700979534,4.627741253550824,0.7390746887424984,0.055867429656896596,-1,1.689278009783017
2016-04-22,0.017850873462498255,0.034866706758249745,4.657466158611828,0.7569168952505491,0.06406257656056209,-1,1.6700378055814442
2016-04-25,0.017788962246846368,0.034737851230854676,4.637703611696364,0.7668764761880099,0.0808353191317025,-1,1.6655843811777993
2016-04-26,0.017823789407853053,0.034622934215038086,4.554447059612507,0.7718382950222601,0.08140865773205141,-1,1.6507681036991133
2016-04-27,0.01737755155806171,0.03434079542329494,4.510808638459479,0.7623949594443729,0.08166433190374106,-1,1.6446765598962505
2016-04-28,0.016021785406769372,0.033866975856118704,4.777748334018862,0.7711375040296138,0.19254900271018346,-1,1.641574305424294
2016-04-29,0.01606699695377319,0.03375156738183529,4.673446029063196,0.782037305015834,0.21329082635484095,-1,1.6573365262197488
2016-05-02,0.016150092241105394,0.03351883601619164,4.54838685352775,0.8038726617665739,0.22147571074182437,-1,1.6866668238992217
2016-05-03,0.015890913057262774,0.03298124927208104,4.4697322294492565,0.8045182149047565,0.22493347993236668,-1,1.657345315509025
2016-05-04,0.015636604964024737,0.03245473256824763,4.332002896328918,0.7904467899716632,0.19568351842038895,-1,1.6396389882638847
2016-05-05,0.015695908359156893,0.032327436354893706,4.028462019775833,0.7673625343171002,0.19615810149970778,-1,1.6193664336648441
2016-05-06,0.013774272340982302,0.03160064421222263,4.268357303674426,0.7424623656643059,0.1732253851866934,-1,1.6448099609935336
2016-05-09,0.01313826397086559,0.030971908405955952,4.118282992521052,0.7190547115241928,-0.015460861828293189,-1,1.6391300710434822
2016-05-10,0.013302980026323716,0.03020327512462821,3.7732777275009712,0.7042207013385988,-0.02274699094311674,-1,1.6672849580071512
2016-05-11,0.013301136030301084,0.02975591115101331,3.433034808016294,0.6880621809040859,-0.03464799540629971,-1,1.6582686563975653
2016-05-12,0.013275983262053367,0.02924569659479077,3.031372349122863,0.6691617533364546,-0.026579055482932323,-1,1.647931519659129
2016-05-13,0.013551107988168932,0.02917930490907095,2.6207834925600855,0.6645716381590313,-0.045516125359177054,-1,1.6852205855338869
2016-05-16,0.013290326011806856,0.028989258499276454,2.3420991023179294,0.6608043375191605,-0.04395008991926342,-1,1.69813677001242
2016-05-17,0.012234480948271488,0.028598607591753547,2.2120762383115697,0.6423771552815912,-0.13091136230663739,-1,1.6790567102735003
2016-05-18,0.012358203080864898,0.028272407033849214,2.0119628919054464,0.6330696285079808,-0.12871601547596853,-1,1.7032216627845784
2016-05-19,0.012337422791316442,0.028151078172320893,1.8131728485015677,0.6241448304426174,-0.13000957976379285,-1,1.7027806418385623
2016-05-20,0.01166552848812869,0.027762081956646967,1.8029936583269233,0.6175519906949815,-0.1524725579026151,-1,1.7294567146333764
2016-05-23,0.011565314871617108,0.02758950777668441,1.7249796091086254,0.6111160651586106,-0.11032831489106211,-1,1.724426473120059
2016-05-24,0.011718744660498936,0.027259553294516275,1.6853372718750703,0.6096906494164598,-0.10595300396913357,-1,1.7564192397686118
2016-05-25,0.011539552948648571,0.02693713254466573,1.7740428538583137,0.6085067213026795,-0.11297334678052506,-1,1.7685671164293382
2016-05-26,0.011669967163382278,0.02685807935945533,1.8695477744632916,0.6084860761166836,-0.10409266987278844,-1,1.793027150935931
2016-05-27,0.011645819712157343,0.026649075939658536,1.9931842992920648,0.6092402606145607,-0.10755501931708641,-1,1.7963125250029675
2016-05-31,0.011044120629095516,0.02613917524407257,2.239930642932655,0.6106718591018848,-0.08135422607620903,-1,1.8033061745302705
2016-06-01,0.0110607506679592,0.026040250273648247,2.286636250968523,0.6114874670250482,-0.08246500312945802,-1,1.7942125482751425
2016-06-02,0.011058096972373402,0.025830057812236958,2.4209987547207157,0.6122436299188799,-0.08127773669486643,-1,1.7970988039331348
2016-06-03,0.011066772968109567,0.025717640219037982,2.586033920598089,0.6120985093315728,-0.07966553069803697,-1,1.7823822762941046
2016-06-06,0.010801836183856156,0.025306667880747785,2.852035668809008,0.6094013331280399,-0.0656324222793141,-1,1.7855194967535024
2016-06-07,0.01081383426132624,0.02519657042088523,2.993454492944784,0.6084593009094992,-0.08936762586733572,-1,1.7959263991808145
2016-06-08,0.010693747291708688,0.025116052076327944,3.2156305829087763,0.6070857863462947,-0.07997204376371359,-1,1.8006195277698294
2016-06-09,0.010687389746109688,0.024844880779076418,3.3228962783182854,0.6057116652924822,-0.0721233621658994,-1,1.7988896068717686
2016-06-10,0.010976089885552867,0.02493959051891712,3.310414623895104,0.592982250673309,-0.04631171300485312,-1,1.754605505442421
2016-06-13,0.010904824387553063,0.02501266702074755,3.440694302787314,0.5780955786567706,-0.04091979191502163,-1,1.749117072243791
2016-06-14,0.010897076643666107,0.02499052663195107,3.4629066186017816,0.5633902514635672,-0.04290873180218707,-1,1.7513560286959422
2016-06-15,0.010772241587005965,0.024879134291479893,3.515231900201617,0.5521301102259139,-0.04627271156660239,-1,1.7552617978741873
2016-06-16,0.010766270799305819,0.02481563316047632,3.579081132061279,0.539517542058264,-0.03901932022827589,-1,1.7579352599493292
2016-06-17,0.010876233118059297,0.02473899110531791,3.5096874244538294,0.5156719385129628,-0.03289794936403128,-1,1.7303339476915625
2016-06-20,0.010885266663286566,0.02476751786027126,3.5078655312506135,0.5004828916325175,-0.05463858929068696,-1,1.7439697216700858
2016-06-21,0.010887433937829134,0.024709700190696016,3.4255009351919674,0.4793023154097074,-0.05547266120014204,-1,1.7378290373617926
2016-06-22,0.0111932283600927,0.02480444992959267,3.200408654513616,0.43280088820814977,-0.04264789373914035,-1,1.701543601753236
2016-06-23,0.011281104382686688,0.024780805035372975,3.0115311451548528,0.4021933845636475,-0.07093299532640718,-1,1.72318352994561
2016-06-24,0.012055634048785997,0.025127888542130074,2.5550103132009023,0.33171214358991846,-0.11892656168047432,-1,1.6633924880775188
2016-06-27,0.011917700441377785,0.02520534383790136,2.259228645759383,0.26467911075513245,-0.08554620168456875,-1,1.6460741348621937
2016-06-28,0.01224005784010178,0.025246365411555675,1.9284518054630504,0.22700233929257824,-0.10223204180093061,-1,1.683091266459233
2016-06-29,0.01250533666034068,0.025312069734275074,1.6561555352206332,0.20775928598658217,-0.05210279033001067,-1,1.7174652568861615
2016-06-30,0.012284877502324385,0.025027193687322067,1.5100250935422865,0.20601511438586564,-0.03626567912354809,-1,1.7275834898298723
2016-07-01,0.012421985130329247,0.025018743793250076,1.3462119505436247,0.21102087573118924,-0.017953318190713472,1,1.7540702312960599
2016-07-05,0.01242036993901172,0.025127618112592967,1.2390269369587625,0.2182998110282134,-0.014939861571672127,1,1.757534741847032
2016-07-06,0.012272515220056481,0.025138583919069663,1.164860570645912,0.23905579785869646,-0.017614847855363644,1,1.762051740743829
2016-07-07,0.012188246224456701,0.025036907801794284,1.0562085692636543,0.25191662880848426,0.0031363507897145416,1,1.7700390934802706
2016-07-08,0.01233894465126458,0.024971655605805165,0.951550759551996,0.2671218042035458,-0.002862443619420031,1,1.8007218201043214
2016-07-11,0.01240556434970753,0.024966916012474593,0.8818488039651933,0.28336432357581665,0.00872998192715516,1,1.8200713517338871
2016-07-12,0.012336922044105718,0.02484088264851479,0.9448055361719777,0.3083241635323578,0.01705407086108469,1,1.8287376587167996
2016-07-13,0.01214907202991971,0.024591842031172303,1.0419031768712002,0.34564994289046896,-0.002211284478610801,1,1.8207008799464375
2016-07-14,0.012164345226652183,0.024561739390045106,1.1359906119858598,0.38726745765929854,-0.00803883906979376,1,1.8308151770547512
2016-07-15,0.012157159279341998,0.02455231363977912,1.2195227560344952,0.43234930624255224,-0.011320330412792666,1,1.823302076168198
2016-07-18,0.012278844183684693,0.024577156090940782,1.318233408194486,0.48096672743218166,-0.017457130529135882,1,1.848267358998505
2016-07-19,0.011887351920327234,0.02439029513839287,1.449073711427656,0.49304105879922916,-0.049796495645782486,1,1.8145930676343422
2016-07-20,0.011947939389032707,0.02426653822581803,1.5407203661006317,0.5148791372618825,-0.05196035220418941,1,1.837120035463551
2016-07-21,0.012095306884258234,0.024360708993577923,1.5906146696008892,0.5265666117792683,-0.0685442990187919,1,1.8093476184387027
2016-07-22,0.01204597971777029,0.02408523775397234,1.7538148539006366,0.5326199204693551,-0.08403246379560327,1,1.822729611912591
2016-07-25,0.012130026642834288,0.024195560094002033,1.8744048878053143,0.5403773859097218,-0.08342036876561731,1,1.8439173816282142
2016-07-26,0.012121944266537057,0.024176902252659466,2.1568256910009427,0.5448476138950776,-0.0813563254449595,1,1.858985902367102
2016-07-27,0.012118309948316884,0.02412168778656697,2.482441875095903,0.5473454105508994,-0.08804209153052475,1,1.864265860342236
2016-07-28,0.012156717428811019,0.023714820557146354,2.729494262980784,0.5498591459399315,-0.09013746662464572,1,1.8789800428891092
2016-07-29,0.012168938277959949,0.0234828682091954,2.94207560663685,0.5563893757971522,-0.08137799719196921,1,1.8987696369115195
2016-08-01,0.011984515769549623,0.023471670825400557,3.2209525155269034,0.5712014861240968,-0.0919322714536223,1,1.9096047551989332
2016-08-02,0.011835372921437534,0.023490331271111133,3.389493702540616,0.5752550062146089,-0.06400729032146164,1,1.8926961842936374
2016-08-03,0.011768046068825507,0.023305245225225816,3.504977330277338,0.5740927903467551,-0.08749630391245423,1,1.885608771523943
2016-08-04,0.011743202959874417,0.02313813245545328,3.6104317913271036,0.5728216183088456,-0.11798148366195513,1,1.9059236613226114
2016-08-05,0.011691037627157275,0.02302820264784712,3.76292411163026,0.5743893433250247,-0.08537656287204097,1,1.9307631261364788
2016-08-08,0.011697517790209607,0.022915789613154228,3.8098855759679027,0.5742539397779544,-0.0851397832328772,1,1.9218161461526981
2016-08-09,0.011496582724561845,0.022790694473200663,3.908918677101736,0.5771094852956791,-0.07404222593826616,1,1.9241126007964124
2016-08-10,0.011485609633771892,0.022613627015000092,3.9078209023244774,0.5768410161233437,-0.0598600674467316,1,1.9170806785317107
2016-08-11,0.011491360849109563,0.02237601889465256,3.9295607067114737,0.5760454562918217,-0.07201859147526021,1,1.930249235055655
2016-08-12,0.011219322773379501,0.0220387224669344,4.0884385620515795,0.5809662166945176,-0.04627898342274856,1,1.9516386793923708
2016-08-15,0.011193991432481636,0.021780703092077396,4.17612471892175,0.58712726200011,-0.06952531503355022,1,1.9422842392918356
2016-08-16,0.011126190584942427,0.0215480418208736,4.190254500730675,0.58719462561054,-0.05303470691596637,1,1.9314865772490388
2016-08-17,0.01097763472705916,0.021319387918343338,4.337381924597526,0.590798194513584,-0.029977691508641425,1,1.9324695485148495
2016-08-18,0.010978665244197517,0.021158151396067193,4.377030122207659,0.5933262155583137,-0.026193940454992286,1,1.9348304111629118
2016-08-19,0.010801751620542192,0.02098745207923947,4.574615210107486,0.6008074934311346,-0.021667842660316163,1,1.9316662815228973
2016-08-22,0.010796570068825007,0.020876343344125012,4.6624924347633465,0.6050036844314834,-0.01133649884582003,1,1.9293731593837091
2016-08-23,0.01055812198681652,0.02069632459169436,4.845432246595992,0.6195015630136074,-0.0015172593454487698,1,1.93870773537116
2016-08-24,0.010576339882687807,0.020689421325465054,4.862698250154338,0.6339137004711531,-0.019258649981107958,1,1.9222468111506008
2016-08-25,0.010434576376309667,0.02061049740178348,4.968465230030271,0.6582328675376711,-0.030208409183626436,1,1.925909201863705
2016-08-26,0.010451474056768351,0.02062924652170901,4.982358529657354,0.6847263772555086,-0.031314630676782224,1,1.9356520318672041
2016-08-29,0.0104408190680103,0.020626932125842413,4.964275644710748,0.7128051373594168,-0.032815246153589335,1,1.9335909300558651
2016-08-30,0.010451089747538627,0.020584445142779437,4.883631280858309,0.7324884020792726,-0.027857921978224922,1,1.9215237860274847
2016-08-31,0.010449124822705375,0.02051816916590481,4.851811125692703,0.7521447560305409,-0.026182044096729855,1,1.9215669206485764
2016-09-01,0.010406517421104404,0.02054133790249998,4.833257691710553,0.7623000785908549,-0.024915542379127464,1,1.9151711321916425
2016-09-02,0.01040759442515638,0.02053880212187707,4.741510213815571,0.77112576942631,-0.022005108869843058,1,1.9111037878789712
2016-09-06,0.01070071154918336,0.020571389602796072,4.534331469217971,0.7924469050922458,-0.031018932694016024,1,1.9504449351081103
2016-09-07,0.010708597126123723,0.020529531720556545,4.465858913647565,0.8127424506869971,-0.0459505991853846,1,1.9422938454594056
2016-09-08,0.010717915707651977,0.020452908849190616,4.379266043320005,0.8291838001360058,-0.04161377728071514,1,1.9351569023467283
2016-09-09,0.010854984785452602,0.02052560739827761,4.138414435035554,0.8099923673600052,-0.028934937747637102,1,1.8806861315562278
2016-09-12,0.011079512910187737,0.020623904023561953,3.889652567072632,0.800757784698449,-0.1085615146556616,1,1.914331701791783
2016-09-13,0.011250761521689336,0.02066033851243584,3.5789321353898877,0.7791663528735864,-0.1410742932232228,1,1.884517724975534
2016-09-14,0.011261507830112745,0.020626786420689724,3.3603433606414836,0.7607114767823889,-0.14537253227603453,1,1.8929906648971122
2016-09-15,0.011421547189377495,0.020653751937526752,3.1683857454599416,0.7520744665005641,-0.1379425222447937,1,1.9217629593820662
2016-09-16,0.01132460307281329,0.020570134467052855,3.0540037095619823,0.7424912599840161,-0.1228457727807641,1,1.9416974164233471
2016-09-19,0.011282058734213252,0.02051067437403156,2.9259137956407346,0.7329826853897681,-0.11476627900996067,1,1.939312463574986
2016-09-20,0.011273554983470825,0.02046315696975029,2.788776936506627,0.7207251908602711,-0.11011859202235483,1,1.9382253166850534
2016-09-21,0.010975372450479566,0.020379279652810695,2.7082985929516203,0.7074605554051124,-0.13088785852322452,1,1.9464500491241807
2016-09-22,0.010912465407833262,0.02025330737652383,2.58917188985954,0.6981856741962831,-0.10079599406037174,1,1.96330661482354
2016-09-23,0.010001339946737745,0.019761686362071627,2.6566568963879367,0.6949312117180229,-0.056445964347305075,1,1.9596437640334183
2016-09-26,0.009959306926759894,0.019504790039374827,2.4491427233339125,0.7012585389614393,-0.13894778915205838,1,1.9450393270501918
2016-09-27,0.009723526208465848,0.019459588299074605,2.3434346613955803,0.7093095327281427,-0.11843174975673593,1,1.9734491289264984
2016-09-28,0.009396497412300139,0.019243691867838492,2.30992935100345,0.7125008503562192,-0.18579130342125533,1,1.9829499930668977
2016-09-29,0.00941179328534999,0.01930066252728394,2.2082721610301235,0.7128122288791784,-0.2067754111458294,1,1.968536697917254
2016-09-30,0.009314474927286055,0.019131254316454183,2.1954030164726386,0.7134726132019826,-0.23249476352048407,1,1.9901232374714237
2016-10-03,0.009486307070188967,0.01904473598691459,2.188237064180225,0.7176174401101454,-0.21026348787442092,1,2.018785681596766
2016-10-04,0.009490513052982534,0.018886567856842645,2.223385273017594,0.7224706442197975,-0.21948206076270455,1,2.011899961135116
2016-10-05,0.0095036723785977,0.018909032982519496,2.1818938061620297,0.7274207545740207,-0.22283893402814092,1,2.0240206921844766
2016-10-06,0.009331942272821529,0.018851945968994772,2.1999095034317135,0.7264703052960253,-0.24003311003651998,1,2.004117031712116
2016-10-07,0.009262684316044456,0.018738270741548175,2.2111568052962745,0.7228417085178273,-0.2527850007268582,1,1.9923743331682935
2016-10-10,0.009282887042434922,0.018734969085472574,2.378925839902327,0.7220189080897963,-0.26619787326037975,1,2.0059278037683423
2016-10-11,0.009395803868237414,0.018807219755260816,2.381594407322607,0.7131527886378438,-0.27200728057995366,1,1.9811816752089444
2016-10-12,0.009371401062279692,0.01883263797045499,2.5130745594379924,0.704981707105913,-0.26416235148546574,1,1.9839888169317768
2016-10-13,0.009394739107090126,0.0189558612820832,2.579513350622467,0.6899164762377499,-0.25968151687754243,1,1.9707640645984856
2016-10-14,0.009235211247444284,0.0188274752446105,2.6419001284938837,0.6751476873880454,-0.24756283539662396,1,1.9697894157478932
2016-10-17,0.009000208153078974,0.01853413538908716,2.6142722098542217,0.6498412686771309,-0.2084482667454699,1,1.954283408261523
2016-10-18,0.010454487424864121,0.0190756768953952,2.3225437759654373,0.6496117503430239,-0.21502857017189686,1,2.04028402608086
2016-10-19,0.010369102136925535,0.019061527315774235,2.4263209530627137,0.6523623367253697,-0.10343262868565739,1,2.062307660874403
2016-10-20,0.010328185848839527,0.0190854745666153,2.5091493912914267,0.6535149331845261,-0.0956378367044887,1,2.0599120495550105
2016-10-21,0.010315619445896977,0.018976469943874124,2.5968484924846393,0.6475757141595311,-0.10826724580159665,1,2.0823621254662936
2016-10-24,0.010500906441962526,0.018987898203000435,2.707693375350091,0.6326788825564947,-0.09457191374809992,1,2.119012575522664
2016-10-25,0.010497638539748002,0.018917735686569855,2.897615298263722,0.6266835231594949,-0.10307762461233257,1,2.11491251709799
2016-10-26,0.010463750604656546,0.018877441821092678,3.0298920156376274,0.6292018905984498,-0.09988712193986872,1,2.1060540422686396
2016-10-27,0.010408184791049848,0.01891100377581396,3.144795302887081,0.6406003515131826,-0.10053630207151444,1,2.093095435635515
2016-10-28,0.01045217679879171,0.018968985903051242,3.242736178023097,0.6554384094978477,-0.09252016735437361,1,2.0731970107489883
2016-10-31,0.01039595555904812,0.018928628908734507,3.3019884216374,0.6619565205890662,-0.08019312560488544,1,2.0687702862437694
2016-11-01,0.010594315776516023,0.01924130037440346,3.1609740757875433,0.656776737479712,-0.07734134236161945,1,2.0343806833585045
2016-11-02,0.010679154286758589,0.01931905485283764,3.0430577040666495,0.6429991698308788,-0.02640053850563915,1,2.003542898152314
2016-11-03,0.010681185741850958,0.019448778150509497,2.902851965595078,0.6229125760951889,-0.011632493060567161,1,1.9772218931291379
2016-11-04,0.010665227177252705,0.019609997736162725,2.8042494994815437,0.5974872531621408,-0.0016828368338766158,1,1.9770084938750967
2016-11-07,0.011229354299544607,0.01991691509983232,2.6700578855907433,0.6019351206827094,-0.003373895878101603,1,2.0322078136308463
2016-11-08,0.011248890964847165,0.020048693637796242,2.6562458231524086,0.6064063394481318,0.015663887868341653,1,2.045223906777553
2016-11-09,0.011393694730938233,0.0203609872387215,2.6301051096624226,0.6016231069656875,0.007556231463683077,1,2.0126448198206286
2016-11-10,0.012065689258460941,0.021144352882695606,2.4103292769963782,0.5601041928370708,0.06543947857960972,1,1.945410401983179
2016-11-11,0.013404875751243314,0.022064640535847595,2.2295027411344734,0.5707801039680446,-0.09226269400708634,1,2.0360734922507926
2016-11-14,0.013928449481707602,0.022644123409072528,2.1280663239234783,0.5402872810834098,-0.20540477677830873,1,1.9738982262778235
2016-11-15,0.014178494903867547,0.022935696005802933,2.1469692893714094,0.5348239621727658,-0.24547955825086126,1,2.015445094036018
2016-11-16,0.014280132554993793,0.02326628867129824,2.0753988325002672,0.5410546458723655,-0.21944330754161898,1,2.042762963018576
2016-11-17,0.01434632055904419,0.023506660368769347,1.9966574708068057,0.5516341340775919,-0.20732964810095733,1,2.0653299220303603
2016-11-18,0.014352814356196966,0.023722068818185827,1.9211261883976205,0.5574970012487683,-0.21062976129977934,1,2.0578403347044065
2016-11-21,0.014478433139822425,0.023941677958854768,1.8346228852083215,0.5739966764174259,-0.2135899820912043,1,2.0904801478655335
2016-11-22,0.014474802699501322,0.024019278628109843,1.7161562008907014,0.5847769112173836,-0.20216718010311097,1,2.107394874820273
2016-11-23,0.014473602890618983,0.024101664244993003,1.6031859924354137,0.5952490705191067,-0.20364848694604795,1,2.104864345387101
2016-11-25,0.01446342129984252,0.024066692616210125,1.5162917219877925,0.6088209009825702,-0.20402245802387967,1,2.1104453324683456
2016-11-28,0.014467395478412085,0.024132598273680767,1.4406623883398302,0.6192607229829994,-0.20370884296941213,1,2.1043369427005456
2016-11-29,0.014464328693878736,0.02421029996669057,1.37760348229303,0.6216881027367834,-0.20274172204587432,1,2.0921831088987206
2016-11-30,0.014538005930815109,0.02445585046064674,1.2891203677798637,0.6154281569783158,-0.19516500308533802,1,2.067908405964422
2016-12-01,0.01482392386719904,0.024810707993097227,1.1842537384124252,0.5832301071527203,-0.1669110542823077,1,2.019855898466009
2016-12-02,0.01484070960070731,0.024976417862447396,1.16251403250125,0.555535689541216,-0.17310412177989432,1,2.031954936296608
2016-12-05,0.014813171776862219,0.025076371744733622,1.2495411316286718,0.556366783244618,-0.1622907122946637,1,2.0711626842988253
2016-12-06,0.014857621006909844,0.025162915793937413,1.3476058799439528,0.5594055658161913,-0.14299316712752583,1,2.0919313943736797
2016-12-07,0.014987895972017072,0.025344707418852294,1.3792002252310402,0.5660602798039098,-0.13442494035179528,1,2.1255623184347545
2016-12-08,0.014575490265664506,0.02517530348814265,1.4000627551769425,0.5605236292181309,-0.15631359993463953,1,2.1151045782055484
2016-12-09,0.014400532957689666,0.024930528319039854,1.4731396503941914,0.5575946536149506,-0.1254331880268183,1,2.1168374048992593
2016-12-12,0.014308560410545856,0.024866243129723225,1.6152452401400232,0.5462772466010691,-0.10503488147124113,1,2.098358484958337
2016-12-13,0.014465002866370156,0.025085694197065838,1.6218721007633643,0.5432066207400619,-0.11406000102554964,1,2.134932780538401
2016-12-14,0.01438091208778249,0.025190546484780325,1.7943706009830338,0.5439512005757375,-0.10794416120126474,1,2.1538126081076405
2016-12-15,0.014327917934671173,0.025270825830973037,1.914412069401789,0.5481096588414618,-0.1167650186845672,1,2.1611958284214823
2016-12-16,0.014332438904874054,0.02526516572077742,1.9879626300974285,0.5513521262763833,-0.11491345463648325,1,2.167917026800938
2016-12-19,0.014348131729592279,0.025393503750652274,2.034593573033471,0.5542780535044644,-0.1151757921944151,1,2.1795248493065653
2016-12-20,0.014415411403116913,0.02530930343424936,2.1162357969823806,0.5585614931780947,-0.11167113939756355,1,2.2053063759099527
2016-12-21,0.014374851984877673,0.02529662057319701,2.173634575669429,0.5665648439711027,-0.11324717673887288,1,2.207945579559596
2016-12-22,0.014375925131628338,0.02534585361232386,2.190991196504138,0.5729385806667907,-0.11115584942472401,1,2.2028031731772812
2016-12-23,0.014366863462349952,0.02533741089802737,2.2194004658624067,0.5760207864899766,-0.11572998852232937,1,2.2165830027149176
2016-12-27,0.014560757578777263,0.025434960994335343,2.2749553657451083,0.5825401250542477,-0.09849636719513372,1,2.2693499716297754
2016-12-28,0.014704639388449294,0.02572977311784194,2.314560657147189,0.5936854205190264,-0.12974605503262154,1,2.230807369841924
2016-12-29,0.014684415695459002,0.0258358112400242,2.382099421673054,0.5997392332644546,-0.11789338893161116,1,2.2220563618669438
2016-12-30,0.014778528208660562,0.025960312133381656,2.4429773239011974,0.604995460789174,-0.10224902536669195,1,2.1838953841759734
2017-01-03,0.014692414332967977,0.02609836132432238,2.6402872819732823,0.621003804876125,-0.11796863401397881,1,2.198953589727026
2017-01-04,0.014849139233626156,0.02626119913340431,2.807589515252573,0.6372807881036164,-0.10656656625585001,1,2.237250576239524
2017-01-05,0.014861174043394342,0.02637192045589458,2.9618240659365633,0.6574027557737658,-0.09731984565877759,1,2.2544091345248116
2017-01-06,0.014893679615738098,0.026498907602855434,3.09568830367329,0.6701124276053884,-0.08919804274322582,1,2.282713924212397
2017-01-09,0.014938183714520601,0.02655096279199534,3.1922495766197687,0.6784875539292785,-0.08973483588409593,1,2.307507663933879
2017-01-10,0.014925866662255753,0.02652559413600902,3.3134526461837024,0.6904786249662884,-0.09142348491699381,1,2.2964165853716327
2017-01-11,0.014847783362971706,0.026441144649497473,3.4392832054641658,0.6962699455322364,-0.08724277394910188,1,2.301911344904059
2017-01-12,0.014847078008890917,0.026494761783085716,3.575717549794147,0.7019397360592382,-0.08906285034327793,1,2.300001932448124
2017-01-13,0.014943342706239367,0.026467450710727577,3.6575441561707818,0.7048697240967638,-0.09255475990791652,1,2.334509729098152
2017-01-17,0.014987044656169117,0.02649424754218738,3.7035904441427094,0.7073272274209413,-0.10481538173874105,1,2.3132862737582722
2017-01-18,0.014969559437768652,0.02647387693885059,3.756811699618866,0.7080497230260023,-0.10950501975845266,1,2.32573676811435
2017-01-19,0.013996746431843185,0.026133847970093067,4.137111405181468,0.7229430733139349,-0.08053556429041685,1,2.3552729571662865
2017-01-20,0.01393106220094643,0.026066350323186247,4.268127155255732,0.7434602181593369,-0.11820481329926395,1,2.3529764168392977
2017-01-23,0.013997203168550085,0.0260730116809155,4.342092641444408,0.7620430963998298,-0.11808697594824481,1,2.3785062772011925
2017-01-24,0.014028114454140261,0.026059663278474837,4.464257754048452,0.7856307310479751,-0.1074489867825096,1,2.4098227634332012
2017-01-25,0.01388176977444074,0.025994473865716988,4.688894522556129,0.820374354722797,-0.1146473962047029,1,2.427275878079875
2017-01-26,0.0138841426928293,0.026009521085479593,4.848449391660988,0.8524011135253884,-0.11006648440533984,1,2.4340958912634942
2017-01-27,0.013883033451477726,0.02606313377503737,4.9327250654827175,0.8801417137866838,-0.1126299148800728,1,2.4437109549717224
2017-01-30,0.01394837924067124,0.026059407512836506,5.016293094061797,0.9037956254536536,-0.1188418146268552,1,2.413539716351026
2017-01-31,0.013905863115442837,0.025853372232766774,5.1321056840672385,0.9207923946081966,-0.11929182885594966,1,2.4039554215086767
2017-02-01,0.013961322662217238,0.02589827941275866,5.291291411513524,0.9359520062463255,-0.12840715254285562,1,2.4282253420406485
2017-02-02,0.013803841566160718,0.02570419214136573,5.492435147819749,0.9434288151522316,-0.1392732612044933,1,2.4304828540515024
2017-02-03,0.013689885501777176,0.025568690192666846,5.589100494044965,0.9456018105311514,-0.17275582310997759,1,2.416650289536857
2017-02-06,0.01365426258218387,0.025401178818118764,5.637133484329259,0.9459578521320733,-0.20890354245094714,1,2.4421364866046638
2017-02-07,0.013693755415003634,0.02527525910145938,5.629763818667092,0.9462045772751005,-0.21310512505187293,1,2.462282979273774
2017-02-08,0.013269738070454543,0.025019239244235703,5.831350586491815,0.9501782227625941,-0.20870793748892835,1,2.4812414703450782
2017-02-09,0.013245779905050862,0.024923171849924337,5.891001156731672,0.9551938083431155,-0.22292174296790676,1,2.483724197795318
2017-02-10,0.013093336462647705,0.024697339446778085,5.978956465381162,0.9563636642028267,-0.2199515673355507,1,2.481523650306389
2017-02-13,0.012398460263404507,0.024015779282276616,6.294091575579962,0.9572344352159856,-0.31507903345818283,1,2.4814274190789436
2017-02-14,0.010922928646190173,0.023198500511896546,7.117151899377069,0.9583438564498857,-0.17218792424124085,1,2.4764816077802623
2017-02-15,0.010224792354817143,0.022658974295104033,7.573227337539493,0.9579718603523416,0.022167027815666686,1,2.4802921697216855
2017-02-16,0.009922106219303157,0.022390770857878512,7.756396028585741,0.9556440307075127,0.13435492225958012,1,2.4612668524715704
2017-02-17,0.009780933500594141,0.0220941367167499,7.789642449854603,0.954029147892065,0.10502751919871575,1,2.468434802395202
2017-02-21,0.009810437145232305,0.021978714344530147,7.750738691499722,0.9548926158179238,0.09016655063071924,1,2.499507415119419
2017-02-22,0.009803452267604615,0.021870265071792242,7.6893484091173745,0.954727272422174,0.09846429247998119,1,2.5048210285387893
2017-02-23,0.010271712372004813,0.022051444577542195,7.147519640689249,0.9489075916626973,0.1125158894089897,1,2.4320602794427444
2017-02-24,0.010221672747969136,0.02210946078697239,6.972062944945357,0.9438803305737272,0.10051343613115606,1,2.4343209284033405
2017-02-27,0.010220612873300623,0.022162511211523087,6.748239892853771,0.9372871503724288,0.1045594328584179,1,2.434996037398912
2017-02-28,0.010246131660801577,0.022285255507397978,6.473584284789086,0.9272516481096049,0.10706914327261938,1,2.419608413475242
2017-03-01,0.010302373475627808,0.022253221491168925,6.262400140152967,0.9190112108507893,0.09745106271934886,1,2.4414098092788374
2017-03-02,0.010395496554659283,0.022245678177292973,6.00318265567451,0.9029175737985886,0.07404499209495609,1,2.4110353933941044
2017-03-03,0.010292227178391837,0.02204508842664911,5.793288784036032,0.8848034415048738,0.06234079228301728,1,2.4106471658422075
2017-03-06,0.009868103454412098,0.021647479084336216,5.72189081069792,0.8694389360533226,0.0065203261210012185,1,2.4133850909418624
2017-03-07,0.009839203848139614,0.02146453792185658,5.4545931463620905,0.8534148234937345,0.0222862463167069,1,2.4133617585171914
2017-03-08,0.009534806486259475,0.021219834365474383,5.312030652795914,0.8335044614991259,0.01502047632723387,1,2.4112257806183908
2017-03-09,0.009451310521406752,0.021072532164234586,5.017594137094014,0.8125183970871501,-0.007463579047342896,1,2.413214620725071
2017-03-10,0.009234625917074546,0.020839150863313404,4.7801209000288765,0.791378232211288,-0.027953202529738475,1,2.4176443877877283
2017-03-13,0.009325074191896654,0.020736004955562493,4.407082122968841,0.7760523784834643,-0.0096762795034033,1,2.445205950299927
2017-03-14,0.009366497198067494,0.020737246120803708,4.092007077137527,0.7638815288024114,-0.0035295529971941164,1,2.4624007455614363
2017-03-15,0.009310622733472846,0.02068649883244159,3.815464931544948,0.7550004124625808,-0.0064233866251336294,1,2.470364205513619
2017-03-16,0.009078422813435422,0.02043920087268865,3.66549816080155,0.7463623686777185,0.02794185109968939,1,2.484936728606409
2017-03-17,0.009025088797469036,0.020165738168964404,3.4601455613968497,0.7386385025593915,0.00992478662859268,1,2.4952948268419757
2017-03-20,0.009052831423700444,0.020039320212825496,3.2927400192582352,0.7331110828306372,0.010101970663128167,1,2.5117235252699333
2017-03-21,0.00954578183499809,0.020285690743115023,2.8830673241241187,0.7135343022668015,-0.012318585257507161,1,2.450855390471607
2017-03-22,0.00958538332152309,0.020208076481122047,2.6080330185372405,0.6988684181792938,-0.044287894403923944,1,2.472277529975236
2017-03-23,0.009488144511324455,0.020119767659091303,2.3618441027283112,0.6799504526863196,-0.058591958974797256,1,2.460400517349183
2017-03-24,0.00951710388933994,0.02016428389658246,2.25204546666356,0.6642617774532261,-0.0627897466383732,1,2.475184671789907
2017-03-27,0.00957936051177769,0.02035176117933212,2.1565511443536223,0.6535031657662064,-0.057663716941670905,1,2.49736817950448
2017-03-28,0.009611333969060616,0.020385119030490787,2.1067167621857825,0.6466179214399204,-0.04554158739606075,1,2.5193944477308716
2017-03-29,0.00917828487463186,0.020130607957982435,2.260363777373666,0.6451756433653804,-0.05775806818581137,1,2.5379225168822246
2017-03-30,0.008950884346856014,0.01982250677805115,2.3142783885602793,0.6420975830928746,0.02556794278248857,1,2.551526581365553
2017-03-31,0.008937385729894144,0.019555955799849412,2.3754707845580145,0.6393226099812787,0.0007359684719331755,1,2.5525968048933274
2017-04-03,0.008830214871628989,0.019512289885629388,2.479672059081088,0.6472953180975144,-0.029750740221054863,1,2.5863619849760537
2017-04-04,0.008860224991076956,0.01938195773089828,2.5202074496057905,0.6542327392134067,-0.03916716224945909,1,2.563086337416217
2017-04-05,0.008647571772824015,0.019278205469693634,2.633496769189221,0.6527914037668007,-0.02643241836303142,1,2.541832400924436
2017-04-06,0.00859343060638415,0.01912841359895499,2.7203120001232173,0.6502318335540923,-0.04119769156329974,1,2.541534154843376
2017-04-07,0.008447496840053113,0.01890516264209123,2.853847973523932,0.6446617947662433,-0.05440397611807765,1,2.5390384137374
2017-04-10,0.008355428430817016,0.018894402697240954,3.000028566771978,0.6405043780441618,-0.08052120954960326,1,2.5505373187752327
2017-04-11,0.008344017637011902,0.018911993897568733,3.0324685619227214,0.6345764187972762,-0.07074852365227313,1,2.542040651160404
2017-04-12,0.008425979830010385,0.018919339987576504,2.9595568244367882,0.6210429281824347,-0.05564088997367989,1,2.517616000949578
2017-04-13,0.008432617685768383,0.018870277484706443,2.8835653651083546,0.6053100569245193,-0.04347347438664912,1,2.510612653528593
2017-04-17,0.008553584768424232,0.018897421168422853,2.83429134789693,0.6017087876677962,-0.05249222349974631,1,2.55788635807961
2017-04-18,0.008503744783606581,0.018893149353596483,2.781829057248697,0.5964636871120743,-0.04684266143653435,1,2.5440901292080014
2017-04-19,0.008476992961668105,0.018909652340617398,2.6967154627134153,0.5908442277376981,-0.036476601166644404,1,2.5455930607609085
2017-04-20,0.008355654829138031,0.01870025777027239,2.8260366460679993,0.5871402873719295,-0.04798889339673698,1,2.560129457394017
2017-04-21,0.00836558726208408,0.018631789930687113,2.8741446906563834,0.5847313985429102,-0.04036964715905501,1,2.5687787377175204
2017-04-24,0.008393381322123581,0.018575286697804286,3.0092420156767483,0.5858871104026481,-0.03012250263525046,1,2.599930780083951
2017-04-25,0.008560348751474173,0.018685258273177845,3.1521735353666585,0.5895926240148088,-0.01246986315206586,1,2.648688379158385
2017-04-26,0.00853308476138831,0.018587151854853722,3.310225676018864,0.6031692514437093,-0.051503175875036195,1,2.6359599424361724
2017-04-27,0.008591038717740846,0.018569886645701465,3.4222682839394447,0.6175580614607601,-0.06276231697613706,1,2.658079480742722
2017-04-28,0.00867099937658053,0.018660351066105387,3.527711709566167,0.633071782790446,-0.049446985784278065,1,2.6849985745570377
2017-05-01,0.008893725258012797,0.018676893990060197,3.5927310855471775,0.628650463156709,-0.00712342930724392,1,2.738624600905763
2017-05-02,0.00890113408401487,0.018722102286081163,3.7160953709931213,0.6304666981175299,-0.05171002057680195,1,2.7251871541567967
2017-05-03,0.00882332364528191,0.018649450281904012,3.8095047915471003,0.6422598120199492,-0.03286736502310623,1,2.7146186864519826
2017-05-04,0.008876558992460397,0.018671867948049967,3.869227648319631,0.6558253967263515,-0.019664614562804855,1,2.6935516578105805
2017-05-05,0.008866088634512263,0.018678170211719743,4.007217708635641,0.6648980284434116,-0.026418777861382168,1,2.705802749358363
2017-05-08,0.008771313269003817,0.018668648135755774,4.213788250855099,0.6803938280512164,-0.012480303557786456,1,2.7123804898314425
2017-05-09,0.008778852511279892,0.018705574427053794,4.42495399347728,0.7012184810265532,-0.023877155079050187,1,2.7360871739882553
2017-05-10,0.009694277824459013,0.019104990020571515,4.299992995732347,0.7183164943319577,0.014241396982842233,1,2.8278445314909444
2017-05-11,0.00970613258778887,0.019255225665852947,4.6181224910039225,0.7376038840227828,0.024175268337703337,1,2.838974317001602
2017-05-12,0.009753929332028283,0.01916721715879428,4.98796622821898,0.7552881939938728,0.02522819763368811,1,2.8608515591938044
2017-05-15,0.00976094141630864,0.01911992669216468,5.399637574745099,0.7739890045787322,0.02447493367406292,1,2.8692521509090403
2017-05-16,0.009777651060518738,0.019018366241162526,5.726909567919356,0.7911451601711484,0.02294301507134007,1,2.8834661022750656
2017-05-17,0.01079456729874852,0.019409080089756205,5.409463675642089,0.81276146149244,0.004542881976626235,1,2.7786910200562103
2017-05-18,0.011060464264919773,0.019555022910955476,5.541117456392024,0.8289448307866847,-0.09531241425903803,1,2.8359713469794094
2017-05-19,0.011075985405007567,0.019596332649254245,5.790060376205558,0.8458275474774644,-0.08493172767370169,1,2.8515375031545753
2017-05-22,0.010999041650655161,0.019546001134172934,6.113147826078745,0.8693393332007597,-0.08407299180803682,1,2.8719911098848776
2017-05-23,0.01100626829772337,0.019502339432521686,6.331422383174234,0.8936251423536025,-0.08821401620952334,1,2.8610406295550317
2017-05-24,0.010457570606039435,0.019154112868538707,6.798711058934923,0.9011780464908108,-0.10133865626566527,1,2.889913294728267
2017-05-25,0.0106389760294988,0.019168659165522167,6.884574287554215,0.9072236424741227,-0.1019754695726702,1,2.9348667083857958
2017-05-26,0.010697571870862569,0.01911940411868555,7.0369944706632666,0.9123930829791614,-0.09026422537110701,1,2.9609262076561387
2017-05-30,0.01074792997793881,0.01906139078539601,7.169790398409556,0.9144526087710358,-0.08824363332650675,1,2.9916929960289527
2017-05-31,0.010688161319217628,0.019123861762040294,7.2997569872118575,0.9201004384609541,-0.08468541126372907,1,2.9896431136668964
2017-06-01,0.010572610015411911,0.019052838862371777,7.474110334074389,0.9226246857255547,-0.07035427104895996,1,2.9900004416682235
2017-06-02,0.010604901221439627,0.01906693641504912,7.582433058496913,0.9246246816131953,-0.08256378877613484,1,3.009631863921074
2017-06-05,0.010689220370126389,0.019121947189971577,7.720658484841116,0.9259178348373919,-0.08038502623287105,1,3.041823193272272
2017-06-06,0.010690779223892269,0.0192442790278945,7.893007698068359,0.9276689692197112,-0.08726362975287227,1,3.037415407867717
2017-06-07,0.010737468792249896,0.019219295653792563,8.04285460990219,0.9287188604619204,-0.0933849640127872,1,3.0616792629760394
2017-06-08,0.011011300001151771,0.019396084797648133,8.041346740938094,0.9279029978636008,-0.08402129010408971,1,3.1210376608528203
2017-06-09,0.012150899934666714,0.020509058760653634,7.2312949654861,0.9284635582896789,-0.16491365021539003,1,2.993636041498311
2017-06-12,0.012141526195788312,0.02097183415924989,7.152105987188822,0.928227556605371,-0.06873307234944226,1,2.9614467072195523
2017-06-13,0.01231109611291374,0.021213828950718033,6.994388153465331,0.9308760248999531,-0.0941020991328427,1,3.0136450660090377
2017-06-14,0.012304383502816683,0.021378462234268536,6.932354823569271,0.9332131341101841,-0.09794859262648821,1,3.01431320933044
2017-06-15,0.012305392526126122,0.02168205682781263,6.838802653734754,0.9347770028394513,-0.0943480104090468,1,2.996136659527981
2017-06-16,0.01229940129862545,0.021854436247188715,6.905105430068,0.9365969611862772,-0.09410453079424823,1,3.004657584184712
2017-06-19,0.01238485453691522,0.022024568271279504,6.883759594383785,0.9408427196095756,-0.09429077762000772,1,3.0445456304617067
2017-06-20,0.012007742975387063,0.02174797164252457,7.065567203036916,0.9394309624043302,-0.0938149010531683,1,3.0360710927715466
2017-06-21,0.012064410730550118,0.02175101198311823,7.014713965421442,0.9398100640134804,-0.0869196284944914,1,3.0747543444660344
2017-06-22,0.01204932783178,0.021762075624653102,7.015632834759129,0.9390077616491564,-0.08518126829885188,1,3.0760061125664087
2017-06-23,0.0120306689293834,0.021797554640436718,6.994159147108591,0.9383264707046726,-0.08277657815585755,1,3.0845968571346543
2017-06-26,0.012050902893116324,0.021807563601936013,6.87297000320597,0.9359406030199652,-0.08226993000384336,1,3.0520954337289257
2017-06-27,0.012576547144123807,0.022017969249667136,6.381853470237818,0.9244022410005431,-0.029541200303779522,1,2.9608719202188643
2017-06-28,0.012795760773506361,0.022231806014794006,6.092178350161196,0.919639097724336,-0.08929215199868197,1,3.020420576135352
2017-06-29,0.013094693937932838,0.022611865523811336,5.730126333156442,0.9059462973081819,-0.1300436711667068,1,2.9517883749173888
2017-06-30,0.013113810006092415,0.02274995652765875,5.485519055216574,0.888200034658105,-0.10583327193401994,1,2.9351587324320922
2017-07-03,0.013271417439830898,0.02291901977535619,5.128629029976788,0.8599054358895671,-0.08443353640677298,1,2.873803377708937
2017-07-05,0.01322441385611736,0.02298763699105559,4.808728292175177,0.8291877799194597,-0.07157948381798449,1,2.8783732264325392
2017-07-06,0.01329913921773751,0.023093001804299507,4.407283796297075,0.7862637476663329,-0.08128107880442362,1,2.838320637502905
2017-07-07,0.013497528320660392,0.023190115365718522,3.988029237278642,0.7539902072994134,-0.10502983543963129,1,2.8902651837198103
2017-07-10,0.013712874825099431,0.02343697177873548,3.5527902140060523,0.7310615935827225,-0.07873893832911441,1,2.9458697994196528
2017-07-11,0.013784719540888644,0.02346785840316218,3.340342376244043,0.7131767279894998,-0.06289232001609875,1,2.981339160087715
2017-07-12,0.014041468297505603,0.0235871668108275,3.169808996920554,0.7026426943204427,-0.045554619798690445,1,3.045364491924627
2017-07-13,0.014009439846911604,0.02369261238487265,2.9834378702602966,0.6886835997205291,-0.06578948427432735,1,3.027163954332613
2017-07-14,0.01408813511098333,0.0236745022702337,2.7975086251914956,0.679164139780112,-0.07902559230154893,1,3.0638713933615307
2017-07-17,0.013893279666484182,0.02366680691672171,2.699539367242307,0.6672902924110716,-0.07652899384315355,1,3.053684276586623
2017-07-18,0.014612837734714295,0.024139199120872024,2.4986007081987256,0.6654634138419709,-0.08031318950877755,1,3.1646862167855496
2017-07-19,0.01461280986797206,0.02412467692247022,2.389446368681956,0.6639149329061206,-0.08695442556464299,1,3.1664128762676844
2017-07-20,0.014609619593701873,0.024116921722632495,2.307263735772303,0.6630708517726197,-0.08683898145120879,1,3.1827852579805422
2017-07-21,0.01461210383670555,0.02423446180363412,2.1952547358646006,0.6629901245044914,-0.08675872420871143,1,3.1955113718567154
2017-07-24,0.014577904165644605,0.024310988423348695,2.1202103929680898,0.6630411306909627,-0.08658203291277594,1,3.2248294373693067
2017-07-25,0.014425162642334463,0.024227794601035264,2.0540226048927464,0.661250081014579,-0.1029195696047766,1,3.197351588922163
2017-07-26,0.01444470273990443,0.024285162401447482,2.0091173595588536,0.6604122075699599,-0.09784569177601615,1,3.221834406974494
2017-07-27,0.014515366397290716,0.024862575037860882,2.03500253099405,0.6562097302765671,-0.0997341293449105,1,3.176345887481511
2017-07-28,0.01446453287452743,0.02487671599126628,2.030292847513408,0.6524295942977738,-0.10222505736847859,1,3.186265633613802
2017-07-31,0.014474590367924438,0.024947123903378957,2.0690681941750095,0.642162801228383,-0.11190246092192206,1,3.121181868481396
2017-08-01,0.01446500011759722,0.02490481006784083,2.1294808852190292,0.6311179375572169,-0.10204706877018069,1,3.1291943949605985
2017-08-02,0.01445815884211551,0.025055875271783126,2.2583884367241787,0.619482657245422,-0.10588519806586347,1,3.1342143274048526
2017-08-03,0.014460913937241988,0.02505551527946602,2.3897112168809573,0.6110293570119497,-0.11167694629979848,1,3.159530979154321
2017-08-04,0.014489335710013745,0.025038060574951393,2.586122082476679,0.6054880030739025,-0.10780259928233189,1,3.1864379734455657
2017-08-07,0.014524650059810167,0.025025715895129957,2.741909400023764,0.6025579712162029,-0.10490997893519802,1,3.2131850930520804
2017-08-08,0.014483931997552234,0.025068242959911197,2.8559510309433307,0.5985390332483876,-0.10652880499614498,1,3.208667430109594
2017-08-09,0.013861000157735148,0.02474484746201314,3.0840324238554815,0.5957812276760872,-0.12408021142428546,1,3.1974264415260887
2017-08-10,0.014294946598974363,0.024870427696532967,2.9575763849457206,0.576721201764165,-0.11560042754266908,1,3.1078279977644003
2017-08-11,0.014263584416162794,0.025054803817353154,2.9558967462227828,0.5574826591439694,-0.10522264730190879,1,3.1024841906131293
2017-08-14,0.014538683516391617,0.02517820328701155,2.9043201809552395,0.5525171034471753,-0.10941542814717448,1,3.1723969720509513
2017-08-15,0.014536425891442403,0.025185618982469557,2.9155449662271,0.5455682134934727,-0.11762235709781442,1,3.1580664313742894
2017-08-16,0.013797052616611079,0.024855737303696838,2.915610669317249,0.5293595909313495,-0.11305765020972963,1,3.1557167312744583
2017-08-17,0.013819406851883292,0.024803090565400893,2.726513029335,0.496196400211616,-0.05291375445092241,1,3.087752562509578
2017-08-18,0.013803876358926496,0.024815308319515162,2.529442184978334,0.46101146372802726,-0.052826581271330046,1,3.082315995419405
2017-08-21,0.013813877975087312,0.024961882613849084,2.3029254258309244,0.41802146804046025,-0.0522612931787042,1,3.056739912606628
2017-08-22,0.013947802783094914,0.025013125609350397,2.0583758945453217,0.38797283980458963,-0.06071024019315874,1,3.1049522161380927
2017-08-23,0.013914383323605851,0.025099882333965668,1.896031256126727,0.3652872349723473,-0.050481317269115755,1,3.125355306771786
2017-08-24,0.013786748813906517,0.025020838433653655,1.7260535036417797,0.3446297304243679,-0.06382156461292524,1,3.1116525986152714
2017-08-25,0.013795119391199663,0.024953096358082235,1.5744978799787774,0.31927082646380067,-0.06888664889283318,1,3.081582571386086
2017-08-28,0.013734822752136897,0.024921873929209828,1.435631042762206,0.3021896060418838,-0.0766036981610756,1,3.0872595777935445
2017-08-29,0.013754139905508538,0.024956154671598462,1.3721052857710507,0.28921789890973854,-0.07521809420603572,1,3.105240850254418
2017-08-30,0.013887004081534818,0.025018211890128938,1.3239132455715135,0.28733321218052144,-0.06835393549080365,1,3.1524755249174077
2017-08-31,0.013936387623523495,0.02503808787935413,1.3120512931819193,0.29658216512456514,-0.05487728092905188,1,3.1883738232712444
2017-09-01,0.013871090499259352,0.024877456839549034,1.2953044482723872,0.3132769637371809,-0.060320616526370344,1,3.1879905371815944
2017-09-05,0.013961792024593982,0.024896885610349643,1.2044954177495202,0.31879582571938386,-0.057193788493415734,1,3.1475215965582226
2017-09-06,0.013934022156499595,0.0250160107283168,1.113644253552113,0.33359839527377416,-0.059124952634062346,1,3.1597157666974582
2017-09-07,0.013754956131676438,0.024911258226842075,1.0790264206961597,0.37450993687949974,-0.06948743589784209,1,3.1848970418781737
2017-09-08,0.012890936956311454,0.02392636758789332,1.0241354910266616,0.3637254620839542,-0.015229762495301315,1,3.1381025138716034
2017-09-11,0.01320654368209762,0.023683439867692873,1.0247778731007793,0.36275880757971524,-0.09680965218052018,1,3.217150325169054
2017-09-12,0.013029003043782284,0.02341885504376112,1.1018700116420481,0.3741787891344003,-0.07152123585086495,1,3.2305038265536408
2017-09-13,0.013042009509189871,0.023253694409189767,1.093978875791502,0.38675957566662905,-0.06989466047355193,1,3.245452346273258
2017-09-14,0.013021678899914381,0.023061994054999424,1.0938566193650152,0.3926978582550813,-0.07166832908063671,1,3.239850999288512
2017-09-15,0.013079213467747666,0.023068844367403002,1.11785233055772,0.403949726463261,-0.07304877868114261,1,3.2726832556594707
2017-09-18,0.012997963816780065,0.023091256381816295,1.2656146512186328,0.42625863581823875,-0.07057163566340563,1,3.294082300128492
2017-09-19,0.012993392228966196,0.023077617290843802,1.4086860257033649,0.444647016445919,-0.06724190028708958,1,3.292395604190568
2017-09-20,0.012893860516375723,0.023074727744666176,1.6099235691552651,0.4724390907703222,-0.06296016235789935,1,3.292767219083122
2017-09-21,0.012927604698802235,0.023231148719728898,1.720153380268765,0.49593277627198634,-0.061415630671280974,1,3.268334272481196
2017-09-22,0.013023737634343951,0.023241560295360886,1.7689842038370105,0.513197511026942,-0.049416030026676896,1,3.226355457451248
2017-09-25,0.01349340157409698,0.023410263412137686,1.6983588153264562,0.49309587287516843,-0.007216542240507957,1,3.1297999153159504
2017-09-26,0.012965061912525356,0.023296082571313357,1.7653598673763,0.4574357119291307,-0.04626620096508326,1,3.1409363363008826
2017-09-27,0.01283149246434599,0.023248900624610453,1.8329462949931652,0.44415475222400574,0.010961914332575423,1,3.1839353212772936
2017-09-28,0.012508677476380013,0.02288925116753435,1.881953610048172,0.4188088028550912,0.05670421331797072,1,3.1870722637533815
2017-09-29,0.012537448065259476,0.02283828123004221,1.8369842446764626,0.39730600355604134,0.04101728180996347,1,3.215063475821098
2017-10-02,0.012283997713226965,0.022648014840304015,1.7456804159748607,0.3663093959178353,0.019116672259047177,1,3.194570929549757
2017-10-03,0.01230993469810535,0.022456476690002603,1.632383006176677,0.3398724767603722,0.014975059071126466,1,3.2154498101568416
2017-10-04,0.01223265345517819,0.022337882600495355,1.5861827426572066,0.32397386922751664,0.018166101183668747,1,3.243135658946414
2017-10-05,0.012217746018521778,0.02232263804581852,1.5855201549357631,0.3174841943954693,0.05775820481776813,1,3.30041803154772
2017-10-06,0.012019433750310265,0.022199580383949678,1.6243372982038047,0.3133064641896104,0.038407995763908596,1,3.327495905066904
2017-10-09,0.011931209409256046,0.022173353841314677,1.7149219848635475,0.3079225479404076,0.015666340286158844,1,3.316041571725044
2017-10-10,0.011641329294884888,0.02217420467242315,1.7804324369426725,0.31108658016434404,-0.009825870614557652,1,3.3344146101625225
2017-10-11,0.011647068540208444,0.022040054876692732,1.7952952610116995,0.31256579998182976,0.010243677161871268,1,3.3565674401364403
2017-10-12,0.01154968666576398,0.02203529196078381,1.8298053017412819,0.31947686588640717,0.020245398307200266,1,3.363865043271112
2017-10-13,0.011585961347876213,0.02190071071084453,1.8677462331472054,0.3253441354697882,0.02708880046515582,1,3.390760628786718
2017-10-16,0.010659254603909714,0.02140643701173812,2.099844298205409,0.36048446506041526,0.05465795927014646,1,3.4068811652482687
2017-10-17,0.01066177220799599,0.021357670856013273,2.1464589144538957,0.3950030354070906,0.06287381947155864,1,3.413416154465203
2017-10-18,0.010650471405438162,0.021417845390591217,2.195720389413641,0.4335167070457237,0.06280168293568218,1,3.4018094069964535
2017-10-19,0.010695120788596288,0.02145481340292257,2.2127659644328963,0.4730792622839189,0.06699653264468867,1,3.3721471464239654
2017-10-20,0.01064725908191774,0.021348112440285737,2.282663528536478,0.5225263856414623,0.07045794897854138,1,3.3571333645966908
2017-10-23,0.010764234422969178,0.021411089328659826,2.316617979098089,0.5496444844484306,0.0920757125151915,1,3.306176390842129
2017-10-24,0.010764140066543136,0.021406862596034307,2.5435349149526463,0.5924137914690836,0.08457030621759738,1,3.3314648611055877
2017-10-25,0.010741359697418114,0.020980060714075422,2.7009349185514107,0.6046312509239238,0.08588306079167839,1,3.2882228392018953
2017-10-26,0.010741230185882198,0.020795820981149793,2.8064360145269633,0.6224324801344356,0.08652299975774755,1,3.2983992821844557
2017-10-27,0.011720122130739969,0.02118273666345383,2.7493666756856525,0.6356357057281647,0.0999443718026408,1,3.438432999238277
2017-10-30,0.011724065348705683,0.021243478842172706,2.9031913333012955,0.6500979198569408,0.10402866351045029,1,3.4505479521469864
2017-10-31,0.011747376227090158,0.021091758919072296,3.0963563023028966,0.6648829886910709,0.10489323580207194,1,3.471549108805992
2017-11-01,0.011703219872449377,0.02102927234062107,3.292393325163166,0.6858650220196365,0.10425715756630997,1,3.471898694757412
2017-11-02,0.011827218019792227,0.021237129334283608,3.373836739055906,0.7115687798890868,0.10071162272858747,0,3.416311265459027
2017-11-03,0.011852146671422653,0.021298005386531014,3.4509553038232466,0.7474759131583826,0.07491969516572498,0,3.4517568139140327
2017-11-06,0.011850935928120991,0.02122085776501512,3.5019149729150425,0.7802955286796142,0.07611869205736495,0,3.4531748691712654
2017-11-07,0.011845888011732893,0.021108556089844282,3.569021536746153,0.8081143755937457,0.07472109453297493,0,3.460690755383799
2017-11-08,0.011308204124863065,0.02081414678449372,3.741611455818648,0.8129563575427838,0.061494772241453624,0,3.457386553939715
2017-11-09,0.011356012385197994,0.020783207041830915,3.6748726584818177,0.8134229781231912,0.0548356082036358,0,3.428209123669048
2017-11-10,0.011015349944003331,0.020657804785368578,3.7738027580161813,0.8278557165598418,0.06043287456949477,0,3.4462433640764045
2017-11-13,0.011037563284665914,0.020803922140165316,3.7311700837552877,0.8394055568744261,0.08170038642519802,0,3.470918893336385
2017-11-14,0.011038266083502456,0.020785442172300602,3.6708045890742627,0.8488574160479385,0.07776173616712789,0,3.4666241741376544
2017-11-15,0.010739667879973835,0.02073928591797997,3.648556124698487,0.8450394355102804,0.07636106305704386,0,3.44111306164332
2017-11-16,0.010809876489621674,0.020725818837432377,3.542765169387713,0.8434890796297313,0.05638732565638946,0,3.4752506937534853
2017-11-17,0.010773735015957056,0.020646311805471693,3.485602829735074,0.8394635436187684,0.04385933245080961,0,3.4598229483512863
2017-11-20,0.010590326055244318,0.02058676094255637,3.515095844988327,0.8351622409911519,0.06818228265176238,0,3.4550366820758565
2017-11-21,0.010740168822692065,0.020526688825912524,3.5589718856527197,0.836390558082651,0.05227637146953605,0,3.509065969526886
2017-11-22,0.010727888340847253,0.020429344278987537,3.6109578019314124,0.835452739434947,0.04905813525730329,0,3.5033931171277195
2017-11-24,0.010724915898407987,0.020393536356202478,3.7313715761452384,0.8353120455188764,0.03509228694610386,0,3.536512590293409
2017-11-27,0.010725235845490672,0.02042322814450609,3.845458345326528,0.8352676350303965,0.03431776678919071,0,3.543430249275604
2017-11-28,0.010700806419696689,0.020388832667495884,3.789395523035547,0.8347055570378216,0.03466782484931512,0,3.5399816505755846
2017-11-29,0.01172801037007215,0.020996347532438814,3.291104622925998,0.8098371751800817,0.042342511556920474,0,3.3947630785528586
2017-11-30,0.01168158701967635,0.021068033957178354,3.1489565622986646,0.7949185313987585,-0.010959267896551352,0,3.4213217685976334
2017-12-01,0.011752392152944541,0.021306536985897056,2.9473607574504834,0.7679938548576295,-0.018195753133838116,0,3.3863393682731746
2017-12-04,0.011973353406321567,0.021628315378957763,2.7015325742785556,0.70553100414401,0.010137577828848244,0,3.311271169730205
2017-12-05,0.011974085856878312,0.021907868897180844,2.484641280165449,0.6490571691396199,0.006418387027046613,0,3.3245635908745768
2017-12-06,0.01206934083827283,0.022051988180840264,2.2964808556120837,0.6132571402122721,0.008714128446642218,0,3.3724879178792597
2017-12-07,0.01197001841293724,0.02207134729334381,2.1386795739360376,0.5818195632434252,0.03149420095804503,0,3.3997720990181293
2017-12-08,0.01155673029186337,0.021886017199022473,2.0829261858857664,0.5614005866107542,0.07985279745889383,0,3.415700554334101
2017-12-11,0.011605957171537087,0.021924829429889343,2.008546852719853,0.5506699533999696,0.07685545524006615,0,3.4479355749088616
2017-12-12,0.011591519249409174,0.021982583883724233,1.9286604931083555,0.5408346522265748,0.07369846147794452,0,3.4460104020859545
2017-12-13,0.011591217974270724,0.021926028760129553,1.810277118688808,0.5269906754765671,0.07541578191961222,0,3.440519731041509
2017-12-14,0.011530143095523946,0.021903244121460035,1.7299828796904155,0.5220383684995142,0.07791959585098647,0,3.453268716510162
2017-12-15,0.011606969608736431,0.021785455363511532,1.702272805499087,0.5306589048658606,0.07545719620555669,1,3.496225443433291
2017-12-18,0.011648324015755053,0.0217981623693011,1.6601511020799877,0.5421003905591255,0.0849992214233555,1,3.523498207655435
2017-12-19,0.01172716526230223,0.02181085594744474,1.6020443389200805,0.545021246911983,0.07459984720991765,1,3.4855295493306455
2017-12-20,0.011694831829809302,0.02169315632817646,1.5475576804262905,0.5386618533934596,0.07844555092271664,1,3.4760809916009006
2017-12-21,0.011582804771146595,0.021561130529545267,1.419263544527112,0.5229726685211951,0.06652188891039798,1,3.4732056155637308
2017-12-22,0.010963877674361104,0.021151367685748892,1.2992926328129306,0.4987543971730329,0.017073229291631586,1,3.45910449793754
2017-12-26,0.010969525817045097,0.021061636913526586,1.049808615131948,0.4688565635223401,0.03097793987330391,1,3.4434559815106454
2017-12-27,0.010840148080205166,0.020895126615633513,0.8127692947344294,0.4329057310523284,0.03161163856971514,1,3.4327612437989616
2017-12-28,0.010887709398552171,0.020943804902673186,0.5900400277606621,0.40523028025823377,0.02815797307156269,1,3.4606650213495973
2017-12-29,0.010906824313077546,0.020951242871460357,0.5360715954378303,0.3639942036885791,0.017755547121605927,1,3.425477990909101
2018-01-02,0.01145322247909855,0.021081121955071957,0.49662610122087125,0.3514923328134367,-0.015378399608217618,1,3.522988576104614
2018-01-03,0.01171249286023003,0.0212586792373666,0.5777393605206299,0.34962466050731555,0.05174500193261958,1,3.5952833114089153
2018-01-04,0.011662906281564897,0.02121813790916231,0.7787610628957397,0.34823255087257204,0.04533396304913791,1,3.599076021609319
2018-01-05,0.01156820310892484,0.021145605011317663,1.0287571183497266,0.3544925821865224,0.03168171910540354,1,3.646464451330707
2018-01-08,0.011834601939889357,0.02127371813210238,1.2540364409024694,0.3635242911454399,0.04586765256983904,1,3.7246795442621763
2018-01-09,0.01183414648726789,0.021245327938436104,1.4565021345537372,0.372640503052965,0.03700507694436873,1,3.7122308179094796
2018-01-10,0.011825444032473178,0.021150819193198014,1.6600139643598102,0.3853529973985773,0.03787230441964928,1,3.727860748761344
2018-01-11,0.011847327412743186,0.02120089568370968,1.853507900845789,0.40219913229755294,0.03767656832041217,1,3.7605248094071997
2018-01-12,0.011844293004611456,0.0214009867646569,2.056940852046868,0.42078958549492335,0.036310414325621786,1,3.7621970989606695
2018-01-16,0.011802002393808504,0.021686963695027664,2.2825518028326526,0.44522970782172355,0.03659544191897766,1,3.7585766682220765
2018-01-17,0.011793596354107826,0.021813256677259585,2.502568013560523,0.4727545558293073,0.03398490751311559,1,3.770525844809615
2018-01-18,0.01179411048139799,0.02187718105615456,2.67917094541827,0.5008398888631664,0.033988143549645,1,3.778473873523492
2018-01-19,0.011848135635056307,0.02186384599344056,2.832649280566049,0.5248555054504996,0.03445166232829651,1,3.814721756890528
2018-01-22,0.0120549622246537,0.02192622609275349,3.0295024064149896,0.5396924240479549,0.04330482678907348,1,3.8898136396963
2018-01-23,0.012646256334447952,0.022359872799345357,3.202258024442684,0.5447771800183899,0.08651835348946879,1,4.009071865883115
2018-01-24,0.01250304838567252,0.022465786022420914,3.5359254377620077,0.5479215283348573,0.056253448060103725,1,4.001578164771036
2018-01-25,0.012494025844415075,0.022564568377725743,3.877723586838188,0.5550498627966459,0.0642837545991973,1,4.028210816443925
2018-01-26,0.01255855040367356,0.022483991505259867,4.237204424032589,0.5560796616574741,0.07779370463866268,1,4.094439949870264
2018-01-29,0.012614333343565265,0.022682069396777412,4.63662075204202,0.5586867197942912,0.08610828618678536,1,4.134981849397725
2018-01-30,0.011447816381767959,0.02224021398233605,5.577585762055972,0.582034874642318,0.0892442699541448,1,4.1108389092661834
2018-01-31,0.011445967257531746,0.02234551754981833,6.103103061153625,0.6068505686253926,0.09382788356760523,1,4.123673219106544
2018-02-01,0.011500326528221496,0.022619202199015167,6.458700056431766,0.6348552259306023,0.0921500146022925,1,4.079331552056929
2018-02-02,0.011606175622928698,0.022989313577521767,6.663362960027264,0.661129631246546,0.11614429421405074,1,4.028692653935713
2018-02-05,0.012961553169174399,0.023640872740280466,6.057131667155999,0.6666388434323015,0.1792484598359946,1,3.833222158542769
2018-02-06,0.013463573222913408,0.02435853896192605,5.955688472082248,0.6843000914832378,0.03190742656655767,1,3.9509590682303455
2018-02-07,0.013477783948036696,0.024612263153525858,5.9875518835111645,0.6994962035783175,0.013745795017759374,1,3.9314873260923138
2018-02-08,0.015151835552770956,0.025452138448048164,5.254235629840344,0.69094144817615,0.04404537808242977,1,3.715285289203505
2018-02-09,0.015313222987701366,0.026428158918741656,5.150002123147503,0.6898860742481955,-0.02495531809563528,1,3.7807694767542963
2018-02-12,0.015364002853229424,0.026608976992715624,5.075205318756747,0.6894950438503434,-0.013798437885672813,1,3.8299717812670684
2018-02-13,0.015382828605117273,0.02669446722638966,5.031789165162433,0.6930858886353864,-0.006738632722423186,1,3.8606449870933672
2018-02-14,0.015650291278207596,0.026891818036420215,4.9674254600639225,0.7061453921875653,0.0011987905847225114,1,3.9531539721151794
2018-02-15,0.01591707280566845,0.02713260869893398,4.940187831473385,0.7219853783309464,0.03191988088190068,1,4.0443417754209845
2018-02-16,0.01590458667477361,0.027157739315834803,4.975652832381407,0.732329933530525,0.018567044025947443,1,4.022515783452638
2018-02-20,0.015870347310446595,0.027306757561610828,5.010171955588748,0.7463172280741891,0.02184444876675859,1,4.044502300817481
2018-02-21,0.015860720181559422,0.02745652820286877,4.975393896964293,0.7571434315946842,0.024892949315291683,1,4.047252469382212
2018-02-22,0.015877581826132747,0.027632343294541298,4.852276815329904,0.7671227675296414,0.022682468382398277,1,4.071410475405977
2018-02-23,0.015925996502575254,0.027681753485067472,4.77761295645957,0.7845477952596318,0.02936274526642759,1,4.1466541401847925
2018-02-26,0.016022306255362898,0.02775655803203186,4.695602846630272,0.8010232486914768,0.04417730713205121,1,4.204775422091143
2018-02-27,0.016066878177319367,0.02785003000696742,4.563746002202593,0.8190368474151178,0.03413134475881056,1,4.148444474134134
2018-02-28,0.016123931269460618,0.02795873818655804,4.380367957379717,0.8346095398743287,0.047729620813425626,1,4.103089420360418
2018-03-01,0.016369196773165375,0.02832499499463781,4.122110297964175,0.8422493309924488,0.06693856372477777,1,4.011064695823791
2018-03-02,0.01564218559489211,0.028093675214285973,4.089778563224215,0.8394429974367996,0.04128556337257016,1,4.070105347450119
2018-03-05,0.015710574883396274,0.028322347315417124,3.917789097589637,0.8403019215977409,0.06641650296305072,1,4.12712899175005
2018-03-06,0.015701765833589714,0.028263651880060598,3.811990076531893,0.8397348303507652,0.07532622750006165,1,4.165649509772625
2018-03-07,0.015472163285523855,0.028000776835717583,3.9020498116759335,0.8372297770702608,0.054531529509193793,1,4.192155714807649
2018-03-08,0.015467305970429297,0.02766537660061914,3.8424511822052128,0.8337509598950759,0.054845018400494966,1,4.181347791414009
2018-03-09,0.015558931499092675,0.027630984108033222,3.828823278075018,0.8332077036089999,0.047233263014945535,1,4.263593401435066
2018-03-12,0.01557274157420198,0.027796322873246303,4.0351083863204,0.8335713734857105,0.05022489045512216,1,4.304607608474617
2018-03-13,0.01565193739368989,0.028104887481917307,4.147672325423286,0.831994356222349,0.04262723887355808,1,4.247218761134795
2018-03-14,0.015606711680103804,0.0281640478945004,4.263148659068907,0.8305513932158164,0.045944748490481295,1,4.24719594626135
2018-03-15,0.015607439667575372,0.02815900039779204,4.3388089121312765,0.8277553922937916,0.0487290619600746,1,4.241588132740957
2018-03-16,0.015619550420258707,0.02814771014374695,4.326970645036277,0.8226269601834406,0.050046508304643925,1,4.219809229721043
2018-03-19,0.01612835478496094,0.028536822301012815,4.054316799541098,0.805358926650587,0.06784281703667523,1,4.084288309497743
2018-03-20,0.016070118440025614,0.028744631434735473,3.9725278921926828,0.7906954576888772,0.057595216119242856,1,4.10899977428146
2018-03-21,0.01604303157181533,0.028899167930171044,3.878960330555145,0.7768113702088684,0.054594634435793106,1,4.11910626723339
2018-03-22,0.016372953043500074,0.02915002522666606,3.6347891760236406,0.7455145365896677,0.05795493787473914,1,4.003339101813769
2018-03-23,0.016756411623074233,0.029481307088932884,3.31529326100103,0.6927135594396946,0.1063052588095904,1,3.889565079552621
2018-03-26,0.017244198545431633,0.030163090381616728,2.999136901407209,0.6602784727792416,0.04866308680327909,1,4.015333586313802
2018-03-27,0.018759675673988608,0.031245519905687576,2.41117271923919,0.579511991615375,-0.04874374563520625,1,3.7793509798731613
2018-03-28,0.019149301066301583,0.0319041886696163,2.001316393484307,0.4694534969020411,0.04187197900202715,1,3.6628026194911354
2018-03-29,0.01959720682933235,0.0326872756093999,1.6801432420164668,0.3919286671038495,-0.004568744745677293,1,3.7844494445364147
2018-04-02,0.020267825980243927,0.03339123459870772,1.3509267777234577,0.28273481988753674,-0.05815335759141359,1,3.62611949146364
2018-04-03,0.020374311688660794,0.03389568006081534,1.059484179303636,0.19699843289593083,-0.08320895989108099,1,3.6964357463963795
2018-04-04,0.020195411875508926,0.03439893307543055,0.8004869298440223,0.1348216234701766,-0.05933956346519907,1,3.7658933267448806
2018-04-05,0.020189093685227023,0.034572530561398675,0.5576606139222323,0.09279909916733302,-0.06740787036838015,1,3.841683328336243
2018-04-06,0.02039576637017135,0.034857993145501476,0.2611711191952174,0.04956137974505867,-0.08422673851702489,2,3.7532792659481076
2018-04-09,0.020328847747253475,0.0351686320931141,0.015527346542183993,0.020157294623366656,-0.08162315151403979,2,3.748420752500931
2018-04-10,0.020673902319403605,0.03539643396339718,0.26132857296975615,0.008647837294939984,-0.09302782073662234,2,3.8862189284087343
2018-04-11,0.020670807214853478,0.03552801643220859,0.5348005960409753,0.0015007339524897398,-0.09183589351927143,2,3.879367033925471
2018-04-12,0.020685396445863768,0.0356330378158106,0.7621266528608547,0.000118136026249508,-0.09193084579186725,2,3.9083297611524275
2018-04-13,0.020656351518391892,0.03577038530661866,0.9828749832783835,0.003190462360480881,-0.09290010712162704,2,3.9124785160243976
2018-04-16,0.020662310209598602,0.03570689597466147,1.2049199782066826,0.011270533959093401,-0.0928885668181311,2,3.8969717300651583
2018-04-17,0.021102174383306065,0.035908196008007126,1.336257853204615,0.01886380264169806,-0.09680407568191368,2,4.029599378466999
2018-04-18,0.0210991850590888,0.03589337219417939,1.4146546640859643,0.028103641016088973,-0.09459922010084727,2,4.035520951739923
2018-04-19,0.021106330613934195,0.03607222111085203,1.4971175767855855,0.03819408795164965,-0.09461810650350817,2,4.055060146990616
2018-04-20,0.021156097123245975,0.03616879741473559,1.5973639644660178,0.05212052534736275,-0.0965392331383849,2,3.9942970476857123
2018-04-23,0.021085373748343055,0.036234850108729545,1.6491877113624434,0.06600341390165598,-0.09366043272069094,2,3.9379109494910307
2018-04-24,0.0210374864917671,0.036361948919971875,1.6551170319812611,0.07910114039731792,-0.09992140267557295,2,3.825635540771483
2018-04-25,0.021048282247791063,0.036458294460104214,1.7384208127143093,0.0951840286669173,-0.09343742078020097,2,3.803954694792908
2018-04-26,0.02159558513088087,0.03686589902336523,1.5818267981164293,0.0951365764599812,-0.09768923398261525,2,3.9519994216276086
2018-04-27,0.021520975985051462,0.03712595945512637,1.3809631388173471,0.08561871069591492,-0.08825974373179667,2,3.984505234067239
2018-04-30,0.021494300280340304,0.037023445103909675,1.248693474555217,0.0748388753629338,-0.09587148301570016,2,3.9642847332347615
2018-05-01,0.02154092043649708,0.03693834224823241,1.0035830716787992,0.0618113037017154,-0.09595004207781976,2,4.014505810495367
2018-05-02,0.0215381081131763,0.0368331918148879,0.803585132845195,0.04930412898856922,-0.09567883575533483,2,4.008667899905193
2018-05-03,0.021512808123412,0.03683202176877549,0.6635021792168557,0.042450209889135476,-0.0943174612630331,2,3.9811837568727464
2018-05-04,0.021632791724167308,0.03669339062901399,0.5407910153650117,0.033389650856144426,-0.1033951572515374,2,4.068428185330644
2018-05-07,0.02089587793300294,0.03600546024533011,0.39204027877632136,0.03279348233543081,-0.11429290912409144,2,4.147708525505301
2018-05-08,0.020534806960439828,0.03521800996613133,0.20025828514553953,0.025199837640905113,-0.06657821335501003,2,4.151771914661354
2018-05-09,0.020649084462421495,0.035033736271833094,0.06133501513094052,0.0165418072802487,-0.06074976598121452,2,4.226132853333084
2018-05-10,0.019470605306462576,0.03422029551592703,0.050276310826522154,0.01868829747065436,-0.07503930840761075,2,4.254643901532905
2018-05-11,0.0193635521285367,0.033351021440876184,0.15105889493944719,0.019566319086266028,-0.04465357343203136,2,4.224937119560292
2018-05-14,0.01929876630952207,0.033049405425087976,0.2548225378521327,0.019172494668066507,-0.05027931052740623,2,4.210572734201521
2018-05-15,0.01943722080904393,0.03309272975698945,0.33869145717542276,0.021794475153038752,-0.04827028482778032,2,4.126148959895449
2018-05-16,0.019204479359854438,0.03277213899373108,0.37065299340944463,0.019439195196239885,-0.05629990907359492,2,4.1375149501966755
2018-05-17,0.018984968423573494,0.032545487593956264,0.4151695706277883,0.013939120895043849,-0.0800488019014019,2,4.129279243797496
2018-05-18,0.019012881446479432,0.03247740262613894,0.42168131513501256,0.011561412031452124,-0.0737886371446714,2,4.088832520370737
2018-05-21,0.01906512612459046,0.03247801092560582,0.49049235719115836,0.007294679104369777,-0.0775874859430205,2,4.139771918183116
2018-05-22,0.019099321538044667,0.032356457208043775,0.5802843928389618,0.004836498527273231,-0.08226858675419867,2,4.102129470438022
2018-05-23,0.019235485102715735,0.03239585246835718,0.7739351619197198,0.0014132941790470242,-0.08928472654472881,2,4.180444319728703
2018-05-24,0.019094286791007935,0.03236674357631219,1.0095463210754032,3.712772156077192e-05,-0.09332080600903837,2,4.183640277944741
2018-05-25,0.019014555793506527,0.032249653812235546,1.1643770355477794,0.003631100947657896,-0.10519449331501289,2,4.193030236618981
2018-05-29,0.018939531417098057,0.03227647000126436,1.2887743165357537,0.011093409644875929,-0.09776187118332785,2,4.194256514222024
2018-05-30,0.018970167404330076,0.03220713759592403,1.4329279286076013,0.02256904819484185,-0.10496581804791548,2,4.252479583722177
2018-05-31,0.01876055867976076,0.031838346695218414,1.5493543906172296,0.03231158241809263,-0.11740773268411998,2,4.261771709718889
2018-06-01,0.01884015694681392,0.03152807400197014,1.6923725334986253,0.051429583818277946,-0.10305074111751295,2,4.347561297527309
2018-06-04,0.01882654992330654,0.03130763589568375,1.893857027564899,0.08134579272264186,-0.10062526338291686,2,4.4032373678955965
2018-06-05,0.01879056123094462,0.031265831892121655,2.0533226065419643,0.11999339160046227,-0.10545482950451382,2,4.4091861872849085
2018-06-06,0.018868494992206764,0.03135021853308738,2.1817373260447006,0.17042571225588346,-0.10701295862935938,2,4.475380945743937
2018-06-07,0.018917875395175886,0.03150953366820662,2.289143600535527,0.2209938681216606,-0.1130308966282598,2,4.425505270484283
2018-06-08,0.018754864866397818,0.0313858146300246,2.394692012490472,0.2892210690587228,-0.10998240696565871,2,4.425911336617129
2018-06-11,0.018764983705561192,0.03122407716111014,2.48820113547044,0.3747001250371409,-0.11865913753033734,2,4.473673413666763
2018-06-12,0.018736142407191084,0.03094709416189757,2.6110613122205777,0.4552228743771686,-0.10887817142318754,2,4.52050862677917
2018-06-13,0.018765102428487612,0.0309133371313412,2.74845195744787,0.5390172592298909,-0.10681534776863745,2,4.557900734760226
2018-06-14,0.018982543266603456,0.031029242440242816,2.944139778994127,0.6223693837486086,-0.09907411494257752,2,4.661720845812727
2018-06-15,0.018975022290683347,0.03105817663162654,3.156507884011866,0.700026420585254,-0.10334159744185302,2,4.648226701757587
2018-06-18,0.018594753216832443,0.030736029859515405,3.4332725620404188,0.7462489599713126,-0.11857887180602432,2,4.701497593921094
2018-06-19,0.018591574086101112,0.03076839973366008,3.667225539346933,0.796302976190757,-0.11883260833839648,2,4.67610988459467
2018-06-20,0.018709490650100708,0.030724626850573228,3.8748940425751095,0.8451575921414424,-0.12333403620175486,2,4.754795027819064
2018-06-21,0.018467841289241674,0.030682827140855105,4.132532322529139,0.8743177556847161,-0.13628323722637778,2,4.6836472828655555
2018-06-22,0.018198492860902377,0.030512686302804293,4.305141475432038,0.8875432153984906,-0.17305217720818336,2,4.619857666204609
2018-06-25,0.01821133818725108,0.030417195395987025,4.381097391554577,0.9088349943835945,-0.10086893674550877,0,4.4683849789675
2018-06-26,0.016776052749524553,0.02960848029014387,4.809974092153941,0.9089768392768067,-0.039658380374041534,0,4.544517021509376
2018-06-27,0.016426461914699375,0.029212573764281546,4.907561831786644,0.9010751008574147,-0.18503609457031814,0,4.477151601755637
2018-06-28,0.015986707789633743,0.02862099432242397,5.057252052080142,0.8988373951698125,-0.14277074047000815,0,4.541255675235619
2018-06-29,0.01513696131373411,0.028016567625227067,5.285661887439056,0.8921662486932443,-0.07248354357177551,0,4.499595277173373
2018-07-02,0.014978534405790769,0.027971822979053027,5.26081392652056,0.8864251654446204,-0.029645958642511,0,4.538680809788487
2018-07-03,0.015221986558794169,0.027525603479616856,5.016364618014313,0.8690220655247812,-0.059333527245247375,0,4.409007915657427
2018-07-05,0.015141423476644591,0.027342493578764265,4.931485293141758,0.8595394807046054,-0.10734878645172474,0,4.478848865029369
2018-07-06,0.014969171783058918,0.02716180439653887,4.833276251980869,0.8521968839999116,-0.06604890263735108,0,4.54262918915554
2018-07-09,0.015114031961979735,0.02688758151286003,4.70205198013708,0.8489695857226608,-0.06449106597233428,0,4.618127184483345
2018-07-10,0.014391252468928924,0.02646931339917255,4.894746406246948,0.8477206648066259,-0.055535600880180024,0,4.631101953772581
2018-07-11,0.014396020434615932,0.026356841721855633,4.80465612095214,0.8442774247249413,-0.04533579221263317,0,4.615223426651424
2018-07-12,0.014432703243311496,0.0263378290963506,4.702216286048225,0.8434870888787278,-0.04763073661186729,0,4.666275894920085
2018-07-13,0.014445724633899874,0.026264560127588932,4.570866928666448,0.8406346996301507,-0.051864263825192505,0,4.643029987587249
2018-07-16,0.014444450636385825,0.02619397829734452,4.357477050898696,0.8351442279231535,-0.04869746905275351,0,4.626040113792438
2018-07-17,0.01383201449423201,0.026315418162002054,4.394286217692434,0.8380752782286405,-0.03609294026563794,0,4.663983753062844
2018-07-18,0.01383677323385354,0.026245619149996638,4.191740421965991,0.8391794251226735,-0.03772626872407863,0,4.6489034228010455
2018-07-19,0.01390718861822338,0.02608527426614447,3.966752929327063,0.8361205178737254,-0.03036176930660564,0,4.592630571560642
2018-07-20,0.01378905629511929,0.025997350965671646,3.7103207404071585,0.8254249219239304,-0.018771859263167556,0,4.572924577253144
2018-07-23,0.013684290080818128,0.026003755822263053,3.4722107005134792,0.8090711557229808,-0.039899909586628604,0,4.553551186038653
2018-07-24,0.013225224830855512,0.02577886703718941,3.3457158566427125,0.7958768270607239,-0.09086997852589118,0,4.5803544179342195
2018-07-25,0.013415096204460642,0.02561639817294753,3.210360038957312,0.7929129215398852,-0.11547888396924752,0,4.666141231153474
2018-07-26,0.013217147069598133,0.025697493286496818,3.0700559041854474,0.7664493684058967,-0.13860319410525768,0,4.5056819394822
2018-07-27,0.013316297230327501,0.025697814984340456,2.8866827042173604,0.7270512114487993,-0.09819305355629737,0,4.4368476681040345
2018-07-30,0.013787966972640066,0.0259948864316587,2.510598479347358,0.6576695834740183,-0.0436098856095512,0,4.3089338893386095
2018-07-31,0.013725679625047964,0.026088409606338587,2.3066323464905167,0.5956525223554084,-0.05086973954801738,1,4.340161487775788
2018-08-01,0.01373777423717279,0.026117442230012538,2.0688365404103646,0.5373382010177365,-0.04663208183593195,1,4.360994614736839
2018-08-02,0.014693100963222369,0.02640797518569979,1.8891453060607661,0.5106842265073569,-0.03485680735647691,1,4.543851696432057
2018-08-03,0.014431469011479629,0.02615444312075812,1.848455384601896,0.4846185231330442,-0.027606915791287406,1,4.541939997732552
2018-08-06,0.014297383730680156,0.0261240654735512,1.790323759761945,0.46944113118132474,-0.057653988144579144,1,4.595111570965535
2018-08-07,0.014581340658731743,0.026514597624295203,1.6776735933814935,0.4646223320814914,-0.03988588230933982,1,4.699652078913322
2018-08-08,0.01440620347768377,0.0265112847242865,1.6274714704082567,0.4647587143794881,-0.04311414715983695,1,4.69506364278894
2018-08-09,0.014424593357895763,0.02661905163123982,1.5539877812453702,0.4621794699007815,-0.04732503905098212,1,4.653355258950507
2018-08-10,0.014421279601426352,0.0265764375966077,1.4244454424619857,0.4511614141368535,-0.037278539036916254,1,4.622937444716611
2018-08-13,0.014415210437287622,0.026687641984140652,1.306229350976484,0.43684652037675986,-0.03915091891120135,1,4.619560765633928
2018-08-14,0.014193957107458391,0.026542766161340117,1.199592125409505,0.4160885347383474,-0.04843611973806965,1,4.627872793535115
2018-08-15,0.014398001416340525,0.026841515053360864,0.9902849886628058,0.3806812532701243,-0.04684431677458777,1,4.538238696268081
2018-08-16,0.014449900023627562,0.026969080714597488,0.7817069998153121,0.3354030327638292,-0.026944549366533357,1,4.493247483612216
2018-08-17,0.014833022947663836,0.027331919809628475,0.5288398815882147,0.2612194962150578,-0.0037079812754486864,1,4.365941919230567
2018-08-20,0.014788776476582966,0.027534242176260503,0.34240169905370776,0.20007704526135917,-0.010424494218295432,1,4.403151062225633
2018-08-21,0.01488638592879,0.027621425188367497,0.1916564663158858,0.15142235134891965,0.0062113116688340035,1,4.474851448709996
2018-08-22,0.01477849668025101,0.02753368089233683,0.07211123009082587,0.11699187798362962,0.031937683526230325,1,4.531955111897673
2018-08-23,0.014779854848528014,0.027597446123342344,0.11158698160400207,0.08278952669201355,0.030323344303486193,1,4.523958282305143
2018-08-24,0.01495915366775961,0.02775202416534611,0.13913854980569274,0.05985616690677079,0.02616983805643109,1,4.607494148459716
2018-08-27,0.015015917061906909,0.02783571121115516,0.09647681701009221,0.04184934427922337,0.03644663408200053,1,4.655216578246204
2018-08-28,0.01492735372059645,0.02782094793187918,0.04252241707229619,0.026597950337879615,0.0335656933749146,2,4.631648516526991
2018-08-29,0.014947452591761938,0.027831531696361683,0.17498003412725263,0.01535132906014759,0.030648162409332633,2,4.661879750981064
2018-08-30,0.01473090053507471,0.027844938174904063,0.3192350119798128,0.00996988394206498,0.029785154208928778,2,4.66452856427741
2018-08-31,0.01465334628456475,0.02780737155505913,0.33384505962137684,0.006637228954407557,0.014376479064371067,2,4.643444227655288
2018-09-04,0.014729708099565626,0.02793703873692664,0.3218383847370399,0.0022726934782021347,0.019209711007317425,2,4.587881568587564
2018-09-05,0.015007854042706346,0.02804302415076194,0.22602123711923278,1.8777412953429244e-05,0.043720662875995346,2,4.462532042755051
2018-09-06,0.015000414037640354,0.02820339591503168,0.030638073519981778,0.00690552763435218,0.07508982765618621,2,4.415700248854322
2018-09-07,0.015062825175478509,0.028577476072385463,0.18402975037111882,0.02970215823298208,0.0829606329139605,2,4.367689966363029
2018-09-10,0.015126552539720332,0.02873897190144535,0.32543050987640115,0.05247199762943153,0.07047911452042731,2,4.435023372050839
2018-09-11,0.015094217155903322,0.028886681517611017,0.4224397446305748,0.06965300124511054,0.0699078086896164,2,4.465762235780571
2018-09-12,0.015066974834760135,0.029072137586973478,0.5001206806085643,0.08030802165472707,0.06607468912845899,2,4.483987642863407
2018-09-13,0.014792131094207293,0.028969166379645094,0.5664812236067727,0.07583376010166656,0.05415971837069642,2,4.490044673782363
2018-09-14,0.014794446603163765,0.029021496279243778,0.5559773302262566,0.07033227421575244,0.05978133419210106,2,4.506042796976129
2018-09-17,0.014894003342612105,0.0291026131034972,0.5362415771051205,0.06815712570933909,0.056617045867401336,2,4.425745330477256
2018-09-18,0.014889323501277828,0.029165239163297635,0.42463280226609806,0.06546773816640396,0.05378729684629283,2,4.445724085149963
2018-09-19,0.014804264194690858,0.0292706780153202,0.30030902065087695,0.048549334600254845,0.06450018049749515,2,4.49523547486414
2018-09-20,0.014686914843836997,0.02914843183652925,0.23836540735790665,0.0375111643621805,0.08641796641655132,2,4.506130101713968
2018-09-21,0.014659071962185927,0.029103160478966602,0.2556097007466412,0.03785007307855762,0.07080936823784702,2,4.453964194421925
2018-09-24,0.014132033270055218,0.02886399362224308,0.2896759282481455,0.05039447421979429,0.03129127244131427,2,4.502560142749916
2018-09-25,0.013998559545223596,0.02871412780913214,0.3437242695855161,0.049631311242730736,0.08339544414733804,2,4.535568965244847
2018-09-26,0.01392774406680478,0.028565961431118572,0.42714432670899233,0.05226049931477646,0.11097104932141613,2,4.579809934909316
2018-09-27,0.013841864296567618,0.028471276369902262,0.4613004183809148,0.042447067013504695,0.13503436419722367,2,4.6137008728553095
2018-09-28,0.014088152976605747,0.028863462326067225,0.5684200089027702,0.0512556118069151,0.13099775887779935,2,4.508742952884937
2018-10-01,0.014735783353699768,0.028970804969532846,0.5711830408702872,0.03570911017493738,0.06748508393888338,2,4.668246174652072
2018-10-02,0.014410328413628973,0.0289078287199121,0.6622335536191667,0.0459363245062213,0.043787303461705326,2,4.599213255668935
2018-10-03,0.014272170006663767,0.028808446121966858,0.6924152679997659,0.04852494741586629,0.08168661163154613,2,4.594030235282085
2018-10-04,0.014644836131250859,0.029036465938986355,0.6579023798997403,0.05999237314352689,0.0680060028645413,2,4.457617724772453
2018-10-05,0.014907112367182408,0.029417138696624007,0.6381920557715337,0.07568965619039122,0.10651639451215897,2,4.334364838228029
2018-10-08,0.015019888964166285,0.029816749676747384,0.6193241615240337,0.09568716896258112,0.1261419880171637,2,4.269999508711812
2018-10-09,0.015075431443590064,0.029983537012645948,0.6322967820609087,0.1127002709426799,0.11383192430071437,2,4.316199367636714
2018-10-10,0.016534989910547512,0.03057593533446691,0.7084073555185653,0.13847675921526537,0.06484510035897072,2,4.078651122233819
2018-10-11,0.016618102463588216,0.03096829674791283,0.87966927852778,0.16718619097051737,0.09910987152107564,2,4.021200057200183
2018-10-12,0.01714532608780224,0.03141078559848612,0.9678442887208607,0.1908089266550941,0.07088983109467495,2,4.156664085221565
2018-10-15,0.01722789329014769,0.03107560272413487,1.1093186216568571,0.2120435117219578,0.04230647749263045,2,4.091459262336102
2018-10-16,0.017976703305045114,0.03149109385176484,1.0876104721148077,0.22095469004288673,0.010513944295083927,2,4.258721026365622
2018-10-17,0.0179228439669243,0.031861683136899875,1.1294221164850202,0.2334381493721496,0.02189008030575532,2,4.279889839465581
2018-10-18,0.01831195346566355,0.0321835151094661,1.2286783312810357,0.2592991202347704,0.011300220492611647,2,4.15101845560156
2018-10-19,0.01842743554423883,0.03240740327905703,1.3827178561076297,0.29075964632126067,0.03173871059313822,2,4.080911578212311
2018-10-22,0.01842179512214042,0.03234791865012702,1.501791901104229,0.31598673165145685,0.0280332386016715,2,4.099857475264647
2018-10-23,0.01835375465247545,0.032893752352262016,1.6146835261653374,0.32549982311695963,0.025539544781199422,2,4.156836100170775
2018-10-24,0.01950577578918881,0.03321705151937259,1.7719841179312745,0.3629122545809192,0.011525897519319001,2,3.8962360041025934
2018-10-25,0.020531711209115185,0.033761526620453876,1.8778766741827526,0.40485730757330174,-0.14024045045759692,2,4.103183488716643
2018-10-26,0.020520097145870702,0.03433460268163587,2.1576435077105405,0.4779061843118745,-0.2034246254705129,2,3.987046371491516
2018-10-29,0.021075585799933516,0.03538960878811456,2.374363974683284,0.5400712080004262,-0.15208918612718428,2,3.832207479731883
2018-10-30,0.021217331920706635,0.03591880582891838,2.6750501152224273,0.5987274624669622,-0.1782181491212225,2,3.908920268937175
2018-10-31,0.021149771331905473,0.03603141751837336,2.8783156068031315,0.6207441721476571,-0.15563732943577285,2,4.064188967798999
2018-11-01,0.021366627700518916,0.03640246339469206,3.0042571276748835,0.633626425291869,-0.11877395092901483,2,4.162154805664033
2018-11-02,0.021349350717705193,0.03654630007995429,3.1002994131654966,0.6423265021649958,-0.12534465688982377,2,4.122547597101277
2018-11-05,0.021189989217868247,0.03653646158741466,3.1523883850656005,0.6432874614917857,-0.135806654428558,2,4.0833304562966175
2018-11-06,0.021191098962803415,0.03668959422065537,3.1451445442044603,0.6424809441498248,-0.13904747363595538,2,4.0914111795544414
2018-11-07,0.021585310354115955,0.03695069028886505,3.0621936167525394,0.627732458312969,-0.1309777860079291,2,4.2296307413080285
2018-11-08,0.021658182456074558,0.037199447139787525,2.9297532125233112,0.6225869422396351,-0.14627670613523222,2,4.1639341497065745
2018-11-09,0.02177971997795086,0.03737806003522292,2.78831476603508,0.6242010542375749,-0.1370084667561754,2,4.087934466955912
2018-11-12,0.022440244132885125,0.03783443992237794,2.715951925735597,0.6336240149193326,-0.11046830374142123,2,3.912421398791271
2018-11-13,0.022362212704057388,0.03795335456071039,2.697828872884369,0.6486184586403626,-0.12459850983967266,2,3.961112365223856
2018-11-14,0.022331272580601726,0.038292664977834186,2.771207418312189,0.6679569520375799,-0.13002228272458885,2,3.9478762366938853
2018-11-15,0.02210291988114748,0.03824565997404831,2.883272141483091,0.701346508433178,-0.13892341638856126,2,3.9983563503108646
2018-11-16,0.02261102662546185,0.03855347113644063,2.885226672136571,0.7331168994821228,-0.14558962374804676,2,3.8432963783303378
2018-11-19,0.023518485304843316,0.03912574939059412,2.8674342713392162,0.7469710770458788,-0.08560909567012356,2,3.636243473526805
2018-11-20,0.02346348963901544,0.039990264769262804,2.96907233579161,0.7571056352799379,-0.09601999508003602,2,3.635324398201343
2018-11-21,0.023470543502420553,0.040346727960055444,3.0989042867574663,0.7684716350353398,-0.09719297155092906,2,3.6175258609941983
2018-11-23,0.023435654519014058,0.040489865470977784,3.11154647928746,0.7720499286159846,-0.09806955127362449,2,3.561733326720908
2018-11-26,0.023938764565629267,0.040831622679979855,3.0979728033205745,0.7769373483959832,-0.12005915719240759,2,3.7045963821066534
2018-11-27,0.02393047719943588,0.04104950569161547,3.0960563369091147,0.7821501246542749,-0.11135198079914317,2,3.707556388839601
2018-11-28,0.024375718025671123,0.04146668530622104,2.9071538507987893,0.7793453021878971,-0.10395502067566975,2,3.846161495225855
2018-11-29,0.02437561498213846,0.04157682267802263,2.813060974609531,0.775120748757228,-0.09952676343088071,2,3.846468076974444
2018-11-30,0.02444943490579437,0.04177507713619503,2.7692865561634377,0.7655402463468033,-0.09751282558808129,2,3.9069812434892217
2018-12-03,0.024569347401432656,0.042019819269065596,2.745650778765446,0.7476354489302456,-0.0847855641798793,2,3.99551492345657
2018-12-04,0.024902840188054453,0.04233642095738918,2.753314908696075,0.7520159034083075,-0.11570493252944972,2,3.8266649280588987
2018-12-06,0.024939017498442895,0.04250941519062699,2.763254104057609,0.7540407515319382,-0.13697566469568878,2,3.8839028634151185
2018-12-07,0.025367309772145106,0.04277972370527553,2.789870549828782,0.7693746827800079,-0.15193930028077957,2,3.7347083965249483
2018-12-10,0.02540174470692668,0.04290701349684462,2.8888914612170242,0.773187586859757,-0.16424794767475628,2,3.80435837845563
2018-12-11,0.02539215300406148,0.043041574253176416,2.964367078096611,0.7744821407472234,-0.16914356244788323,2,3.7885145721105666
2018-12-12,0.02544407145475068,0.04315096291632934,2.9787736173743196,0.7690189384678381,-0.17106296738682747,2,3.8397554060295476
2018-12-13,0.025452443669925193,0.04326741188858383,2.9086384254725597,0.7597636627292236,-0.16817118151063584,2,3.8603151508523568
2018-12-14,0.0256325290726242,0.043466375186451627,2.8708228000907328,0.75640603632021,-0.17168107064601662,0,3.766367930291462
2018-12-17,0.02580690902088628,0.04375724368527925,2.8761452714659215,0.7625786888756876,-0.1530512096877974,0,3.6544705967495177
2018-12-18,0.025860651575020523,0.04381514841662625,2.898431675132479,0.7635950410439357,-0.15991365048941372,0,3.7055434615357563
2018-12-19,0.026166262670615777,0.04435355166250851,2.855218254988529,0.7663429475194977,-0.17255493473745803,0,3.581215453642818
2018-12-20,0.026314962426330357,0.0448431475952151,2.755315963846717,0.7689070731278513,-0.15878819533743882,0,3.501335693054279
2018-12-21,0.026727969445758774,0.045549425143513254,2.6838724062912824,0.7707482092071697,-0.13980176152839915,0,3.36509069881877
2018-12-24,0.026971694374785266,0.0459017770389902,2.652683932331044,0.7669547812155517,-0.1136891858572394,0,3.261722451067652
2018-12-26,0.028750051422652856,0.046938579585714645,2.3679986811897775,0.766320097860638,-0.15502210569683228,0,3.5205440717046677
2018-12-27,0.02873399557778372,0.04740619721725459,2.3152057899207743,0.7649802749188255,-0.15141962388549554,0,3.499129789800982
2018-12-28,0.028759192526484578,0.04775647864889407,2.2431026849720563,0.7613069436006572,-0.1551825725951226,0,3.5414137361049827
2018-12-31,0.0286281042196236,0.04758734582185742,2.2494902185187358,0.7561980463964889,-0.1480133336664741,0,3.564794751534641
2019-01-02,0.028282558347121557,0.04777297037023931,2.249691245352136,0.7510105147608163,-0.1342474876572745,0,3.577439110217843
2019-01-03,0.02842199523713538,0.04797497511333443,2.276290928956475,0.7499886941907633,-0.13042171997452973,0,3.4816598701039068
2019-01-04,0.029450580135025637,0.04864858293539271,2.20587026096595,0.7324129257323887,-0.15276316329882494,0,3.694908680130031
2019-01-07,0.029512646492138618,0.04871728136649309,2.1215461950822103,0.694667825423634,-0.10203399907921967,0,3.8181357726728056
2019-01-08,0.029324944777733397,0.04868267945432364,2.085277499591575,0.6516001366206136,-0.10839207095136409,0,3.849794709057162
2019-01-09,0.029276305332864298,0.04842725829323174,1.9762928010057024,0.6052282553196866,-0.11417433020974224,0,3.8744308826826814
2019-01-10,0.029261596119624953,0.04845394292212127,1.8804477329617615,0.5505119989982719,-0.11006871584459182,0,3.90513894069774
2019-01-11,0.02844438191386502,0.04792438565467633,1.8509850418677778,0.5053017286720604,-0.09936612628416207,0,3.9348915221594183
2019-01-14,0.028412740633264873,0.047684817847646256,1.810259465234318,0.473228156667459,-0.118640798784013,0,3.8985985216054417
2019-01-15,0.028360151241865104,0.04759679167637427,1.727249057427738,0.4080833736252065,-0.11523212278856207,2,4.018555623068338
2019-01-16,0.028292427635290215,0.04743537824225793,1.6145586254455144,0.35293402324611023,-0.10651071989562486,2,4.010161732809837
2019-01-17,0.0278376869925907,0.04708774702020375,1.4387334399544398,0.28451238795726286,-0.09589940100876743,2,4.042036828634589
2019-01-18,0.027933994351260878,0.0471539223091813,1.2749764423118732,0.2300243784202202,-0.10492978413524996,2,3.9650156179222247
2019-01-22,0.02794434476587355,0.04723938631999507,1.110411778320225,0.20014784230770089,-0.09001933184024878,2,3.8432500000818623
2019-01-23,0.027888147315910838,0.047141702155532976,0.9301062579485394,0.17948490516506158,-0.09454808755652495,2,3.8072854285033833
2019-01-24,0.027968640083665054,0.04719910191221938,0.6555623550025735,0.1507468692600991,-0.09587404590022917,2,3.8737556227309207
2019-01-25,0.028019579802817343,0.04674321105804514,0.3004875320482779,0.11280463178095743,-0.08969302490515277,2,3.948552600865485
2019-01-28,0.027199972714290685,0.04640884653491128,0.1554435376082321,0.10665031795939728,-0.0869640372280727,2,3.8188498043413266
2019-01-29,0.02648635804244375,0.045749015794325464,0.016157897529410884,0.09251138830692977,-0.003966626215368997,2,3.7417545917227377
2019-01-30,0.026705494636669807,0.045200208562860784,0.19757978203366508,0.07438052071274691,0.011813066079001214,2,3.888375549124902
2019-01-31,0.0265862536833109,0.04460317317116146,0.3844969371186025,0.05850471479160338,0.0164900493451522,2,4.017798184127498
2019-02-01,0.026480636500780644,0.04423030216140752,0.5700157427111942,0.04252308631465328,0.027874866854092573,2,3.990073653495445
2019-02-04,0.02611116481670347,0.04380065950113148,0.8604928255567708,0.020272147527703472,0.007859971198727852,2,4.065108656910737
2019-02-05,0.025989637700348445,0.04351002924003324,1.0702502633593547,0.0035822479799279823,-0.008202169939798649,2,4.1199709661327235
2019-02-06,0.02597762385291155,0.043391158408428665,1.2018172875230628,0.00022416896115508888,-0.005087944734675425,1,4.0904844267567695
2019-02-07,0.026123911337392912,0.043337569297333574,1.2751837356577045,0.005399574821080533,-0.003120492738544531,1,3.9927682666683575
2019-02-08,0.026123011015677704,0.04323800502129843,1.3437131862709675,0.01792572467378102,-0.0021294067117407015,1,3.9888708674834072
2019-02-11,0.025773963831655814,0.04295053496469214,1.4368772196302295,0.04708229270704683,-0.0037846727417338477,1,3.9878274809632996
2019-02-12,0.02581923810060516,0.04289545828264158,1.5095671693127126,0.09162570988032513,0.008584664534380004,1,4.0664206381182195
2019-02-13,0.025722823725340474,0.04266033043733599,1.5909637747167644,0.14094043175654203,-0.00023393921192415502,1,4.0482079355088745
2019-02-14,0.025148008367426773,0.042250331932824826,1.621073915651753,0.17601895391555689,-0.019846825159368236,1,4.0525674436569705
2019-02-15,0.025099086244986583,0.041994594980199106,1.6295887392190214,0.2209790379000276,-0.007591092161267558,1,4.052033142131743
2019-02-19,0.025098891006212168,0.041593231538823904,1.621920192028467,0.26885141401443013,-0.006465436370980112,1,4.065193398299225
2019-02-20,0.02504808908392449,0.041335611287259134,1.6599418920955857,0.3290714716306856,-0.005384592404948662,1,4.058149973933504
2019-02-21,0.024647637310488413,0.04079089527605544,1.7364606055364666,0.3577255262454322,0.007863085285281186,1,3.9939575721057787
2019-02-22,0.023755737946382423,0.040082771343070575,1.8528463090515024,0.36138263089830763,-0.056619469166731794,1,4.047929966301938
2019-02-25,0.023764936324934406,0.03923981397559074,1.8754502820135035,0.3655309360904257,-0.061371650206287195,1,4.069196826158659
2019-02-26,0.02375736621199726,0.03889361434047154,1.8562357701206864,0.3658518141195295,-0.062148559045438416,1,4.064545488866818
2019-02-27,0.023689679027408025,0.03885788391666923,1.9063586528426366,0.36146729068211086,-0.06631641169243961,1,4.088775092515079
2019-02-28,0.023145186045284802,0.03837547192517973,2.063939010402968,0.37055723732865886,-0.04874711506672736,2,4.082605891974865
2019-03-01,0.023149712253991275,0.03837192545109957,2.0926183458398526,0.37727449194303764,-0.048055652870972736,2,4.067418016854705
2019-03-04,0.02266557959468713,0.038140662800303156,2.124586354341744,0.403362064954278,-0.047761196304470885,2,4.069314252589526
2019-03-05,0.022666847784657752,0.038099020319008074,2.1290061243407896,0.42982191492884775,-0.04752234979415691,2,4.07706544925679
2019-03-06,0.022586058437475548,0.037923055374715776,2.107029378885395,0.46504868824525286,-0.0472863502681488,2,4.060168906509943
2019-03-07,0.02249172334905715,0.037714718484189995,2.0512873406610006,0.5117350275576752,-0.055139253768638784,2,3.9965406596864876
2019-03-08,0.02185974921081966,0.03723516168138979,2.0349296322559796,0.5276231510968526,-0.028376892512680846,2,4.014445780887361
2019-03-11,0.022143907293197318,0.037091674905448374,2.0416480585882604,0.5670990938772952,-0.005483155623196835,2,4.142120501473621
2019-03-12,0.021609357458016367,0.036536530293989906,2.097025784281427,0.5795927168650209,0.00978160918475438,2,4.136064922288245
2019-03-13,0.021567355220129505,0.03629634125567944,2.1424939735668738,0.6063788540588609,0.03173778320809411,2,4.199273354434571
2019-03-14,0.021584440074342195,0.03601571258672931,2.124229441352552,0.6267033784008094,0.03068032708186873,2,4.165734188607409
2019-03-15,0.021525143959351765,0.03586976444888522,2.1263875752454964,0.6526949591033073,0.03523571741232409,2,4.146243419402409
2019-03-18,0.02152969273261612,0.035878891006111996,2.1143291575882848,0.6787781435987987,0.03530258347475621,2,4.119691793727437
2019-03-19,0.021335638702389588,0.03578800497427528,2.116049361459816,0.6912783653661484,0.03743606642539074,2,4.153720441682282
2019-03-20,0.021168816046821828,0.03552757531166686,2.1161574453827536,0.6953314884178288,0.013475901391841178,2,4.2404473617171625
2019-03-21,0.021174980603643954,0.03528923213257165,2.134941317438643,0.7065226637048161,0.03473346829462406,2,4.3021539710180265
2019-03-22,0.021081717211918562,0.034772827423421894,2.128911487297837,0.6972063719727788,0.035839405217764665,2,4.174716754306866
2019-03-25,0.020895443739654518,0.03435371557879279,2.0811809815979156,0.6834328084387746,0.009025249891502099,2,4.16546546510121
2019-03-26,0.02032651164828134,0.0337166791545491,2.0370148111864705,0.6783678301079605,-0.031816355018725144,2,4.190686088432329
2019-03-27,0.019961548276727085,0.03325794231054673,1.9412674480994716,0.6977089074276485,-0.09401313137779724,2,4.173279122386327
2019-03-28,0.01728231227402374,0.032175452096801144,2.1482102689819853,0.6891803515227971,0.015031584485457262,2,4.186577160025093
2019-03-29,0.017283685389721058,0.031533611045818595,2.064175200680016,0.6879301578109778,0.05494027795394924,2,4.213051744956696
2019-04-01,0.01742253425652178,0.03122449092609549,2.023891700480418,0.6924606413621842,0.06236706774882016,2,4.3023861430017565
2019-04-02,0.017416097714684203,0.03092977834592961,2.015387971435039,0.6987839690286997,0.06247989987299772,2,4.325738831022667
2019-04-03,0.017457820603611347,0.030331642919628688,2.017842936581982,0.7082274989326748,0.06318479994017104,2,4.369905626719406
2019-04-04,0.017189844895884432,0.030185100596144664,2.0217999462044425,0.7536465965748912,0.059063907281239975,2,4.319725428008671
2019-04-05,0.01537953601054525,0.02940029706799154,2.3518163015227738,0.7590574320057951,0.17360444783882661,2,4.345980575837823
2019-04-08,0.014797121127812911,0.02897786240203901,2.5560371894450533,0.7593569800692902,0.06964878993265658,2,4.336252443293004
2019-04-09,0.01476048501985093,0.02858321839368988,2.580618110969359,0.760647505479933,0.05876818389959305,2,4.333090969482265
2019-04-10,0.014759298089944903,0.028414270825295244,2.6239912731989365,0.7637691840465658,0.055920152817572434,2,4.360062244760909
2019-04-11,0.014732236256623009,0.028184579923634285,2.623894936977788,0.769020324381899,0.05225034639274792,0,4.344623249621362
2019-04-12,0.014720683992035155,0.028020538110645227,2.642069665314359,0.7757499214995673,0.05268347895260786,0,4.318335256238005
2019-04-15,0.014690297041429932,0.02792748526670814,2.657251888346298,0.7745050722162653,0.06155608402236289,0,4.295173914082803
2019-04-16,0.014282749254152061,0.027631355289595677,2.8296011104584466,0.7968342251505134,0.08083137946684693,0,4.356348310416304
2019-04-17,0.0142857091876673,0.027624876737575854,2.8888493537658344,0.8150132459890879,0.08644925065443655,0,4.342787297977468
2019-04-18,0.014253867798756852,0.027473102898705165,2.9004689705774513,0.8398787956412849,0.08797862679585851,0,4.353362084254045
2019-04-22,0.01410989031579397,0.02718845754243887,2.8879107819738206,0.849709158904529,0.10101358513202154,0,4.398144433207674
2019-04-23,0.013657125507479636,0.026833062463000653,3.037088153836301,0.8495712057608248,0.057357847388093894,0,4.452202705930701
2019-04-24,0.0136714480923612,0.02653248859359757,3.059367508679135,0.8502335043912432,0.014130801813029274,0,4.405036955554354
2019-04-25,0.013497603463806677,0.026565854680885858,3.117278862297929,0.8487467898225015,0.0357683241954973,0,4.393180567287674
2019-04-26,0.013327988094401944,0.02664314035836403,3.191127295452188,0.8470426698947555,0.017462119377822743,0,4.352399219311131
2019-04-29,0.012715171892464664,0.026194707726209836,3.348460804752231,0.8473931254316787,0.06982315439376945,0,4.389724485828178
2019-04-30,0.012613309605912124,0.026249810692434896,3.2898936522557487,0.857464838726418,-0.01792304308978487,0,4.321012023932184
2019-05-01,0.011625618900017148,0.02599569931848365,3.4287666353429453,0.8441322626360825,0.08817800171366962,0,4.298470157379523
2019-05-02,0.010883803604420308,0.025520363589383397,3.5580422556593465,0.840099305744029,-0.05547610461388599,0,4.330606616010566
2019-05-03,0.011171937755494786,0.02543621122259553,3.370927900868299,0.8412784614673203,-0.006609096070764144,0,4.422266408375086
2019-05-06,0.010955938224511226,0.025391485350640407,3.396271881548458,0.8488886129117724,-0.010140241594069307,0,4.390215418681017
2019-05-07,0.011216234064864055,0.02557773023983145,3.2036344446435465,0.8498913027171678,-0.010509662566549739,0,4.287655926729128
2019-05-08,0.011198251349072529,0.025462549543220078,3.0796800603535455,0.8370900161654801,0.02015957545783583,0,4.265865222686322
2019-05-09,0.010845666279430604,0.025341766105975133,2.9878540547989414,0.7978422639852364,0.002798455848587981,0,4.22747024008813
2019-05-10,0.010863323918199079,0.02543349471972633,2.748059671429477,0.7495284431116109,0.004422180273998381,0,4.206289576942841
2019-05-13,0.012117422939273695,0.025838095641594002,2.1525377893207693,0.6157625756813951,0.03480892824034346,0,4.027053425904692
2019-05-14,0.011892734191455805,0.02575373369725213,1.9451006562570397,0.5166485098762446,0.0009380630019614852,0,4.055110895438265
2019-05-15,0.012059013949590606,0.026016641501639803,1.7319061690443898,0.4494819503355838,0.02339178927687313,0,4.121862654024448
2019-05-16,0.01208116068574118,0.026024762121816303,1.5038357269081115,0.3940082510438548,0.03315641192872261,0,4.146192523256621
2019-05-17,0.012510084060343126,0.026171420675592638,1.1805164170360138,0.30563770947533864,0.016924281629518336,0,4.039310286900524
2019-05-20,0.012735308558103002,0.026372404121620185,0.8392999133337419,0.20774786655206715,0.06556592994726479,0,3.9617430337055253
2019-05-21,0.0127903553835968,0.026434879430217717,0.5001048344825849,0.13955401920048377,0.046416441415495405,0,3.9996442425205387
2019-05-22,0.01269303531162176,0.026489679823155112,0.07565070169181239,0.07401911438863805,0.03506091793186791,0,3.9608722706271093
2019-05-23,0.01273724649353603,0.02680687542822832,0.33486715824451563,0.027595996925404976,0.07128534962248505,0,3.8978152228785605
2019-05-24,0.012739973876012636,0.02683124510530946,0.742491825563526,0.00450554199620127,0.07094294230466623,0,3.8757728661999455
2019-05-28,0.012739632176145026,0.026819375804957402,1.1146151289124064,0.000558743321501427,0.07046894376664486,0,3.8791474271067026
2019-05-29,0.0128005829504707,0.026781000964553183,1.5328693704375493,0.012103545421815354,0.06890351910479572,0,3.8343088035906514
2019-05-30,0.01279950756145529,0.026780168430292628,1.901598887150672,0.035951808713882746,0.06884453007602771,0,3.8314856331455722
2019-05-31,0.013092840304095094,0.026702117511522492,2.259239083637493,0.07514871442142095,0.0668807010427515,0,3.746470752859934
2019-06-03,0.014089601363365298,0.02710724988136742,2.591061186418814,0.12879225249675513,0.13483961430193203,1,3.5916746465047096
2019-06-04,0.015092080523657556,0.02746633505528692,2.8535254307469886,0.17802592498483777,-0.01749251770625926,1,3.746017727989571
2019-06-05,0.015084460216483757,0.02764742614688943,3.2677193899588737,0.2322773661866257,-0.006699803380540878,1,3.752159378459682
2019-06-06,0.015054215709414055,0.02760143893426822,3.601019017333743,0.2972632514699627,-0.006871493614680686,1,3.8036288623923555
2019-06-07,0.015170388988759722,0.02760819746546705,3.8447491524057695,0.35860934785050613,0.014793064023095614,1,3.8627117387691325
2019-06-10,0.014752894742279078,0.027641247571318,4.1376692534714445,0.3932691271335883,0.0213077853059453,1,3.9205798526989484
2019-06-11,0.014792371125671253,0.027710175107181684,4.277071846243534,0.4253933295501092,0.03437321806208075,1,3.9546723858463944
2019-06-12,0.01483453374537745,0.027835784975910955,4.297074176846969,0.4537733722550381,0.023706686244431036,1,3.884791648137536
2019-06-13,0.014859633360244368,0.027874755584111118,4.330370807343755,0.48275006040069174,0.01782007128266979,1,3.9256734644380455
2019-06-14,0.014850591480555756,0.027747773771100114,4.435722996016975,0.5154642326585692,0.014643532764809628,1,3.9169240721177285
2019-06-17,0.015116767759224959,0.027791506665270607,4.435412332141351,0.5416739968674702,0.01037797837629361,0,4.008242534061613
2019-06-18,0.01519122154360034,0.027955793084263787,4.370531225114853,0.5526890213285908,0.037968038056560974,0,4.06638138092278
2019-06-19,0.014970938282592085,0.027750853907252345,4.298660845955401,0.5462610995564469,0.03036390272207304,0,4.083324500512609
2019-06-20,0.014858583214957559,0.0277118767907506,4.207364969193579,0.5302637961703052,0.008531933381229904,0,4.086523396359467
2019-06-21,0.014389557431631896,0.027484345801081056,4.209598331816763,0.5294003909000219,0.042145346303053166,0,4.101372835297024
2019-06-24,0.014393102766062486,0.027278443266142538,4.015626759851589,0.5273614587861105,0.03989467465186695,0,4.115183907289083
2019-06-25,0.014585741067973567,0.027270421487588663,3.7904406754716327,0.5338898205211368,0.03523712129827059,0,4.034087345217412
2019-06-26,0.014617021863976221,0.02729936822284082,3.599198922293789,0.5371240068778718,0.02339760631699041,0,4.068977663948331
2019-06-27,0.014690790347963185,0.027417334043023475,3.3318063957049775,0.5293007583661415,0.032405716967128496,0,4.118203744026331
2019-06-28,0.014675313858945797,0.027436376273231238,3.069251743667572,0.514588008204399,0.033858848074985015,0,4.13208182000819
2019-07-01,0.014525626173691615,0.027560815458385804,2.706921956055157,0.47789492904088066,0.027413009615081432,0,4.18662589946129
2019-07-02,0.014509885661969764,0.027563579281498385,2.1728608474426676,0.4397744074135242,0.01789681724635485,0,4.183203148119429
2019-07-03,0.0145733358313456,0.02755325979574021,1.7230481576431407,0.3868172817541633,0.01271249811627324,0,4.2453212439052646
2019-07-05,0.01450720513768294,0.027299531727213455,1.3137288839552417,0.343218819286958,0.018207870588609135,0,4.231430563541852
2019-07-08,0.014532375734237189,0.027320403918885433,0.953018354287665,0.30504021770787915,0.025650146251771342,0,4.192882457344089
2019-07-09,0.0145709426982268,0.02737385560655381,0.6269474691184025,0.26357673075377563,0.020466337801317815,0,4.229368583403489
2019-07-10,0.014739367802104811,0.02756913401427585,0.3110747295452425,0.21427026433923899,0.03202946647151854,0,4.30401865926143
2019-07-11,0.01472500967121339,0.027690362081390026,0.016195150840701993,0.16589109072751204,0.036506328789125325,0,4.318985196251186
2019-07-12,0.014745714832805554,0.027728584305373356,0.3476689783503083,0.12121905976727027,0.03994245046958685,0,4.349823192141924
2019-07-15,0.014731575999994124,0.027750092124071923,0.6787379081725968,0.08401284357675895,0.039857837103809184,0,4.3638199784646075
2019-07-16,0.014717716617988123,0.027600361420434108,1.0080703089679162,0.05557561376471553,0.036893840157102634,1,4.356194368440342
2019-07-17,0.014609103596479125,0.02748138769116316,1.2837372287915891,0.031078850659836135,0.043325972051077945,1,4.349763938269441
2019-07-18,0.014808495152117974,0.02769675483442741,1.439205187950009,0.016729076194776468,0.04861086410947588,1,4.265058000823253
2019-07-19,0.014851120969451232,0.02784438473497869,1.5767319487501463,0.007301518122643609,0.06102904269871419,1,4.225602628342834
2019-07-22,0.01480847835068015,0.02772042584591461,1.7427220606629652,0.0010291607834341558,0.05538597804819674,1,4.247206599826696
2019-07-23,0.01475706909056103,0.02766214020033669,1.928181631363462,0.0011624805395815503,0.049004602827323614,1,4.278795104315663
2019-07-24,0.014785474379275097,0.027797857545285038,2.1086726699239517,0.010629731331636194,0.06620232976860889,1,4.333773206898833
2019-07-25,0.015231532305305854,0.028003859041685803,2.2234403136848884,0.024468294404366733,0.03566670706766107,1,4.207365737710919
2019-07-26,0.015363484417908316,0.028097528939701386,2.3808030034125682,0.046279653770878296,-0.00385853997462793,1,4.285003622007097
2019-07-29,0.015328362308126824,0.028111332729726265,2.5296853800959345,0.07818878915911363,-0.0012716784622139152,1,4.274834015349502
2019-07-30,0.01520103096849012,0.02797519716568904,2.6677848032124154,0.11173381050760688,0.008005931448185555,1,4.273389424318978
2019-07-31,0.015301437154122048,0.02811061459298546,2.689169892402989,0.14332726696713535,0.00281149831704006,1,4.209981608917345
2019-08-01,0.0153753300680399,0.028274265795089723,2.6958603501552196,0.17814869347781742,0.01908940494297858,1,4.150636916424035
2019-08-02,0.015217437743290235,0.028253811420551955,2.694214927166574,0.22873735232793552,0.0179044789633887,1,4.10088658328977
2019-08-05,0.01594264235258564,0.028546475262396783,2.4679219146812157,0.2563201883177593,0.05322406589354187,1,3.943326774700266
2019-08-06,0.01574001178667971,0.0283892650841323,2.422300929756805,0.2764384429853685,0.011968338752654887,1,3.990197776745974
2019-08-07,0.015729595284148443,0.028560880483519114,2.319677253326253,0.29666843507972296,0.008977893594452748,1,3.999276772793548
2019-08-08,0.01605449412927835,0.02859576719549252,2.162553459532521,0.33048530928039416,0.01223957693882132,1,4.107448592829801
2019-08-09,0.01618426302829948,0.028509161874540348,1.9871639242587305,0.3499260890192416,-0.01848673490062303,1,4.037662013302407
2019-08-12,0.015348783660298564,0.02809870501152406,1.8355768961577412,0.32595998958217665,-0.01881508784213838,1,3.9872334863774443
2019-08-13,0.015525454570839651,0.028233885001675493,1.5952336811669137,0.32221683395885314,-0.0161909467262098,1,4.066194908612851
2019-08-14,0.016278352490543716,0.02840942390994845,1.2491302465880765,0.29633663331754934,-0.07455139055016986,1,3.894665789299592
2019-08-15,0.016262750626577165,0.028455874074595298,0.9845139378706247,0.27615841171254923,-0.07588178369377052,1,3.888083993796292
2019-08-16,0.016204311922423546,0.028382431422568636,0.798709763625631,0.258284789620824,-0.06712394008357929,1,3.9788517505311636
2019-08-19,0.016406258360339557,0.028388061654611937,0.6634937465570453,0.24780819775119436,-0.056399960147496216,1,4.090234791248905
2019-08-20,0.016470167696524377,0.028313642920942166,0.5013939871627183,0.23304447877155088,-0.07017622348044618,1,4.029032295660608
2019-08-21,0.016426594489057696,0.028224598635078358,0.31557857801650036,0.2147729256056871,-0.06610704011242462,1,4.0367461076366355
2019-08-22,0.016306388487288017,0.027965988659790653,0.07187895848705106,0.1884165188534341,-0.0768922088264851,1,4.027227665322435
2019-08-23,0.016852641640483973,0.02820163951488276,0.1558507777999658,0.14182235070895902,-0.07489615451783356,1,3.8892921606492683
2019-08-26,0.016954776432155327,0.02812748618500188,0.40203171726832054,0.10874833953886877,-0.09968330204745735,1,3.946755269981388
2019-08-27,0.0169117608189249,0.028145188088329554,0.6672043770763526,0.07377876521804878,-0.1045481616291804,1,3.921229163017607
2019-08-28,0.016913850823525995,0.028153054339133815,0.9267884932324556,0.04543180593187289,-0.10632334221706097,1,3.9299937495229598
2019-08-29,0.01691126232240499,0.028186237170279252,1.1246355397232632,0.02405568428655657,-0.10617243182009828,1,4.016704502725709
2019-08-30,0.01609021731850595,0.02764491313093111,1.3887022724131397,0.004396137353870412,-0.17219755241314982,1,4.018182540681822
2019-09-03,0.015214195966224527,0.027195040798001568,1.6284868671654795,0.00024247491138196055,-0.07385374177816256,1,3.9743563575744845
2019-09-04,0.015263781665132698,0.02707909883159787,1.6380939816657412,0.009404091182871088,-0.08648494019093926,1,4.013680024525699
2019-09-05,0.015624441086074579,0.027225510642704755,1.5772785290585714,0.023024353707807716,-0.06802800091736871,1,4.133419094031409
2019-09-06,0.015540496314211134,0.027035967641542178,1.571833182937017,0.0418247351698043,-0.0971822830540908,1,4.097274303378551
2019-09-09,0.015459077559672999,0.02678501571049678,1.6164700071888125,0.0575259819865072,-0.11593359504563834,1,4.130416200762122
2019-09-10,0.015421583522022966,0.026771557966191573,1.5983898350811703,0.07311733197715753,-0.12520215365959558,1,4.123663538379846
2019-09-11,0.015356858136407987,0.026667926370490477,1.5344216387057412,0.0962323274490279,-0.11850344529274669,1,4.180014370561582
2019-09-12,0.01530270757490635,0.026681458137087773,1.5139214839455766,0.11553646015949187,-0.10669437188731297,1,4.190380922087268
2019-09-13,0.015300284647786034,0.026564184353360182,1.355274075775879,0.14056755438040644,-0.1049378268342599,1,4.192660754840389
2019-09-16,0.01504929244171814,0.026371607936047148,1.2035753048719318,0.15556525638530605,-0.10085670901214124,1,4.159216240635408
2019-09-17,0.014966831848001102,0.026006170518589337,1.077498620068714,0.1547059339384287,-0.12899748978885497,1,4.189908773915483
2019-09-18,0.014975800486245475,0.026050283562486714,1.0400551387472243,0.15574326575578412,-0.13617691972563228,1,4.165377531004342
2019-09-19,0.014975638266773991,0.025950874131002357,0.9556752042870278,0.15706523441138806,-0.13569863901891796,1,4.163067249865155
2019-09-20,0.015203889810916546,0.02619487802859039,0.9050357908788659,0.1708076284519824,-0.1322469124251722,1,4.075032284526382
2019-09-23,0.015203900601202127,0.026334820815853695,0.8648889722646844,0.18448365272330114,-0.12613143895996318,1,4.061297410866479
2019-09-24,0.015564762106201656,0.02660842787352435,0.7877015542368648,0.2357059959256928,-0.11144509484669005,1,3.927345011349989
2019-09-25,0.01581797715513663,0.026764189693389586,0.7068073806343854,0.2679837412724292,-0.1471058744940822,1,4.021555273376502
2019-09-26,0.015748143928870074,0.02681300972242051,0.6041060334499804,0.2876120767041428,-0.1478408539548888,1,4.0325571631000985
2019-09-27,0.015815347028479837,0.02704723802307406,0.5238159155379379,0.3121133139158917,-0.15295510878725696,1,3.984000449900021
2019-09-30,0.015743083233562032,0.026843066242790318,0.4898120067147221,0.3210157845535327,-0.16084896856628503,1,4.006028160259979
2019-10-01,0.015742834787458904,0.026985435690076897,0.45619341911581857,0.3298869620974939,-0.1613537653583941,1,4.0043496512328405
2019-10-02,0.015683197608956312,0.026952985608780178,0.39654765960525,0.3333246256792586,-0.16201440755753319,1,3.9638219761855606
2019-10-03,0.015713426610563228,0.027352722277779785,0.35077776665434834,0.3321944625112485,-0.1655927954404462,1,3.9971035788833618
2019-10-04,0.015702466421664653,0.027424120957667903,0.3886151819298888,0.33078304707817474,-0.1614099388700339,1,4.0283982978952455
2019-10-07,0.015682120684798437,0.027462340800619017,0.37929644230888254,0.3173769243104033,-0.15303952266014165,1,4.052398636288693
2019-10-08,0.01562294989967713,0.027370201431533885,0.40621553069260347,0.3035821957844461,-0.17071144794663667,1,3.995833322298171
2019-10-09,0.015664716878604913,0.02735281576398521,0.40245835646716943,0.2796031628764688,-0.18569100278203426,1,4.034660764532163
2019-10-10,0.01570387380357332,0.027457688917759644,0.40997792231165703,0.2423361475653229,-0.1784412296424181,1,4.080372563953974
2019-10-11,0.0157729368003376,0.02753399785320665,0.39663245530716873,0.1931505531671557,-0.1689752213800107,1,4.129896378255347
2019-10-14,0.01580362760969986,0.027586360129928045,0.3717101516088067,0.1398692432662364,-0.16030603814416183,1,4.16296330443044
2019-10-15,0.01600354233956682,0.027865559801510273,0.2814338169557502,0.07843674789805556,-0.1467371517862716,1,4.246511241428736
2019-10-16,0.015816767576302466,0.027609335752454455,0.23559112620243097,0.0376176988970238,-0.14487451164242243,1,4.25581575922295
2019-10-17,0.015810972020051595,0.027682470539454083,0.16093673219572774,0.011390948626338628,-0.15713201512698755,1,4.292433123842574
2019-10-18,0.016098836352578385,0.027915347232735307,0.12708886285867832,0.0017832011542891675,-0.16435136022199162,1,4.186867375665475
2019-10-21,0.0161250220429286,0.028022905034883746,0.0051514554094441636,0.001756330525062342,-0.17925167317657273,1,4.2304743029933665
2019-10-22,0.016148255054200093,0.028052818336028882,0.11005989919363851,0.016869540954009728,-0.19393795533696656,1,4.168829204251248
2019-10-23,0.01575059533537624,0.027582987601457495,0.3169476939187405,0.037564442136964186,-0.1814174223974085,1,4.1987821520798265
2019-10-24,0.016131960683380315,0.02763203290079989,0.5211518827399002,0.09362924283044287,-0.13328605282381467,1,4.338452004738464
2019-10-25,0.01645364465783301,0.02793330067380719,0.7574833924226043,0.17606643711149234,-0.0745460449407386,1,4.450415623791531
2019-10-28,0.016509110656210694,0.0280118464057361,1.055786100776276,0.2724691336851267,-0.05854021683309934,1,4.498202781007081
2019-10-29,0.016503451623710575,0.02784405871575557,1.298840396810623,0.3534734606212731,-0.06838860654978367,1,4.433267750254973
2019-10-30,0.016426218265125157,0.027599284562406942,1.5482282941540695,0.4178207216851217,-0.08756664255682298,1,4.460767082009689
2019-10-31,0.016357801068436834,0.027569561337503528,1.8139301524158045,0.46696331029262284,-0.10150123662004759,1,4.453913745317443
2019-11-01,0.015637788818522586,0.027092613931694598,2.1134711497398233,0.4820511662880842,-0.14163290679849522,1,4.476103867098793
2019-11-04,0.015707253816618715,0.027110179797286596,2.3409362272162078,0.5036290447222885,-0.1196087115757321,1,4.550796600828254
2019-11-05,0.01571257239033119,0.02685489555246676,2.5531464594552062,0.5264028041369104,-0.12490478662970725,1,4.532762035200199
2019-11-06,0.015338837579187222,0.0266691189563914,2.906224508747161,0.5697869624746221,-0.12710574443690106,1,4.535874145803181
2019-11-07,0.015208042067940138,0.0267035792713828,3.189078553211509,0.5972805964710932,-0.0989131734219384,1,4.56344940140283
2019-11-08,0.015128336134355257,0.026569375173241098,3.4204579125638945,0.6153625739258088,-0.12039986430224892,1,4.572174058077313
2019-11-11,0.014923251192931754,0.026338270117712465,3.671551802976982,0.6456299663805929,-0.10409305772652881,1,4.581207971990202
2019-11-12,0.013972535069257488,0.025859250082150065,4.0790191016927295,0.6515787144115684,-0.05204264385041254,1,4.613207315065326
2019-11-13,0.014043116187504761,0.02578061887574014,4.1204184217018485,0.6556656905331544,-0.0776714849323001,0,4.561131044442921
2019-11-14,0.013769922365768631,0.02559234832645807,4.303024073328882,0.6684974378785697,-0.07733606482363417,0,4.5982694614772255
2019-11-15,0.013317330399395207,0.02542249008947423,4.563822385143435,0.6966537035846502,-0.12822162684384145,0,4.6137295505948455
2019-11-18,0.013260320431924846,0.025534525689521737,4.796849539424642,0.714600146076665,-0.09141441880280665,0,4.6660168930654
2019-11-19,0.01326032587750373,0.025507322290302458,4.97991949617287,0.7326281467297207,-0.09354660209062664,0,4.674961328556563
2019-11-20,0.013262328054701721,0.025554401794537135,5.204937857204602,0.7481747882557594,-0.09349059943776725,0,4.661010334656671
2019-11-21,0.012546806793968962,0.025192835696800225,5.6770144744494955,0.7505736560908568,-0.11788831759857614,0,4.675521552290341
2019-11-22,0.012463643995396415,0.02527379293476834,5.761063144153344,0.7545583522767421,-0.07942566514617075,0,4.631847205448719
2019-11-25,0.012632412895766764,0.025275696210982235,5.669213918277599,0.7578670289970798,-0.08610825795789447,0,4.713223161962541
2019-11-26,0.012652171946336525,0.02522551774072292,5.592906117447758,0.7601918784372532,-0.09973242823715359,0,4.684759541186804
2019-11-27,0.012389830071858406,0.024999278493935188,5.748082565821365,0.7691002369915336,-0.10520696829711819,0,4.724767056415688
2019-11-29,0.012408657992733281,0.024776574161049267,5.738852120827029,0.776266892691326,-0.10713000490482881,0,4.699083110509201
2019-12-02,0.012410945620306361,0.02485306217723868,5.700685629642847,0.7763683903407838,-0.09820458366007062,0,4.647065526127685
2019-12-03,0.012357106344586725,0.02485343879118221,5.672156591578552,0.7769149914000735,-0.0784034722007853,0,4.629747482158861
2019-12-04,0.011772287538528686,0.024543270707913272,5.873278855761137,0.7885963428383267,-0.10438499139938955,0,4.634328266774566
2019-12-05,0.011726822857758116,0.024542082096032692,5.811110767492111,0.7935447219925114,-0.07394227766996031,0,4.6203031456211265
2019-12-06,0.011780415460234938,0.02440114646877317,5.740436212606854,0.8044667045985675,-0.07225278497394916,0,4.675899896584341
2019-12-09,0.011778689990361415,0.024296178425097802,5.669422959876247,0.813023118650103,-0.07219084052969942,0,4.674336494408658
2019-12-10,0.011652398436560666,0.024216770948192853,5.667396982142081,0.8267127665224876,-0.0669454571464903,0,4.671724323151483
2019-12-11,0.011716121421682919,0.02408870542296498,5.595734900937262,0.8430489820619732,-0.07045257037558761,0,4.718433292876143
2019-12-12,0.011734775616017564,0.02426092051416184,5.532797469375616,0.8594415677156131,-0.06687284957134026,0,4.743336535275135
2019-12-13,0.011697779152267886,0.024249512836119296,5.523269130320671,0.8695754017065328,-0.07086134209496843,0,4.729094539532574
2019-12-16,0.011945121291809468,0.024411977349576498,5.413973397203373,0.8859005755783802,-0.07473436927181662,0,4.82634298260869
2019-12-17,0.011977408630785098,0.024376103225269254,5.407340037565453,0.8991696965954705,-0.05435165712636098,0,4.8702971690632
2019-12-18,0.012078618422408543,0.024436617021408324,5.3571510291765705,0.9118374296450729,-0.04973526826580528,0,4.930675905059078
2019-12-19,0.012025122965405283,0.024247453571394684,5.390310453064382,0.9163129203577848,-0.04126044095918815,0,5.02499838757006
2019-12-20,0.012032640135049524,0.024173864725649728,5.416193419252946,0.9195428124522033,-0.059467282976550705,0,5.048967971630059
2019-12-23,0.011302347036419585,0.023732674714601665,5.747681398327717,0.9193449641263318,-0.0981186166717733,0,5.068026767563332
2019-12-24,0.01089086231129461,0.023295005294416807,6.022225824420127,0.9202087800684068,-0.0014866924491037192,0,5.069716812719611
2019-12-26,0.011030627345741905,0.02313370772969804,5.971787951770215,0.9205767886792409,-0.0038077041128675316,0,5.141504299551089
2019-12-27,0.01093876333338213,0.022912861348923435,6.044529432997919,0.9205334755588173,-0.01931365974723,0,5.119785813557265
2019-12-30,0.011176883772524114,0.023017361631274075,5.854874512353119,0.919515966884914,0.012877100810625118,0,5.02232949210034
2019-12-31,0.011190884784488353,0.02286755423467278,5.821975804377863,0.9186174018574896,0.0108750096291536,0,5.044736825149826
2020-01-02,0.011491989843383664,0.022878304231758306,5.739638108432692,0.9193968316871233,0.0046670866176097316,0,5.161172844519761
2020-01-03,0.01145160274736856,0.02257800582142629,5.847780353416119,0.9198470915546977,-0.007361423594526027,0,5.143203978591646
2020-01-06,0.01165871487061229,0.022715011593787738,5.888194180288037,0.9197187726049989,-0.024903760930840565,0,5.241174063567425
2020-01-07,0.011662006406099433,0.022658176644113345,6.068482870513656,0.9193364071625721,-0.02117988720787174,0,5.274459095040987
2020-01-08,0.011670058659100585,0.02269599742727324,6.21702296124497,0.9197628812511909,-0.014369328449446432,0,5.350285797359219
2020-01-09,0.011606894630887111,0.022737419093217987,6.422670255787783,0.9198753474749563,-0.0061190605261948056,0,5.357449950543147
2020-01-10,0.011530764542460787,0.022626177506625388,6.644335677151199,0.9200810040039786,-0.007032854687600994,0,5.335107992022339
2020-01-13,0.01209671788567701,0.022773769317856612,6.562307641574064,0.9158562218120999,-0.044609171509549746,0,5.502951885572563
2020-01-14,0.012066381585028697,0.0228364673033489,6.786766693762965,0.9137440530754248,-0.07580080984395338,0,5.479651985874623
2020-01-15,0.011815633653274805,0.02259164013823714,7.168375278689033,0.9139789409368336,-0.07292764438173095,0,5.451974882064688
2020-01-16,0.011821162625495436,0.02260956621088543,7.333113223039634,0.9143570549387661,-0.0694063915650061,0,5.471658096157446
2020-01-17,0.011774797715082384,0.022410951717120625,7.511711858161963,0.9156690227106884,-0.06830388895337362,0,5.4840228140362015
2020-01-21,0.011469162421135218,0.02224714641763865,7.8144788651324495,0.9148943274600262,-0.05597018400042993,0,5.552797551304189
2020-01-22,0.011396613848249486,0.02231222440542154,7.908266334681761,0.9143811024695586,-0.03746902016738999,0,5.56385629449569
2020-01-23,0.01137252682588134,0.022284459795048173,7.965711873659496,0.9137696475563082,-0.02479897019750721,0,5.63804191691998
2020-01-24,0.011375849943332414,0.022460157532935104,7.9772526387013025,0.914009796269998,-0.03391659043573755,0,5.595705352599134
2020-01-27,0.010963615065519553,0.022344138575818278,8.27031174029979,0.9137834511393191,0.004833986867487593,0,5.467327536231584
2020-01-28,0.010700163863771076,0.022049677843700165,8.493590877590183,0.9175359787636935,-0.15077573189385451,0,5.563037383284326
2020-01-29,0.010634878491056645,0.021955000322311697,8.616027527277597,0.9231034240091639,-0.17612477682976946,0,5.59223527017843
2020-01-30,0.010556663199709906,0.022321869068022426,8.846017347584961,0.9252953840854451,-0.15815920140824244,0,5.64925656377689
2020-01-31,0.010528999876074028,0.022648119188403888,9.021070687088619,0.9279507322409728,-0.16004187209020818,0,5.641828917421909
2020-02-03,0.012232268865966846,0.02319578349394959,7.930040330308254,0.9266830795033898,-0.16979941686772432,0,5.920787542507616
2020-02-04,0.013071821487578364,0.02398337164971505,7.682010855646648,0.9200255249975012,0.03032957331465541,0,6.139392224502772
2020-02-05,0.013322893216663112,0.02441891226071551,7.682173481949386,0.9240062264065391,-0.07760491207822899,0,5.977429194956309
2020-02-06,0.013364006158265582,0.024822827768354636,7.79753016317453,0.9266512342021079,-0.07901208903640433,0,6.032482289952483
2020-02-07,0.013365786026616701,0.024911706627651093,7.8898436856361975,0.9296721929472603,-0.08393886044100382,0,6.043717375445519
2020-02-10,0.013653374861801898,0.02511538021417724,7.870168847101015,0.9317968391253451,-0.08710859377601393,0,6.182393299220522
2020-02-11,0.013653232920804505,0.025320452598004892,8.03785180547693,0.9348389462905364,-0.09075929811197525,0,6.193811509744466
2020-02-12,0.013695062903395713,0.025302615697734065,8.09509075760774,0.9378646274588837,-0.09273511659274503,0,6.247798893363766
2020-02-13,0.013704177732941846,0.02554672573042496,8.212781147550745,0.9418589361022042,-0.09101342237390962,0,6.297984940054499
2020-02-14,0.013696425065677626,0.025658218238117866,8.36964402533327,0.9434196543542002,-0.08726400863307229,0,6.365243077229224
2020-02-18,0.013983543993391963,0.02588286786284552,8.397239248027745,0.9442659577075582,-0.07275873897503571,0,6.51680900526404
2020-02-19,0.014260386506948263,0.026083047539374668,8.475413266363013,0.9438431258605254,-0.04088449025730403,0,6.663097750153941
2020-02-20,0.014255483733718207,0.026236269663440392,8.666029473559156,0.9478759916467736,-0.06459674873724976,0,6.590220153958879
2020-02-21,0.0145129868141129,0.026433574950661214,8.644242842840557,0.9533754154960019,-0.019713678665002385,0,6.447290338096251
2020-02-24,0.01585410667387618,0.0270593867408593,7.886778315994781,0.9541587104756973,0.09678763150886815,0,6.120149090481314
2020-02-25,0.016230603284768358,0.02763212451279411,7.648288736513352,0.9490333778930665,0.20044207016903715,0,5.950242553503129
2020-02-26,0.01623177608294561,0.02790575259535369,7.669541284832392,0.9433318554787271,0.18275356212486826,0,6.00658290026206
2020-02-27,0.017627123962384975,0.028562903534791365,6.945006557655926,0.9214744146372071,0.15755679609117618,0,5.662311163325888
2020-02-28,0.017687196606899932,0.029496853907264555,6.8081262018348765,0.901889235321329,0.11736951562987348,0,5.736164821943085
2020-03-02,0.018494152384828405,0.030196422437082603,6.457365001224802,0.8944593623299381,0.1349409235293887,0,5.987008139630532
2020-03-03,0.0188622591493842,0.031180881193476662,6.226281869111757,0.8762199348497663,0.06461965290042439,0,5.80781020853586
2020-03-04,0.019347269348654873,0.031474826590203855,5.897751366523726,0.8657424420818507,0.006729709068668474,0,6.016411328254536
2020-03-05,0.019839672384824213,0.03183311966670933,5.436084139278183,0.8430216862708662,-0.05268756317289477,0,5.805448675549038
2020-03-06,0.019983775159936833,0.032291176094893716,5.117822100610561,0.8115266060382603,-0.01464554683632869,0,5.694913919653337
2020-03-09,0.022125612254626958,0.03348968552765163,4.235901853053778,0.7374253281548782,0.051561082265861105,0,5.26528861533241
2020-03-10,0.023115625486949242,0.03420943741244567,3.7617552369333964,0.6923356060618194,-0.08171250390730858,0,5.5520670998289505
2020-03-11,0.02367981986096936,0.034852748189355874,3.284704820387945,0.6236047959367743,-0.14164971767712436,2,5.325625745870562
2020-03-12,0.026739569086443805,0.03623706020954995,2.438909989771209,0.4876466714567391,-0.011922172922202507,2,4.8005891188337175
2020-03-13,0.028093724464214022,0.03774395685464412,1.9405072614131644,0.4050750385077534,-0.15357313552200422,2,5.132416830943457
2020-03-16,0.032664428649528815,0.03966305114549717,1.194311095734291,0.254184948429462,-0.28281484382055516,2,4.453007520861247
2020-03-17,0.03318139701214573,0.041219974624982315,0.7351524551696497,0.15895622762181028,-0.32933324075876397,2,4.659655298179679
2020-03-18,0.03355702110256034,0.04255036542115211,0.2242310033216018,0.07864666009306438,-0.3492659570886045,2,4.451155039365281
2020-03-19,0.03444938650749373,0.04416841754134652,0.24189058113935172,0.03721521852049716,-0.37749131646844847,2,4.729350222488056
2020-03-20,0.034493609562802334,0.04515541415486087,0.6977259638739562,0.01089999272571725,-0.3842567535099471,2,4.641408101271367
2020-03-23,0.03453226189211007,0.04596329947658972,1.0926305646258148,0.0009772439599595342,-0.3923560038238333,2,4.748666927066459
2020-03-24,0.03611705282802888,0.047291672966805226,1.2812661352538297,0.00025308821129716276,-0.3509487721680624,2,5.148134271104786
2020-03-25,0.03614465582082484,0.04804856576130736,1.4883903931150704,0.004309933849666416,-0.3484321211805857,2,5.087240018797703
2020-03-26,0.036452458479923525,0.048863377107395155,1.6622546293041043,0.011104918904076031,-0.35088244595047474,2,5.278122256760471
2020-03-27,0.036590679796296516,0.049340432922992415,1.7842541856798697,0.02229894078537017,-0.35947614883515744,2,5.125461045603806
2020-03-30,0.03680450493133279,0.049882538275404266,1.8930731344801794,0.03471043668740755,-0.36605978901956415,2,5.2880722055606135
2020-03-31,0.03674776183577758,0.050278830284395316,2.070559308009331,0.051791809256947714,-0.362963135941479,2,5.340795210697378
2020-04-01,0.037299286303414544,0.05096740203751027,2.2157149736066293,0.07950815081455283,-0.3624279553343923,2,5.068847123056294
2020-04-02,0.03718857594566832,0.05130128282721888,2.4309575089624365,0.1074021636305503,-0.36041385308297746,2,5.087251966444954
2020-04-03,0.037211062251526816,0.05182252882261451,2.6031177263171688,0.14199267662641027,-0.3605874737144495,2,5.032103135261472
2020-04-06,0.038217950077510755,0.052544892314326234,2.61424572139937,0.16179256424032665,-0.35914717851582584,2,5.393140404815665
2020-04-07,0.038214017412123935,0.05304150350563694,2.590027164450036,0.1803352312428533,-0.3482390557198172,2,5.418085962113564
2020-04-08,0.03823138459689111,0.053124634164525814,2.6104755817412797,0.19186303694074333,-0.34826858001028066,2,5.5104030026365
2020-04-09,0.038237180175363115,0.05324567651462655,2.5747758913541503,0.202246918708794,-0.347377818779866,2,5.540440155364048
2020-04-13,0.038732273962961555,0.054012140256531255,2.3417729801568696,0.20114388678737907,-0.34107993680633647,2,5.812888914411481
2020-04-14,0.03904941038673784,0.05452412225023185,2.153200977380498,0.17774475100893922,-0.3085633529597024,2,6.106068038876586
2020-04-15,0.039058089263335,0.05481729298004673,1.805505959908575,0.15585519659999314,-0.3015061363928912,2,6.153614728927055
2020-04-16,0.03916200794238667,0.055369350443356634,1.4930486966260095,0.13190356697846967,-0.3004205048850317,2,6.296294855590895
2020-04-17,0.03916031813000103,0.055644901014841014,1.130065546221801,0.11121386456787802,-0.3008786653876285,2,6.28265041060187
2020-04-20,0.03915944508601112,0.055977986945129926,0.8405658485137835,0.0932999500152152,-0.30060300916525673,2,6.277035046871292
2020-04-21,0.03949888154152709,0.056587913708665595,0.5538990085191173,0.0837531274358505,-0.2956966655599295,2,6.007828270581799
2020-04-22,0.0397668087291439,0.057036928295093436,0.2704487963699201,0.06893807756082376,-0.3067413285204608,2,6.227908774693504
2020-04-23,0.03973185247296125,0.05711013628182937,0.08092155315844242,0.05428498400171223,-0.3053555449136867,2,6.238154575458188
2020-04-24,0.03975499034943985,0.057132288758561516,0.13043580519104275,0.04121305458394434,-0.3045092667375938,2,6.320027427222766
2020-04-27,0.03969149913430348,0.05720030440748297,0.30028721826370763,0.03131793206824061,-0.3067656193521371,2,6.4112994407003745
2020-04-28,0.03980732830129433,0.05746169019679257,0.48648573042734916,0.024577493910115947,-0.3062332350259836,2,6.22040045639294
2020-04-29,0.04017754128534275,0.05799409072562519,0.6660533088312993,0.01547574065613722,-0.31602468343549905,2,6.4910463443409245
2020-04-30,0.04018834480157853,0.058139945215309796,0.8520148901921702,0.007746054116211915,-0.3097699715268542,2,6.572809726150154
2020-05-01,0.04054635302544487,0.05839828387176319,1.0556902977986007,0.004319233394699734,-0.3105051002306975,2,6.2921991733428975
2020-05-04,0.040240087145932524,0.05813092350798194,1.3144191795801903,0.000603318328244929,-0.31983513718039014,2,6.4794939285566135
2020-05-05,0.039978653904886835,0.05752587179112776,1.6078540324343868,0.0006775884312172441,-0.3390772520642208,2,6.52147332314613
2020-05-06,0.039870208382434526,0.05708784208329628,1.8141475195510082,0.005074891743193372,-0.331923286885617,2,6.601456988872472
2020-05-07,0.039875843415112494,0.05679918276991503,2.022344682943942,0.01424342693251177,-0.3302756811652222,2,6.671674123055319
2020-05-08,0.03992448859679657,0.05679569174229456,2.2210937892504323,0.028638694939345684,-0.32881552110166457,2,6.776745779600087
2020-05-11,0.03984238768869377,0.056644491465192015,2.438298338105771,0.05051456507113954,-0.32789211438625143,2,6.849073605087124
2020-05-12,0.03990978918698929,0.056740041851163624,2.5750569638944687,0.07567622888079137,-0.32936658037819466,2,6.7224005062456555
2020-05-13,0.03990816661137246,0.0572320373979218,2.6542052390422395,0.10541270090657091,-0.326412737378012,2,6.667041443142403
2020-05-14,0.039930450927481174,0.05726243475644006,2.736149564717533,0.14240461189944473,-0.32774306766893035,2,6.755642634015999
2020-05-15,0.039987524968704294,0.057395832980472745,2.808219831852865,0.18878440169153168,-0.32566606491188893,2,6.890992724221519
2020-05-18,0.03990327151828408,0.057370628955257796,2.9116899299392265,0.24810875269949106,-0.3259684346551423,2,6.973376656380482
2020-05-19,0.039804173698305696,0.057197314911828064,3.028641501850687,0.32147140237633154,-0.331735434966076,2,6.990854861829902
2020-05-20,0.03986826574240813,0.0571070634847707,3.197831196433486,0.400547073225041,-0.32930625059384155,2,7.137717743203748
2020-05-21,0.03978754937936781,0.057108245965000054,3.3204492317251093,0.4752749953687591,-0.3347692022085375,2,7.080031699843906
2020-05-22,0.039271982146574125,0.05650075469116551,3.460749147198291,0.5328093213870401,-0.35349360009998265,2,7.0983936191369175
2020-05-26,0.03914982348322478,0.056170603488919425,3.530730039921835,0.5789639860536797,-0.37721098052232066,2,7.006611278756747
2020-05-27,0.039135677900152994,0.05631219101989674,3.573960091286814,0.6274194765423037,-0.3752323556537785,2,6.9753644801829395
2020-05-28,0.03848350635220039,0.055729565988636647,3.682129150895491,0.6545780123091124,-0.37717742204803073,2,6.907031025113171
2020-05-29,0.038535810409062,0.054964770263152524,3.694167514266675,0.6870716951248937,-0.38032737846230397,2,7.049240587592115
2020-06-01,0.03823085283272154,0.05453781878809231,3.7601744334352976,0.7349066698858453,-0.3834763875363244,2,7.1966791736700015
2020-06-02,0.03804450224252147,0.05373757010384996,3.856720141077196,0.7712612648562639,-0.3745697449080199,2,7.19216560974135
2020-06-03,0.03777897439716903,0.05328913495728007,3.936438000293541,0.8180090153491825,-0.3663749960042269,2,7.158692096583055
2020-06-04,0.03755772179263887,0.05306662109431246,3.9778770279744635,0.8497990923484778,-0.3551920120523882,2,7.062805770620834
2020-06-05,0.03754210560299059,0.05279587673560562,3.9884444161908332,0.8764318226506749,-0.3710985281639336,2,7.182796671133185
2020-06-08,0.03636209031783031,0.05182121820564481,4.091154684905446,0.8846702973913374,-0.4070466079037255,2,7.283640413350888
2020-06-09,0.03579311481828894,0.051395059677942716,4.148896983217485,0.9044100239608805,-0.37787774640864275,2,7.425642242782278
2020-06-10,0.035552301869577724,0.05110328643004824,4.15811621789394,0.9155792120163145,-0.3551609720544199,2,7.6046331682522395
2020-06-11,0.033759857037076124,0.05023562506437763,4.294710184625918,0.9101563154939996,-0.4612489547189885,2,7.2738222200706
2020-06-12,0.03261985278189855,0.04927839679165772,4.399122841416331,0.9081691528941607,-0.3971730537715499,2,7.250272117571588
2020-06-15,0.028182933974632413,0.047662003389860284,4.96211489460457,0.9063141888951954,-0.32954852713520094,2,7.416788374201663
2020-06-16,0.027592155109428335,0.046335615420287905,4.937965157951032,0.9029484553708582,-0.2801657746076659,2,7.482145159254448
2020-06-17,0.027048399636496575,0.04495863817254034,4.869757236519772,0.9064161497179883,-0.2466590578406514,2,7.567583318268278
2020-06-18,0.02587756782295374,0.04331528768572158,4.9494534014983556,0.9049940416988618,-0.1925227631264886,2,7.578927213389082
2020-06-19,0.0257760649875467,0.04229894982954094,4.782620636582146,0.9075856515927048,-0.16281564493881576,2,7.608731284320746
2020-06-22,0.025678026311474766,0.041490101746712534,4.661064342070835,0.9107415459958147,-0.15479174460027306,2,7.7206153911484
2020-06-23,0.02340106426679932,0.040207934084910156,5.018824918832086,0.9089850616353855,-0.2027166775786124,2,7.767056725048458
2020-06-24,0.023558736389159843,0.039792305869155255,4.8747983761957245,0.904734433920862,-0.17267068431285565,2,7.575794760239088
2020-06-25,0.023159671389356245,0.039224924869016214,4.901672083777103,0.9011854644887345,-0.16395753509336472,2,7.691516387823953
2020-06-26,0.023564968094301197,0.03927890049795201,4.699248752457302,0.8907712590977828,-0.1428159395243739,2,7.345003944496422
2020-06-29,0.023332225409013117,0.03913358049017405,4.6305649030368174,0.8821671196981294,-0.13186716864487397,2,7.4761703960672286
2020-06-30,0.023648094514946975,0.03898784862352469,4.462168636979825,0.8783016843411245,-0.1251180850747044,2,7.716608171913096
2020-07-01,0.023200705947951098,0.03872840815288052,4.45310362466659,0.8854350627003441,-0.09752278941926901,2,7.991853348956441
2020-07-02,0.023251233328913098,0.03867403726273847,4.3777688444890925,0.8964691579977304,-0.10404378948850534,2,8.093274638931515
2020-07-06,0.02405725551053158,0.038663419638197576,4.251769307284322,0.915167461142995,-0.09715316706307112,2,8.499538890264938
2020-07-07,0.022295012358680442,0.03798657449084075,4.621743846714713,0.9198847814484822,-0.07400117508775463,2,8.489085411781817
2020-07-08,0.02235807222419606,0.03775984302513114,4.635980633005565,0.9247759626776902,-0.0746159921771011,2,8.608775809530085
2020-07-09,0.022366058097267785,0.037770551091064836,4.657353867333876,0.926401988270578,-0.07119107735005988,2,8.761036270930228
2020-07-10,0.022773720433082043,0.038112675787603384,4.597843510587214,0.9230612628221848,-0.05997320964686809,2,9.063136557700282
2020-07-13,0.022260345173760382,0.03852525852018862,4.812736989153551,0.9214708302500485,-0.09201564977158275,2,8.782089051663926
2020-07-14,0.021356590712876235,0.03838762834182321,5.185171957097529,0.9201688967275903,-0.16480175165091435,2,8.850339823746484
2020-07-15,0.021339484942261556,0.038333397325275506,5.307635469550111,0.9204546015098628,-0.17384760173503094,2,8.816497084297854
2020-07-16,0.02114931465332764,0.03808755450616176,5.464137206898131,0.923618808854007,-0.17118118577567268,2,8.769378668937854
2020-07-17,0.0211919739822496,0.038020004562640604,5.518161462223173,0.9261639247714796,-0.1592547274363903,2,8.673921270433677
2020-07-20,0.021928418916227835,0.03837879926771274,5.455138643919987,0.9270859049583575,-0.17957902932315517,0,9.061967918018851
2020-07-21,0.021415314151106677,0.03794803508121961,5.638492709505228,0.9271881925576496,-0.23130524807022904,0,8.872264883378312
2020-07-22,0.020913388210665868,0.03741493957617998,5.824610556684531,0.9277760076638458,-0.18031774277284499,0,8.888707524061951
2020-07-23,0.02133810172550024,0.037806689463681944,5.695352836601176,0.9257625811371094,-0.16721871951253317,0,8.589483003163522
2020-07-24,0.021308006333896536,0.03805217846800132,5.741175149027672,0.9223421848776118,-0.13943501107467263,0,8.507366523635659
2020-07-27,0.021571310737555232,0.03795001627946726,5.729470770249502,0.9225949735708203,-0.15396196122360703,0,8.765387075875509
2020-07-28,0.02140276699006503,0.03771402031656925,5.8824769833188695,0.9183673554198738,-0.16598534157077877,0,8.583568249522987
2020-07-29,0.02074042242415963,0.03717005840088874,6.191272972089293,0.9167976772715698,-0.12760038100747823,0,8.683126226499086
2020-07-30,0.02068930767420832,0.03671061315660556,6.272246335334454,0.9161191938018132,-0.14295706469909464,0,8.72676217873026
2020-07-31,0.020010294636517136,0.03661613347124279,6.449244214729054,0.913741113453926,-0.13457365005871963,0,8.805603337254446
2020-08-03,0.01970780978480589,0.036462403975327067,6.523196362358791,0.9123635998259508,-0.09103918467563427,0,8.905668397977454
2020-08-04,0.01970624134133536,0.03640002725116262,6.395438134304123,0.9111794927200688,-0.09323618690957905,0,8.960624648645904
2020-08-05,0.01964700651661487,0.03628307685397449,6.301934584612163,0.9101029133277541,-0.09384140009883249,0,8.97754035294259
2020-08-06,0.019736514227719062,0.03642622125639367,6.164992924846847,0.9105114636548078,-0.09723768208944221,0,9.1419104187998
2020-08-07,0.01969997619227355,0.03671360733231223,6.01774106613649,0.9104221728496711,-0.10917597226498511,0,9.027271537759672
2020-08-10,0.019720280437974542,0.036843722659092276,5.758935480999066,0.908706362020703,-0.0978142390891637,0,8.911547396738138
2020-08-11,0.019839942714503404,0.0368364600812821,5.492776639724422,0.898780835299228,-0.06864861039871081,0,8.68604900357978
2020-08-12,0.02056872063109167,0.03690909206248319,5.116872772614851,0.895795607413749,-0.12605042458692042,0,9.066959614058204
2020-08-13,0.020547895723813495,0.03681095801811537,4.976681896321727,0.8939109765973312,-0.10898642830080207,0,9.167380135018375
2020-08-14,0.020396350552901347,0.03652565418494822,4.900185043527519,0.8928423260124183,-0.11494814775242358,0,9.197081646726698
2020-08-17,0.020755044001431622,0.036690389531656174,4.787483591290812,0.8945701858693074,-0.11989221882335621,0,9.498327237768526
2020-08-18,0.020887979134785097,0.03682377097742574,4.659677783549145,0.8963478014642062,-0.1022419616820626,0,9.677299227717901
2020-08-19,0.020747659739230304,0.03668758184307227,4.644505145230526,0.8999683468195914,-0.10758527654807702,0,9.594465873717715
2020-08-20,0.020959660249416256,0.036797041062411724,4.57828292922692,0.9022862826382123,-0.10963192946305231,0,9.833820547649486
2020-08-21,0.02097917422518813,0.036815106732472624,4.645992083384594,0.904462682350456,-0.10900401041802628,0,9.908896420068876
2020-08-24,0.02091646341731107,0.03698650728821691,4.746055292307363,0.905167730355592,-0.11215432453797798,2,9.921681658075057
2020-08-25,0.020960668959762816,0.03661147616192672,4.768328489066336,0.9053962892380847,-0.12154996555655201,2,10.037605740659991
2020-08-26,0.02195508593174519,0.03704933264039743,4.695877641059264,0.9024577309700078,-0.11363083558690469,2,10.56728014308587
2020-08-27,0.021846984388913453,0.03721289269251358,4.8366400305995585,0.9018784343481706,-0.13150052556607328,2,10.448850393967719
2020-08-28,0.021699245786762026,0.037177579933144855,5.000310377670565,0.9025696937032996,-0.13862248648935627,2,10.508097648612443
2020-08-31,0.021959597607021215,0.037510230322130814,5.088448261093999,0.9016629691822835,-0.1349909676150953,2,10.789371941113211
2020-09-01,0.022008545035190487,0.03784906415585471,5.214386995819094,0.9001378437392222,-0.13306878349357346,2,10.92466794149879
2020-09-02,0.02196308112026049,0.03826670586392369,5.350166944823664,0.8983956799028582,-0.1429243781870376,2,11.004548875781165
2020-09-03,0.02317781779564443,0.03901172815507196,5.109393609082781,0.8976087484503824,-0.12658263097084993,2,10.331272654895798
2020-09-04,0.02320748534333168,0.03993970281971721,5.0915036790165065,0.8950936864860153,-0.07074056760314805,2,10.157225919954232
2020-09-08,0.024598842635739634,0.040645291486385564,4.739352176359263,0.8783977746535571,-0.021142350373585347,2,9.470535701839387
2020-09-09,0.024866628249725912,0.0408997758261234,4.711901489195675,0.8722120870525774,-0.091871752702148,2,9.826850784912144
2020-09-10,0.024385212663407235,0.0410301807966356,4.823821473569243,0.8565570885146987,-0.08946013879057245,2,9.630660580100448
2020-09-11,0.024393663277146063,0.04093508811646011,4.747267543531726,0.8381731329051127,-0.09478539580363032,2,9.57251522549311
2020-09-14,0.02445766347389423,0.0411856296567543,4.687924220463679,0.8262546816694314,-0.0970942281797104,2,9.830164862916991
2020-09-15,0.02472498339890543,0.0413636069410857,4.628304469244622,0.8199797669804086,-0.08273446398432999,2,10.126042055336379
2020-09-16,0.024886760023519118,0.04162830419796062,4.50233075679742,0.8075677465980218,-0.10204723209608728,2,9.870666677079118
2020-09-17,0.025073952938322968,0.04207459546321881,4.307871615497408,0.7867514820990211,-0.07675960129554353,2,9.630616325265887
2020-09-18,0.025076634245150723,0.042496092622460735,4.159181311806132,0.7630899914515096,-0.06923920792482481,2,9.583499035440184
2020-09-21,0.025030477430055577,0.042939460603951596,3.991333162284127,0.7417340544577872,-0.07025785954951705,2,9.663979175923018
2020-09-22,0.025057067812261136,0.04323861699451479,3.8149199317315294,0.723061332190754,-0.07007437119613993,2,9.769882207911147
2020-09-23,0.025570617208795044,0.04349878427089764,3.491449688719545,0.6829913980042451,-0.07606294633723677,2,9.307036407991493
2020-09-24,0.025530804441074355,0.04379809204694299,3.250101475738916,0.6462131837999869,-0.07466817473879758,2,9.402477019626938
2020-09-25,0.02515025063728127,0.04359444239326696,2.957814431566808,0.6234853668655983,-0.05770722679584067,2,9.67082552700411
2020-09-28,0.02515492654124693,0.043376153902144936,2.6712142233745264,0.6061363300641207,-0.03359184446341608,2,9.84749330040984
2020-09-29,0.02483474229065775,0.04313613056819137,2.4317974941992198,0.5877937494322568,-0.04327923868568347,2,9.897637438134174
2020-09-30,0.024458764285725708,0.04286991762211653,2.1756432199286704,0.5715811556920174,-0.06769019946740612,2,9.998910616943958
2020-10-01,0.024642695155414528,0.042738890356043974,1.8864469744826284,0.5628812219634248,-0.07175547934683185,2,10.26907022882785
2020-10-02,0.02433335149431501,0.042498574931465506,1.599028033327165,0.545577820225893,-0.10940322624918349,2,9.862781117692787
2020-10-05,0.024579678135085055,0.042467006772696124,1.4313754669304926,0.5366871811982181,-0.13239198256843365,2,10.134781763284987
2020-10-06,0.024653487263702353,0.04244389506493875,1.2908370360339885,0.5216497928963565,-0.1447879787783197,2,9.925179373516178
2020-10-07,0.02471617821927432,0.04246708926949239,1.3264015044480342,0.5183569400285267,-0.16047312402427266,2,10.148838573856091
2020-10-08,0.024336602022478268,0.04198327805377212,1.3415879423262487,0.527225750067875,-0.17436405522048215,2,10.189449200157178
2020-10-09,0.024077901928237076,0.04080605828113271,1.386765773928745,0.5274006754823445,-0.14930940629913356,2,10.323297198126838
2020-10-12,0.024351754220726943,0.04061016680744961,1.4569245887284747,0.5356113841866099,-0.13770624237582352,2,10.632296717314045
2020-10-13,0.024362245666771372,0.04039494254230311,1.4964897485014546,0.5424860053917381,-0.13293528633134286,2,10.705048517703952
2020-10-14,0.024368841474234716,0.04036975742396847,1.465694077707676,0.5450618908556838,-0.13563869338840318,2,10.630257411242717
2020-10-15,0.02436991614748861,0.04029147586363101,1.463566802261687,0.5409450213079339,-0.1348934856214128,2,10.512943580964922
2020-10-16,0.023751223772621857,0.039926259812675335,1.5631102645337296,0.5443273407666676,-0.1155948288992167,2,10.395045500241839
2020-10-19,0.02370529826325885,0.039933647692186124,1.599927507405419,0.5332931204613025,-0.08245966302655651,2,10.214720631553691
2020-10-20,0.023708155226946345,0.03997003055311031,1.6225867373952416,0.5226282496919618,-0.0836216809630861,2,10.250058944947966
2020-10-21,0.023330339155196427,0.039697600996941744,1.6215151784431785,0.5020408577413099,-0.08609625593481705,2,10.212261496774904
2020-10-22,0.023299402545293404,0.039407062830769654,1.687954759536239,0.47863000697309566,-0.10088561916995314,2,10.204938451573044
2020-10-23,0.023019023517781338,0.039223239372522846,1.7869189961201537,0.46195554606505657,-0.09257462092936336,2,10.30784638514286
2020-10-26,0.02294799230678074,0.03942030737752453,1.7773169765719645,0.43424347197957947,-0.07804304761420712,2,10.153378693011383
2020-10-27,0.022975102430177828,0.03940443739743083,1.7505688451682122,0.41281401919523236,-0.07837016151426711,2,10.30154948393232
2020-10-28,0.023580971635273913,0.03969470725431477,1.6162893960733835,0.36846239869676534,-0.09216608572907563,2,9.864214001318429
2020-10-29,0.023838923139466988,0.03958765296003582,1.5344376340835526,0.33979142408720703,-0.12349788963257553,2,10.152181255703749
2020-10-30,0.02427717084399303,0.04018030170965312,1.34772982962315,0.29077102044306224,-0.15133228794732972,2,9.764585629907414
2020-11-02,0.024280344995290654,0.04036151477344219,1.2807664523274158,0.24744564394628077,-0.15484654785694396,2,9.832088860887977
2020-11-03,0.02446290194828069,0.040689326071249754,1.183649981118662,0.21659555419125584,-0.15081786301931296,2,10.065621999583769
2020-11-04,0.02505319205172144,0.04118840569391137,1.1792632463616115,0.20824525395778332,-0.12126862624826203,2,10.535228177847138
2020-11-05,0.0252304610872117,0.041128194095339604,1.1776067959335421,0.20359985306442552,-0.08483433824294008,2,10.8176852945644
2020-11-06,0.025178774066732613,0.040972635491015985,1.1715300492302148,0.19476433182683606,-0.09280195965951825,2,10.822402297394868
2020-11-09,0.02560989393562661,0.04146917847253825,1.0463057555174504,0.16384510514898104,-0.09942541693832269,2,10.336026626195586
2020-11-10,0.025176828102706612,0.041393752330594856,0.8986850254108946,0.12910750775215163,-0.03864688586444874,2,10.09640080189694
2020-11-11,0.025317367905645274,0.041386229684021995,0.7526555892291169,0.10719201182636827,-0.06226293234579762,2,10.337394349975675
2020-11-12,0.025324347771923158,0.04150579456233732,0.6194608135109048,0.08363802742075203,-0.06642525418520116,2,10.27822164189955
2020-11-13,0.024985886842151847,0.04124509679964456,0.5350656579799021,0.06913352975394658,-0.06771718234732335,2,10.281281576539982
2020-11-16,0.024875310530051743,0.04106502413767077,0.4812804942885499,0.06106271366251208,-0.08264085588273856,2,10.30979320102717
2020-11-17,0.02488252532218777,0.04128194503668991,0.4654315462461195,0.05331470825350264,-0.07822126945924456,2,10.410746277300868
2020-11-18,0.024729843000838896,0.041229429995601946,0.47703766647865026,0.05570879797184518,-0.07034182417551081,2,10.536168809971429
2020-11-19,0.024733762013204957,0.041162078544686335,0.5084183930762132,0.06239542343482886,-0.07261443424066283,2,10.624633344405513
2020-11-20,0.024774836188263205,0.04080705072831844,0.5265033214352592,0.06551591433100357,-0.07475509408214955,2,10.50359788536492
2020-11-23,0.02474256910066864,0.0409349729270312,0.5419437760466178,0.07418698862285435,-0.07626545024038674,2,10.56649117112642
2020-11-24,0.023971125261806957,0.04050236633615666,0.6654315276759716,0.11393018588521263,-0.09085337737015892,2,10.782274030887303
2020-11-25,0.023982815788694607,0.040336994386773795,0.7515627493286416,0.15756993669499403,-0.07006321582179056,2,10.919051684954427
2020-11-27,0.02400510236840511,0.040208574326656796,0.940162051870262,0.21271044090150976,-0.06552927203791573,2,11.027984765736369
2020-11-30,0.023791712629516393,0.040114665292595254,1.0880966108747956,0.2945198645449688,-0.0717096501387431,2,10.933160869018646
2020-12-01,0.023900519444556644,0.040104316697799444,1.336752675721372,0.409050456000709,-0.08628007172028451,2,11.173731995462926
2020-12-02,0.023882863271473796,0.03974355470229073,1.5818990514988231,0.5494950407885664,-0.08887539042663656,2,11.167473605908022
2020-12-03,0.02260509522036157,0.0389522263670417,1.8341326381714584,0.6094849108069975,-0.08174019477383819,2,11.156649267433275
2020-12-04,0.022506040120290487,0.03777668262532407,1.8994093777761447,0.651047376391219,-0.1230033837407206,2,11.173543084758302
2020-12-07,0.020998915833455863,0.03706056017462813,2.0155102590465273,0.6524360031767904,-0.1778484159778855,2,11.407877951060861
2020-12-08,0.02046001142410438,0.036562980307192246,2.0710968288628377,0.6672778180906453,-0.1087222173881852,2,11.375693018396214
2020-12-09,0.020731419343545707,0.03641661401938807,2.084910576263748,0.6672712872255713,-0.07232497158603014,2,10.997905340097027
2020-12-10,0.020740219523530428,0.03628701532885483,2.185913319046775,0.6665421483897245,-0.08547645992843916,2,11.082699158673249
2020-12-11,0.020467250615778185,0.03568159788454514,2.2778511420081546,0.6727972629901945,-0.07982710950267831,2,11.03864494178209
2020-12-14,0.020250973951122284,0.03549907444310384,2.4314794480182895,0.700145096215487,-0.11233360979583441,2,11.245495344076106
2020-12-15,0.020000169189260474,0.03523555444843129,2.5722102121353934,0.7105731584672932,-0.08595496614625975,2,11.247605630212634
2020-12-16,0.019764553224890825,0.034855077817047976,2.6897280152405134,0.7112485064742131,-0.1182337879085919,2,11.259831854522156
2020-12-17,0.01979603586123811,0.03451945740207217,2.760940410154802,0.7117057864165113,-0.12893620016885232,2,11.373773765043632
2020-12-18,0.019790792579953757,0.03428216505856155,2.8271868225895744,0.7138009248207094,-0.12580910446904656,2,11.459979290050105
2020-12-21,0.019809687049583222,0.0341584936834206,2.8577180160014852,0.7155039553748946,-0.1302556744723095,2,11.311782688739667
2020-12-22,0.018919146977327272,0.03368920904481145,3.000892117553137,0.7114623503893837,-0.11110626552347248,2,11.216116709254495
2020-12-23,0.01888845628459238,0.03330839193312251,2.9984211631057267,0.7042889971368917,-0.09591867308786872,2,11.152612492337262
2020-12-24,0.018547379714670492,0.03295222751052445,3.023697550570812,0.6969261059686436,-0.10622084215550687,2,11.188105067954034
2020-12-28,0.01852254289583826,0.033031481976945394,3.009180764933668,0.6967370354361908,-0.12688221608238015,2,11.373881546166846
2020-12-29,0.01852295267930922,0.03298322652361823,2.9782391450340016,0.6979379478574639,-0.12717361143768768,2,11.432856596761468
2020-12-30,0.018478496122025814,0.032933175402055787,2.987223872841962,0.7013684717439763,-0.12849936358031544,2,11.444642278545093
2020-12-31,0.01818672344872561,0.032818738412128894,3.016297059216666,0.7178534096574315,-0.14019701098793377,0,11.530326603648737
2021-01-04,0.01751761115906282,0.03285591285330033,3.062760167206668,0.7154573715823738,-0.09829578894171004,0,11.440823642530216
2021-01-05,0.017203201457490946,0.03269064757578705,3.092197713350083,0.7221694940959892,-0.05086188520956555,0,11.538460201495107
2021-01-06,0.017231153625202094,0.03278885104625845,2.996082964882111,0.7133762605448657,-0.02835137235064312,0,11.283472638110089
2021-01-07,0.017569657092095195,0.03293185660976193,2.875672883660902,0.7203716947806922,-0.04593697994052394,0,11.682396792660722
2021-01-08,0.017667688262409487,0.03306045601670112,2.835838233055662,0.7291872829131821,-0.02443266529981028,0,11.860964284572848
2021-01-11,0.017904498304149967,0.0334275599703756,2.828508575268609,0.7386504374261749,-0.04353871091500202,0,11.546423779104705
2021-01-12,0.017503014678726662,0.033265091397978994,2.929020097753337,0.766068991737224,-0.05596667615060119,0,11.539488061495693
2021-01-13,0.01752563321059806,0.03327019934503195,2.9955523842715057,0.8005105895006319,-0.0659464606171016,0,11.652983423474845
2021-01-14,0.01761559595887388,0.033160410698027255,2.9650985404136105,0.8225964372671781,-0.07058887722550197,0,11.469479511520385
2021-01-15,0.01758061909019645,0.03318202494003264,2.933234585661723,0.832233235884703,-0.06861065392062024,0,11.393198054343994
2021-01-19,0.017703190540746157,0.033096178029724664,2.897822725001936,0.8415087791570088,-0.08429548682267085,0,11.6205567585283
2021-01-20,0.01884959431455742,0.033528962113648676,2.756167787233327,0.8454057125200448,-0.04596424481256201,0,12.250739553019306
2021-01-21,0.01888083912391708,0.03357576829792886,2.7855376321670233,0.8494663537432209,-0.028479514102139652,0,12.364505281212066
2021-01-22,0.01888464107014114,0.03326021125810722,2.8405980976906844,0.8536058604683567,-0.030570620125906084,0,12.305668423634588
2021-01-25,0.018899061233360256,0.03345211516458516,2.924692536906711,0.8570326365352763,-0.03276900507962381,0,12.378302707967338
2021-01-26,0.01886507514987864,0.033413133753255574,3.0468163867584632,0.8630728990278016,-0.031406319051550516,0,12.434799893362001
2021-01-27,0.019427765156183874,0.03362531807352532,2.985595184581799,0.8612328283069653,-0.027513752439382824,0,11.940209803611998
2021-01-28,0.01934057409837781,0.0340741877221849,2.9976813302539043,0.8616231676145543,-0.012746638117798338,0,11.941210914632252
2021-01-29,0.01874302372223329,0.03391551635469269,3.009121367529965,0.849776234797581,0.013397630673384073,0,11.71195028436363
2021-02-01,0.018774659461566544,0.03380169790160519,2.9924920253332843,0.8475893476039601,0.04083038287983842,0,12.06854279340024
2021-02-02,0.01833554648802935,0.0331906183675219,3.034828434473996,0.8514266215529602,0.11717947981738082,0,12.31908675498429
2021-02-03,0.018316787017800536,0.033214093300747836,3.0384674594221375,0.8553293422033447,0.12615174220913622,0,12.345141123910928
2021-02-04,0.018081937204924507,0.0329668169691806,3.0855617492519736,0.8559174773482962,0.12421703313119863,0,12.407634100623195
2021-02-05,0.017107528164335296,0.03228415206137548,3.3813927522408362,0.8604708264828327,0.08558372377672707,0,12.457936347801526
2021-02-08,0.016808815698207934,0.03213953759055851,3.507131940403809,0.8750511965466614,0.0322413506869816,0,12.569743980653808
2021-02-09,0.016809366040613862,0.03206978641733286,3.527900617917064,0.8889947246078009,0.03427843913126229,0,12.555108291636513
2021-02-10,0.01582704996190594,0.03155883535564651,3.8035932733211992,0.8891332057475039,0.031314153054787006,0,12.553874556236286
2021-02-11,0.015560316384906419,0.031129206309697944,3.910862137247229,0.8907435309020428,-0.05161299889642176,0,12.593646928164878
2021-02-12,0.015267707853699622,0.031018567365235127,4.0201839811990725,0.8904157049549939,-0.015297758111372503,0,12.578497600587268
2021-02-16,0.015256039082032116,0.03098480759660094,4.107901896049356,0.8905915362186136,-0.0023394018717641865,0,12.618919017223089
2021-02-17,0.015262656105855947,0.03100252277472979,4.2043983962379805,0.8906838078816832,-0.004266521186068482,0,12.573752741151605
2021-02-18,0.015281437845973115,0.031004797229213454,4.224892517471732,0.8897045805560587,0.0005145346430540684,0,12.490507569013742
2021-02-19,0.015315837916344397,0.03081073375494377,4.060343251190167,0.8840131550333816,0.011655822932550191,0,12.33143468044857
2021-02-22,0.01569297482865585,0.03082829558741694,3.734509582663015,0.8610324890266207,0.04107705823375198,0,11.965230957970162
2021-02-23,0.015660360041260705,0.031469259635666706,3.5415260904654153,0.8386154899486884,0.035084774565288294,0,11.994721521340356
2021-02-24,0.0157216472456731,0.03176075382494294,3.330085528661426,0.8259680023333021,0.041130971389513785,0,12.184733114906491
2021-02-25,0.016740691647553024,0.03215044301807437,2.845091885193889,0.7724378016740255,0.0015292167997664385,0,11.623715245995351
2021-02-26,0.016555902213016702,0.03227153432542081,2.7379043288469362,0.7231334709745311,-0.013643217473851731,0,11.686746123259345
2021-03-01,0.01683383132354419,0.03237456470913181,2.6185033277443157,0.699167103850174,-0.019910857553079028,0,12.005851758975638
2021-03-02,0.01698222694904214,0.03251358421622532,2.5472034067010223,0.6581358552722367,-0.05614483507854771,0,11.761075791191363
2021-03-03,0.017518776437996156,0.032641546064742746,2.267938802724977,0.5719424956749376,-0.007159965261415215,0,11.34689917911386
2021-03-04,0.017400577122087747,0.03295123468832342,2.016829289714548,0.4780223000764129,0.03283134102156088,0,11.177021876541653
2021-03-05,0.017425006743966864,0.033355494845164535,1.7549043222030276,0.4004341306971694,0.028110067639183403,0,11.259089374497545
2021-03-08,0.018295355209676466,0.03388520632705444,1.3321006623906004,0.28163147472105465,0.011020900628192803,0,10.76068461033475
2021-03-09,0.020113800628106016,0.03485571107465601,0.9960377529475019,0.23797301502733503,-0.11679417256648647,0,11.474672453475304
2021-03-10,0.01994534519738017,0.03494048513960547,0.7760699096142252,0.2035987834320744,-0.11943015065754022,0,11.43067509996533
2021-03-11,0.02042318323917647,0.0352092579134563,0.5888315295875335,0.19011879169210927,-0.1207005226039415,0,11.830455611739556
2021-03-12,0.020061190264151436,0.034940165767319876,0.37948196975532894,0.15623768487442258,-0.14389168086495233,0,11.671891874868612
2021-03-15,0.020092171183295305,0.03480584097658954,0.17627280701476195,0.13194184751081126,-0.14358371377816748,0,11.808913772261608
2021-03-16,0.02008678096783231,0.0349389575204171,0.024332865375297903,0.10763691447308915,-0.14202670617950142,1,11.82625665152904
2021-03-17,0.020004292806941226,0.03505104580276221,0.1999682751991922,0.09476210644180823,-0.1389249860458034,1,11.967577835052198
2021-03-18,0.020607644259812836,0.035331902610286486,0.417827286544214,0.06657208724330169,-0.1513157745074476,1,11.49736603607849
2021-03-19,0.020687036748171343,0.03545813509508448,0.600995230064571,0.04753019941492508,-0.16673450471396722,1,11.663074272683739
2021-03-22,0.020746478890484473,0.03566169829452804,0.7220300174660431,0.037625292568198666,-0.15809162354987027,1,11.85025235975445
2021-03-23,0.020724917259357205,0.03552299358204312,0.7690009977513276,0.030401962007132858,-0.15999058040467698,1,11.862749371330308
2021-03-24,0.020922703020044366,0.03553333264535232,0.8632671269352385,0.015900722133249622,-0.15542801098351858,1,11.552004605732925
2021-03-25,0.020924323626645903,0.03571297527580599,1.0202060835936713,0.004140695360742234,-0.14931856274195526,1,11.451431354823029
2021-03-26,0.020914275906754508,0.03586566285545844,1.0711844764275875,2.6264821337567143e-06,-0.15204362949102856,1,11.47846424072052
2021-03-29,0.020940967392000024,0.036039410736367204,1.1165903194697335,0.0037684350069384755,-0.15088864302876975,1,11.581457608886161
2021-03-30,0.020839192930180588,0.035924176304358874,1.2137983192286237,0.011729859184795218,-0.15219149123750156,1,11.613874126042584
2021-03-31,0.021056952399844817,0.03609950623481998,1.2050366682786238,0.018107241220182594,-0.1521180074545972,1,11.898746232574993
2021-04-01,0.021226807852118168,0.036249942609983606,1.0864423823075697,0.02107788045301594,-0.13231959187094083,1,12.15214670179685
2021-04-05,0.021458327504111488,0.0364446282090403,0.889905394625664,0.017060532860535597,-0.11250301890006054,1,12.468720533834952
2021-04-06,0.02143831220728014,0.03603664658450395,0.7314489984586554,0.01602433278384665,-0.11295954201906935,1,12.437764725519369
2021-04-07,0.021435060998642556,0.036111357020606326,0.45356605646497783,0.012432969769258076,-0.11175695516904482,1,12.537304474932142
2021-04-08,0.021286212811909115,0.03575693380921949,0.3232755452367758,0.011962075328531413,-0.10522221038747391,1,12.654745276619044
2021-04-09,0.020822388886745317,0.035364731395725324,0.15205170076926683,0.006287011258207067,-0.07869580080306422,1,12.710635070456089
2021-04-12,0.020794807666105183,0.03536228281995856,0.0214654109709739,0.0010237550218141216,-0.09632555483548307,1,12.872076080134846
2021-04-13,0.020687475825263858,0.03517070152081369,0.15155978323526767,3.485306941971366e-05,-0.07496691273831683,1,13.136739312910924
2021-04-14,0.02088803389206212,0.03511053434595942,0.2592637492916825,0.0005558644533953768,-0.09490848853526111,1,12.835545661090348
2021-04-15,0.02103482756621453,0.035206087401006524,0.40277257900433894,0.0034125697870650297,-0.11072556828801654,1,13.11805528482055
2021-04-16,0.02094444593472547,0.03505353450925426,0.5068778997454049,0.006020721068980636,-0.10930040963702968,1,13.078814813868595
2021-04-19,0.02098224621393851,0.03508481273227748,0.6757971326187792,0.00685198057176618,-0.1127791524362536,1,12.921826326251598
2021-04-20,0.020840273672689175,0.03504366576099975,0.8262372469226449,0.00896505771552863,-0.10360782953741109,1,12.858316945964688
2021-04-21,0.019694181134185945,0.03458280933123133,1.0266352424677352,0.018283248136279347,-0.14535041055546585,1,12.809948420343478
2021-04-22,0.019794131731033653,0.03458664625308232,1.1482528135439967,0.02885310129285818,-0.16706543336171792,1,12.575525877527461
2021-04-23,0.019858573952285696,0.03464157198857632,1.3522719090046054,0.0432758969284048,-0.17369157694276222,1,12.745936099735724
2021-04-26,0.01989368007483016,0.034290983384307666,1.600474375987094,0.0646078015990852,-0.1664693161062903,1,12.887156856861493
2021-04-27,0.019931915715432253,0.034273096110847924,1.8282012489710295,0.08785556742271011,-0.17134715645647167,1,12.747900572830398
2021-04-28,0.019304733066208044,0.033841903385277095,2.0797163482534198,0.0993503788329241,-0.17257191516843004,1,12.81965913090298
2021-04-29,0.019367082878189185,0.03360597997545791,2.27779794190829,0.11421415479478726,-0.178196510578306,1,12.977664432170847
2021-04-30,0.01921574174691749,0.033505198011712804,2.4274813169019263,0.1219625874923297,-0.1809885810209058,1,12.988815011764204
2021-05-03,0.018923677908800948,0.03331407889594381,2.5454855763009236,0.13540881486973147,-0.1578347355584345,1,12.793875787221138
2021-05-04,0.01888761456108871,0.03341684658587022,2.5519525234642058,0.1511258956740901,-0.17145228092898185,1,12.556214547661046
2021-05-05,0.018896318251204827,0.03317515741965107,2.5519685531322107,0.16637087820438715,-0.1682506762856553,1,12.493193843680485
2021-05-06,0.018901533736018744,0.033183907201610255,2.5469416361323285,0.18744017980526637,-0.16986101471915505,1,12.570252476263292
2021-05-07,0.018913900146292868,0.03322509927602217,2.5322105969984,0.21474390701997323,-0.16883541820190218,1,12.65541296317567
2021-05-10,0.019502495884836702,0.03340344324631552,2.375219091611626,0.22948367920900078,-0.17567246133810824,1,12.164440668324719
2021-05-11,0.019502133836090584,0.03359425440576728,2.264038542700903,0.2450571094082363,-0.17165217469391614,1,12.172745262481838
2021-05-12,0.01982234981591683,0.033644820116687714,2.023309229877831,0.2437673525623011,-0.17009678715849053,1,11.829887121251735
2021-05-13,0.019819252141765886,0.03382477793867713,1.8752686188995626,0.24492391163672336,-0.166746285071751,1,11.811942760008549
2021-05-14,0.02011632382582287,0.03398271306276261,1.6915285568169982,0.26381484871840283,-0.1649418423320722,1,12.135180618182309
2021-05-17,0.020115987958161646,0.03397860925097283,1.5402655444640496,0.28490146376398084,-0.1652462998301083,1,12.097825756894443
2021-05-18,0.02014388889355252,0.033995154257798685,1.3982978407117697,0.2988844822550973,-0.16371844369230515,1,11.987226090408935
2021-05-19,0.020126703991411348,0.0341323865935684,1.2651952873091543,0.30876492574140485,-0.1643725503812798,1,11.981442505679325
2021-05-20,0.02029372391875177,0.034180816084253676,1.157874273273041,0.32575510922991613,-0.1660652796359564,1,12.271855244772551
2021-05-21,0.019949587983456613,0.033917260368314106,1.0944814095009887,0.32068308816400143,-0.18563155158585506,1,12.23423009338586
2021-05-24,0.020243141422404784,0.033471880647024756,1.00907344384017,0.33196188381367703,-0.18783793004564023,1,12.5691428217064
2021-05-25,0.02014587478288376,0.033135805505457035,0.9333358281337637,0.3539607433776611,-0.18600054308351402,1,12.592489019633359
2021-05-26,0.019309248325623245,0.032465447024219475,0.888128885211788,0.3509896621091259,-0.1661986836958697,1,12.672478146271214
2021-05-27,0.019297543630401114,0.03210958920667977,0.7951571610887519,0.34975148342261175,-0.1661427417001391,1,12.68473981218031
2021-05-28,0.01899361408343108,0.03191400652613464,0.71054493303878,0.3638115162091706,-0.1731090808237843,1,12.729364521119411
2021-06-01,0.01881916409451767,0.03171825279591619,0.5998717111075534,0.3653992484354452,-0.15246314711190367,1,12.733332175633308
2021-06-02,0.018288739565792047,0.031354738665184234,0.5054994632410735,0.351149048029205,-0.19619366185936346,1,12.737970830718789
2021-06-03,0.018300862806176616,0.03089822987703317,0.40141243609759397,0.3228057811097784,-0.23127151287912956,1,12.53572801205747
2021-06-04,0.018484236965980276,0.0303694453536073,0.35113058451394136,0.3062548384596436,-0.24168784497520107,1,12.810050045016535
2021-06-07,0.01763580326278094,0.029802211682190227,0.27179153290828245,0.2848850512945147,-0.2380757030187858,1,12.87890661226106
2021-06-08,0.015529181097143678,0.028953975558266277,0.24233176672299594,0.27215533231293515,-0.10658330429696301,1,12.866279770531104
2021-06-09,0.015532685145954942,0.028600743313177576,0.2838294566129218,0.25443417972316257,-0.09403575926284315,1,12.806539578237123
2021-06-10,0.014956309335948359,0.02822113230434707,0.3949803206573137,0.25372257984682767,-0.0882405920695164,1,12.944529170343733
2021-06-11,0.01486614300639397,0.027903159190854284,0.5821260299982279,0.2473651449331825,-0.05493447816664447,1,12.985941387197737
2021-06-14,0.01489176217874651,0.02782319546096658,0.8117162966930211,0.25024894651671914,-0.04310180243968272,1,13.162972108875167
2021-06-15,0.014957111100083445,0.027621310049009556,0.9294912323658162,0.24745526530502507,-0.05361165751679297,1,13.015779626507808
2021-06-16,0.014881169446123589,0.02734127484518045,1.0782777787424718,0.24874224327336136,-0.05167339129069361,1,13.013135424479294
2021-06-17,0.01427744590699384,0.02718023948659459,1.3059584487858875,0.24203785117237872,-0.02441995176396217,1,13.28445400156149
2021-06-18,0.014167526371430294,0.02704515582384913,1.5098858037202922,0.23692181051818495,0.006080994350309492,1,13.240904424225667
2021-06-21,0.014024121512593789,0.02681857764682731,1.6539664565147434,0.23557617800153732,-0.006136655556496484,1,13.218489904523834
2021-06-22,0.01415822276901044,0.026767429604577526,1.8116465789099605,0.23920342157920962,-0.009153213161526943,1,13.422931388904987
2021-06-23,0.013850718992113554,0.02654575683223605,1.933090856201413,0.23646312835402167,-0.0006481367643290014,1,13.583764960926173
2021-06-24,0.013844883494906661,0.02634038639382019,2.017254442043352,0.23269863583582653,-0.0246374536764129,1,13.693797469817213
2021-06-25,0.013849677594624948,0.026178781954634727,2.0722338031329746,0.226950721896255,-0.02826070499215311,1,13.642674953408635
2021-06-28,0.014117490871161003,0.026214345056999263,2.146564846671393,0.22774892594574125,-0.03903818162014267,1,13.96331522456245
2021-06-29,0.01411936254385028,0.026052507613780407,2.2436804387532443,0.22713538469634234,-0.04913547242635652,1,13.91666026186197
2021-06-30,0.013789899239830317,0.02574224327659885,2.4129175580945654,0.2306894300039762,-0.04549691982410233,1,13.850849802370595
2021-07-01,0.01354983985124242,0.02548693731798106,2.611534777890652,0.2426094469519753,-0.08569519786107227,1,13.938513254820565
2021-07-02,0.013211565585759377,0.025228790801230264,2.951724768471836,0.26834053209817366,-0.12717934336301198,1,14.083585902896926
2021-07-06,0.013241874274288185,0.025424739458045822,3.1548218744263328,0.29266257183969885,-0.11570128998266284,1,14.189611209812965
2021-07-07,0.013241018218746365,0.025366128946156714,3.3361210204985614,0.318321933291168,-0.11780273527314897,1,14.077324703189332
2021-07-08,0.013209677849906459,0.02553021225082409,3.5259344413076867,0.34671909142889074,-0.11444158434161203,1,13.993424468070481
2021-07-09,0.013221985615879615,0.025492225410398545,3.741570542730328,0.37826801357149126,-0.11956985411670289,1,14.081927073224705
2021-07-12,0.013255741337048687,0.025331919720187415,3.9620885753657458,0.4201480786519629,-0.11641880870211181,1,14.289667560753367
2021-07-13,0.013031154814103286,0.0252246029606308,4.260073315122597,0.47594252611730703,-0.14767903419514514,1,14.18779491909351
2021-07-14,0.01272684496238163,0.025116187633500944,4.5034178429765115,0.5112483279099405,-0.10274562528696175,1,14.10772001044122
2021-07-15,0.01256379318117655,0.02513490961697761,4.737150179339392,0.5586643010676853,-0.044101303033610595,1,13.896270978310724
2021-07-16,0.012736847389500539,0.02525994326019058,4.800298259725455,0.5963721094048432,-0.006987780199221356,0,13.661762950922693
2021-07-19,0.01264690662054844,0.025282273595161765,4.871248758384631,0.6236532901249751,-0.011220688598714326,0,13.668555748264813
2021-07-20,0.01266637277175335,0.025287999051741183,4.925240812028626,0.6494254049602611,-0.019239579393532838,0,13.770108193340382
2021-07-21,0.012672687711266705,0.02513593147406545,4.998181082426048,0.6731963529941108,-0.019892171350318778,0,13.837891478860081
2021-07-22,0.01247993040233518,0.024953429551918236,5.083651531892824,0.6855711802986283,-0.028887169616562874,0,13.91298072711813
2021-07-23,0.0125064224164906,0.02506133122873795,5.0906896263903745,0.709426919047424,0.0003512555316132977,0,14.121828505925729
2021-07-26,0.012453099720455007,0.02512039659174604,5.129417936649832,0.741060890178364,-0.00491297033737762,0,14.209919521804084
2021-07-27,0.01245947878225558,0.025332457247543613,5.115315912843471,0.760590458463742,0.0011205636569165036,0,14.049922129874222
2021-07-28,0.012519232508381656,0.025351611845970273,5.0265083348988675,0.7855034507998848,-0.006523958419149982,0,14.207455638085653
2021-07-29,0.012423074707440224,0.02521995297130521,5.026700315196593,0.8175946637413585,-0.013428183679775309,0,14.194650303500726
2021-07-30,0.012525542850603035,0.025263490412336654,4.933844339406054,0.8449036585368206,-0.00912216116547014,0,14.014096877190926
2021-08-02,0.012398882425359166,0.025220523340316017,4.901505443654016,0.8620080224151128,-0.01545432340472755,0,14.086048161589709
2021-08-03,0.012177513846604177,0.02505947939349225,4.845405395284682,0.8678055273024207,-0.052036962600495965,0,14.107532652540575
2021-08-04,0.012210633114166541,0.02496793959089789,4.6742435270475235,0.872695896311815,-0.06914394018495708,0,14.230581895199897
2021-08-05,0.012258965556734537,0.024848257005532514,4.564569860085507,0.8814704708686137,-0.059694512952283604,0,14.38155581724495
2021-08-06,0.012282852164212063,0.024743981758335785,4.472896060280613,0.8894540116351659,-0.07145542241635416,0,14.25066838732335
2021-08-09,0.011275430644476536,0.024338759641167645,4.708855884454166,0.884895262410339,-0.05671355939090108,0,14.295505751166086
2021-08-10,0.011305347908797236,0.024030562988594687,4.453944114924645,0.8770651595817466,-0.07358180457728068,0,14.20173546669842
2021-08-11,0.010762545124435982,0.023755866255669,4.395014565334428,0.8667502467227229,-0.0745563641804945,0,14.11341031268499
2021-08-12,0.010802645122074217,0.02350865086231058,4.1409711080519465,0.8607646249492746,-0.10547128926350123,0,14.219759351185289
2021-08-13,0.010246162812980214,0.02322714578117505,4.237464866521892,0.8524263616860718,-0.0932662462870296,0,14.266759351480035
2021-08-16,0.010266815027484581,0.023352940856022675,4.156313596753908,0.8413786942257937,-0.07559322490102766,0,14.180963192946711
2021-08-17,0.010432648757140672,0.02336575821918424,3.949378366657929,0.8221810480315112,-0.05735843453223339,0,13.935408704115526
2021-08-18,0.010434852849137003,0.023232918441258788,3.767804842834703,0.8030729617373413,-0.048558656322875475,0,13.910752869135306
2021-08-19,0.010046331605534775,0.023383868634859778,3.769554205931384,0.7847691346903861,-0.04470178907548383,0,14.039900141406168
2021-08-20,0.010239376344192072,0.023435599830338442,3.5765340803091754,0.7773298880896122,-0.01081822545499318,0,14.264587360653907
2021-08-23,0.01017974680055766,0.023386857849170523,3.5270843664161067,0.7757236351491912,0.06290288114072563,0,14.634556404739943
2021-08-24,0.010188121788382468,0.023339478404495757,3.4393872310817537,0.7744965699059393,0.07068948711333907,0,14.689697028903307
2021-08-25,0.010169379336929286,0.023347508596611905,3.4362611618039254,0.7736732114272405,0.07147525419382787,0,14.749025836240266
2021-08-26,0.010183618326649612,0.02332952420313615,3.357686750020984,0.7715540212716162,0.07048168610134271,0,14.684408939416466
2021-08-27,0.010423594956296712,0.02336627857291026,3.2721074430084327,0.7715496618965763,0.052399276146274085,0,14.948698495032374
2021-08-30,0.010589950144522131,0.02345114509271332,3.3147596353273667,0.7708181496013955,0.08021612468742141,0,15.170588258441585
2021-08-31,0.01059213638367909,0.023347227046899243,3.390861932235437,0.7703477662069946,0.07643181022726599,0,15.19708334504528
2021-09-01,0.010428815499940215,0.023187398385149997,3.5087932151583994,0.7726940965433129,0.07071071332893729,0,15.28800604326837
2021-09-02,0.010075888222389976,0.023028678557868176,3.676718707688903,0.772637850457766,0.12966524488114217,0,15.214743243038757
2021-09-03,0.010079954892743798,0.02292086934390575,3.697153332127759,0.7722656055312527,0.120548086229322,0,15.303533615738449
2021-09-07,0.010199336901089559,0.022921229255066466,3.7550234202805255,0.7705755291042616,0.1263197343454428,0,15.493126512568791
2021-09-08,0.010196735398686999,0.023015030728573947,3.8219206014660947,0.7709052128447301,0.10909308064148429,0,15.427001301826271
2021-09-09,0.010127742499058049,0.022946494371353057,3.9455265995929727,0.7709752557958115,0.12910202759298373,0,15.345723191102413
2021-09-10,0.010139474181782333,0.023086479589177714,4.056957316925536,0.7707227434650498,0.13819507328835803,0,15.268666358796606
2021-09-13,0.010001755177857681,0.023207321568960187,4.205570383819777,0.7701009416394,0.1450803740110904,0,15.21781114935616
2021-09-14,0.009906414911504414,0.02317859981329266,4.298306940071032,0.7685657819871136,0.17875356878428683,0,15.182229534569688
2021-09-15,0.009946112184441495,0.02317592629950489,4.38417977520109,0.7686207345954222,0.17088972934763744,0,15.289251886770279
2021-09-16,0.009592995166912222,0.02291880277424084,4.772647851134511,0.7678652212561861,0.18271039605052256,0,15.286548022913548
2021-09-17,0.009657275861755162,0.022877728741492104,4.9386832868937,0.7637849701237887,0.2102447226659825,0,15.142574753951841
2021-09-20,0.010282876983443228,0.02319592244906084,4.690630141888693,0.7423565580376726,0.24830622076406,0,14.717296325678346
2021-09-21,0.010104109115382743,0.023095812888814474,4.785965372631651,0.722891482171022,0.23517311917414013,0,14.762899448058835
2021-09-22,0.010070404243415052,0.023233867406255996,4.743547032886581,0.712047037850307,0.2183153751122232,0,14.911066041530441
2021-09-23,0.010088887431090699,0.023127045481346878,4.7010304032887955,0.7083332495676294,0.21839622518279536,0,15.051807144394022
2021-09-24,0.010109997164155584,0.023159783038617886,4.652595150836933,0.7050686793224833,0.22979154319708173,0,15.147950376809012
2021-09-27,0.00966840305095518,0.02310825177459004,4.879676846319853,0.711288717643178,0.25642605157703313,0,15.125815155880384
2021-09-28,0.01034766836257382,0.023466609798686467,4.394023002381867,0.691074264476932,0.2782103966735095,0,14.680251151583908
2021-09-29,0.010330791797930797,0.02366329935337165,4.162285545630213,0.6674744724364053,0.2568637717078669,0,14.689260628603725
2021-09-30,0.010302334301179434,0.023691073967065827,3.9412533015819604,0.6478295798205206,0.262579864023841,0,14.714981578189695
2021-10-01,0.01024818695082639,0.0237246203209143,3.73573213560267,0.6397841137409486,0.257271906729118,0,14.805957441733772
2021-10-04,0.010710979656993639,0.02398782893136579,3.312630132967791,0.607847500392424,0.2166433476352606,0,14.42335610223538
2021-10-05,0.011037382343321129,0.024196755493213092,2.988407117446959,0.5943048504275097,0.1305585334191374,0,14.749030166744037
2021-10-06,0.011057481002732907,0.02409480070488458,2.7183073680976744,0.5826471040972876,0.13968304644033802,0,14.866558685460722
2021-10-07,0.011049000925860253,0.02424026700932319,2.498228469473087,0.578120105185573,0.1485017078722383,0,14.945491717858078
2021-10-08,0.01089823070976224,0.02415171641971871,2.343130862410858,0.5815726252650877,0.1383568136737626,0,14.900250117454135
2021-10-11,0.010893974920906194,0.024071500166311127,2.146282794924134,0.5717295489763299,0.1585951824090649,0,14.80031682869288
2021-10-12,0.010872651099449857,0.02403554317786941,1.9539664618852015,0.5549748498200129,0.1546459547507964,0,14.776394123058788
2021-10-13,0.01075752438528501,0.023743384601918438,1.7885211152816842,0.5357583407653593,0.14081390469965913,0,14.898030158936637
2021-10-14,0.010739674604759985,0.02363496153048611,1.5958650461258175,0.5217190412660727,0.11801296810196625,0,15.138536134624031
2021-10-15,0.010790646898263777,0.02344753915724647,1.4195386327701174,0.5116535868664518,0.1290480397088177,0,15.264638015888075
2021-10-18,0.011030005180430343,0.02342633010299243,1.3309867346765503,0.5105564904069879,0.14316298084396362,0,15.563858266146946
2021-10-19,0.011016644894399274,0.023230401984538518,1.411848521849272,0.5104145194590982,0.13924723367258382,0,15.600932712751375
2021-10-20,0.011035367086959414,0.02323477046081457,1.4614973304066878,0.5079981853759868,0.13673100652282782,0,15.484754895565132
2021-10-21,0.011132222503534208,0.023171046498008597,1.5325444420898537,0.5168246147222063,0.1074736456223155,0,15.778799911122249
2021-10-22,0.01120998989750166,0.023317034069305593,1.5392855807657078,0.5243075556789604,0.06656607145315878,0,15.586600118646466
2021-10-25,0.011637645038356273,0.023471591076351207,1.5312865476196973,0.5305422097167306,0.027371071587974742,0,16.01127272122253
2021-10-26,0.011593913686039016,0.02386059929622841,1.6285094552893655,0.5417734766221476,0.058897590707820864,0,16.137053961697024
2021-10-27,0.011628516225430355,0.023972042837987487,1.85555740700339,0.551887897744204,0.06591988262290452,0,16.252787501065868
2021-10-28,0.011719081109904944,0.02394422886609564,2.097620071950453,0.5548013303326363,0.06926924109325613,0,16.531940961283752
2021-10-29,0.011881051450155061,0.024070183645200735,2.365082907855205,0.5573902706145702,0.0970003823841407,0,16.80216560925051
2021-11-01,0.01193512890263235,0.024219069475306998,2.65071019856174,0.560569005266762,0.10617782719442163,0,16.955668992675687
2021-11-02,0.011885341008329551,0.024390837653297387,3.0727730570952283,0.569300022103047,0.10401382433126455,0,16.935886426934136
2021-11-03,0.011991821143065216,0.02454818238459441,3.42146367334396,0.5810858488490087,0.09145999529282853,0,17.215573410938475
2021-11-04,0.012380250474718118,0.025135700293238843,3.7020176292592195,0.5845105292180663,0.13560149069300795,0,17.66424952164146
2021-11-05,0.012375754004379874,0.025425576953294227,4.070697448929187,0.5930065642399256,0.11892289960266408,0,17.63423798802747
2021-11-08,0.012354473674106246,0.02567555028855477,4.44082071198537,0.6010117867676356,0.12259542014565887,0,17.57883392571223
2021-11-09,0.012518043429776136,0.026185551230364645,4.714913603275337,0.6079664546922935,0.12510788957140662,0,17.27691335995349
2021-11-10,0.012592257919140473,0.0266453774978314,4.99937388727165,0.6153257709681484,0.16178061103916055,0,17.048894389666103
2021-11-11,0.012614256773784752,0.026867273309389903,5.292548683187594,0.6233387286451499,0.15284016209249282,0,17.164348457050995
2021-11-12,0.012717441057251052,0.02691899321502782,5.5166856959234645,0.6296592890332963,0.15713530532345227,0,17.40759591878336
2021-11-15,0.01253160033557074,0.026967570231129927,5.810679324037543,0.631293581417138,0.13317726497738805,0,17.371829961835203
2021-11-16,0.012557852845039363,0.026972685132663918,5.9512521178394024,0.6324267828312605,0.12200495538869828,0,17.487878533235268
2021-11-17,0.012503645172063566,0.026867328711855067,6.1350799609207485,0.6342057821562557,0.12471025654543859,0,17.501484733839686
2021-11-18,0.012606198239619703,0.027141895249693807,6.341126058208048,0.6393310681871084,0.11101227791867437,0,17.85944980173964
2021-11-19,0.01229617646148106,0.02713546855957316,6.758618841979632,0.6512109377950231,0.1007408390264289,0,18.103222062496044
2021-11-22,0.012468635736887182,0.027629351548782367,6.927566100032701,0.6631548866703693,0.07687313070971348,0,17.7985363618831
2021-11-23,0.012540312590540168,0.028017400688167698,7.022979965700516,0.6739297993788657,0.10543014369933788,0,17.596193233479475
2021-11-24,0.01258264219135443,0.028299027635190304,7.122071706371551,0.6831600066262831,0.0955182393023634,0,17.759554735559956
2021-11-26,0.012658998495563508,0.02844826777418123,7.143086367757559,0.6934553284767427,0.0898929770901128,0,17.384769001478844
2021-11-29,0.012975099570936866,0.028632789850531585,7.052269847442402,0.7132829025432308,0.008701525665040375,0,17.85474136259587
2021-11-30,0.013247026559505843,0.02901612922223738,6.881295207887624,0.7284906580838184,-0.046527951949783874,0,17.47503018940507
2021-12-01,0.013788195281776479,0.02957190117413633,6.489119492600981,0.7350438756423393,0.026703431678614317,0,16.934284874942495
2021-12-02,0.0137823182386012,0.02977847879322922,6.376454066536398,0.7394147721044594,0.022722460975526933,0,16.994768621816352
2021-12-03,0.014187439288631134,0.03033324144764617,5.971725161000374,0.732504519616937,0.020051643373441067,0,16.529994056407368
2021-12-06,0.014133575751509773,0.03074276241049814,5.715078949104225,0.7341424418642452,0.0011633774738317511,0,16.655206474522494
2021-12-07,0.014828844051781,0.03104158650212652,5.2571495481805215,0.7468600470471216,0.022619921396571766,0,17.25266780809832
2021-12-08,0.0148292337957056,0.03117835915591698,5.082891317199506,0.7574057769504152,0.027069937583819256,0,17.344749168202437
2021-12-09,0.015135338547034615,0.03134696468651233,4.80656907559972,0.7549177609031121,0.0164771674074736,0,16.91880608931387
2021-12-10,0.015129791976623796,0.031351504402494006,4.671548888939011,0.7493655300284675,0.0182468791843518,0,16.90663114459807
2021-12-13,0.015428282776224305,0.03169705128004926,4.373627121094687,0.729128276704407,0.020864893980891558,0,16.49942724343799
2021-12-14,0.015416451965177609,0.03185206305525171,4.122380242915217,0.7075066376259491,0.03316689446699251,0,16.414169468157272
2021-12-15,0.015830150932027588,0.032466454629170395,3.829136543047737,0.6996447815224199,0.021425329915938308,0,16.882595636811857
2021-12-16,0.016337217944978066,0.03294073013305511,3.435902876354462,0.6684763791143518,-0.03943789993516645,0,16.31853043674972
2021-12-17,0.015968585778313463,0.03272862221795665,3.1914898152583597,0.6245805171111786,-0.04242307884136417,0,16.217276700565446
2021-12-20,0.01602960465512522,0.032946315233051006,2.776820299578411,0.5729660366500547,-0.03410716717641518,0,16.03052543499711
2021-12-21,0.016376575261369986,0.03311503942949769,2.3486241999098456,0.5406147798534985,-0.055490357989833566,0,16.48650896918539
2021-12-22,0.016509222552811374,0.03337834504699814,2.057685984938047,0.5197106990083005,-0.03027736721336348,0,16.80101195277742
2021-12-23,0.016582868379610448,0.03342265813884025,1.8431186934506856,0.5059040783596118,-0.01976425749111613,0,17.035226101599694
2021-12-27,0.01671135946915467,0.0334504244883426,1.628431088801252,0.4970791801570826,-0.008627172060392927,0,17.315997449085106
2021-12-28,0.016307342904463243,0.03322890061568041,1.4862734911476547,0.47757491549878706,-0.022272877479135384,0,17.22552314962389
2021-12-29,0.016320319628792445,0.0331812757032102,1.215357379739535,0.45439995286986046,-0.023120289091714718,1,17.135932449481615
2021-12-30,0.016329517859148282,0.033177452846025975,1.0003392137130376,0.42785178159398674,-0.019692859223954168,1,17.05558297825957
2021-12-31,0.016393507131967484,0.0331242578798219,0.8547842157657305,0.39440344634739744,-0.01263808752751104,1,16.833113285479477
2022-01-03,0.01650860932941643,0.0330913341947004,0.7297434587577734,0.3701273245687435,-0.03140016484475299,1,17.33988422515713
2022-01-04,0.016415474440333488,0.03319866173646826,0.6814322919629011,0.3385971118958784,-0.03141749255505149,1,17.031323064011836
2022-01-05,0.017221263538024455,0.03359598766694732,0.5067415702253988,0.2829492396272594,0.01518315247787513,1,16.31457803108704
2022-01-06,0.017208920395697627,0.03385610077101984,0.26935979436478824,0.22867718014714825,0.019760770494760105,1,16.29516043262045
2022-01-07,0.017338007414895985,0.034156087459305186,0.017471945048527105,0.1665647497884661,0.023211665978173934,1,16.01760852255271
2022-01-10,0.01732738222455975,0.034667131980471944,0.23178705395066762,0.11098523085811624,0.017922100133912468,1,16.0923558002582
2022-01-11,0.01739550448912043,0.03481673888025766,0.4215148628319819,0.06636895556796363,0.018387363564256333,1,16.290515987186367
2022-01-12,0.017392594305971038,0.035025509373103815,0.5237756397352998,0.03269640249373232,0.022935210294789413,1,16.418148941400528
2022-01-13,0.017861543630500354,0.0354611273750541,0.6468096046861592,0.005784272516835188,0.0054747364197681525,1,15.82569411770872
2022-01-14,0.01789571342402456,0.03566618310903871,0.8282825374273615,0.0005265526567644177,-0.021039579383069208,1,16.017153036442007
2022-01-18,0.01808597086045105,0.03584096825736511,0.9447021722585549,0.01738871140296092,-0.04372553113294305,1,15.559743424338446
2022-01-19,0.01815125147006036,0.036169153036674874,1.0694682420190373,0.059824603449848746,-0.027648553889799695,1,15.366209752659804
2022-01-20,0.018256087264791044,0.0365527252853115,1.1972156300092909,0.13475493053592658,-0.016381110314774266,1,15.101878115032175
2022-01-21,0.020193915647588056,0.037523047685759564,1.3706628028152223,0.2212511733208291,0.04318308492383868,1,14.028189453182085
2022-01-24,0.02013588348113056,0.03833631827801796,1.7196457630472537,0.3211130098878564,0.04588598940638055,1,14.01468142457453
2022-01-25,0.020279401791028624,0.03837099426261439,2.1145235812937098,0.3931423629711272,0.057291440008604824,1,13.548229147217976
2022-01-26,0.02025742555727102,0.03859711571695453,2.552902502458466,0.45842167771303216,0.03943087133407913,1,13.580261848705403
2022-01-27,0.020295329349575716,0.03912654881018015,2.9846885990013807,0.5153029569036042,0.03368552001252697,1,13.414898066117582
2022-01-28,0.020406018152484166,0.03943523064975297,3.340283242026107,0.5636731114189301,0.015843948951609642,1,13.737646182460004
2022-01-31,0.02182846776252413,0.03998619089311973,3.3583789958339483,0.5996629968583294,0.06514360758399265,1,14.612119814397323
2022-02-01,0.02193618232495763,0.04005603925814679,3.5134567199588806,0.6261879222039459,0.10055270228025807,1,14.897132149056441
2022-02-02,0.021939906436990054,0.04049272486392579,3.7446907332456307,0.651135859935394,0.10340963126752112,1,14.947990985980809
2022-02-03,0.024216209185344402,0.04158999469075716,3.6703027513798876,0.674756212014874,0.08125276786116954,2,13.707051954449266
2022-02-04,0.024345949230955878,0.04177821880516317,3.78391445364179,0.6878937015835338,-0.021284766221229923,2,14.156711836357024
2022-02-07,0.024432205386021335,0.04195482751731889,3.9234853866930863,0.7013088593616059,-0.03519895558447233,2,13.924976448639027
2022-02-08,0.024441681938417968,0.042005650966658876,4.035316644572888,0.7142053236935902,-0.03848422836735015,2,14.011993650073471
2022-02-09,0.024592999739182702,0.04182935235443111,4.108179073084093,0.7279238616954103,-0.030097462316806694,2,14.398896561571211
2022-02-10,0.024688024804661052,0.04167139264908714,4.249990273205254,0.7481189725557398,-0.049037525078318045,2,14.086998610099172
2022-02-11,0.025284856059597977,0.042171079306189824,4.370365566533571,0.7667813707685102,-0.025190087519552873,2,13.468956864341509
2022-02-14,0.025251227896114725,0.04227147166608819,4.506903128939523,0.779940233963261,-0.042867922531763546,2,13.599384604208044
2022-02-15,0.025611967552911525,0.042427315264354414,4.5544175154841735,0.7892673334766938,-0.030399955206789633,2,14.062596666627742
2022-02-16,0.025602742341344194,0.04258373534583718,4.6138653711211655,0.7959760152368073,-0.03089978288478546,2,14.008386023399709
2022-02-17,0.026158755061128285,0.04288961824805689,4.601935640371306,0.8052607906199443,-0.030689856804365867,2,13.411795102230275
2022-02-18,0.026088808236049348,0.04290828052893272,4.673458575819086,0.8099694504504205,-0.023936596434477247,2,13.22785033244091
2022-02-22,0.02616967655487948,0.043077966678392775,4.601682324410493,0.8121679201815324,-0.031136257811231787,2,12.946451356105264
2022-02-23,0.02645377176119925,0.04325352686961197,4.546751917092494,0.8145823094081638,-0.013954691042822856,2,12.493303545111342
2022-02-24,0.027162982322670007,0.04419365447044804,4.312713045340856,0.8196492837757011,-0.052661300687320944,2,13.121066152482452
2022-02-25,0.02718201976565179,0.04424092172386688,4.178907037007694,0.8212952456627878,-0.028792687040312955,2,13.28249802478507
2022-02-28,0.027131955391738218,0.044363946234145794,4.027356047566377,0.8230042267589788,-0.01614929735768988,2,13.502379025275912
2022-03-01,0.027043076457954802,0.044382329491323314,3.931538137364475,0.8225325633576434,-0.012009559972964129,2,13.223213402913869
2022-03-02,0.026945932612955432,0.04428881266098306,3.945050037321922,0.8220966789954794,-0.005886024379195873,2,13.369182242625987
2022-03-03,0.026861649629721995,0.0441347602339727,4.040619953738127,0.8293296812537375,-0.02379867350990222,2,13.022661142154213
2022-03-04,0.02693296609121129,0.04423494914935194,4.1357704932075965,0.8359530081474655,-0.01332692152617924,2,12.814929213056367
2022-03-07,0.02745428798903986,0.04434357721312331,4.086513761731673,0.8485780704848913,0.002896647263903155,2,12.169818223980926
2022-03-08,0.027440379244182817,0.04454178421172731,4.166007408827678,0.8589994483798834,0.0013459007361653784,2,12.206885312921903
2022-03-09,0.027689398088938246,0.04472051075670235,4.104693690107163,0.8601357290934325,-0.0008809156011397179,2,12.773120539492128
2022-03-10,0.027683032458110567,0.045054789985961304,4.092325450832889,0.8598180318415077,-0.0071643246003445646,2,12.741111965395858
2022-03-11,0.02779448067821017,0.045251779921756795,4.160086206589119,0.8643056541672015,-0.004107200807965171,2,12.33969819766736
2022-03-14,0.02799481047720167,0.04546633080154822,4.207550264426121,0.8688357196304956,0.009958943327956087,2,12.012144387291807
2022-03-15,0.028342060451761016,0.04565226072732525,4.123860130423226,0.8740134534299115,-0.009623730279215075,2,12.523553825371199
2022-03-16,0.028960244796570014,0.04595946189626162,3.9721714070196885,0.8708461680149746,0.03740710303872845,2,13.118702647328908
2022-03-17,0.028884087465515018,0.045722803373337444,3.9333957947783533,0.8558548429405555,0.06340140033326994,2,13.422671953089084
2022-03-18,0.028932997547704214,0.045671188120736034,3.851084027584474,0.8329359803148403,0.1014557584524668,2,13.905599450037164
2022-03-21,0.028923126771628147,0.04571458681087375,3.7102161331482515,0.810446421915697,0.09888568189931972,2,13.883518023836013
2022-03-22,0.02909763364271448,0.045985709016813786,3.5004818279197565,0.7780271972489223,0.09769084469196576,2,14.26889127741267
2022-03-23,0.028931861810492086,0.04584627029654333,3.296950549752231,0.7452255381702421,0.09629554659822864,2,14.065559420647215
2022-03-24,0.02905244948945348,0.04598470562629572,2.9613226659323977,0.696420072050279,0.07725082701083907,2,14.46449018720479
2022-03-25,0.028999646047767436,0.0459776911975174,2.7183212185810675,0.6456837663582775,0.07124546409956407,2,14.448514500995554
2022-03-28,0.029082553180905517,0.04610381046286242,2.448119540716033,0.581386037600893,0.06603015595017903,2,14.794984347568784
2022-03-29,0.029143618998674424,0.04620415093016043,2.1936350667922895,0.5089946926152146,0.07551550651360361,2,15.029522959610157
2022-03-30,0.029205501503905072,0.046234964148010725,1.926412272496264,0.44513518883425274,0.07025893930878446,2,14.789741717148317
2022-03-31,0.02929373422175119,0.046329314623834335,1.699601416530854,0.38998085140326955,0.07416869240760895,2,14.514174395952924
2022-04-01,0.029247782620259132,0.04643986506534337,1.4443995054081238,0.335698730176599,0.07263633187523881,2,14.526019452410036
2022-04-04,0.02936065367433443,0.046435467019957107,1.1012192223335169,0.2642002746862515,0.08096847967234819,2,15.054396171037597
2022-04-05,0.02951640515622394,0.04635252544919935,0.7185437156508282,0.20868780425820355,0.06989611140979174,2,14.60417667082056
2022-04-06,0.029433128395423513,0.046382338894305285,0.4127996684799126,0.1731846305304105,0.07668068412236184,2,14.045811354974198
2022-04-07,0.029438007800345473,0.046335067344726956,0.18376843917686975,0.13973945528549658,0.07909252730394933,2,13.983764932374918
2022-04-08,0.029496899858397048,0.04623486901908346,0.015356075656831548,0.11556093331837494,0.08008401207165622,2,13.668346265748808
2022-04-11,0.029800423962917842,0.04604868588420555,0.22872195396242903,0.09843709143241991,0.09296636542280037,2,13.20369055888168
2022-04-12,0.02977204120696004,0.0462522034804717,0.485035790599959,0.08037585303301434,0.09262702455501778,2,13.115008727539067
2022-04-13,0.029899195050561322,0.0464156984545189,0.7000977809311667,0.056720520456528374,0.08759462731777348,2,13.419602373806926
2022-04-14,0.029784425961796007,0.04626450431697315,0.7950194021597196,0.0440800922185929,0.08131136480805667,2,13.023641399469838
2022-04-18,0.02976549547998689,0.046219972798590934,0.8667921660073494,0.02888048269961037,0.08507504413498423,2,13.136685296235022
2022-04-19,0.029734838835526956,0.04630587004087749,0.8948461962156007,0.015226317552874657,0.09793333979450827,2,13.484401442036777
2022-04-20,0.03187473114560934,0.047490894414044575,0.76014927967988,0.014458816598023397,0.04371912140482383,2,12.244093720822733
2022-04-21,0.03204305374792448,0.048099745151766654,0.6012346238089082,0.01792982558885429,0.07787414582374473,2,11.862023373727798
2022-04-22,0.030902437946720002,0.04751010065605119,0.4230602105437361,0.03330456577972772,0.07389827758167095,2,11.588551346165264
2022-04-25,0.030915469984089006,0.04677797763247213,0.18638299348923082,0.04978493984712206,0.07489654473853184,2,11.671860741838712
2022-04-26,0.03148277079320408,0.04701012002826787,0.12461579056978185,0.08200621405973661,0.0655615577311975,2,10.997526533222702
2022-04-27,0.03162302634279801,0.04679866041378366,0.48894810727915056,0.11820987904379529,0.08527512268944813,2,10.736535221918766
2022-04-28,0.03261644642700315,0.047195164943020756,0.7958551755739264,0.15056821067149573,0.06136522595339549,2,11.429747259522061
2022-04-29,0.03316029756757726,0.047693079606139076,1.117206496047643,0.1837558075252485,0.012038931845619239,2,10.821440271615504
2022-05-02,0.03248970351545585,0.047474462606814226,1.3895292100154428,0.19707062099130668,-0.04409215779690033,2,11.20836546403439
2022-05-03,0.03239972159657742,0.047344381019275183,1.6316066268735099,0.20462797367610702,-0.06475155323676372,2,11.248157124612455
2022-05-04,0.03270961768463523,0.04758331586850104,1.8683168846232276,0.20434198808666,-0.062355631373568386,2,11.651025628988364
2022-05-05,0.03224509135782559,0.047379360119644005,2.2209890659273275,0.232652454361915,-0.09435107299620754,2,10.827921203910234
2022-05-06,0.032046535678141946,0.04720145694850278,2.5050830784535,0.2536611686371491,-0.03787897068556246,2,10.649361014352811
2022-05-09,0.03278467898749109,0.04752336598677332,2.771621884459294,0.281644708473628,-0.020203360130453808,2,10.039198012288951
2022-05-10,0.032850077329272996,0.04783091906538834,3.0354674265336588,0.30556110015476295,-0.03541576978627794,2,10.21580559334689
2022-05-11,0.03320893947167989,0.048273173113952905,3.253022939427063,0.324985624113182,-0.054396401640737994,2,9.730590277388725
2022-05-12,0.0331041113894766,0.04890144120085604,3.5099333222217006,0.34724366525461753,-0.05324219216947741,2,9.785000466414353
2022-05-13,0.03346829376674422,0.049060526445054486,3.715454242852501,0.37369749690743514,-0.051525156498070296,2,10.3599274273613
2022-05-16,0.03353505876669892,0.049074596292281523,3.9227224155695444,0.3983495643728236,-0.05703291280208463,2,10.159147619802438
2022-05-17,0.03351758841961505,0.04909195674662739,4.105246275504504,0.4107844768608522,-0.07268102285926971,2,10.493994202511288
2022-05-18,0.03439523674886991,0.04963690980420727,4.272804617323197,0.42869823228382575,-0.10097912846246278,2,9.849669278436458
2022-05-19,0.033979744940820164,0.04954721840557305,4.4812380455203575,0.4540579807050323,-0.10676808306089108,2,9.897888545091497
2022-05-20,0.033970107187036726,0.05000570579333446,4.6121484994333874,0.4821228204314678,-0.1138738835923977,2,9.777945236256382
2022-05-23,0.03389785913859233,0.05003289164277558,4.718039816683353,0.5131261008244982,-0.1179880185980997,2,9.89513391491146
2022-05-24,0.034230294783184005,0.05030006515101692,4.8428677963306415,0.5558642982787693,-0.13497751807440087,2,9.385562637227519
2022-05-25,0.03384991928668599,0.0494848696761116,4.935525157288197,0.5824818106802603,-0.13441945979645037,2,9.666095729320888
2022-05-26,0.03420792593309459,0.050002844284705784,4.845252656518459,0.600976554798794,-0.12547807790490095,2,10.063038786412474
2022-05-27,0.03452586414549273,0.05006986654365445,4.804496714696431,0.6090244077747802,-0.09999954411124612,2,10.471898753715935
2022-05-31,0.03444446638810032,0.05021655617146966,4.745858568483668,0.618651458532235,-0.08729136562625701,2,10.56184972722827
2022-06-01,0.0344551291118136,0.050490131083460614,4.729940668060791,0.6267026289771863,-0.08566480492118708,2,10.424895789712368
2022-06-02,0.034865104747381886,0.050850062752094395,4.632741939816625,0.6299942636151573,-0.08693583398163654,2,10.942190234390297
2022-06-03,0.03522785092688956,0.05105120935253082,4.638387026782047,0.6443353340556435,-0.1166287901145522,2,10.470749723978292
2022-06-06,0.034681938085041886,0.0508375019551578,4.678260756977921,0.6693802428713397,-0.1328560231593405,2,10.590043274833441
2022-06-07,0.034680911677735834,0.050389774807688525,4.619036144648953,0.6922579712255887,-0.13109019282077514,2,10.613224998876321
2022-06-08,0.03418559008735499,0.050102479100448134,4.5209686560068505,0.7015622678583883,-0.13599692669153848,2,10.630710710361887
2022-06-09,0.034485417372071565,0.050237655834455795,4.377187823174089,0.7167878522499309,-0.13878590231439245,2,10.246911940887161
2022-06-10,0.03474111917912971,0.0503620814311051,4.23213849305603,0.745465712922703,-0.11755162221929517,2,9.77647097892479
2022-06-13,0.035504966920963235,0.0507740245033895,4.109245933936252,0.785828729566216,-0.08922143112123743,2,9.151615053610946
2022-06-14,0.03509808530642394,0.05062436509977735,4.181773818735556,0.813091928018327,-0.07914515402088085,2,9.166847481165046
2022-06-15,0.03511119373180329,0.05088247925861784,4.1150614834790655,0.8246637137779933,-0.10790532385984254,2,9.60803439406252
2022-06-16,0.035553201620168264,0.05125414939025474,4.07861215227663,0.8351194581305318,-0.15656876195306538,2,9.12718740991776
2022-06-17,0.03532617689917457,0.05112945528781745,4.003399752999049,0.8380637828747953,-0.18479654338116036,2,9.280104034604419
2022-06-21,0.03543733685871256,0.05175991716449213,3.8772372205853314,0.8375826197425505,-0.1793964280023724,2,9.487215491082221
2022-06-22,0.035268136273917436,0.051697139476594677,3.749223641524138,0.8326551178076284,-0.17791367308267422,2,9.526090097150352
2022-06-23,0.03524539932237408,0.05181973755566838,3.618439305071439,0.8261675114241771,-0.17312119050757185,2,9.62232588837077
2022-06-24,0.03566206353065765,0.05200649309769032,3.3166565666113867,0.8075610265157533,-0.15533020675818823,2,10.11913306464958
2022-06-27,0.03569850046862807,0.052184107112173576,3.1053060929948786,0.790291458243734,-0.16050044768523886,2,9.98913864040337
2022-06-28,0.036086054611558505,0.05263813693513152,2.9524095630447653,0.7801533160319485,-0.15688689609392253,2,9.507199465696107
2022-06-29,0.03603335445223902,0.05273250143792855,2.885748546194455,0.7702462382553681,-0.16650570284910804,2,9.474458531115346
2022-06-30,0.036076873276780774,0.05308734082669437,2.848654384366161,0.7628369384892089,-0.16483752975616198,2,9.272976599948612
2022-07-01,0.03600323237247781,0.05325010540860394,2.8086849118180406,0.7541929306607927,-0.1680269231529118,2,9.306096669596686
2022-07-05,0.03629140515240763,0.05393615295805939,2.7730004886893314,0.7389465317597741,-0.15982863076505005,2,9.643327690445552
2022-07-06,0.0360043766980391,0.053756409612224686,2.7041222535682308,0.7262477456819137,-0.15813452856044383,2,9.68165277867582
2022-07-07,0.036052616681036195,0.053825160776235136,2.6090700837824228,0.7031485525429761,-0.14107410958760064,2,10.004702338042982
2022-07-08,0.035729413439431305,0.05357969455227213,2.5602761633669524,0.6767305830054088,-0.14852949358941572,2,10.008835798949784
2022-07-11,0.03617470509164882,0.053783214815787427,2.5018920246057874,0.6626965795962776,-0.15050942567550143,2,9.557142589920414
2022-07-12,0.036085583548192066,0.053911196609507134,2.4516250839678153,0.6498742815385662,-0.14669422204731614,2,9.460120328558457
2022-07-13,0.0358338585706635,0.05408304615553422,2.3614329575164437,0.6342209335020017,-0.15448085689924784,2,9.496898715159649
2022-07-14,0.0358297942937037,0.05394255913910224,2.1740749121077814,0.6193664462464896,-0.1560852965365281,2,9.447770124447421
2022-07-15,0.0359464050509181,0.054024282500384435,1.943686941795322,0.5975068863926459,-0.15502929335080398,2,9.756336995900606
2022-07-18,0.035757743149003374,0.05421242770926384,1.801526334561454,0.5713701536849899,-0.1422800308997496,2,9.798141130211564
2022-07-19,0.03617559247893364,0.05457353562359598,1.5205867767257688,0.5275508067722083,-0.13203946602247826,2,10.232912630929265
2022-07-20,0.03629145385740081,0.05466414819425399,1.236658879556443,0.47052338240612956,-0.1118843290838145,2,10.591731896909577
2022-07-21,0.034566171488653256,0.053676575562772694,1.0551407368763845,0.3792177644575051,-0.0683086225918617,2,10.883490889839768
2022-07-22,0.03460755790327467,0.05322325678101684,0.8627982414669627,0.31273050593052204,-0.12001668075435436,2,10.51375992801344
2022-07-25,0.034516168914623155,0.052944511733065,0.7087795321869647,0.25645849259779435,-0.12437032481738773,2,10.392269881610952
2022-07-26,0.034774299996622626,0.05300182913519159,0.6459330015855914,0.21595394238789292,-0.11684615813125501,2,10.035510605641454
2022-07-27,0.03499324591702966,0.053176460543572696,0.5364443542131595,0.15964693080619807,-0.13726121648225278,2,10.693599959160368
2022-07-28,0.03486528920336324,0.05303928622760995,0.3761807069439222,0.11664813627153539,-0.1550962806352711,2,10.6911963444168
2022-07-29,0.03410110663334421,0.05243216564297193,0.1580734251434819,0.05974692347619028,-0.1386938792532199,2,11.002610783563066
2022-08-01,0.03343739919970322,0.05182628560976351,0.0772351342738898,0.026911491471687893,-0.0956094567398509,2,11.03466970508957
2022-08-02,0.03313330323483043,0.05149588791943066,0.3286000686970477,0.0049315236123511925,-0.07143739213275896,2,11.015285625623248
2022-08-03,0.03335913997034584,0.0516110552758371,0.5552258823275869,0.0016945992534306308,-0.07416149768911179,2,11.356339793994282
2022-08-04,0.03308369895653001,0.050902007047710196,0.8126511400067633,0.03103148956181214,-0.07105790765559776,2,11.485745445935962
2022-08-05,0.03198148765514524,0.05013299432440691,0.9951157534292372,0.06775510909870869,-0.04000084955582154,2,11.235986830713472
2022-08-08,0.03191619527575535,0.0502160258203159,1.1400327620294406,0.10951084447346761,-0.05968698713810196,2,11.202081390750742
2022-08-09,0.031169480549327597,0.049719278716441336,1.3359111458475308,0.13199961663593773,-0.07670050083012729,2,11.003245098812604
2022-08-10,0.03163965013449493,0.04971576833341402,1.5519102990273077,0.17085680897105485,-0.07675242809556254,2,11.515802769898697
2022-08-11,0.031100370274433513,0.04925299433039331,1.7765372795632952,0.19099987320390446,-0.0745414134166977,2,11.387386697452484
2022-08-12,0.0313168407216968,0.048549284874178734,2.0009955126801007,0.21722803718898678,-0.07957640105965272,2,11.725668764700496
2022-08-15,0.03044772361463679,0.04781735195169972,2.289820924787525,0.26584385027819873,-0.08104644737848889,2,11.824039317517823
2022-08-16,0.03035640379939301,0.047561478752335414,2.5068498595343742,0.3053805524813539,-0.06291022955626618,2,11.763997236376174
2022-08-17,0.030172232144514886,0.047362311428098325,2.661288648832086,0.35625632903245535,-0.048655572632595914,2,11.533451081051625
2022-08-18,0.0291773077856648,0.04666513550869267,2.812852682764686,0.3803791515028285,-0.01699625912812032,2,11.614876721251392
2022-08-19,0.029408335405536036,0.046571448552239596,2.7772845737784047,0.39857282843946756,-0.017683007246776763,2,11.27097731730155
2022-08-22,0.029729336303188875,0.046096472212337945,2.742957345475847,0.40008096058028086,0.006288381169646815,2,10.857962183443455
2022-08-23,0.02969173532621244,0.04578255622589319,2.768907894376496,0.4053770557657628,0.009043270287977126,2,10.876388581756565
2022-08-24,0.028986553760584243,0.04506270336445269,2.8950578844566115,0.3951370828781602,0.019244275080315072,2,10.949422461566682
2022-08-25,0.028894192089565333,0.04485253157025604,2.9004109687228024,0.39889486976324107,0.0494594547812111,2,11.207747094677599
2022-08-26,0.029154075527699618,0.044722662841570206,2.8355669272614636,0.39767771676245534,0.007941439975415689,2,10.6322339557773
2022-08-29,0.02873422063609183,0.04446429422769179,2.7997097830587236,0.40916915050488273,-0.00950143683264953,2,10.51596217558984
2022-08-30,0.028774191044741812,0.04443421045958971,2.702107874154519,0.4184676282181702,-0.012523378568277798,2,10.360483128472252
2022-08-31,0.02872787891891934,0.04428602094437303,2.607632852141884,0.42114027311614144,-0.010191014354753726,2,10.354202215197006
2022-09-01,0.028039576563006915,0.04407232902306477,2.54511141431323,0.4512730761971197,0.0024605781945879817,2,10.345916942305065
2022-09-02,0.027611454865290538,0.04393960953741572,2.389342893619491,0.4472343296949195,0.046442116668672435,2,10.150906270466665
2022-09-06,0.027606465459980484,0.04375342846435898,2.2266853812132172,0.4441250790690517,0.06156098250594466,2,10.043266301909743
2022-09-07,0.027819365563145713,0.04380666372801408,2.085019024840005,0.4573887921968571,0.05461941137258995,2,10.317982622629703
2022-09-08,0.027829058794724002,0.04375263145708697,1.9981843107840136,0.47533419627513673,0.057534977199496816,2,10.380487297921734
2022-09-09,0.027721331958728848,0.04344768260841756,1.8545772658189494,0.4872805051696,0.06278806028303219,2,10.69643728280461
2022-09-12,0.0271417360868575,0.04294071674162303,1.7436598098940463,0.48248706489880405,0.033279010107261836,2,10.805768957819872
2022-09-13,0.027490105242800815,0.0430462589173622,1.3969510287952978,0.4223286753172839,-0.04698044297652683,2,10.020281571782142
2022-09-14,0.027531341294905,0.04293273618695867,1.071077180264792,0.36978480390443086,-0.06262701273707316,2,10.141236389243067
2022-09-15,0.02685636603980931,0.04251262116001692,0.800640309259852,0.3280819772126986,-0.06455435304241082,2,10.121986381704401
2022-09-16,0.026105922302210025,0.04213912944598929,0.5216280199599989,0.2753606200453145,-0.013297671408668948,2,10.11359226616648
2022-09-19,0.0260630905289304,0.0419996474380323,0.23155021520897331,0.2323411333057048,0.003666506628845283,2,10.233224802682237
2022-09-20,0.0259541597440635,0.041301019726054426,0.005607504537515417,0.19068874702355315,-0.006693473433198129,2,10.11166532244619
2022-09-21,0.026069653388133676,0.04137010778704389,0.19643163823405257,0.14516025566471086,-0.0014315835483011982,2,9.910618411499692
2022-09-22,0.026106155587334666,0.04135227515383562,0.40197703285776337,0.10214154802923003,0.005635621392285657,2,9.762939304421918
2022-09-23,0.02549236533912346,0.04114302882239069,0.6362571955330837,0.06936260533805995,0.003919771209630763,2,9.510142434485841
2022-09-26,0.025465615351423384,0.041154760576383904,0.9245669900112179,0.040132462131672,0.024695634978325418,2,9.425532584258292
2022-09-27,0.024731239559309805,0.04077031288120562,1.1754847091481446,0.014901247120383303,0.010124701666109676,2,9.447264473780658
2022-09-28,0.025267170813818976,0.0410153381403582,1.2999557776285846,0.003568103474211786,0.007902535575480875,2,9.836783971652363
2022-09-29,0.025550502843367587,0.04108286355861223,1.4655550896617384,0.0008326329913629733,-0.032218601765208264,2,9.474111270087938
2022-09-30,0.02559462032448581,0.041146899350817105,1.6549283993817432,0.014911486572278043,-0.018289313290518198,1,9.356193901826703
2022-10-03,0.025196915651383666,0.04077489916392622,1.8440417451345863,0.038474585358199795,-0.023210374617651335,1,9.41578404168951
2022-10-04,0.025461348438307642,0.04102539408765259,1.9120952618825382,0.06628765578953909,-0.022280430589412658,1,9.691864755196452
2022-10-05,0.025144074485952156,0.04110844310132735,1.996425093384717,0.09376160635100803,-0.03280276597914063,1,9.59405124653502
2022-10-06,0.025144586964317456,0.04108353868301847,2.109123393081604,0.12516290949711464,-0.03361900185382972,1,9.581199797211413
2022-10-07,0.025410968817019177,0.041191521168311034,2.3077081012268654,0.1900823064044358,-0.031114797329325077,1,9.066564216663025
2022-10-10,0.025383920620914116,0.041218936412322715,2.5988147670267283,0.27122558562065574,-0.036760139158014724,1,9.029732494874407
2022-10-11,0.025610152662294564,0.04120618423495621,2.912691783161068,0.3632217709652087,-0.03307602323832281,1,8.78377983353052
2022-10-12,0.025608935022808973,0.04113203172137197,3.1066536065888237,0.4653874809433858,-0.035927966935747485,1,8.825751305266643
2022-10-13,0.025464741219336312,0.04174599908748925,3.2913339148534484,0.5469365123496001,-0.029123180049731672,1,9.042428493357987
2022-10-14,0.02599417169046438,0.04194319905584579,3.433848487061756,0.6292657269903067,-0.05782470512029965,2,8.66581092213037
2022-10-17,0.026438736376063816,0.04217380375014446,3.4861621323899334,0.6782271482141136,-0.11791074212211373,2,9.173886826906536
2022-10-18,0.02606880648938019,0.04223081760969141,3.644801450663542,0.7071728395223948,-0.15094882226677317,2,9.19607607867656
2022-10-19,0.02597429586680482,0.042305624136742624,3.703490804519261,0.7184511759294054,-0.17720697989130377,2,9.390916655846427
2022-10-20,0.025671383387319942,0.042270046291759074,3.7934287867965053,0.7464103518962178,-0.16334083693541077,2,9.269016008076436
2022-10-21,0.02588343596654639,0.0425928276011043,3.753041900906874,0.7714031254464552,-0.17943012149499138,2,9.534806197120737
2022-10-24,0.025521000295325703,0.0426907419018003,3.7723922541054304,0.8171965956898312,-0.18939467206060034,2,9.514004010244685
2022-10-25,0.02459034217842625,0.04229454044099345,3.774837538233001,0.8135348581367345,-0.14435023295336843,2,9.865136475434541
2022-10-26,0.024878205653503932,0.04258154063721387,3.6358138527496378,0.8210370149307411,-0.17815313754319717,2,9.56964601581468
2022-10-27,0.025382333621352476,0.04304521961551874,3.591416349342668,0.829888733402,-0.13973981386372447,2,9.096482887771044
2022-10-28,0.025401407139195264,0.043278177288780695,3.53389528523749,0.8347783432259193,-0.15463545119900354,2,9.17232449514906
2022-10-31,0.02554757165414732,0.04335623313196712,3.464215386976374,0.842739010139798,-0.1590763027123947,2,8.972999396444525
2022-11-01,0.025316985352156762,0.043542777449737786,3.457406041112014,0.8446310083379267,-0.15584451717120865,2,8.839989089513834
2022-11-02,0.025877536692252512,0.04400591333786296,3.4464397866091616,0.8460173293580999,-0.15698299393048734,2,8.450852077361672
2022-11-03,0.025796776737407302,0.04412495291625742,3.5341207747160674,0.8496984369217073,-0.13837793461498665,2,8.32840609619455
2022-11-04,0.025830427575224663,0.04413132361921402,3.5923844075213136,0.85388593150888,-0.1415084394567962,2,8.419088472489292
2022-11-07,0.025743457550804243,0.044270551592069864,3.569511427250842,0.8606211914787818,-0.13723255614475163,2,8.467070897297951
2022-11-08,0.025065932433538402,0.04401916063057245,3.5921052261827344,0.8604348039260856,-0.12295600375924416,2,8.476224361508136
2022-11-09,0.02528058724576697,0.04434573364626057,3.479514811031969,0.8612429946791051,-0.12084829026522784,2,8.235702622358312
2022-11-10,0.027969294747759194,0.04552328794871558,2.954655011934748,0.8468230120604322,-0.15911738343827422,2,9.055244484958221
2022-11-11,0.028259705340558373,0.04603919209468821,2.735413787934489,0.8202904263620994,-0.0713196866056564,2,9.355455442306987
2022-11-14,0.02825437122884803,0.04633304944303878,2.481109907837614,0.7939560153458166,-0.06951338093672528,2,9.33106972037925
2022-11-15,0.028290151309484653,0.046628322267138166,2.3053852548200227,0.7539815825594279,-0.0694929362445963,2,9.542109892518058
2022-11-16,0.028438554167027234,0.04680880579639191,2.1490057672889673,0.7261927435410275,-0.07651421571779932,2,9.312261641072325
2022-11-17,0.02829401824945287,0.04677007692688972,2.0885397039737468,0.7042522101649006,-0.06457024060400812,2,9.135556332249498
2022-11-18,0.02795310064113627,0.04672232582893562,2.053896810374517,0.6873414142816471,-0.08096985169265253,2,9.029518055641507
2022-11-21,0.02810796190708521,0.046953485086182044,2.056534863563734,0.6771659950640216,-0.07469776456203227,2,8.817790541053458
2022-11-22,0.028177596006629328,0.047050197719360316,2.038821361553688,0.6595958378049254,-0.08337951050807002,2,8.968472039696087
2022-11-23,0.028212847333677633,0.04700215887923569,2.042705195580477,0.6300824362828245,-0.07648304448110786,2,9.202657632901154
2022-11-25,0.027492500672975873,0.04633433436325974,2.0926947979501054,0.6054153228428122,-0.05642121263568788,2,9.106681150161926
2022-11-28,0.02750247913596255,0.04644152110667055,2.021373643127584,0.5866461043907978,-0.06516506398815616,2,8.99361022628042
2022-11-29,0.02745420309679908,0.04619620997964477,1.9855797194545468,0.5723135328421979,-0.06650153085898976,2,8.92909836875272
2022-11-30,0.028907136138161246,0.04675743156567808,1.736371317896027,0.516630390940836,-0.07043926246834764,2,9.570465653145597
2022-12-01,0.0289334477432253,0.04644426831493339,1.5506523392743314,0.45429593948509084,-0.051970909671415974,2,9.66448964422979
2022-12-02,0.028835862684690676,0.04629941263673465,1.3068736653489597,0.3980241750138576,-0.05192313367388351,2,9.667960869698181
2022-12-05,0.028988524992763793,0.04637306460617072,1.0628275647420249,0.36285116367628,-0.05576773047578785,2,9.417976602728787
2022-12-06,0.029080913456834907,0.046490788649392496,0.8626282439926282,0.3370678379826374,-0.034691066069094195,2,9.107584070283016
2022-12-07,0.02908007089059202,0.046456336911155006,0.678181563070205,0.31135339334298967,-0.03628089329686588,2,9.054783541209591
2022-12-08,0.028885684106166886,0.04650404256351143,0.4662831257713582,0.27249156364430205,-0.042594250783791254,2,9.188026062978743
2022-12-09,0.028866640662799543,0.04672072035697739,0.1904026757502465,0.22832800764734837,-0.04798876712988954,2,9.242528734979254
2022-12-12,0.02738526399392662,0.04612124898803629,0.12507848060066656,0.2008609158580491,-0.033658274992733564,2,9.188441709449386
2022-12-13,0.027423144549599057,0.04676066397903736,0.07998519398108518,0.1623058731116388,-0.017329482826814402,2,9.341231967310247
2022-12-14,0.027450407959446328,0.046721849319159486,0.04309794667288714,0.130028836696249,-0.020346610752706752,2,9.2488275582158
2022-12-15,0.02792725940999902,0.04707048540685497,0.09213607500090845,0.1142099141358713,-0.012715685429547416,2,8.871511239906708
2022-12-16,0.027910223464113135,0.047230145583048354,0.10392736145493034,0.09771929167579421,-0.006971273561678171,2,8.792164924392502
2022-12-19,0.027993176993022662,0.047335688445796144,0.1133609432691266,0.08926057938832135,-0.0015173551898269271,2,8.60915615623279
2022-12-20,0.02790817753575981,0.047167727837586715,0.12617746343986938,0.0872744132607386,-0.0021258377381387587,2,8.524816849568007
2022-12-21,0.027933336996420706,0.04712463328121285,0.08675212035686898,0.08317614047478669,-0.009965359902776864,2,8.675045825981842
2022-12-22,0.028183738076124395,0.04744802288208174,0.13575082175246583,0.09678910417945727,-0.03115347712057837,2,8.332877526489602
2022-12-23,0.028161764303260305,0.047362344204869865,0.23307975029164957,0.11237679719062715,-0.03649765507182568,2,8.341818639037143
2022-12-27,0.028760619927567233,0.04752590137706544,0.3572374935514173,0.1365695372374785,-0.037573159528496006,2,7.954765603270167
2022-12-28,0.028299918422050232,0.047248340159568684,0.4579326010843433,0.14803638945296912,-0.03778898397026153,2,7.902087643233689
2022-12-29,0.0284854790813433,0.047274813843293406,0.5090760265915247,0.16014861200454236,-0.01176811579222846,2,8.25752044158415
2022-12-30,0.028445662750540376,0.04708281702731707,0.6832258114409814,0.174664023560945,-0.014177487070702162,2,8.286246615346418
2023-01-03,0.02847714441682542,0.04729499489000862,0.8824214440009022,0.18904371792529248,-0.01355679413692662,2,8.183596620025257
2023-01-04,0.0283724076698986,0.047251504158587865,1.04643867700669,0.1867688706991444,-0.02360903441932107,2,8.363748657750516
2023-01-05,0.028436777738211738,0.047071473908952555,1.186795355119806,0.19136948397881007,-0.026332173656481148,2,8.21130015114329
2023-01-06,0.028629845596398626,0.04747447301297491,1.2366852394882926,0.18719661989871106,-0.0349622404080946,2,8.427915331993413
2023-01-09,0.027948763890723326,0.04734029423512928,1.323537965231585,0.1944600230816801,-0.02236934269781034,2,8.608164331880328
2023-01-10,0.02803939564645448,0.04745105595962837,1.3823343667813752,0.1955953816523077,-0.01841390331240215,2,8.765997803719316
2023-01-11,0.027970679452981265,0.047290728015112325,1.4496152405645653,0.1995228213251519,-0.01222656575621541,2,8.961901512253784
2023-01-12,0.02800256045813192,0.047491403092546534,1.4859856962749975,0.19573286740086962,-0.005143118380892192,2,9.066127509960687
2023-01-13,0.027864670973258215,0.04679022707703276,1.5336369052052705,0.17608402002538065,-0.004871423047165675,2,9.16436415518005
2023-01-17,0.027395124102645853,0.04640647163801422,1.5967464676615761,0.1719776715722762,0.0180986088347208,2,9.25603592146929
2023-01-18,0.026414608537342843,0.04593458371772154,1.597756031395771,0.14960563550095957,0.07093610662263868,2,9.157421880305993
2023-01-19,0.026437165234432954,0.045683225244348064,1.53140088684667,0.13159972322468275,0.07294326006049083,2,9.075027228422474
2023-01-20,0.027110754944784116,0.045768589167733305,1.321207875659876,0.08915676369667044,0.05949306848934213,2,9.548433389352832
2023-01-23,0.027548812855732727,0.04579404449731988,1.0750541932048099,0.04702290747141388,0.1073770393694275,2,9.939450077068747
2023-01-24,0.0273119677352131,0.045404009174572026,0.8735358758210885,0.01652769725794862,0.11210751562377264,2,9.92040427675795
2023-01-25,0.027311359413214595,0.04529445968005111,0.5957145919510793,0.002103872392151664,0.11503255676215081,2,9.904204949936391
2023-01-26,0.027278992398323067,0.045271100238167196,0.25858754984121995,0.004540624857268311,0.11567638229175202,2,10.254483989867724
2023-01-27,0.027363280437325666,0.045119519854183186,0.18334450880424166,0.029068598217665585,0.16396105733179744,2,10.607831076592726
2023-01-30,0.027025627934874768,0.044448123526485785,0.5712784127594653,0.05190056118888664,0.10389398400511818,2,10.227165331071017
2023-01-31,0.02712114943584571,0.04404874489572085,0.9042065877084192,0.08366739654727488,0.09716505007500645,2,10.430519019701892
2023-02-01,0.02732630480053306,0.044325229072691735,1.25020089151902,0.11759923900365472,0.11165228653703577,2,10.788205895649162
2023-02-02,0.02897476409617641,0.045134653078959176,1.6062689164448527,0.1556638193098789,0.14360202464090643,2,11.62849317233446
2023-02-03,0.028602280245510977,0.04528609191187364,1.9714967090953364,0.17950247957464155,0.07772600763498115,2,11.346844301123422
2023-02-06,0.02854693665560025,0.04511147192908364,2.3392261268510977,0.1983925342704868,0.06477811621902094,2,11.309766919013098
2023-02-07,0.02866781212675807,0.04488324844437444,2.680249340856382,0.22023103072020592,0.06389083876267616,2,11.576028412256472
2023-02-08,0.02874326072825822,0.04496181826960698,2.971787981162031,0.2401401827678122,0.05507584459273329,2,11.37373877236411
2023-02-09,0.02877828670475072,0.045116686193057816,3.2243568328967713,0.2575521649070859,0.062028976263105676,2,11.245010431478903
2023-02-10,0.028783648530412365,0.044894004280030174,3.3953187787326495,0.2638776354213801,0.07010927120038643,2,10.922091759109323
2023-02-13,0.02598801248309256,0.043796625557777656,4.006721218118391,0.29272078831720316,0.13753808257374545,2,11.096759489248786
2023-02-14,0.02580830405449181,0.04371717083131144,4.310205774244799,0.33313867326143753,0.08977630089363227,2,11.34802709508831
2023-02-15,0.02582311017365788,0.043484121829852174,4.572282477939159,0.37287888848042144,0.09656499454868342,2,11.432152096831008
2023-02-16,0.02597753870430097,0.04332861258367416,4.801800112745038,0.4152945415833338,0.09515161598240969,2,11.067845801503806
2023-02-17,0.025804579968567793,0.04329530936772751,5.089156384012574,0.44840668685435064,0.11328920822635757,2,11.023598652857707
2023-02-21,0.025956723837955394,0.043332217456699886,5.171677257605607,0.46943538552108766,0.10458273590165947,2,10.70103696952642
2023-02-22,0.02591903765210267,0.04316024991007666,5.2149824865981405,0.4865475650183209,0.09618566968470234,2,10.737424016254662
2023-02-23,0.025853703648202515,0.0434235316694089,5.27533024679927,0.4992737361652839,0.08773308999172731,2,10.934457193258469
2023-02-24,0.02587664451655438,0.043367081913078996,5.30745855139833,0.5114128124924442,0.08860295037801313,2,10.725046979193383
2023-02-27,0.025733808146921364,0.04333342543873913,5.343570434377058,0.5325442221641368,0.07470737120694086,2,10.883187777086716
2023-02-28,0.025702124496005452,0.043482458622671354,5.290624645033931,0.5497999372859914,0.08263805992234105,2,10.910064569402813
2023-03-01,0.025725035027572882,0.043446720144214884,5.267579444291926,0.5592218036741177,0.07786878791864275,2,10.745184793288907
2023-03-02,0.02571047210917371,0.043563230102237976,5.2087571515911595,0.5649667995650242,0.07626226555493941,2,10.722999660742163
2023-03-03,0.024362813075813495,0.04291954248757923,5.449637630734809,0.5963957158512995,0.0950425395047108,2,11.046123755834675
2023-03-06,0.024347622482861053,0.042874258357825386,5.256195551166401,0.629175687096455,0.07925555916274646,2,10.968092134678805
2023-03-07,0.024393956730303066,0.042844712066817676,5.082216340608765,0.6588805900200807,0.08299457377350745,2,10.837204379700669
2023-03-08,0.024183279768939615,0.042679845462296744,4.956710004955738,0.6794704950283983,0.08128119017748038,2,10.890112589989132
2023-03-09,0.02412746560526356,0.04276918786736298,4.689584530082319,0.6812901363821355,0.052451962587681915,2,10.560460574254382
2023-03-10,0.024175911119866896,0.04289303224591162,4.415272550200971,0.6765235912320524,0.058762418805926045,2,10.41837025782066
2023-03-13,0.024119628465018115,0.043148934059292855,4.200956464569695,0.6764582500371956,0.05965647080340988,2,10.488482903425025
2023-03-14,0.02460108844653181,0.043295057194077974,4.007975312678586,0.6865443694433537,0.06182794798500275,2,10.896454348772394
2023-03-15,0.024643744558170737,0.04333968447119279,3.872546590224996,0.696415031435736,0.07100082484558416,2,11.03709163474993
2023-03-16,0.024967078023195317,0.04302605815602407,3.7081653419723275,0.7161258832469082,0.08168747321825226,2,11.433057323069022
2023-03-17,0.02499119841729335,0.04300575659158292,3.5532224692011534,0.7292376750505162,0.07118557261109716,2,11.282344864170952
2023-03-20,0.02446225559792499,0.042599638275579964,3.5166719828691635,0.7315683356361316,0.05701592933467297,2,11.327988388500758
2023-03-21,0.024727286672515895,0.042612789875416716,3.4067370937977715,0.7355293418142502,0.042064439535725674,2,11.668075253940776
2023-03-22,0.024689397487517466,0.042691034498943854,3.3603297677302866,0.7316912583491297,0.016994487648728657,2,11.460887231451533
2023-03-23,0.024906690902435885,0.04287220040593371,3.302060708126922,0.7296126384201863,-0.007188292345419409,2,11.779927468334996
2023-03-24,0.02480755673086598,0.042729386659910135,3.2627900010047095,0.7284350024343443,-0.00530045755177029,2,11.782956932061827
2023-03-27,0.024326247030587528,0.04222268846141145,3.274801696765293,0.7205415509551759,0.011723084511790008,2,11.68732170497717
2023-03-28,0.024362525996718704,0.042154307546312074,3.175656464278599,0.7095328597187641,0.012466743178952333,2,11.563395775712062
2023-03-29,0.023809292607240733,0.04176378291614596,3.1450951466567214,0.7014399137106784,-0.0014398898336239671,2,11.81512534046311
2023-03-30,0.023834913242737874,0.041579041166368076,3.0780308335398816,0.6959690043198047,-0.02064939792213128,2,11.944960558560682
2023-03-31,0.0233882979499698,0.04121997700819675,3.141282470363076,0.6922082717579411,-0.002646251231716369,2,12.259740695173658
2023-04-03,0.023401949932476976,0.041269905885755305,3.0760156404451027,0.6872807057294592,-0.007555138881937757,2,12.171041583360097
2023-04-04,0.023350408825890588,0.040674861201134054,3.023465304413928,0.6834300864841154,-0.005998944690666958,2,12.15539169785771
2023-04-05,0.023310694427980266,0.04045117937819288,2.9821530467009176,0.6750514283421922,0.009535288529844315,2,11.922254940500462
2023-04-06,0.023235778839010193,0.04041700889808861,2.9370256120874814,0.6725770510133694,0.0180833563808073,2,12.048737475894319
2023-04-10,0.022997371262659085,0.03997600379519611,2.99208860431934,0.6684628472828509,0.033051230055644906,2,12.033959405062996
2023-04-11,0.022855401256816014,0.03955565092459833,3.068777689084252,0.661800903625486,0.02603427642656491,2,11.951198065785757
2023-04-12,0.02284796688899617,0.039390486104580354,3.101669242262795,0.6492957213177073,0.028536764797239274,2,11.739160033415383
2023-04-13,0.0229775231879986,0.03932541256176827,3.0923205821137363,0.6430883306907677,0.003094517603933952,2,12.086105137074235
2023-04-14,0.02293092150316844,0.0389841686586795,3.0890846626405923,0.6366867751453437,-0.0038942615400212664,2,12.094405356920316
2023-04-17,0.022901103535742758,0.0388598098120841,3.0099740806465825,0.6285194740626682,-0.0038146265358833674,2,12.02672786949733
2023-04-18,0.022867290568850264,0.03865631776224648,2.9634863151825215,0.6196026782732516,-0.002903647992136732,2,12.007467145954868
2023-04-19,0.02284031123805669,0.03855733991863903,2.8917833999708575,0.6124450651695742,0.001719755589491989,2,11.93560353980812
2023-04-20,0.022966051052157932,0.038632457166426826,2.704147503059086,0.6045046355696446,0.003696397559191028,2,11.684156733184661
2023-04-21,0.022032736756133337,0.03810320685035303,2.7274290814826814,0.5901054702064794,0.020752911486342708,2,11.785612055881234
2023-04-24,0.02142318236734433,0.03770549114615027,2.67562991115237,0.57041591279592,-0.041519260588942404,2,11.751898144330493
2023-04-25,0.021621887177407872,0.03771836044758723,2.4862499345369593,0.5360163810599041,-0.030435923812399485,2,11.478170404843336
2023-04-26,0.021622119530258263,0.03762541720860538,2.3408467373185387,0.5019045857206984,-0.030092889395950485,2,11.499019882708817
2023-04-27,0.02201287289748414,0.037879105993572505,2.2725336273234333,0.4924832850801986,-0.026107210237580277,2,12.05348089702552
2023-04-28,0.0215858130579379,0.03753338088285989,2.2731632017294223,0.4909016460029093,-0.05951897039594421,2,12.09910651441667
2023-05-01,0.021108664554310156,0.03739402489240375,2.2239394163428816,0.47986005159128814,-0.018940793744694085,2,12.073879779506932
2023-05-02,0.021014145135060603,0.03736468957056385,2.0705397694621004,0.4644192350380501,0.007180930818354688,2,11.928726297147943
2023-05-03,0.02056771771245902,0.036944682333961136,1.987431456100659,0.4560731901720731,-0.010841866405551157,2,11.898366549259324
2023-05-04,0.018079974476534453,0.03562488770317887,2.1790167331243695,0.4970275832419306,-0.1177601214070478,2,11.861509249883618
2023-05-05,0.018006478722701457,0.035045963533026546,2.1710457825529104,0.5260051714339367,-0.0443489707288687,2,12.104466989070122
2023-05-08,0.01807485388369683,0.03494977511693556,2.137846591623358,0.5560675388260565,-0.03896684095780547,2,12.260470360750755
2023-05-09,0.017839836708345526,0.03460516698569234,2.1562138922382625,0.6040952152357582,-0.037659092863511545,2,12.202315283233647
2023-05-10,0.01780513555269618,0.03440442367747043,2.180030060192183,0.6397241509830598,-0.021386917551324266,2,12.386341878076873
2023-05-11,0.017900446604651083,0.03419170853274902,2.2579808204333185,0.6681088957985757,-0.022064476261085715,2,12.615571358714503
2023-05-12,0.017582011535298186,0.03398364299148856,2.2655855957713795,0.6765216516277572,-0.05401171294367235,2,12.481575194428835
2023-05-15,0.017472167437791987,0.033798349416920434,2.2654528879555675,0.6922585978705165,-0.033992209703766256,0,12.52686749221475
2023-05-16,0.017268373047251716,0.03343595375608158,2.328650362351774,0.7225606195769151,-0.04926635094963832,0,12.6291630394879
2023-05-17,0.017494488738692294,0.0334390637971963,2.3876784714666917,0.7583440142862852,-0.048104296577788926,0,12.925386857623652
2023-05-18,0.017624979311184084,0.033508113489074905,2.5094198915311376,0.767739554543121,0.00016399538319278575,0,13.392171926868947
2023-05-19,0.017630767081507712,0.03339171655565583,2.6921753582648034,0.7777811247077002,-0.027976886962601692,0,13.320254873860497
2023-05-22,0.017284166773188225,0.03329033144571059,2.9000338922532998,0.7779305607818396,-0.04436092964080515,0,13.449269499337937
2023-05-23,0.017356018569195903,0.03326202263166771,3.028338433587816,0.7805653216614641,-0.0514417154324,0,13.274756902709376
2023-05-24,0.017204766232758392,0.032806715750757026,3.283525103369568,0.7873308867654897,-0.05054584010556124,0,13.31087126384434
2023-05-25,0.01786630672932709,0.03345959197097613,3.4344285083860564,0.7845082303263028,-0.03236575896258672,0,13.880046859316522
2023-05-26,0.018352545215927926,0.033806900354119214,3.5610615292731014,0.7774292989825444,0.04566197001833722,0,14.385651825689619
2023-05-30,0.01850999179948593,0.03411862232922607,3.7716943292068197,0.7702901072451404,0.06882806479167518,0,14.663016462677792
2023-05-31,0.018435221511468987,0.03409601949604765,4.008428462139915,0.7669425050131532,0.05767758076637325,0,14.554907027940779
2023-06-01,0.018678542400989095,0.03413339450209726,4.244053497578787,0.7608910164968231,0.03880666896257799,0,14.903370992704248
2023-06-02,0.018301830599508784,0.03400405193466254,4.667092270488682,0.7631429774192817,0.04854161612202362,0,14.98553297439133
2023-06-05,0.018295314824579145,0.033956035966590706,5.016698472058696,0.7651777956907109,0.06511348214528069,0,15.074035837111316
2023-06-06,0.018235491977765556,0.03388156889050322,5.322626351145418,0.7663972326122938,0.05479726672440686,0,15.106818797885396
2023-06-07,0.018405682712329726,0.03423298597141499,5.495699636492962,0.7707383906312036,0.058128485633807896,0,14.798439047470028
2023-06-08,0.018190948352816066,0.03399959373633942,5.806566507021851,0.7705318143885072,0.03793678370212759,0,15.102160623424691
2023-06-09,0.018169522453795,0.03395485542406814,6.0285886585057185,0.7694810125654111,0.006210602941011954,0,15.275641514140863
2023-06-12,0.018296073093564163,0.03348879850018468,6.190186974606215,0.7676633398154605,0.010219262760779045,0,15.55565612422859
2023-06-13,0.017766290573256856,0.03324297359240829,6.678004055964274,0.7676696075348276,0.01727329710401706,0,15.829256746352137
2023-06-14,0.01773186433317617,0.033129903094255043,7.01340550310772,0.7694814259644815,0.0071967820341994945,0,15.979086046342694
2023-06-15,0.01717389003479686,0.032782072300974525,7.598478130993472,0.7778529961969254,-0.0042890029810807445,0,16.102921832118554
2023-06-16,0.017113009835928335,0.032625111951864565,7.895068192935981,0.7842968901287882,0.028402170335345988,0,15.99823584408136
2023-06-20,0.01722515018593595,0.03254942396277935,8.046538508463641,0.7906750115937574,0.018905700667338765,0,16.255683360128707
2023-06-21,0.0170364021955914,0.032449207766033016,8.341534783404558,0.8032071499035117,0.004126932625448683,0,15.89441875386727
2023-06-22,0.016995294068990283,0.032357552292804084,8.552259942101921,0.811315074282152,0.02215679112240783,0,16.13398160264525
2023-06-23,0.016656254970198993,0.03200028898881904,8.969939967834533,0.8241480789700317,0.04729657404707287,0,16.013098732582524
2023-06-26,0.017181162987706437,0.03233326877380383,8.861891948678158,0.8334694314317447,0.08128287460434488,0,15.477427034453326
2023-06-27,0.017324624103529907,0.03235023395206437,8.865847150689884,0.8415590807508938,0.04197787969429198,0,15.778239513960127
2023-06-28,0.017298852762368973,0.03241917820814471,8.861946128415564,0.8470883146015026,0.032673389362348725,0,15.896543341590888
2023-06-29,0.017097685975310417,0.03233641041329454,8.90422942578593,0.8547289394358578,0.04686279980173403,0,15.798567017064695
2023-06-30,0.017242723579408203,0.03243102710762142,8.836351396125725,0.8650249513266527,0.030305424325512607,0,16.12789681315805
2023-07-03,0.016985587400197975,0.032374939726201785,8.957208082739069,0.8807698095562622,0.02930334198009708,0,16.31870592210421
2023-07-05,0.017012945400967802,0.032291959105239354,8.927301187490224,0.8940622150008195,0.04769068134764552,0,16.49059031902963
2023-07-06,0.01709279125541909,0.032364371054226036,8.82796242020649,0.9048901299692089,0.036914253801487565,0,16.273555690833415
2023-07-07,0.016921137473126003,0.032192565828579336,8.835327997199144,0.9106441901183293,0.03347063875964336,0,16.276270731849053
2023-07-10,0.016901450376972472,0.03215600062284902,8.815506159915092,0.9160371354430741,0.04604135069544585,0,16.139511333898565
2023-07-11,0.016917414458130355,0.0320029377257135,8.729915500683413,0.9205317308180692,0.04706519579744724,0,16.23569693095989
2023-07-12,0.017082668183500776,0.03206252007582796,8.567547478692108,0.924652294218278,0.043624760486715715,0,16.560926679107688
2023-07-13,0.01730935478390213,0.03206928464521896,8.363401836479301,0.9273205272253463,0.047058274787375114,0,17.031076038242112
2023-07-14,0.01691038393144805,0.03205729975180216,8.437978488093158,0.932553279765722,0.06876787460296371,0,16.968847946234643
2023-07-17,0.016962538254561052,0.032125755650210114,8.28354613025669,0.9374520429499076,0.07412514917389496,0,17.148243785773538
2023-07-18,0.01702973040437733,0.03219132851390871,8.120577226646898,0.9412916387484103,0.07308726865380291,0,17.375226867973623
2023-07-19,0.017029315439068538,0.03223161002989324,8.00964138177289,0.9440294859759467,0.06572598222347834,0,17.39771004445895
2023-07-20,0.018294018516474737,0.03271793319767345,7.210494978084143,0.9388778911157243,0.07061796372626461,0,16.468885510229846
2023-07-21,0.018178924232463298,0.03261003796704211,7.025903742709248,0.9285825964084674,0.10647580091053635,0,16.248329426081966
2023-07-24,0.018163498493760154,0.03272707988702902,6.780798636279334,0.9187677823756814,0.11112848328888365,0,16.351194056594725
2023-07-25,0.018168298212906164,0.032620237285386634,6.55284396912581,0.9085616579975313,0.11274766662098752,0,16.42278375931831
2023-07-26,0.01795338428702418,0.03270501922879929,6.4847049402449555,0.8988302823940888,0.10245616762104298,0,16.542855504754304
2023-07-27,0.017951928629207796,0.03292153123838364,6.289327722406202,0.8886637455396382,0.09761020296085347,0,16.544212414439777
2023-07-28,0.01736057950576211,0.0325206201278326,6.380744602051472,0.8831732736427268,0.10205471714155229,0,17.06984443433067
2023-07-31,0.017362145500337642,0.03233073307489115,6.285463963611706,0.877565121106241,0.10787869341914898,0,17.141768852534028
2023-08-01,0.017380598362308076,0.0321737028214147,6.113497055354724,0.870033712306214,0.10779216796476612,0,17.02711521014365
2023-08-02,0.01768573430764422,0.03231793015884756,5.750946962911677,0.8559486504138311,0.12121791058946246,0,16.539940020285613
2023-08-03,0.01769521467681961,0.0322653900988412,5.46985043728889,0.8429699154519636,0.11100056710325969,0,16.62684831958281
2023-08-04,0.01773027606530623,0.03265397178317183,5.23107635058643,0.832740929603991,0.1074867368956433,0,16.78268528477432
2023-08-07,0.01764906957417703,0.032632474598448445,5.07149353266491,0.8246396762509863,0.11742143330811528,0,17.041893231842
2023-08-08,0.017617129682483773,0.032601779724396034,4.9133859071483945,0.8135098506735674,0.10260474728680702,0,16.87566743601382
2023-08-09,0.017889115633433202,0.03277649149919297,4.608745263577404,0.7958397927136527,0.12896403201663054,0,16.451788265911837
2023-08-10,0.01779227619570354,0.032681522507047374,4.3684763948426,0.7779310877199301,0.13461573029312696,0,16.503177672632628
2023-08-11,0.017722628194598567,0.03248803737474435,4.035813688972574,0.7530161380281747,0.12839783803505336,0,16.277703975026807
2023-08-14,0.017844567663963487,0.032556849116201554,3.6956808331418465,0.737521941317147,0.12451136052980209,0,16.597530779386002
2023-08-15,0.01791744416395452,0.03256026942588184,3.3208704725478886,0.7179098969997858,0.10829339023277618,0,16.376491206880335
2023-08-16,0.018047262901974778,0.03251836986600584,2.8785132263189586,0.6892757702248067,0.12764335956644707,0,16.065413170281374
2023-08-17,0.017906746917174556,0.03249088994834378,2.469256861581757,0.647289947384327,0.14448975756927043,0,15.82077582604062
2023-08-18,0.017345183428004233,0.032296475325129644,2.272591907805043,0.5938965524554868,0.1244640393358354,0,15.701281889442193
2023-08-21,0.017878238810696785,0.03257346582446136,2.0283616527568777,0.5616022076270741,0.12145008475921486,0,16.24784167794384
2023-08-22,0.01783864817106034,0.03254833341757774,1.8438585812057402,0.5264818943336385,0.11246572868364332,0,16.21252225968797
2023-08-23,0.018006167821017518,0.03273338178333135,1.65713861934677,0.5087884300826649,0.1120406318025586,0,16.5915845805614
2023-08-24,0.018269883074671436,0.03303958992323013,1.4060158927353523,0.47958816725304126,0.08064004884154893,0,16.18177116523277
2023-08-25,0.01748026897913638,0.03247007229166818,1.2826590040481063,0.44495629524506103,0.07794044989817735,0,16.296215641957044
2023-08-28,0.01689723602353608,0.032052688755899915,1.094058229436063,0.4110014579064229,0.010784219498649576,0,16.426773858757915
2023-08-29,0.017315666397808054,0.032026097601080813,0.9106208169845034,0.3974540121187141,-0.010671800518248918,0,17.013012589593124
2023-08-30,0.017296278368545047,0.031900556966525176,0.7725201093368064,0.38443072150858193,0.00026574514851616574,0,17.072152135664762
2023-08-31,0.017043464520027845,0.0316164568237518,0.755453788753829,0.37458480725089616,0.012143074881931754,1,17.15961968220962
2023-09-01,0.017068110202703546,0.03166609393387997,0.69931082067974,0.3598825957535597,0.006753787303500926,1,17.0029520377821
2023-09-05,0.01712453399387053,0.031655087311878945,0.6446946080554066,0.35113315826341424,-0.0004345968931602342,1,17.21560728171527
2023-09-06,0.017208075713325426,0.03170628365647812,0.5238032066221124,0.3343290841761492,-0.009316888875511003,1,16.981179840475132
2023-09-07,0.017014874532667083,0.03145811958059038,0.418117615361009,0.3143513554472041,-0.007112452128316279,1,16.974570903558618
2023-09-08,0.01682182876851613,0.03127998812651864,0.3952925607585181,0.29241787828619276,0.016879315739777922,1,16.92167082402121
2023-09-11,0.01713414789748254,0.03140031465660302,0.41456065165434547,0.28651529209397586,-0.0006204499818803997,1,17.400310728219935
2023-09-12,0.01709919063276779,0.031424427636421816,0.4668913624645709,0.2764191077972638,-0.03508863456394328,1,17.119401802995267
2023-09-13,0.01696209535429272,0.03146315364387873,0.4915303938455011,0.27539002961609926,-0.05210918247932318,1,17.186074868828648
2023-09-14,0.016926532489897367,0.03128683471114081,0.5669453860992277,0.2806545741225569,-0.059455068017552425,1,17.249608824513036
2023-09-15,0.017095577666368603,0.03126437667840833,0.6570114667915733,0.2759742286845923,-0.0645380405478929,1,16.895092360034386
2023-09-18,0.01708582239033896,0.031264664963451615,0.7812343425044305,0.26206150757298374,-0.05460824683664615,1,16.817198039806748
2023-09-19,0.016966586267544284,0.031138052041937144,0.9443262502052837,0.25710379336153544,-0.04797203646908064,1,16.78728962271687
2023-09-20,0.016972176088161088,0.031129643804537286,0.9419912953453352,0.21555287647123642,-0.02564894026299466,1,16.40972360356492
2023-09-21,0.017129395826445536,0.031064493128992936,0.9066698526051062,0.16158582879069638,0.023515245950122395,1,16.01968962686666
2023-09-22,0.017115675555371947,0.031111784432207492,0.7998447403714136,0.10783035816134906,0.03611206173568128,1,15.93716725502213
2023-09-25,0.016645699395874607,0.03077242430664003,0.7716701196513541,0.05894934603273446,0.01989631108793212,1,16.111327060882314
2023-09-26,0.016596106933663965,0.03073384921416339,0.6893342504230513,0.021351635456312638,0.04714289832614459,1,15.844694174202717
2023-09-27,0.016569577926224283,0.030708914593123745,0.591583907419984,0.0032176990597768654,0.03855197393708619,1,15.858758887731536
2023-09-28,0.016617002723012062,0.030828959126485655,0.40717296260740865,0.0007504609167292857,0.04171028311683219,1,16.044476246528934
2023-09-29,0.01641083866434823,0.030808060403240536,0.24171214739778762,0.00786931169739462,0.0512155815627591,1,16.08230925741313
2023-10-02,0.016499481952552898,0.030865868180399783,0.10163265110869799,0.014359213539068402,0.03966387923603272,1,16.371684073273123
2023-10-03,0.016659354963920087,0.03100434177123908,0.04121631507659418,0.025454171145033712,0.010234578688180496,1,16.02635437590994
2023-10-04,0.01678877013408439,0.031024034440333127,0.18994439335481697,0.03725641561590742,-0.0073102163425809615,1,16.364781059861333
2023-10-05,0.01679098495089047,0.031053447557813682,0.3040134694758627,0.05227748938061371,-0.010124053466371272,1,16.3292527690754
2023-10-06,0.01694344456130364,0.031188713776628768,0.3843010776568311,0.06515732122348634,-0.0126470425148377,1,16.653633146524818
2023-10-09,0.01692988425118831,0.03131308625987106,0.44854458721020585,0.07486497812227542,-0.007836395270107203,1,16.696349895790096
2023-10-10,0.016742589312661784,0.03133502411531563,0.5749773343341869,0.07215927904641695,-0.013624561906354417,1,16.729536298167147
2023-10-11,0.016396206818111693,0.031177583139834347,0.6191984071439519,0.05131441602564391,-0.04525087443715644,1,16.881748829426176
2023-10-12,0.016416043375410635,0.03105042385733255,0.6796107462411561,0.03813369972064964,-0.043989238972872574,1,16.757285793378273
2023-10-13,0.01661225109091783,0.031141059753582473,0.7766344086062141,0.03130164048835367,-0.03154092125743387,1,16.37514830231647
2023-10-16,0.01664579437517759,0.03100040880244174,0.7783128123519262,0.016424994168210607,-0.06075489189596801,1,16.63171467477351
2023-10-17,0.016680885441857262,0.03112319757543847,0.7820818929903843,0.00697997062236514,-0.06952826002394993,1,16.487343236553144
2023-10-18,0.01569529294619571,0.030692477611980667,0.9465113542338277,0.015734466039929097,-0.05362608685334326,1,16.0095119206041
2023-10-19,0.01564360617125869,0.03121863431501436,0.9920091585009898,0.029761480793242236,-0.11885651216747822,1,16.150273320997172
2023-10-20,0.015792860103587766,0.031206379624624473,0.9828988718507153,0.05192248617759345,-0.12302798345370478,1,15.854376767548183
2023-10-23,0.015892411397937102,0.03150626005159703,0.9278961460500726,0.06932078463064667,-0.14030415087868825,1,16.08840511100734
2023-10-24,0.015958754279286818,0.031368062836742906,0.8735929818310999,0.07691978040244295,-0.1279848014425643,1,16.3081636273178
2023-10-25,0.016870858521277465,0.03140827088721026,0.8150223907046056,0.10568685915899437,-0.15595510332771254,1,15.59984081736664
2023-10-26,0.01674574541233716,0.03153880894276847,0.8350062261013899,0.12556885519747346,-0.08713834730590447,1,15.174205629725401
2023-10-27,0.016853900564967116,0.03189230899450321,0.8430335662610383,0.137108334200575,-0.12410012549873707,1,15.412539370260214
2023-10-30,0.016909684840593485,0.03221009201112219,0.8426802772433963,0.14576309131836176,-0.10704557593033434,1,15.609552268303545
2023-10-31,0.016521750255237746,0.032021412823750935,0.9418334547982482,0.17056217713423028,-0.11537527345534769,1,15.62911569924565
2023-11-01,0.01687302143720955,0.03211426840880606,0.8834582232691071,0.17684911633205067,-0.10252685206509456,1,16.061858331204956
2023-11-02,0.017001119142095476,0.03193181867670792,0.8529912899354782,0.16387795420935083,-0.07241614563509777,1,16.367124670199022
2023-11-03,0.016989193585255094,0.03187726634120352,0.7822763915088291,0.13237024731921454,-0.06449658952580951,1,16.60600037700394
2023-11-06,0.016965381504177517,0.03184596219888742,0.7639428951367166,0.10364417192979428,-0.050755009243093334,1,16.716404970621728
2023-11-07,0.016705834021158373,0.031656883492043895,0.7705952130732822,0.08525939720999112,-0.062007285015577646,1,16.866227131405058
2023-11-08,0.016708233056962882,0.031477496785583946,0.7606678241989581,0.06579362913965811,-0.0576248205629748,1,16.931128764302187
2023-11-09,0.01668442473835951,0.03156622300415062,0.8132279557338807,0.06076188903719648,-0.057918598416972625,1,16.733261989935375
2023-11-10,0.016775532562954658,0.0315083747007416,0.7756280470908627,0.03855884302971355,-0.058619872270905815,1,17.13559277403822
2023-11-13,0.016705787088811624,0.031489056105252704,0.6821062530942276,0.024041805833317643,-0.037094617899685524,1,17.229827946002302
2023-11-14,0.01682044312115541,0.03161338153769672,0.5976810219094945,0.0123257559651968,-0.04720245760252374,1,17.65292331803323
2023-11-15,0.016714041953978614,0.03162143752475977,0.5058857103672533,0.006963576839486437,-0.0659475084126704,1,17.699922310839973
2023-11-16,0.016687131249048887,0.03156212601681039,0.33300111440616126,0.004382960781270497,-0.07609801053954651,1,17.711392471878618
2023-11-17,0.016100767801264005,0.03123697594062375,0.15584630007633027,0.0005781876226362988,-0.05989586986836331,1,17.724084994068296
2023-11-20,0.016174598477753602,0.031120251497962267,0.10986034660512066,0.0004423465749812332,-0.05466405343066091,1,17.94464044327386
2023-11-21,0.015904244563146375,0.030864498066134883,0.3593508159027387,0.005986198635429917,-0.0515389022197887,1,17.93502518239094
2023-11-22,0.015596964661805813,0.03061583819514278,0.5509931204552778,0.012236129391646826,-0.016152405937480737,1,17.925646920275454
2023-11-24,0.015586973530396226,0.03031135805960518,0.8676051520142319,0.020073731159449527,-0.006113520040704994,1,17.82682662029231
2023-11-27,0.015554747343160261,0.030190402106226085,1.2811473246594856,0.030819260802891574,-0.008213696527511702,1,17.844290786333527
2023-11-28,0.01492748477674107,0.029795758722383592,1.7691997696024464,0.0549772595017929,-0.02426925211041334,1,17.992570911491075
2023-11-29,0.014955818569857142,0.029809817405401506,2.1452451724089805,0.08318625277351895,-0.03604086809113752,1,17.847035497456428
2023-11-30,0.015052721748179789,0.029946245836825838,2.47907121164472,0.11341421178115102,-0.026870076883158497,1,17.588747257100337
2023-12-01,0.015020567289184028,0.02976311218768646,2.7264455955894236,0.14064132305105864,-0.018086435666453467,1,17.505433674784292
2023-12-04,0.015132215391088758,0.02983733835915246,2.859737138132395,0.1693617055873807,-0.002547909613641003,1,17.169386969387926
2023-12-05,0.015089756798849848,0.029865185841789908,2.9828821616780887,0.19645022150191757,-0.004304917005978649,1,17.344973799636357
2023-12-06,0.015150742756360323,0.029758090623099656,3.0415521911758194,0.2195222849183097,-0.012752932985995502,1,17.157889978715154
2023-12-07,0.015460126698055866,0.029886184345199365,3.069211818027312,0.25267013457399445,-0.03089584458131439,1,17.580390386435237
2023-12-08,0.015063566585924722,0.02956373278733321,3.2709840346088486,0.3120806334698074,-0.015047065991977684,1,17.68803916907407
2023-12-11,0.014992230846382553,0.029666503656437703,3.4043422900431857,0.35612753581681983,0.01224054097728714,1,17.489846061175015
2023-12-12,0.015021040880265778,0.02951176031178838,3.4617320500874573,0.4096384206902125,0.009817444005219467,1,17.635802877390667
2023-12-13,0.015078598530156615,0.029584489652493023,3.521961364644586,0.47375225402711996,0.014811335088687125,1,17.83124369957222
2023-12-14,0.01485771722855832,0.029640020881652022,3.5540635222677,0.5196252739832573,0.020916869139472452,1,17.87422850068817
2023-12-15,0.014888367987688944,0.029534880169127337,3.531932892734719,0.5637188364671716,0.013298471790836774,1,18.03279221282999
2023-12-18,0.015130721649331106,0.02973619853612204,3.5014737597289556,0.6096109784212064,0.022882083491715836,1,18.42018374378973
2023-12-19,0.014900574674453363,0.02953756182793925,3.5733544573094047,0.6370923833314275,0.026892462655920695,1,18.574761685073078
2023-12-20,0.014698948910625946,0.029559742485836833,3.544477592259382,0.647545940608215,-0.0265696859271389,1,18.31943176592742
2023-12-21,0.014813745576789805,0.029394489188545102,3.4688535209149096,0.6568924455271216,-0.05712439606818075,1,18.603221818431496
2023-12-22,0.014754426589675513,0.02927501372934098,3.4413943955415447,0.6693697365513854,-0.05751024487266955,1,18.547660923920628
2023-12-26,0.014628870862411375,0.029022196098480595,3.442986075704456,0.6749444144110173,-0.04772890471304542,0,18.66708917552639
2023-12-27,0.014636218425219965,0.028752623864523166,3.4192998596612334,0.6801948813328021,-0.05075405229738258,0,18.73776487503026
2023-12-28,0.014576620710784175,0.028533130117977645,3.3854347188652514,0.6874542334948707,-0.05014700283885627,0,18.639580748786692
2023-12-29,0.014613459787132651,0.02843127856597616,3.339518766242899,0.6922909553952794,-0.04332867123174331,0,18.479990287916475
2024-01-02,0.014623875158881961,0.028481013567394322,3.326033772027431,0.6970105048382701,-0.025749554602095947,0,18.137763170231597
2024-01-03,0.01443253762480916,0.028287039347197826,3.329587418933861,0.6868594058932995,0.02012858125213206,0,17.96128962431222
2024-01-04,0.014191778961411139,0.02819060414191082,3.4255729487608284,0.6817363645540364,0.06035063335195777,0,17.899708202319484
2024-01-05,0.01420653969719884,0.028140479539280432,3.4373710978466705,0.6771082524164095,0.06535279667239569,0,17.99956496021116
2024-01-08,0.014424690971385493,0.02800853902094339,3.518889812565611,0.6926276066335176,0.0780471346691975,0,18.504872686066026
2024-01-09,0.014424543810924048,0.028001644257735003,3.580465847630912,0.7089332701426087,0.07732845377204497,0,18.551363084758048
2024-01-10,0.014501700737966845,0.027954779137983093,3.630919875875082,0.7281919347021872,0.07758986749900869,0,18.774410280786544
2024-01-11,0.014459703726851226,0.028107108097845872,3.7636627756011567,0.7520940383224576,0.07782993889035084,0,18.820988315410855
2024-01-12,0.014439695079738355,0.02801119582130066,3.846375063109718,0.7689019088296202,0.08299549336143741,0,18.7413001162542
2024-01-16,0.014155121806814773,0.027977589367120772,3.9337113376453647,0.772331955762216,0.06925145005629883,0,18.690376709079967
2024-01-17,0.014044131272214514,0.028026689676429115,3.9685291666938287,0.7786455823282569,0.10233386651201544,0,18.56047292572364
2024-01-18,0.014056591718431427,0.02783276896267177,3.9511537972127715,0.7829724943567526,0.1091400992682021,0,18.743658500947486
2024-01-19,0.013705012220345482,0.027661805287959983,3.9648766357936447,0.7815059353143747,0.09312928165696727,0,19.024834207346455
2024-01-22,0.013665484670691555,0.0270015071471307,3.8624655800316536,0.7798208926331197,0.10695616564698779,0,18.967296689387776
2024-01-23,0.013499076747074934,0.026885125293256304,3.8385967375809598,0.7764331244033021,0.1183742070008367,0,19.10260509638945
2024-01-24,0.013769047303508974,0.027009227485510004,3.716404256531824,0.7774591646085091,0.14963374517918307,0,19.601351707558386
2024-01-25,0.013705289411385416,0.027322050745892088,3.6923397271769076,0.7791904258942208,0.11197835864814959,0,19.43022092074248
2024-01-26,0.012574027738133757,0.02683521675250861,3.9083786585269054,0.7793799531530037,0.1726837045954349,0,19.50178944545196
2024-01-29,0.012331252535848061,0.02652643193598661,3.865306047449008,0.7917800552957588,0.03451301548159297,0,19.873617732619184
2024-01-30,0.012206192440873658,0.02620881488960722,3.8053509976542745,0.8020622709009501,0.058401148655705865,0,19.72843278696725
2024-01-31,0.012578676265938022,0.02613183504858123,3.5747925406771848,0.8062706516591811,0.08401074677347976,0,19.189947947228024
2024-02-01,0.012702331490287095,0.026082080422839254,3.5298742482018626,0.8192486853670928,0.046274567117682824,0,19.460326662736783
2024-02-02,0.014043763872871153,0.02678594760847647,3.3686450097403773,0.8171168802906204,0.09943377467352191,0,20.53099084515886
2024-02-05,0.01384846409047059,0.026877340213698697,3.6182043597571467,0.8141357283756935,0.022250059420129142,0,20.443806394109277
2024-02-06,0.01373150635639423,0.02698097497340096,3.8430071174349036,0.8121180821269854,0.012188452773477788,0,20.379836281449133
2024-02-07,0.013859245055140334,0.027062013813660867,3.949318473452687,0.807319493587967,0.001380186362234184,0,20.71237117490904
2024-02-08,0.01381323339430386,0.026978430636954872,4.1070521099158235,0.8049100941289382,-0.0037298130508063455,0,20.71932497220365
2024-02-09,0.013983787073671575,0.027081706459644066,4.2032797173520065,0.7998517784523617,-0.007742205036255295,0,21.08616995739787
2024-02-12,0.01395045942571761,0.027064133932725717,4.31797966530673,0.7979195551154209,-0.02262068173792602,0,20.900032765635533
2024-02-13,0.0137364584400933,0.027083742241161283,4.500387539427311,0.8005349924973144,0.024311769423245276,0,20.600916593191574
2024-02-14,0.014042768294389349,0.027152439307969567,4.5834419199284815,0.802314863955298,-0.011785401830535374,0,21.091163617705547
2024-02-15,0.0137632693542849,0.02716823726778586,4.937959654683198,0.8111762428410848,-0.002771956223782391,0,21.315738037604063
2024-02-16,0.01381434095488912,0.02711762911215863,5.126771113852469,0.8226777882600685,-0.010531741068928863,0,21.107083648329258
2024-02-20,0.01398230751808267,0.027243759379948423,5.1804845996955216,0.833412512558417,0.011416328024069639,0,20.74482735084203
2024-02-21,0.013985129588358012,0.027297221244849252,5.300519771295146,0.8429772734688045,0.01912636979314248,0,20.69623881233043
2024-02-22,0.015163658672252353,0.027813669471009956,5.089319391248028,0.8562706487143332,0.0017406038338218333,0,21.692901557683143
2024-02-23,0.01518153356415808,0.027878600479492033,5.190135184287161,0.8700817094215997,-0.02506811229429321,0,21.56555963241233
2024-02-26,0.015181419208823236,0.027816348617228818,5.3234522878350745,0.8832133243338136,-0.023830779240789683,0,21.560516787449902
2024-02-27,0.01518261966731376,0.027894957444256394,5.450908557537772,0.8933945006932438,-0.02671679732570847,0,21.68378419462925
2024-02-28,0.015201622450522609,0.02794402838694165,5.500871944786136,0.903334911228659,-0.029786756339976062,0,21.5512911411396
2024-02-29,0.015252205099279145,0.027979341596810897,5.597375505477886,0.9154793714880807,-0.03528259355243838,0,21.829042052063016
2024-03-01,0.015347182440922851,0.02803028339536638,5.78659484546505,0.923479405270454,-0.022344954880742354,0,22.173166178012043
2024-03-04,0.015332369753599034,0.028185677306764273,5.929683811481572,0.9276098740332516,-0.05214107254112656,0,21.87500651776581
2024-03-05,0.01546249457461855,0.028363916104782352,5.8119858614953435,0.9286211910068637,-0.037967948947478326,0,21.51232382644052
2024-03-06,0.015272717752927524,0.02833486074626369,5.810812979974212,0.926806648460478,-0.047886593182113836,0,21.53431764477949
2024-03-07,0.01553660398316211,0.02838709486739481,5.710098697380343,0.9272895724854647,-0.04147874086608998,0,22.069126224911372
2024-03-08,0.015599511887341719,0.028723416380428853,5.592863119095175,0.9255615833714771,-0.06255968043209252,0,21.727419781471685
2024-03-11,0.015338786887429852,0.028812539443609658,5.595641691396282,0.9226457622349364,-0.022750002456534853,0,21.512140713427918
2024-03-12,0.01562543386194492,0.0290698538189378,5.404142365530497,0.9232537814806836,-0.04624570743782827,0,22.037613827067542
2024-03-13,0.015599203602811976,0.02896096935114884,5.3222565583045345,0.9210896096625399,-0.060599448386283776,0,21.848101396623367
2024-03-14,0.015585481320829334,0.029144393430309504,5.275045477418295,0.917362204963171,-0.04719624053641814,0,21.705361857533777
2024-03-15,0.015573218498614021,0.029153231542001164,5.146222987239443,0.9110349977074814,-0.04039013223411116,0,21.489680119028893
2024-03-18,0.015942981538260945,0.02936670767689631,4.921180297418723,0.9099346350499155,-0.06010028385547632,0,22.074256040526347
2024-03-19,0.015903840449958802,0.029531122141554456,4.866424678380672,0.9090235009453268,-0.06340370207076572,0,22.083232080738554
2024-03-20,0.01578675520502088,0.02934083189060217,4.938865011200713,0.9130559296145827,-0.07275678783997336,0,22.41649225049431
2024-03-21,0.01575470575930411,0.029377268715969542,4.995604270029993,0.9178413169888733,-0.08405110206325808,0,22.35831309370329
2024-03-22,0.015705405666979203,0.02924116374030501,4.920746661490721,0.9196085784328839,-0.08119931220868325,0,22.571881469537615
2024-03-25,0.015583938855709027,0.029310444081149144,4.902998088469942,0.9237044679315938,-0.06932969506823226,0,22.588445796244436
2024-03-26,0.015581327362075657,0.029535265599363925,4.8414037946902795,0.9257694090641191,-0.0636336649050721,0,22.544456245378868
2024-03-27,0.015574661267494603,0.029781273671197834,4.759256896832031,0.9271763574325702,-0.05915892250175882,0,22.42436339868276
2024-03-28,0.01559563319039179,0.02984447673064906,4.676087425566088,0.9264987179438464,-0.053061759098916396,0,22.257278849199896
2024-04-01,0.015622392160540465,0.03004539418874064,4.565173163824315,0.9255159410613565,-0.056660508123636606,0,22.456459029729377
2024-04-02,0.01562713455160534,0.0301660656100526,4.385965053673159,0.919667077243817,-0.06807621347260123,0,22.25231167490825
2024-04-03,0.01550597730269917,0.029985280182665344,4.284366641446273,0.9145525597986893,-0.09227766324588076,0,22.480665893176617
2024-04-04,0.015531226115376766,0.030270575418172564,4.158342023567725,0.9061717935020828,-0.1209898008157588,0,22.210864541459323
2024-04-05,0.015646068329286406,0.03050553261678481,4.034059025040825,0.9031841793187233,-0.13941885597692194,0,22.553030552797363
2024-04-08,0.015640983926975736,0.030596139341448583,3.8818395490075672,0.9013054502133948,-0.13747145627065033,0,22.656627042683162
2024-04-09,0.015236161558886421,0.030627674294799342,3.9033330042522074,0.8963224769754311,-0.1436792343909182,0,22.638686384675463
2024-04-10,0.015233147369031308,0.030608516365004557,3.8546731323805172,0.8907120108128916,-0.14395738986942172,0,22.622269381793135
2024-04-11,0.015359302261524996,0.030649101944091695,3.751818036070292,0.8888241243394627,-0.14709310584271929,0,23.067703710732513
2024-04-12,0.01551097538195517,0.03049203905441578,3.6378551600535287,0.8822196987335289,-0.16697178365282306,0,22.66740554873184
2024-04-15,0.015863380588074,0.030842822156610387,3.4426912656534383,0.8636926823847593,-0.11968366915701587,0,22.06150895359807
2024-04-16,0.01585969803561552,0.030728988672183016,3.3566819682867766,0.8452873386896682,-0.11406304499247796,0,22.0648739351047
2024-04-17,0.015905171795241774,0.03077697090210006,3.149511020267264,0.8211654015873951,-0.11470142576057057,0,21.804444665989678
2024-04-18,0.01586552342389192,0.030899436035209005,2.959400056043671,0.7916824819818249,-0.10333435690451143,0,21.71180307581702
2024-04-19,0.01688416453143319,0.031417640834762055,2.4736176323478944,0.7075148772226562,-0.08143748834869823,0,20.664509643326397
2024-04-22,0.01689994377940793,0.0315915501874082,2.1810735599897026,0.6305969448394473,-0.08663764579970701,0,20.799591615558406
2024-04-23,0.017176452621641997,0.03176001299610235,1.8869485775590087,0.5783039000552574,-0.07747221629807026,0,21.32763237650416
2024-04-24,0.016871884673172816,0.031948127773577625,1.689492908021437,0.5294428552844817,-0.08014540137672735,0,21.441208406602005
2024-04-25,0.016854534861544153,0.032400632088693836,1.4448706423093294,0.47257584985653067,-0.06897665566997671,0,21.306694214527937
2024-04-26,0.0172909371776608,0.03290881655395727,1.2421470366776486,0.44080784508940213,-0.07899877298610175,0,21.964219082801854
